alvo,escala,modelo,tipo,inicio_teste,horizonte,data,valor_real,valor_previsto,residuo,erro_absoluto_pct,erro_pct
valor_aprovado,nominal,regressao_linear,aprendizagem,2022-01,1,2022-01-01,302837210.44,280960953.6064358,21876256.83356422,7.223767779983062,-7.223767779983059
valor_aprovado,nominal,regressao_linear,aprendizagem,2022-01,2,2022-02-01,280312728.99,282611870.31035817,-2299141.320358157,0.8202058210635799,0.820205821063591
valor_aprovado,nominal,regressao_linear,aprendizagem,2022-01,3,2022-03-01,314093080.19,284397549.00928515,29695531.180714846,9.454372940260745,-9.454372940260747
valor_aprovado,nominal,regressao_linear,aprendizagem,2022-01,4,2022-04-01,304231395.4,286183081.0744753,18048314.325524688,5.93242991959951,-5.932429919599514
valor_aprovado,nominal,regressao_linear,aprendizagem,2022-01,5,2022-05-01,306243852.81,287833597.1675784,18410255.642421603,6.011632714745038,-6.011632714745041
valor_aprovado,nominal,regressao_linear,aprendizagem,2022-01,6,2022-06-01,306868827.71,289250405.3709304,17618422.339069605,5.741352900047421,-5.741352900047425
valor_aprovado,nominal,regressao_linear,aprendizagem,2022-01,7,2022-07-01,308883599.32,290397435.6071907,18486163.712809265,5.9848317468153445,-5.9848317468153445
valor_aprovado,nominal,regressao_linear,aprendizagem,2022-01,8,2022-08-01,323453719.42,291310904.5874368,32142814.83256322,9.937376787690061,-9.937376787690066
valor_aprovado,nominal,regressao_linear,aprendizagem,2022-01,9,2022-09-01,311819626.42,292089611.5726783,19730014.84732169,6.327380695641874,-6.327380695641871
valor_aprovado,nominal,regressao_linear,aprendizagem,2022-01,10,2022-10-01,312427063.88,292868465.1916567,19558598.688343287,6.260212686265727,-6.2602126862657315
valor_aprovado,nominal,regressao_linear,aprendizagem,2022-01,11,2022-11-01,312285235.81,293782334.78272206,18502901.027277946,5.925000257948617,-5.9250002579486205
valor_aprovado,nominal,regressao_linear,aprendizagem,2022-01,12,2022-12-01,324955128.46,294929912.26353854,30025216.19646144,9.239803765755111,-9.239803765755116
valor_aprovado,nominal,regressao_linear,aprendizagem,2022-02,1,2022-02-01,280312728.99,284562307.0704056,-4249578.080405593,1.5160132383988862,1.5160132383988945
valor_aprovado,nominal,regressao_linear,aprendizagem,2022-02,2,2022-03-01,314093080.19,285717588.526705,28375491.66329497,9.034102771742115,-9.034102771742115
valor_aprovado,nominal,regressao_linear,aprendizagem,2022-02,3,2022-04-01,304231395.4,287042769.798275,17188625.601724982,5.6498526653127215,-5.649852665312727
valor_aprovado,nominal,regressao_linear,aprendizagem,2022-02,4,2022-05-01,306243852.81,288464330.07331717,17779522.736682832,5.805674978793326,-5.805674978793329
valor_aprovado,nominal,regressao_linear,aprendizagem,2022-02,5,2022-06-01,306868827.71,289882923.8638855,16985903.846114457,5.535232748425862,-5.535232748425867
valor_aprovado,nominal,regressao_linear,aprendizagem,2022-02,6,2022-07-01,308883599.32,291200000.5491532,17683598.770846784,5.7250041147464,-5.725004114746401
valor_aprovado,nominal,regressao_linear,aprendizagem,2022-02,7,2022-08-01,323453719.42,292344210.9346767,31109508.48532331,9.617916449100422,-9.617916449100427
valor_aprovado,nominal,regressao_linear,aprendizagem,2022-02,8,2022-09-01,311819626.42,293290525.21142733,18529101.208572686,5.94224982606298,-5.942249826062984
valor_aprovado,nominal,regressao_linear,aprendizagem,2022-02,9,2022-10-01,312427063.88,294066939.6729074,18360124.207092583,5.876611321400926,-5.876611321400926
valor_aprovado,nominal,regressao_linear,aprendizagem,2022-02,10,2022-11-01,312285235.81,294746975.13091534,17538260.67908466,5.616103058344793,-5.61610305834479
valor_aprovado,nominal,regressao_linear,aprendizagem,2022-02,11,2022-12-01,324955128.46,295429977.07339704,29525151.38660294,9.08591642376166,-9.085916423761663
valor_aprovado,nominal,regressao_linear,aprendizagem,2022-02,12,2023-01-01,318310548.87,294884539.44918406,23426009.420815945,7.359482588301926,-7.359482588301924
valor_aprovado,nominal,regressao_linear,aprendizagem,2022-03,1,2022-03-01,314093080.19,285431337.38175917,28661742.80824083,9.125238541041043,-9.125238541041048
valor_aprovado,nominal,regressao_linear,aprendizagem,2022-03,2,2022-04-01,304231395.4,286800903.3739337,17430492.026066303,5.729353475550704,-5.7293534755507025
valor_aprovado,nominal,regressao_linear,aprendizagem,2022-03,3,2022-05-01,306243852.81,288265025.67274886,17978827.13725114,5.870755273055415,-5.870755273055417
valor_aprovado,nominal,regressao_linear,aprendizagem,2022-03,4,2022-06-01,306868827.71,289716797.6545281,17152030.055471897,5.5893686509211244,-5.589368650921123
valor_aprovado,nominal,regressao_linear,aprendizagem,2022-03,5,2022-07-01,308883599.32,291052621.9530707,17830977.366929293,5.772717426947812,-5.772717426947816
valor_aprovado,nominal,regressao_linear,aprendizagem,2022-03,6,2022-08-01,323453719.42,292199969.2902637,31253750.129736304,9.662510663280937,-9.662510663280932
valor_aprovado,nominal,regressao_linear,aprendizagem,2022-03,7,2022-09-01,311819626.42,293136812.63757956,18682813.782420456,5.991545175304638,-5.991545175304635
valor_aprovado,nominal,regressao_linear,aprendizagem,2022-03,8,2022-10-01,312427063.88,293897529.3405817,18529534.53941828,5.930835283378421,-5.930835283378421
valor_aprovado,nominal,regressao_linear,aprendizagem,2022-03,9,2022-11-01,312285235.81,294563689.7369432,17721546.073056817,5.674794719990837,-5.674794719990839
valor_aprovado,nominal,regressao_linear,aprendizagem,2022-03,10,2022-12-01,324955128.46,295242200.4503407,29712928.00965929,9.143701824455672,-9.143701824455675
valor_aprovado,nominal,regressao_linear,aprendizagem,2022-03,11,2023-01-01,318310548.87,294492018.3784467,23818530.491553307,7.482796462796758,-7.48279646279676
valor_aprovado,nominal,regressao_linear,aprendizagem,2022-03,12,2023-02-01,294899969.04,295474953.73643035,-574984.6964303255,0.19497618066970193,0.19497618066970368
valor_aprovado,nominal,regressao_linear,aprendizagem,2022-04,1,2022-04-01,304231395.4,288776555.22498727,15454840.175012708,5.079962294717434,-5.079962294717433
valor_aprovado,nominal,regressao_linear,aprendizagem,2022-04,2,2022-05-01,306243852.81,290046843.2162155,16197009.593784511,5.2889256209278,-5.288925620927798
valor_aprovado,nominal,regressao_linear,aprendizagem,2022-04,3,2022-06-01,306868827.71,291183962.30671436,15684865.403285623,5.111260573559553,-5.111260573559551
valor_aprovado,nominal,regressao_linear,aprendizagem,2022-04,4,2022-07-01,308883599.32,292180009.75266147,16703589.567338526,5.407729514972982,-5.407729514972981
valor_aprovado,nominal,regressao_linear,aprendizagem,2022-04,5,2022-08-01,323453719.42,293064882.8434669,30388836.57653314,9.395111186547734,-9.395111186547734
valor_aprovado,nominal,regressao_linear,aprendizagem,2022-04,6,2022-09-01,311819626.42,293898267.94721997,17921358.47278005,5.7473478108274,-5.747347810827397
valor_aprovado,nominal,regressao_linear,aprendizagem,2022-04,7,2022-10-01,312427063.88,294753647.5965606,17673416.283439398,5.656813485987748,-5.656813485987744
valor_aprovado,nominal,regressao_linear,aprendizagem,2022-04,8,2022-11-01,312285235.81,295698610.9034008,16586624.906599224,5.3113701848815,-5.311370184881503
valor_aprovado,nominal,regressao_linear,aprendizagem,2022-04,9,2022-12-01,324955128.46,296776743.1109702,28178385.34902978,8.671469652616475,-8.67146965261647
valor_aprovado,nominal,regressao_linear,aprendizagem,2022-04,10,2023-01-01,318310548.87,296220423.457772,22090125.41222799,6.939803123285661,-6.939803123285659
valor_aprovado,nominal,regressao_linear,aprendizagem,2022-04,11,2023-02-01,294899969.04,297550801.6650349,-2650832.6250348687,0.8988921340562472,0.8988921340562506
valor_aprovado,nominal,regressao_linear,aprendizagem,2022-04,12,2023-03-01,333190074.83000004,298932667.8593502,34257406.97064984,10.281640888651507,-10.281640888651511
valor_aprovado,nominal,regressao_linear,aprendizagem,2022-05,1,2022-05-01,306243852.81,291129077.204441,15114775.605558991,4.935536000762278,-4.935536000762275
valor_aprovado,nominal,regressao_linear,aprendizagem,2022-05,2,2022-06-01,306868827.71,292125055.5758602,14743772.134139776,4.8045845008646735,-4.804584500864673
valor_aprovado,nominal,regressao_linear,aprendizagem,2022-05,3,2022-07-01,308883599.32,292914518.62948793,15969080.690512061,5.169934799279606,-5.169934799279607
valor_aprovado,nominal,regressao_linear,aprendizagem,2022-05,4,2022-08-01,323453719.42,293597579.07936597,29856140.340634048,9.230421092133517,-9.230421092133511
valor_aprovado,nominal,regressao_linear,aprendizagem,2022-05,5,2022-09-01,311819626.42,294302860.1312834,17516766.288716614,5.61759581647459,-5.617595816474585
valor_aprovado,nominal,regressao_linear,aprendizagem,2022-05,6,2022-10-01,312427063.88,295153030.99865746,17274032.88134253,5.528980961770107,-5.5289809617701025
valor_aprovado,nominal,regressao_linear,aprendizagem,2022-05,7,2022-11-01,312285235.81,296231937.7858623,16053298.024137676,5.140588213368112,-5.140588213368114
valor_aprovado,nominal,regressao_linear,aprendizagem,2022-05,8,2022-12-01,324955128.46,297562136.9922735,27392991.46772647,8.42977662717466,-8.429776627174657
valor_aprovado,nominal,regressao_linear,aprendizagem,2022-05,9,2023-01-01,318310548.87,296802687.4776891,21507861.392310917,6.756879867369668,-6.756879867369669
valor_aprovado,nominal,regressao_linear,aprendizagem,2022-05,10,2023-02-01,294899969.04,298445804.60564137,-3545835.5656413436,1.2023858724652456,1.2023858724652392
valor_aprovado,nominal,regressao_linear,aprendizagem,2022-05,11,2023-03-01,333190074.83000004,300066701.1315543,33123373.698445737,9.941284630205722,-9.941284630205727
valor_aprovado,nominal,regressao_linear,aprendizagem,2022-05,12,2023-04-01,308241204.10999995,301542707.8420106,6698496.267989337,2.1731346032501517,-2.1731346032501486
valor_aprovado,nominal,regressao_linear,aprendizagem,2022-06,1,2022-06-01,306868827.71,293121506.36703664,13747321.342963338,4.479868954286539,-4.479868954286537
valor_aprovado,nominal,regressao_linear,aprendizagem,2022-06,2,2022-07-01,308883599.32,293766943.2996447,15116656.020355284,4.893965252164326,-4.893965252164323
valor_aprovado,nominal,regressao_linear,aprendizagem,2022-06,3,2022-08-01,323453719.42,294266761.90036756,29186957.51963246,9.023534362804348,-9.023534362804341
valor_aprovado,nominal,regressao_linear,aprendizagem,2022-06,4,2022-09-01,311819626.42,294811659.58426815,17007966.835731864,5.454424736184912,-5.454424736184915
valor_aprovado,nominal,regressao_linear,aprendizagem,2022-06,5,2022-10-01,312427063.88,295580254.86247635,16846809.017523646,5.392237410006942,-5.392237410006939
valor_aprovado,nominal,regressao_linear,aprendizagem,2022-06,6,2022-11-01,312285235.81,296691226.6563786,15594009.153621376,4.99351469920565,-4.993514699205647
valor_aprovado,nominal,regressao_linear,aprendizagem,2022-06,7,2022-12-01,324955128.46,298171514.37647367,26783614.083526313,8.242250002471716,-8.242250002471717
valor_aprovado,nominal,regressao_linear,aprendizagem,2022-06,8,2023-01-01,318310548.87,297208240.13665354,21102308.733346462,6.629472007214179,-6.629472007214177
valor_aprovado,nominal,regressao_linear,aprendizagem,2022-06,9,2023-02-01,294899969.04,299131443.6211502,-4231474.581150174,1.434884715290092,1.4348847152900968
valor_aprovado,nominal,regressao_linear,aprendizagem,2022-06,10,2023-03-01,333190074.83000004,301009568.0224691,32180506.80753094,9.658302944332915,-9.65830294433292
valor_aprovado,nominal,regressao_linear,aprendizagem,2022-06,11,2023-04-01,308241204.10999995,302663994.8294804,5577209.280519545,1.8093652653034809,-1.8093652653034864
valor_aprovado,nominal,regressao_linear,aprendizagem,2022-06,12,2023-05-01,334325813.13,303976045.12079763,30349768.00920236,9.077901501252338,-9.077901501252338
valor_aprovado,nominal,regressao_linear,aprendizagem,2022-07,1,2022-07-01,308883599.32,294634568.8764252,14249030.443574786,4.613074463954607,-4.613074463954603
valor_aprovado,nominal,regressao_linear,aprendizagem,2022-07,2,2022-08-01,323453719.42,295034291.09632784,28419428.323672175,8.786242549516011,-8.786242549516011
valor_aprovado,nominal,regressao_linear,aprendizagem,2022-07,3,2022-09-01,311819626.42,295440970.1999823,16378656.220017731,5.252605940190816,-5.252605940190813
valor_aprovado,nominal,regressao_linear,aprendizagem,2022-07,4,2022-10-01,312427063.88,296074679.94923866,16352383.930761337,5.233984446700212,-5.233984446700212
valor_aprovado,nominal,regressao_linear,aprendizagem,2022-07,5,2022-11-01,312285235.81,297094661.42780083,15190574.382199168,4.8643267885521775,-4.864326788552176
valor_aprovado,nominal,regressao_linear,aprendizagem,2022-07,6,2022-12-01,324955128.46,298556654.5214462,26398473.93855375,8.12372897872367,-8.123728978723676
valor_aprovado,nominal,regressao_linear,aprendizagem,2022-07,7,2023-01-01,318310548.87,297579271.49368805,20731277.376311958,6.5129093113338,-6.512909311333804
valor_aprovado,nominal,regressao_linear,aprendizagem,2022-07,8,2023-02-01,294899969.04,299635560.4023687,-4735591.362368703,1.6058297251724603,1.6058297251724696
valor_aprovado,nominal,regressao_linear,aprendizagem,2022-07,9,2023-03-01,333190074.83000004,301684892.4272976,31505182.40270245,9.455618514079989,-9.455618514079989
valor_aprovado,nominal,regressao_linear,aprendizagem,2022-07,10,2023-04-01,308241204.10999995,303507193.8066245,4734010.303375483,1.5358135902188108,-1.5358135902188152
valor_aprovado,nominal,regressao_linear,aprendizagem,2022-07,11,2023-05-01,334325813.13,304943223.4566456,29382589.673354387,8.788609350343283,-8.788609350343279
valor_aprovado,nominal,regressao_linear,aprendizagem,2022-07,12,2023-06-01,322098718.82,305937241.49158347,16161477.328416526,5.017554055360315,-5.017554055360318
valor_aprovado,nominal,regressao_linear,aprendizagem,2022-08,1,2022-08-01,323453719.42,295954369.472894,27499349.947106004,8.50178813723842,-8.50178813723842
valor_aprovado,nominal,regressao_linear,aprendizagem,2022-08,2,2022-09-01,311819626.42,296264853.6492657,15554772.77073431,4.98838798228277,-4.988387982282772
valor_aprovado,nominal,regressao_linear,aprendizagem,2022-08,3,2022-10-01,312427063.88,296731897.2403635,15695166.639636517,5.023625816764986,-5.023625816764987
valor_aprovado,nominal,regressao_linear,aprendizagem,2022-08,4,2022-11-01,312285235.81,297554792.9359597,14730442.874040306,4.71698344490502,-4.71698344490502
valor_aprovado,nominal,regressao_linear,aprendizagem,2022-08,5,2022-12-01,324955128.46,298837483.14180154,26117645.318198442,8.03730824067095,-8.03730824067095
valor_aprovado,nominal,regressao_linear,aprendizagem,2022-08,6,2023-01-01,318310548.87,298069088.093337,20241460.776663005,6.359029208588919,-6.359029208588918
valor_aprovado,nominal,regressao_linear,aprendizagem,2022-08,7,2023-02-01,294899969.04,300095548.7429866,-5195579.702986598,1.7618108675629847,1.761810867562974
valor_aprovado,nominal,regressao_linear,aprendizagem,2022-08,8,2023-03-01,333190074.83000004,302206692.636426,30983382.19357407,9.2990111453297,-9.299011145329706
valor_aprovado,nominal,regressao_linear,aprendizagem,2022-08,9,2023-04-01,308241204.10999995,304161277.1151393,4079926.994860649,1.3236150587462256,-1.3236150587462303
valor_aprovado,nominal,regressao_linear,aprendizagem,2022-08,10,2023-05-01,334325813.13,305760009.48935413,28565803.64064586,8.544300953973384,-8.544300953973384
valor_aprovado,nominal,regressao_linear,aprendizagem,2022-08,11,2023-06-01,322098718.82,306898947.35332334,15199771.466676652,4.718979175813119,-4.7189791758131205
valor_aprovado,nominal,regressao_linear,aprendizagem,2022-08,12,2023-07-01,343307909.95,307597349.86900437,35710560.08099562,10.401904251549746,-10.401904251549743
valor_aprovado,nominal,regressao_linear,aprendizagem,2022-09,1,2022-09-01,311819626.42,298055322.4490756,13764303.970924437,4.4141878203602385,-4.4141878203602385
valor_aprovado,nominal,regressao_linear,aprendizagem,2022-09,2,2022-10-01,312427063.88,298250753.06226957,14176310.817730427,4.537478489115592,-4.537478489115587
valor_aprovado,nominal,regressao_linear,aprendizagem,2022-09,3,2022-11-01,312285235.81,298626393.34318733,13658842.46681267,4.373835487734348,-4.373835487734345
valor_aprovado,nominal,regressao_linear,aprendizagem,2022-09,4,2022-12-01,324955128.46,299385919.9345584,25569208.525441587,7.868535156412834,-7.868535156412837
valor_aprovado,nominal,regressao_linear,aprendizagem,2022-09,5,2023-01-01,318310548.87,299264232.33699673,19046316.53300327,5.98356435267934,-5.983564352679338
valor_aprovado,nominal,regressao_linear,aprendizagem,2022-09,6,2023-02-01,294899969.04,300964100.17507374,-6064131.135073721,2.056334951412351,2.056334951412353
valor_aprovado,nominal,regressao_linear,aprendizagem,2022-09,7,2023-03-01,333190074.83000004,302968459.27173877,30221615.558261275,9.070382895913367,-9.070382895913365
valor_aprovado,nominal,regressao_linear,aprendizagem,2022-09,8,2023-04-01,308241204.10999995,305044572.37834466,3196631.7316552997,1.0370552959929846,-1.0370552959929835
valor_aprovado,nominal,regressao_linear,aprendizagem,2022-09,9,2023-05-01,334325813.13,306940475.8172269,27385337.31277311,8.191212355512773,-8.191212355512778
valor_aprovado,nominal,regressao_linear,aprendizagem,2022-09,10,2023-06-01,322098718.82,308452492.94565576,13646225.87434423,4.236659470219816,-4.236659470219816
valor_aprovado,nominal,regressao_linear,aprendizagem,2022-09,11,2023-07-01,343307909.95,309479809.1477729,33828100.80222708,9.853574538132218,-9.853574538132214
valor_aprovado,nominal,regressao_linear,aprendizagem,2022-09,12,2023-08-01,357700323.2,310051485.02949584,47648838.17050415,13.320882056867026,-13.320882056867022
valor_aprovado,nominal,regressao_linear,aprendizagem,2022-10,1,2022-10-01,312427063.88,299085455.0799537,13341608.800046325,4.270311487858395,-4.270311487858391
valor_aprovado,nominal,regressao_linear,aprendizagem,2022-10,2,2022-11-01,312285235.81,299293161.8968605,12992073.913139522,4.160322814955022,-4.16032281495502
valor_aprovado,nominal,regressao_linear,aprendizagem,2022-10,3,2022-12-01,324955128.46,299812448.8053311,25142679.654668868,7.737277381595097,-7.7372773815950975
valor_aprovado,nominal,regressao_linear,aprendizagem,2022-10,4,2023-01-01,318310548.87,299937294.74460566,18373254.125394344,5.772116001376409,-5.7721160013764035
valor_aprovado,nominal,regressao_linear,aprendizagem,2022-10,5,2023-02-01,294899969.04,301423483.72345793,-6523514.683457911,2.2121110099448895,2.212111009944895
valor_aprovado,nominal,regressao_linear,aprendizagem,2022-10,6,2023-03-01,333190074.83000004,303305914.0522095,29884160.777790546,8.969102934124919,-8.969102934124917
valor_aprovado,nominal,regressao_linear,aprendizagem,2022-10,7,2023-04-01,308241204.10999995,305375709.4102217,2865494.699778259,0.9296274026867832,-0.9296274026867835
valor_aprovado,nominal,regressao_linear,aprendizagem,2022-10,8,2023-05-01,334325813.13,307373789.1685758,26952023.961424172,8.061604250385562,-8.061604250385567
valor_aprovado,nominal,regressao_linear,aprendizagem,2022-10,9,2023-06-01,322098718.82,309060288.8353662,13038429.984633803,4.0479608339951625,-4.047960833995157
valor_aprovado,nominal,regressao_linear,aprendizagem,2022-10,10,2023-07-01,343307909.95,310278831.55259925,33029078.397400737,9.620832331597356,-9.62083233159735
valor_aprovado,nominal,regressao_linear,aprendizagem,2022-10,11,2023-08-01,357700323.2,310998429.1490079,46701894.05099207,13.056150923542715,-13.05615092354271
valor_aprovado,nominal,regressao_linear,aprendizagem,2022-10,12,2023-09-01,363197338.78,311321785.39551735,51875553.38448262,14.283021334554787,-14.28302133455479
valor_aprovado,nominal,regressao_linear,aprendizagem,2022-11,1,2022-11-01,312285235.81,300083841.6283083,12201394.181691706,3.907131296183101,-3.9071312961830973
valor_aprovado,nominal,regressao_linear,aprendizagem,2022-11,2,2022-12-01,324955128.46,300510352.70770675,24444775.75229323,7.522508066925996,-7.522508066925992
valor_aprovado,nominal,regressao_linear,aprendizagem,2022-11,3,2023-01-01,318310548.87,300560861.0853174,17749687.78468263,5.576217265715474,-5.576217265715478
valor_aprovado,nominal,regressao_linear,aprendizagem,2022-11,4,2023-02-01,294899969.04,301903736.78778493,-7003767.747784913,2.3749638803234077,2.3749638803234108
valor_aprovado,nominal,regressao_linear,aprendizagem,2022-11,5,2023-03-01,333190074.83000004,303675673.68011725,29514401.149882793,8.858127351164828,-8.858127351164825
valor_aprovado,nominal,regressao_linear,aprendizagem,2022-11,6,2023-04-01,308241204.10999995,305698306.3264101,2542897.78358984,0.8249701044777821,-0.8249701044777846
valor_aprovado,nominal,regressao_linear,aprendizagem,2022-11,7,2023-05-01,334325813.13,307726095.5659398,26599717.56406021,7.956226088267111,-7.956226088267115
valor_aprovado,nominal,regressao_linear,aprendizagem,2022-11,8,2023-06-01,322098718.82,309512120.5329889,12586598.287011087,3.907683437277165,-3.907683437277165
valor_aprovado,nominal,regressao_linear,aprendizagem,2022-11,9,2023-07-01,343307909.95,310874240.9034101,32433669.04658991,9.447399289842641,-9.44739928984264
valor_aprovado,nominal,regressao_linear,aprendizagem,2022-11,10,2023-08-01,357700323.2,311743901.24739015,45956421.95260984,12.847744039334946,-12.847744039334952
valor_aprovado,nominal,regressao_linear,aprendizagem,2022-11,11,2023-09-01,363197338.78,312184500.40150553,51012838.37849444,14.04548792946815,-14.045487929468148
valor_aprovado,nominal,regressao_linear,aprendizagem,2022-11,12,2023-10-01,364863029.1,312374403.8016603,52488625.298339725,14.385843758358394,-14.385843758358396
valor_aprovado,nominal,regressao_linear,aprendizagem,2022-12,1,2022-12-01,324955128.46,301481175.2719432,23473953.188056767,7.2237521836638035,-7.223752183663801
valor_aprovado,nominal,regressao_linear,aprendizagem,2022-12,2,2023-01-01,318310548.87,300981228.56378126,17329320.306218743,5.444155202439157,-5.444155202439161
valor_aprovado,nominal,regressao_linear,aprendizagem,2022-12,3,2023-02-01,294899969.04,302355401.52816284,-7455432.488162816,2.5281225062290753,2.528122506229069
valor_aprovado,nominal,regressao_linear,aprendizagem,2022-12,4,2023-03-01,333190074.83000004,304111500.5017957,29078574.328204334,8.727323088192463,-8.727323088192463
valor_aprovado,nominal,regressao_linear,aprendizagem,2022-12,5,2023-04-01,308241204.10999995,306091664.661078,2149539.4489219785,0.6973562976852656,-0.6973562976852699
valor_aprovado,nominal,regressao_linear,aprendizagem,2022-12,6,2023-05-01,334325813.13,308077995.09686106,26247818.03313893,7.8509696237342785,-7.850969623734283
valor_aprovado,nominal,regressao_linear,aprendizagem,2022-12,7,2023-06-01,322098718.82,309850940.6511876,12247778.168812394,3.8024920476808477,-3.80249204768085
valor_aprovado,nominal,regressao_linear,aprendizagem,2022-12,8,2023-07-01,343307909.95,311248126.4727636,32059783.47723639,9.33849251591833,-9.338492515918329
valor_aprovado,nominal,regressao_linear,aprendizagem,2022-12,9,2023-08-01,357700323.2,312207862.2272337,45492460.97276628,12.718037424676915,-12.71803742467692
valor_aprovado,nominal,regressao_linear,aprendizagem,2022-12,10,2023-09-01,363197338.78,312785671.97245246,50411666.80754751,13.879965909685104,-13.8799659096851
valor_aprovado,nominal,regressao_linear,aprendizagem,2022-12,11,2023-10-01,364863029.1,313139416.5320218,51723612.5679782,14.17617254769927,-14.176172547699274
valor_aprovado,nominal,regressao_linear,aprendizagem,2022-12,12,2023-11-01,365199231.95,313486994.81509036,51712237.13490963,14.160007089497284,-14.160007089497284
valor_aprovado,nominal,regressao_linear,aprendizagem,2023-01,1,2023-01-01,318310548.87,301270767.6764386,17039781.193561375,5.353193996885263,-5.353193996885263
valor_aprovado,nominal,regressao_linear,aprendizagem,2023-01,2,2023-02-01,294899969.04,303141098.249758,-8241129.209757984,2.794550720566594,2.794550720566602
valor_aprovado,nominal,regressao_linear,aprendizagem,2023-01,3,2023-03-01,333190074.83000004,305146927.51431775,28043147.315682292,8.416561426684286,-8.416561426684288
valor_aprovado,nominal,regressao_linear,aprendizagem,2023-01,4,2023-04-01,308241204.10999995,307129696.64620894,1111507.4637910128,0.36059665254693096,-0.3605966525469295
valor_aprovado,nominal,regressao_linear,aprendizagem,2023-01,5,2023-05-01,334325813.13,308937025.7654488,25388787.364551187,7.594025458835556,-7.594025458835551
valor_aprovado,nominal,regressao_linear,aprendizagem,2023-01,6,2023-06-01,322098718.82,310463544.00176436,11635174.818235636,3.61230086877116,-3.6123008687711566
valor_aprovado,nominal,regressao_linear,aprendizagem,2023-01,7,2023-07-01,343307909.95,311679123.53418815,31628786.415811837,9.212950094979842,-9.212950094979844
valor_aprovado,nominal,regressao_linear,aprendizagem,2023-01,8,2023-08-01,357700323.2,312636952.3163562,45063370.883643806,12.598079442731633,-12.598079442731635
valor_aprovado,nominal,regressao_linear,aprendizagem,2023-01,9,2023-09-01,363197338.78,313459282.40728384,49738056.37271613,13.694499122650244,-13.694499122650239
valor_aprovado,nominal,regressao_linear,aprendizagem,2023-01,10,2023-10-01,364863029.1,314304672.63088,50558356.469120026,13.856804454491117,-13.856804454491122
valor_aprovado,nominal,regressao_linear,aprendizagem,2023-01,11,2023-11-01,365199231.95,315325502.8671276,49873729.08287239,13.656581043878177,-13.65658104387818
valor_aprovado,nominal,regressao_linear,aprendizagem,2023-01,12,2023-12-01,374983123.17,316627143.9862994,58355979.18370062,15.5622948281981,-15.562294828198098
valor_aprovado,nominal,regressao_linear,aprendizagem,2023-02,1,2023-02-01,294899969.04,304469944.33510566,-9569975.295105636,3.245159816821673,3.2451598168216744
valor_aprovado,nominal,regressao_linear,aprendizagem,2023-02,2,2023-03-01,333190074.83000004,306038954.31939065,27151120.51060939,8.148838324329562,-8.148838324329565
valor_aprovado,nominal,regressao_linear,aprendizagem,2023-02,3,2023-04-01,308241204.10999995,307702733.9495117,538470.1604882479,0.17469116825020176,-0.17469116825020725
valor_aprovado,nominal,regressao_linear,aprendizagem,2023-02,4,2023-05-01,334325813.13,309351413.3969299,24974399.733070076,7.470078214797902,-7.470078214797904
valor_aprovado,nominal,regressao_linear,aprendizagem,2023-02,5,2023-06-01,322098718.82,310879168.9148673,11219549.905132711,3.4832643688355023,-3.4832643688355036
valor_aprovado,nominal,regressao_linear,aprendizagem,2023-02,6,2023-07-01,343307909.95,312212578.2257956,31095331.72420436,9.057563435906019,-9.057563435906024
valor_aprovado,nominal,regressao_linear,aprendizagem,2023-02,7,2023-08-01,357700323.2,313330293.961407,44370029.23859298,12.40424633717328,-12.404246337173275
valor_aprovado,nominal,regressao_linear,aprendizagem,2023-02,8,2023-09-01,363197338.78,314268763.6727122,48928575.107287765,13.471622691851643,-13.471622691851648
valor_aprovado,nominal,regressao_linear,aprendizagem,2023-02,9,2023-10-01,364863029.1,315112463.73818135,49750565.36181867,13.635408740791673,-13.635408740791677
valor_aprovado,nominal,regressao_linear,aprendizagem,2023-02,10,2023-11-01,365199231.95,315971263.98635334,49227967.96364665,13.47975670726124,-13.479756707261236
valor_aprovado,nominal,regressao_linear,aprendizagem,2023-02,11,2023-12-01,374983123.17,316950988.16400623,58032135.00599378,15.475932494083125,-15.475932494083121
valor_aprovado,nominal,regressao_linear,aprendizagem,2023-02,12,2024-01-01,375847712.94,315945962.07959497,59901750.86040503,15.937771815035015,-15.937771815035017
valor_aprovado,nominal,regressao_linear,aprendizagem,2023-03,1,2023-03-01,333190074.83000004,305475523.082828,27714551.747172058,8.317940371216807,-8.317940371216803
valor_aprovado,nominal,regressao_linear,aprendizagem,2023-03,2,2023-04-01,308241204.10999995,307229725.2334802,1011478.8765197396,0.3281452521703685,-0.3281452521703643
valor_aprovado,nominal,regressao_linear,aprendizagem,2023-03,3,2023-05-01,334325813.13,308964149.6078991,25361663.522100866,7.5859124620566405,-7.585912462056643
valor_aprovado,nominal,regressao_linear,aprendizagem,2023-03,4,2023-06-01,322098718.82,310557927.4396419,11540791.3803581,3.582998225710887,-3.582998225710887
valor_aprovado,nominal,regressao_linear,aprendizagem,2023-03,5,2023-07-01,343307909.95,311927876.0897938,31380033.860206187,9.140492528930205,-9.14049252893021
valor_aprovado,nominal,regressao_linear,aprendizagem,2023-03,6,2023-08-01,357700323.2,313050787.7678901,44649535.43210989,12.48238610261057,-12.482386102610565
valor_aprovado,nominal,regressao_linear,aprendizagem,2023-03,7,2023-09-01,363197338.78,313969648.04062873,49227690.73937124,13.553978920861532,-13.553978920861532
valor_aprovado,nominal,regressao_linear,aprendizagem,2023-03,8,2023-10-01,364863029.1,314782117.8839879,50080911.21601212,13.725948430441322,-13.725948430441326
valor_aprovado,nominal,regressao_linear,aprendizagem,2023-03,9,2023-11-01,365199231.95,315614365.5035803,49584866.446419716,13.577483770066761,-13.577483770066756
valor_aprovado,nominal,regressao_linear,aprendizagem,2023-03,10,2023-12-01,374983123.17,316587259.66584885,58395863.504151165,15.572931125670204,-15.572931125670198
valor_aprovado,nominal,regressao_linear,aprendizagem,2023-03,11,2024-01-01,375847712.94,315176237.0983935,60671475.8416065,16.14256885242562,-16.14256885242562
valor_aprovado,nominal,regressao_linear,aprendizagem,2023-03,12,2024-02-01,356304841.58,316619997.41430855,39684844.165691435,11.137890798708423,-11.137890798708415
valor_aprovado,nominal,regressao_linear,aprendizagem,2023-04,1,2023-04-01,308241204.10999995,308901213.09080833,-660008.9808083773,0.2141209455478393,0.21412094554784655
valor_aprovado,nominal,regressao_linear,aprendizagem,2023-04,2,2023-05-01,334325813.13,310466067.1800595,23859745.949940503,7.13667476841306,-7.136674768413053
valor_aprovado,nominal,regressao_linear,aprendizagem,2023-04,3,2023-06-01,322098718.82,311789591.51518816,10309127.304811835,3.2006110867435447,-3.2006110867435433
valor_aprovado,nominal,regressao_linear,aprendizagem,2023-04,4,2023-07-01,343307909.95,312870008.7800372,30437901.169962764,8.866064628221295,-8.866064628221293
valor_aprovado,nominal,regressao_linear,aprendizagem,2023-04,5,2023-08-01,357700323.2,313770682.00160545,43929641.19839454,12.281129859039092,-12.281129859039098
valor_aprovado,nominal,regressao_linear,aprendizagem,2023-04,6,2023-09-01,363197338.78,314603136.47813296,48594202.30186701,13.379559020200322,-13.379559020200327
valor_aprovado,nominal,regressao_linear,aprendizagem,2023-04,7,2023-10-01,364863029.1,315497176.6655021,49365852.43449795,13.529968370943932,-13.529968370943934
valor_aprovado,nominal,regressao_linear,aprendizagem,2023-04,8,2023-11-01,365199231.95,316566105.17811,48633126.771889985,13.316875425014155,-13.316875425014151
valor_aprovado,nominal,regressao_linear,aprendizagem,2023-04,9,2023-12-01,374983123.17,317876363.44484043,57106759.725159585,15.229154646319914,-15.229154646319909
valor_aprovado,nominal,regressao_linear,aprendizagem,2023-04,10,2024-01-01,375847712.94,316626936.1059419,59220776.834058106,15.756588318926942,-15.756588318926944
valor_aprovado,nominal,regressao_linear,aprendizagem,2023-04,11,2024-02-01,356304841.58,318360045.48623276,37944796.093767226,10.649531430868194,-10.649531430868198
valor_aprovado,nominal,regressao_linear,aprendizagem,2023-04,12,2024-03-01,370113558.41,320161373.6115644,49952184.79843563,13.496448228762317,-13.496448228762315
valor_aprovado,nominal,regressao_linear,aprendizagem,2023-05,1,2023-05-01,334325813.13,310425467.125286,23900346.004714012,7.148818627241489,-7.148818627241493
valor_aprovado,nominal,regressao_linear,aprendizagem,2023-05,2,2023-06-01,322098718.82,311754400.65348643,10344318.166513562,3.2115365762427412,-3.211536576242746
valor_aprovado,nominal,regressao_linear,aprendizagem,2023-05,3,2023-07-01,343307909.95,312842663.41527325,30465246.53472674,8.874029887387026,-8.874029887387024
valor_aprovado,nominal,regressao_linear,aprendizagem,2023-05,4,2023-08-01,357700323.2,313750965.6748791,43949357.525120914,12.28664182686456,-12.286641826864564
valor_aprovado,nominal,regressao_linear,aprendizagem,2023-05,5,2023-09-01,363197338.78,314588237.9677654,48609100.81223458,13.383661063022997,-13.383661063023
valor_aprovado,nominal,regressao_linear,aprendizagem,2023-05,6,2023-10-01,364863029.1,315482443.2516148,49380585.848385215,13.534006438029984,-13.534006438029989
valor_aprovado,nominal,regressao_linear,aprendizagem,2023-05,7,2023-11-01,365199231.95,316546289.3351584,48652942.61484158,13.322301461330218,-13.322301461330222
valor_aprovado,nominal,regressao_linear,aprendizagem,2023-05,8,2023-12-01,374983123.17,317847028.91184604,57136094.258153975,15.236977540520167,-15.236977540520169
valor_aprovado,nominal,regressao_linear,aprendizagem,2023-05,9,2024-01-01,375847712.94,316605516.65037024,59242196.28962976,15.762287290833438,-15.762287290833433
valor_aprovado,nominal,regressao_linear,aprendizagem,2023-05,10,2024-02-01,356304841.58,318326887.49565256,37977954.08434743,10.658837504407124,-10.658837504407126
valor_aprovado,nominal,regressao_linear,aprendizagem,2023-05,11,2024-03-01,370113558.41,320119288.3076544,49994270.102345645,13.507819145323928,-13.507819145323928
valor_aprovado,nominal,regressao_linear,aprendizagem,2023-05,12,2024-04-01,373850328.77,321854756.1286931,51995572.64130688,13.908125428798424,-13.908125428798424
valor_aprovado,nominal,regressao_linear,aprendizagem,2023-06,1,2023-06-01,322098718.82,313142889.23387223,8955829.586127758,2.7804611017818384,-2.7804611017818393
valor_aprovado,nominal,regressao_linear,aprendizagem,2023-06,2,2023-07-01,343307909.95,314025950.0139749,29281959.936025083,8.529357782723318,-8.529357782723313
valor_aprovado,nominal,regressao_linear,aprendizagem,2023-06,3,2023-08-01,357700323.2,314675442.1009152,43024881.099084795,12.028191843435494,-12.028191843435499
valor_aprovado,nominal,regressao_linear,aprendizagem,2023-06,4,2023-09-01,363197338.78,315287666.5853874,47909672.19461256,13.191085693398474,-13.191085693398474
valor_aprovado,nominal,regressao_linear,aprendizagem,2023-06,5,2023-10-01,364863029.1,316068910.3820711,48794118.717928946,13.373270193554104,-13.37327019355411
valor_aprovado,nominal,regressao_linear,aprendizagem,2023-06,6,2023-11-01,365199231.95,317180171.8174335,48019060.13256651,13.148729770368433,-13.148729770368428
valor_aprovado,nominal,regressao_linear,aprendizagem,2023-06,7,2023-12-01,374983123.17,318694021.2581697,56289101.911830306,15.011102749365984,-15.011102749365978
valor_aprovado,nominal,regressao_linear,aprendizagem,2023-06,8,2024-01-01,375847712.94,317152673.46059334,58695039.479406655,15.616707900195918,-15.616707900195914
valor_aprovado,nominal,regressao_linear,aprendizagem,2023-06,9,2024-02-01,356304841.58,319267376.83563876,37037464.74436122,10.394881130473024,-10.39488113047302
valor_aprovado,nominal,regressao_linear,aprendizagem,2023-06,10,2024-03-01,370113558.41,321419347.8131522,48694210.59684783,13.156559518121174,-13.156559518121181
valor_aprovado,nominal,regressao_linear,aprendizagem,2023-06,11,2024-04-01,373850328.77,323402299.4784541,50448029.29154587,13.494178126718321,-13.494178126718326
valor_aprovado,nominal,regressao_linear,aprendizagem,2023-06,12,2024-05-01,387596104.3,325055233.5050774,62540870.79492259,16.135577757643265,-16.13557775764326
valor_aprovado,nominal,regressao_linear,aprendizagem,2023-07,1,2023-07-01,343307909.95,314524594.6172105,28783315.33278948,8.384110735165272,-8.384110735165272
valor_aprovado,nominal,regressao_linear,aprendizagem,2023-07,2,2023-08-01,357700323.2,315114930.582248,42585392.617752016,11.905326849241163,-11.90532684924116
valor_aprovado,nominal,regressao_linear,aprendizagem,2023-07,3,2023-09-01,363197338.78,315646737.98911804,47550600.79088193,13.092221697055118,-13.092221697055118
valor_aprovado,nominal,regressao_linear,aprendizagem,2023-07,4,2023-10-01,364863029.1,316350404.36143076,48512624.73856926,13.296119603631624,-13.29611960363163
valor_aprovado,nominal,regressao_linear,aprendizagem,2023-07,5,2023-11-01,365199231.95,317410267.75179356,47788964.198206425,13.08572417938417,-13.085724179384172
valor_aprovado,nominal,regressao_linear,aprendizagem,2023-07,6,2023-12-01,374983123.17,318915223.50948113,56067899.660518885,14.95211282751525,-14.95211282751525
valor_aprovado,nominal,regressao_linear,aprendizagem,2023-07,7,2024-01-01,375847712.94,317359123.29889,58488589.64111,15.561778780983849,-15.561778780983849
valor_aprovado,nominal,regressao_linear,aprendizagem,2023-07,8,2024-02-01,356304841.58,319552038.0346772,36752803.545322776,10.314988531266081,-10.314988531266078
valor_aprovado,nominal,regressao_linear,aprendizagem,2023-07,9,2024-03-01,370113558.41,321803481.32863176,48310077.08136827,13.052771503131993,-13.052771503131988
valor_aprovado,nominal,regressao_linear,aprendizagem,2023-07,10,2024-04-01,373850328.77,323883065.6571437,49967263.11285627,13.365579556196433,-13.365579556196428
valor_aprovado,nominal,regressao_linear,aprendizagem,2023-07,11,2024-05-01,387596104.3,325606452.9676055,61989651.33239454,15.99336284464161,-15.993362844641613
valor_aprovado,nominal,regressao_linear,aprendizagem,2023-07,12,2024-06-01,360982328.25,326884747.9107425,34097580.33925748,9.44577550501116,-9.445775505011156
valor_aprovado,nominal,regressao_linear,aprendizagem,2023-08,1,2023-08-01,357700323.2,316756756.4281628,40943566.771837175,11.446332059628727,-11.446332059628727
valor_aprovado,nominal,regressao_linear,aprendizagem,2023-08,2,2023-09-01,363197338.78,317113133.74699086,46084205.03300911,12.688475413341,-12.688475413341004
valor_aprovado,nominal,regressao_linear,aprendizagem,2023-08,3,2023-10-01,364863029.1,317517811.3235818,47345217.77641821,12.976162011592038,-12.976162011592042
valor_aprovado,nominal,regressao_linear,aprendizagem,2023-08,4,2023-11-01,365199231.95,318226995.56484103,46972236.385158956,12.862085206025299,-12.862085206025299
valor_aprovado,nominal,regressao_linear,aprendizagem,2023-08,5,2023-12-01,374983123.17,319415300.56278604,55567822.607213974,14.818752944788422,-14.818752944788427
valor_aprovado,nominal,regressao_linear,aprendizagem,2023-08,6,2024-01-01,375847712.94,318213424.57944846,57634288.360551536,15.334478932894882,-15.334478932894879
valor_aprovado,nominal,regressao_linear,aprendizagem,2023-08,7,2024-02-01,356304841.58,320357904.9051887,35946936.6748113,10.088815104338192,-10.088815104338188
valor_aprovado,nominal,regressao_linear,aprendizagem,2023-08,8,2024-03-01,370113558.41,322723233.39513314,47390325.01486689,12.804266133468529,-12.804266133468523
valor_aprovado,nominal,regressao_linear,aprendizagem,2023-08,9,2024-04-01,373850328.77,325040261.62731457,48810067.14268541,13.056044996208716,-13.056044996208716
valor_aprovado,nominal,regressao_linear,aprendizagem,2023-08,10,2024-05-01,387596104.3,327052783.19482785,60543321.10517216,15.62020888071453,-15.620208880714525
valor_aprovado,nominal,regressao_linear,aprendizagem,2023-08,11,2024-06-01,360982328.25,328586184.0056553,32396144.24434471,8.974440494468917,-8.974440494468915
valor_aprovado,nominal,regressao_linear,aprendizagem,2023-08,12,2024-07-01,390560593.67,329594229.98761034,60966363.68238968,15.609962876567765,-15.609962876567762
valor_aprovado,nominal,regressao_linear,aprendizagem,2023-09,1,2023-09-01,363197338.78,319475053.52529496,43722285.25470501,12.038162339396703,-12.038162339396708
valor_aprovado,nominal,regressao_linear,aprendizagem,2023-09,2,2023-10-01,364863029.1,319517483.6057335,45345545.49426651,12.428100924919528,-12.428100924919526
valor_aprovado,nominal,regressao_linear,aprendizagem,2023-09,3,2023-11-01,365199231.95,319634915.7819017,45564316.16809827,12.476564072932266,-12.47656407293226
valor_aprovado,nominal,regressao_linear,aprendizagem,2023-09,4,2023-12-01,374983123.17,320133723.7850275,54849399.38497251,14.627164796455741,-14.627164796455737
valor_aprovado,nominal,regressao_linear,aprendizagem,2023-09,5,2024-01-01,375847712.94,319766285.30334264,56081427.63665736,14.9213167210652,-14.921316721065203
valor_aprovado,nominal,regressao_linear,aprendizagem,2023-09,6,2024-02-01,356304841.58,321483497.7332451,34821343.84675491,9.772907853944101,-9.772907853944101
valor_aprovado,nominal,regressao_linear,aprendizagem,2023-09,7,2024-03-01,370113558.41,323711268.2807573,46402290.12924272,12.537311610140945,-12.537311610140945
valor_aprovado,nominal,regressao_linear,aprendizagem,2023-09,8,2024-04-01,373850328.77,326190507.2147492,47659821.555250764,12.748369571335061,-12.748369571335061
valor_aprovado,nominal,regressao_linear,aprendizagem,2023-09,9,2024-05-01,387596104.3,328594744.05301154,59001360.246988475,15.22238216339794,-15.22238216339794
valor_aprovado,nominal,regressao_linear,aprendizagem,2023-09,10,2024-06-01,360982328.25,330617605.06431633,30364723.185683668,8.41169243183961,-8.411692431839612
valor_aprovado,nominal,regressao_linear,aprendizagem,2023-09,11,2024-07-01,390560593.67,332054905.8622817,58505687.80771834,14.979925972038052,-14.979925972038055
valor_aprovado,nominal,regressao_linear,aprendizagem,2023-09,12,2024-08-01,391118763.67,332859362.44680977,58259401.22319025,14.895578181042127,-14.895578181042124
valor_aprovado,nominal,regressao_linear,aprendizagem,2023-10,1,2023-10-01,364863029.1,321872687.88017464,42990341.21982539,11.782597246388256,-11.78259724638826
valor_aprovado,nominal,regressao_linear,aprendizagem,2023-10,2,2023-11-01,365199231.95,321510467.3642134,43688764.58578658,11.962994651579136,-11.96299465157914
valor_aprovado,nominal,regressao_linear,aprendizagem,2023-10,3,2023-12-01,374983123.17,321326977.6134031,53656145.556596935,14.3089494543123,-14.308949454312303
valor_aprovado,nominal,regressao_linear,aprendizagem,2023-10,4,2024-01-01,375847712.94,321646113.76851714,54201599.17148286,14.421159769072627,-14.421159769072634
valor_aprovado,nominal,regressao_linear,aprendizagem,2023-10,5,2024-02-01,356304841.58,322759899.0284006,33544942.551599383,9.41467491792913,-9.414674917929133
valor_aprovado,nominal,regressao_linear,aprendizagem,2023-10,6,2024-03-01,370113558.41,324644624.7423505,45468933.66764951,12.285130505076085,-12.285130505076081
valor_aprovado,nominal,regressao_linear,aprendizagem,2023-10,7,2024-04-01,373850328.77,327107639.0917517,46742689.678248286,12.50304896936584,-12.503048969365837
valor_aprovado,nominal,regressao_linear,aprendizagem,2023-10,8,2024-05-01,387596104.3,329801338.28512764,57794766.01487237,14.911080213060949,-14.911080213060945
valor_aprovado,nominal,regressao_linear,aprendizagem,2023-10,9,2024-06-01,360982328.25,332316306.7133527,28666021.53664732,7.941114922610431,-7.941114922610426
valor_aprovado,nominal,regressao_linear,aprendizagem,2023-10,10,2024-07-01,390560593.67,334291019.53148603,56269574.13851398,14.407386472291764,-14.407386472291762
valor_aprovado,nominal,regressao_linear,aprendizagem,2023-10,11,2024-08-01,391118763.67,335508712.9490173,55610050.72098273,14.218200681341585,-14.218200681341585
valor_aprovado,nominal,regressao_linear,aprendizagem,2023-10,12,2024-09-01,366497269.12,335955465.9124821,30541803.207517922,8.333432683100785,-8.333432683100783
valor_aprovado,nominal,regressao_linear,aprendizagem,2023-11,1,2023-11-01,365199231.95,323771625.58116686,41427606.368833125,11.343837211165066,-11.343837211165065
valor_aprovado,nominal,regressao_linear,aprendizagem,2023-11,2,2023-12-01,374983123.17,323312860.0182214,51670263.15177864,13.77935697878161,-13.77935697878161
valor_aprovado,nominal,regressao_linear,aprendizagem,2023-11,3,2024-01-01,375847712.94,323420749.69715214,52426963.24284786,13.948990891216958,-13.948990891216962
valor_aprovado,nominal,regressao_linear,aprendizagem,2023-11,4,2024-02-01,356304841.58,324118885.1419767,32185956.43802327,9.033263846569612,-9.033263846569618
valor_aprovado,nominal,regressao_linear,aprendizagem,2023-11,5,2024-03-01,370113558.41,325685190.30694556,44428368.103054464,12.003982857023068,-12.003982857023065
valor_aprovado,nominal,regressao_linear,aprendizagem,2023-11,6,2024-04-01,373850328.77,328013982.2059204,45836346.56407958,12.260614218231435,-12.260614218231435
valor_aprovado,nominal,regressao_linear,aprendizagem,2023-11,7,2024-05-01,387596104.3,330795270.14814645,56800834.15185356,14.654645266478122,-14.654645266478127
valor_aprovado,nominal,regressao_linear,aprendizagem,2023-11,8,2024-06-01,360982328.25,333597817.4935016,27384510.756498396,7.586108408479521,-7.58610840847952
valor_aprovado,nominal,regressao_linear,aprendizagem,2023-11,9,2024-07-01,390560593.67,335984691.16196364,54575902.508036375,13.973735034351598,-13.973735034351598
valor_aprovado,nominal,regressao_linear,aprendizagem,2023-11,10,2024-08-01,391118763.67,337630337.4995488,53488426.170451224,13.67575047245271,-13.675750472452709
valor_aprovado,nominal,regressao_linear,aprendizagem,2023-11,11,2024-09-01,366497269.12,338407814.11698955,28089455.00301045,7.664301311291159,-7.664301311291155
valor_aprovado,nominal,regressao_linear,aprendizagem,2023-11,12,2024-10-01,396093556.14,338422804.0004244,57670752.1395756,14.559881433464112,-14.559881433464106
valor_aprovado,nominal,regressao_linear,aprendizagem,2023-12,1,2023-12-01,374983123.17,326236110.78885835,48747012.38114166,12.999788355552743,-12.999788355552743
valor_aprovado,nominal,regressao_linear,aprendizagem,2023-12,2,2024-01-01,375847712.94,324685354.3771352,51162358.56286478,13.612523583729322,-13.612523583729319
valor_aprovado,nominal,regressao_linear,aprendizagem,2023-12,3,2024-02-01,356304841.58,325470938.90465873,30833902.67534125,8.653798398756312,-8.653798398756308
valor_aprovado,nominal,regressao_linear,aprendizagem,2023-12,4,2024-03-01,370113558.41,326985916.9905442,43127641.41945583,11.65254296674006,-11.652542966740064
valor_aprovado,nominal,regressao_linear,aprendizagem,2023-12,5,2024-04-01,373850328.77,329186499.65646946,44663829.11353052,11.946981365638594,-11.946981365638598
valor_aprovado,nominal,regressao_linear,aprendizagem,2023-12,6,2024-05-01,387596104.3,331845190.7305635,55750913.56943649,14.383765200664966,-14.383765200664966
valor_aprovado,nominal,regressao_linear,aprendizagem,2023-12,7,2024-06-01,360982328.25,334611744.26294076,26370583.987059236,7.305228517667536,-7.305228517667539
valor_aprovado,nominal,regressao_linear,aprendizagem,2023-12,8,2024-07-01,390560593.67,337107012.6451249,53453581.024875104,13.68637335440967,-13.686373354409675
valor_aprovado,nominal,regressao_linear,aprendizagem,2023-12,9,2024-08-01,391118763.67,339024538.9055523,52094224.76444769,13.319285496719694,-13.31928549671969
valor_aprovado,nominal,regressao_linear,aprendizagem,2023-12,10,2024-09-01,366497269.12,340212671.60761786,26284597.51238215,7.171839936350506,-7.17183993635051
valor_aprovado,nominal,regressao_linear,aprendizagem,2023-12,11,2024-10-01,396093556.14,340715199.7296436,55378356.4103564,13.98113035466369,-13.981130354663696
valor_aprovado,nominal,regressao_linear,aprendizagem,2023-12,12,2024-11-01,383252079.78,340759619.4435005,42492460.33649945,11.087339789751853,-11.087339789751848
valor_aprovado,nominal,regressao_linear,aprendizagem,2024-01,1,2024-01-01,375847712.94,325219815.95092815,50627896.989071846,13.470321953815917,-13.470321953815912
valor_aprovado,nominal,regressao_linear,aprendizagem,2024-01,2,2024-02-01,356304841.58,326921260.0805913,29383581.499408662,8.246753361281863,-8.246753361281867
valor_aprovado,nominal,regressao_linear,aprendizagem,2024-01,3,2024-03-01,370113558.41,328897216.45396113,41216341.95603889,11.136134037646018,-11.136134037646016
valor_aprovado,nominal,regressao_linear,aprendizagem,2024-01,4,2024-04-01,373850328.77,331102607.6507529,42747721.11924708,11.434447913926087,-11.434447913926082
valor_aprovado,nominal,regressao_linear,aprendizagem,2024-01,5,2024-05-01,387596104.3,333430879.37503046,54165224.924969554,13.974656691349402,-13.974656691349397
valor_aprovado,nominal,regressao_linear,aprendizagem,2024-01,6,2024-06-01,360982328.25,335742551.59275234,25239776.657247663,6.991970155327863,-6.991970155327865
valor_aprovado,nominal,regressao_linear,aprendizagem,2024-01,7,2024-07-01,390560593.67,337902592.0942534,52658001.575746596,13.482671429017595,-13.4826714290176
valor_aprovado,nominal,regressao_linear,aprendizagem,2024-01,8,2024-08-01,391118763.67,339816598.2657768,51302165.4042232,13.116774281764851,-13.116774281764854
valor_aprovado,nominal,regressao_linear,aprendizagem,2024-01,9,2024-09-01,366497269.12,341456092.1935936,25041176.926406384,6.832568489946183,-6.832568489946178
valor_aprovado,nominal,regressao_linear,aprendizagem,2024-01,10,2024-10-01,396093556.14,342866151.29798853,53227404.84201145,13.438089061766542,-13.438089061766545
valor_aprovado,nominal,regressao_linear,aprendizagem,2024-01,11,2024-11-01,383252079.78,344153329.87489754,39098749.90510243,10.201836328597741,-10.201836328597736
valor_aprovado,nominal,regressao_linear,aprendizagem,2024-01,12,2024-12-01,390807010.08,345457107.9583623,45349902.1216377,11.604168029727607,-11.604168029727601
valor_aprovado,nominal,regressao_linear,aprendizagem,2024-02,1,2024-02-01,356304841.58,330430404.56961364,25874437.010386348,7.261881959180968,-7.261881959180972
valor_aprovado,nominal,regressao_linear,aprendizagem,2024-02,2,2024-03-01,370113558.41,331237885.57110363,38875672.838896394,10.503714861434814,-10.50371486143481
valor_aprovado,nominal,regressao_linear,aprendizagem,2024-02,3,2024-04-01,373850328.77,332589991.6828774,41260337.08712256,11.03659243068547,-11.036592430685467
valor_aprovado,nominal,regressao_linear,aprendizagem,2024-02,4,2024-05-01,387596104.3,334493881.41979456,53102222.88020545,13.700401601328851,-13.70040160132885
valor_aprovado,nominal,regressao_linear,aprendizagem,2024-02,5,2024-06-01,360982328.25,336808863.3199605,24173464.930039525,6.696578485498071,-6.6965784854980726
valor_aprovado,nominal,regressao_linear,aprendizagem,2024-02,6,2024-07-01,390560593.67,339284094.10832345,51276499.56167656,13.128948591521777,-13.128948591521784
valor_aprovado,nominal,regressao_linear,aprendizagem,2024-02,7,2024-08-01,391118763.67,341625791.94965136,49492971.720348656,12.654205401944749,-12.65420540194475
valor_aprovado,nominal,regressao_linear,aprendizagem,2024-02,8,2024-09-01,366497269.12,343575955.05403304,22921314.065966964,6.254156851155683,-6.254156851155679
valor_aprovado,nominal,regressao_linear,aprendizagem,2024-02,9,2024-10-01,396093556.14,344981493.0481309,51112063.091869056,12.904038023229896,-12.904038023229901
valor_aprovado,nominal,regressao_linear,aprendizagem,2024-02,10,2024-11-01,383252079.78,345835247.4170855,37416832.36291444,9.762982208574838,-9.762982208574833
valor_aprovado,nominal,regressao_linear,aprendizagem,2024-02,11,2024-12-01,390807010.08,346277909.62279135,44529100.45720863,11.39414066500325,-11.394140665003249
valor_aprovado,nominal,regressao_linear,aprendizagem,2024-02,12,2025-01-01,392330621.24,345063627.4412569,47266993.79874313,12.04774525356983,-12.04774525356983
valor_aprovado,nominal,regressao_linear,aprendizagem,2024-03,1,2024-03-01,370113558.41,332590996.2370593,37522562.17294073,10.13812148199511,-10.13812148199511
valor_aprovado,nominal,regressao_linear,aprendizagem,2024-03,2,2024-04-01,373850328.77,333720178.48548156,40130150.28451842,10.734282464469162,-10.734282464469159
valor_aprovado,nominal,regressao_linear,aprendizagem,2024-03,3,2024-05-01,387596104.3,335414447.26012135,52181657.03987867,13.46289512742109,-13.462895127421092
valor_aprovado,nominal,regressao_linear,aprendizagem,2024-03,4,2024-06-01,360982328.25,337569543.4081535,23412784.841846526,6.48585346417066,-6.4858534641706544
valor_aprovado,nominal,regressao_linear,aprendizagem,2024-03,5,2024-07-01,390560593.67,339957729.4542022,50602864.21579784,12.956469504589649,-12.956469504589652
valor_aprovado,nominal,regressao_linear,aprendizagem,2024-03,6,2024-08-01,391118763.67,342288811.6729543,48829951.997045696,12.484686630438716,-12.484686630438713
valor_aprovado,nominal,regressao_linear,aprendizagem,2024-03,7,2024-09-01,366497269.12,344287897.2635056,22209371.856494427,6.0599010491460295,-6.059901049146033
valor_aprovado,nominal,regressao_linear,aprendizagem,2024-03,8,2024-10-01,396093556.14,345769051.65336776,50324504.48663223,12.705206562069124,-12.705206562069126
valor_aprovado,nominal,regressao_linear,aprendizagem,2024-03,9,2024-11-01,383252079.78,346685119.5170124,36566960.262987554,9.541229439375321,-9.541229439375321
valor_aprovado,nominal,regressao_linear,aprendizagem,2024-03,10,2024-12-01,390807010.08,347140360.00726473,43666650.07273525,11.173456193581709,-11.17345619358171
valor_aprovado,nominal,regressao_linear,aprendizagem,2024-03,11,2025-01-01,392330621.24,346906875.62768877,45423745.612311244,11.577925135882836,-11.577925135882838
valor_aprovado,nominal,regressao_linear,aprendizagem,2024-03,12,2025-02-01,359514022.46,347186130.04722106,12327892.412778914,3.429043553968895,-3.4290435539688913
valor_aprovado,nominal,regressao_linear,aprendizagem,2024-04,1,2024-04-01,373850328.77,335731739.75180215,38118589.018197834,10.19621652965006,-10.196216529650059
valor_aprovado,nominal,regressao_linear,aprendizagem,2024-04,2,2024-05-01,387596104.3,337216648.7558567,50379455.54414332,12.997926187913784,-12.997926187913777
valor_aprovado,nominal,regressao_linear,aprendizagem,2024-04,3,2024-06-01,360982328.25,339042699.16021836,21939629.089781642,6.077757101335789,-6.07775710133579
valor_aprovado,nominal,regressao_linear,aprendizagem,2024-04,4,2024-07-01,390560593.67,341080529.23271257,49480064.43728745,12.668985360846492,-12.668985360846497
valor_aprovado,nominal,regressao_linear,aprendizagem,2024-04,5,2024-08-01,391118763.67,343144031.05011547,47974732.61988455,12.266026863482939,-12.266026863482937
valor_aprovado,nominal,regressao_linear,aprendizagem,2024-04,6,2024-09-01,366497269.12,345040217.96588635,21457051.15411365,5.854627840920719,-5.854627840920723
valor_aprovado,nominal,regressao_linear,aprendizagem,2024-04,7,2024-10-01,396093556.14,346620935.2262589,49472620.91374111,12.490135258917196,-12.49013525891719
valor_aprovado,nominal,regressao_linear,aprendizagem,2024-04,8,2024-11-01,383252079.78,347822557.9168669,35429521.86313307,9.244443470070888,-9.244443470070884
valor_aprovado,nominal,regressao_linear,aprendizagem,2024-04,9,2024-12-01,390807010.08,348683039.2071678,42123970.87283218,10.778714246760622,-10.778714246760623
valor_aprovado,nominal,regressao_linear,aprendizagem,2024-04,10,2025-01-01,392330621.24,348641989.2543365,43688631.98566353,11.13566711861064,-11.135667118610638
valor_aprovado,nominal,regressao_linear,aprendizagem,2024-04,11,2025-02-01,359514022.46,349265019.1315962,10249003.32840377,2.8507937627228683,-2.8507937627228697
valor_aprovado,nominal,regressao_linear,aprendizagem,2024-04,12,2025-03-01,389704865.08,350055363.91048783,39649501.16951215,10.174238179288002,-10.174238179287997
valor_aprovado,nominal,regressao_linear,aprendizagem,2024-05,1,2024-05-01,387596104.3,339307371.98849237,48288732.31150764,12.458518487619289,-12.458518487619285
valor_aprovado,nominal,regressao_linear,aprendizagem,2024-05,2,2024-06-01,360982328.25,340850248.44839764,20132079.801602364,5.577026415448182,-5.577026415448183
valor_aprovado,nominal,regressao_linear,aprendizagem,2024-05,3,2024-07-01,390560593.67,342480219.6189613,48080374.05103874,12.310605532227283,-12.310605532227282
valor_aprovado,nominal,regressao_linear,aprendizagem,2024-05,4,2024-08-01,391118763.67,344148529.1717355,46970234.49826449,12.009199982513458,-12.009199982513453
valor_aprovado,nominal,regressao_linear,aprendizagem,2024-05,5,2024-09-01,366497269.12,345796148.0397202,20701121.080279827,5.648369803678341,-5.648369803678344
valor_aprovado,nominal,regressao_linear,aprendizagem,2024-05,6,2024-10-01,396093556.14,347369591.2081952,48723964.931804776,12.301125372154049,-12.301125372154043
valor_aprovado,nominal,regressao_linear,aprendizagem,2024-05,7,2024-11-01,383252079.78,348835248.98122215,34416830.79877782,8.98020718335939,-8.98020718335939
valor_aprovado,nominal,regressao_linear,aprendizagem,2024-05,8,2024-12-01,390807010.08,350188392.6725289,40618617.40747106,10.393523237762865,-10.393523237762869
valor_aprovado,nominal,regressao_linear,aprendizagem,2024-05,9,2025-01-01,392330621.24,349727957.8872098,42602663.35279024,10.858867762638633,-10.858867762638635
valor_aprovado,nominal,regressao_linear,aprendizagem,2024-05,10,2025-02-01,359514022.46,350955668.48564756,8558353.97435242,2.380534120975666,-2.3805341209756636
valor_aprovado,nominal,regressao_linear,aprendizagem,2024-05,11,2025-03-01,389704865.08,352204069.76887494,37500795.31112504,9.622870708433867,-9.622870708433862
valor_aprovado,nominal,regressao_linear,aprendizagem,2024-05,12,2025-04-01,390023524.08,353526646.75161195,36496877.328388035,9.357609240231866,-9.357609240231868
valor_aprovado,nominal,regressao_linear,aprendizagem,2024-06,1,2024-06-01,360982328.25,343357749.6342358,17624578.6157642,4.882393745202457,-4.882393745202451
valor_aprovado,nominal,regressao_linear,aprendizagem,2024-06,2,2024-07-01,390560593.67,344610728.75710803,45949864.912891984,11.76510525066357,-11.765105250663566
valor_aprovado,nominal,regressao_linear,aprendizagem,2024-06,3,2024-08-01,391118763.67,345806711.1817261,45312052.48827392,11.585241286584044,-11.585241286584047
valor_aprovado,nominal,regressao_linear,aprendizagem,2024-06,4,2024-09-01,366497269.12,347045691.54512656,19451577.574873447,5.307427698323322,-5.30742769832332
valor_aprovado,nominal,regressao_linear,aprendizagem,2024-06,5,2024-10-01,396093556.14,348416143.2213731,47677412.918626904,12.036906983100536,-12.036906983100536
valor_aprovado,nominal,regressao_linear,aprendizagem,2024-06,6,2024-11-01,383252079.78,349971311.9524243,33280767.827575684,8.683780097600515,-8.683780097600513
valor_aprovado,nominal,regressao_linear,aprendizagem,2024-06,7,2024-12-01,390807010.08,351714948.6945758,39092061.3854242,10.002906902161728,-10.002906902161723
valor_aprovado,nominal,regressao_linear,aprendizagem,2024-06,8,2025-01-01,392330621.24,350690584.71303856,41640036.526961446,10.61350663768073,-10.613506637680725
valor_aprovado,nominal,regressao_linear,aprendizagem,2024-06,9,2025-02-01,359514022.46,352632937.2694665,6881085.190533459,1.913996328557409,-1.9139963285574102
valor_aprovado,nominal,regressao_linear,aprendizagem,2024-06,10,2025-03-01,389704865.08,354532291.8871121,35172573.1928879,9.02543856763696,-9.025438567636957
valor_aprovado,nominal,regressao_linear,aprendizagem,2024-06,11,2025-04-01,390023524.08,356300175.19191164,33723348.888088346,8.6464909950332,-8.646490995033195
valor_aprovado,nominal,regressao_linear,aprendizagem,2024-06,12,2025-05-01,404820750.8,357883341.44190645,46937409.35809356,11.594615460135538,-11.594615460135538
valor_aprovado,nominal,regressao_linear,aprendizagem,2024-07,1,2024-07-01,390560593.67,345488637.5237221,45071956.146277905,11.540323544356596,-11.540323544356589
valor_aprovado,nominal,regressao_linear,aprendizagem,2024-07,2,2024-08-01,391118763.67,346578200.52678484,44540563.14321518,11.387989347602751,-11.387989347602756
valor_aprovado,nominal,regressao_linear,aprendizagem,2024-07,3,2024-09-01,366497269.12,347674234.33950067,18823034.78049934,5.135927704371578,-5.1359277043715785
valor_aprovado,nominal,regressao_linear,aprendizagem,2024-07,4,2024-10-01,396093556.14,348908027.00386256,47185529.136137426,11.912723245479818,-11.912723245479818
valor_aprovado,nominal,regressao_linear,aprendizagem,2024-07,5,2024-11-01,383252079.78,350373954.18881494,32878125.591185033,8.578720723461753,-8.578720723461753
valor_aprovado,nominal,regressao_linear,aprendizagem,2024-07,6,2024-12-01,390807010.08,352104191.30597436,38702818.77402562,9.903307201706278,-9.90330720170628
valor_aprovado,nominal,regressao_linear,aprendizagem,2024-07,7,2025-01-01,392330621.24,351044594.02009517,41286027.21990484,10.523274244925425,-10.523274244925428
valor_aprovado,nominal,regressao_linear,aprendizagem,2024-07,8,2025-02-01,359514022.46,353127045.928753,6386976.53124696,1.7765583905583497,-1.776558390558347
valor_aprovado,nominal,regressao_linear,aprendizagem,2024-07,9,2025-03-01,389704865.08,355203027.02775776,34501838.05224222,8.853324950192643,-8.853324950192643
valor_aprovado,nominal,regressao_linear,aprendizagem,2024-07,10,2025-04-01,390023524.08,357141249.27511644,32882274.80488354,8.430843981128396,-8.4308439811284
valor_aprovado,nominal,regressao_linear,aprendizagem,2024-07,11,2025-05-01,404820750.8,358847337.0018847,45973413.79811531,11.356486471423073,-11.356486471423077
valor_aprovado,nominal,regressao_linear,aprendizagem,2024-07,12,2025-06-01,377143717.14,360289114.7964458,16854602.3435542,4.469013157999283,-4.46901315799928
valor_aprovado,nominal,regressao_linear,aprendizagem,2024-08,1,2024-08-01,391118763.67,348880640.6380337,42238123.03196633,10.799308791946387,-10.799308791946395
valor_aprovado,nominal,regressao_linear,aprendizagem,2024-08,2,2024-09-01,366497269.12,349726447.4467851,16770821.673214912,4.575974525944897,-4.5759745259448925
valor_aprovado,nominal,regressao_linear,aprendizagem,2024-08,3,2024-10-01,396093556.14,350539189.72615355,45554366.41384643,11.500910759008955,-11.500910759008953
valor_aprovado,nominal,regressao_linear,aprendizagem,2024-08,4,2024-11-01,383252079.78,351514472.57442915,31737607.205570817,8.281131109266076,-8.28113110926607
valor_aprovado,nominal,regressao_linear,aprendizagem,2024-08,5,2024-12-01,390807010.08,352804348.47572595,38002661.604274035,9.724150443589718,-9.724150443589718
valor_aprovado,nominal,regressao_linear,aprendizagem,2024-08,6,2025-01-01,392330621.24,352220608.47241193,40110012.76758808,10.223523374447906,-10.223523374447907
valor_aprovado,nominal,regressao_linear,aprendizagem,2024-08,7,2025-02-01,359514022.46,354240492.5387466,5273529.921253383,1.4668495779855495,-1.4668495779855517
valor_aprovado,nominal,regressao_linear,aprendizagem,2024-08,8,2025-03-01,389704865.08,356480186.6188079,33224678.46119207,8.525600124178997,-8.525600124179
valor_aprovado,nominal,regressao_linear,aprendizagem,2024-08,9,2025-04-01,390023524.08,358752945.2282522,31270578.85174781,8.017613533827186,-8.017613533827184
valor_aprovado,nominal,regressao_linear,aprendizagem,2024-08,10,2025-05-01,404820750.8,360863163.2687892,43957587.53121084,10.858531200375127,-10.858531200375122
valor_aprovado,nominal,regressao_linear,aprendizagem,2024-08,11,2025-06-01,377143717.14,362658788.25630504,14484928.883694947,3.8406920824609623,-3.8406920824609614
valor_aprovado,nominal,regressao_linear,aprendizagem,2024-08,12,2025-07-01,406090370.51,364072062.6611871,42018307.84881288,10.347033788573466,-10.347033788573468
valor_aprovado,nominal,regressao_linear,aprendizagem,2024-09,1,2024-09-01,366497269.12,351913710.60212195,14583558.517878056,3.979172492306634,-3.9791724923066374
valor_aprovado,nominal,regressao_linear,aprendizagem,2024-09,2,2024-10-01,396093556.14,352388099.2044463,43705456.93555367,11.034124705655625,-11.034124705655623
valor_aprovado,nominal,regressao_linear,aprendizagem,2024-09,3,2024-11-01,383252079.78,352814124.5982245,30437955.18177545,7.942019570839093,-7.942019570839087
valor_aprovado,nominal,regressao_linear,aprendizagem,2024-09,4,2024-12-01,390807010.08,353465993.97769713,37341016.10230285,9.554848080810775,-9.554848080810775
valor_aprovado,nominal,regressao_linear,aprendizagem,2024-09,5,2025-01-01,392330621.24,353641124.4716605,38689496.768339515,9.861452222632408,-9.861452222632405
valor_aprovado,nominal,regressao_linear,aprendizagem,2024-09,6,2025-02-01,359514022.46,355267985.8232937,4246036.636706293,1.1810489637239983,-1.1810489637239963
valor_aprovado,nominal,regressao_linear,aprendizagem,2024-09,7,2025-03-01,389704865.08,357382746.8498256,32322118.230174363,8.293999158450118,-8.293999158450116
valor_aprovado,nominal,regressao_linear,aprendizagem,2024-09,8,2025-04-01,390023524.08,359807119.3964709,30216404.68352908,7.747328768131231,-7.747328768131235
valor_aprovado,nominal,regressao_linear,aprendizagem,2024-09,9,2025-05-01,404820750.8,362279855.15166235,42540895.64833766,10.508575848512965,-10.508575848512969
valor_aprovado,nominal,regressao_linear,aprendizagem,2024-09,10,2025-06-01,377143717.14,364526746.9211593,12616970.218840659,3.3454011416441274,-3.345401141644122
valor_aprovado,nominal,regressao_linear,aprendizagem,2024-09,11,2025-07-01,406090370.51,366334102.2243036,39756268.28569639,9.790005174406712,-9.790005174406712
valor_aprovado,nominal,regressao_linear,aprendizagem,2024-09,12,2025-08-01,394232835.81,367606002.02164006,26626833.78835994,6.754088287357349,-6.754088287357352
valor_aprovado,nominal,regressao_linear,aprendizagem,2024-10,1,2024-10-01,396093556.14,353094758.4153672,42998797.7246328,10.85571755917049,-10.855717559170486
valor_aprovado,nominal,regressao_linear,aprendizagem,2024-10,2,2024-11-01,383252079.78,353375498.3539947,29876581.426005244,7.79554319526601,-7.795543195266008
valor_aprovado,nominal,regressao_linear,aprendizagem,2024-10,3,2024-12-01,390807010.08,353821613.4157647,36985396.664235294,9.46385190395234,-9.463851903952335
valor_aprovado,nominal,regressao_linear,aprendizagem,2024-10,4,2025-01-01,392330621.24,354200516.5556019,38130104.684398115,9.718870416967231,-9.71887041696723
valor_aprovado,nominal,regressao_linear,aprendizagem,2024-10,5,2025-02-01,359514022.46,355646221.3429775,3867801.1170224547,1.0758415181017846,-1.0758415181017833
valor_aprovado,nominal,regressao_linear,aprendizagem,2024-10,6,2025-03-01,389704865.08,357658301.4730779,32046563.60692209,8.223290617720016,-8.223290617720014
valor_aprovado,nominal,regressao_linear,aprendizagem,2024-10,7,2025-04-01,390023524.08,360078189.4764839,29945334.6035161,7.677827811579345,-7.677827811579341
valor_aprovado,nominal,regressao_linear,aprendizagem,2024-10,8,2025-05-01,404820750.8,362638046.0934569,42182704.70654309,10.420094479638786,-10.420094479638786
valor_aprovado,nominal,regressao_linear,aprendizagem,2024-10,9,2025-06-01,377143717.14,365032527.58728755,12111189.55271244,3.211292937492216,-3.211292937492216
valor_aprovado,nominal,regressao_linear,aprendizagem,2024-10,10,2025-07-01,406090370.51,367000602.35196054,39089768.15803945,9.625879113791216,-9.625879113791214
valor_aprovado,nominal,regressao_linear,aprendizagem,2024-10,11,2025-08-01,394232835.81,368395494.12018555,25837341.68981445,6.553827926770342,-6.553827926770339
valor_aprovado,nominal,regressao_linear,aprendizagem,2024-10,12,2025-09-01,395718441.83,369224010.54568577,26494431.284314215,6.695273326608361,-6.695273326608364
valor_aprovado,nominal,regressao_linear,aprendizagem,2024-11,1,2024-11-01,383252079.78,355408622.44958645,27843457.33041352,7.265050550122686,-7.265050550122687
valor_aprovado,nominal,regressao_linear,aprendizagem,2024-11,2,2024-12-01,390807010.08,355600141.25883055,35206868.821169436,9.00876082390703,-9.008760823907025
valor_aprovado,nominal,regressao_linear,aprendizagem,2024-11,3,2025-01-01,392330621.24,355789835.188266,36540786.05173403,9.313773657596045,-9.313773657596048
valor_aprovado,nominal,regressao_linear,aprendizagem,2024-11,4,2025-02-01,359514022.46,356857707.29724115,2656315.162758827,0.7388627415928881,-0.7388627415928828
valor_aprovado,nominal,regressao_linear,aprendizagem,2024-11,5,2025-03-01,389704865.08,358581776.44662535,31123088.63337463,7.9863228361251215,-7.986322836125126
valor_aprovado,nominal,regressao_linear,aprendizagem,2024-11,6,2025-04-01,390023524.08,360881459.8527047,29142064.22729528,7.471873471231387,-7.471873471231383
valor_aprovado,nominal,regressao_linear,aprendizagem,2024-11,7,2025-05-01,404820750.8,363521939.3565319,41298811.443468094,10.201752593426615,-10.201752593426615
valor_aprovado,nominal,regressao_linear,aprendizagem,2024-11,8,2025-06-01,377143717.14,366177080.7599845,10966636.380015492,2.9078136216026516,-2.9078136216026507
valor_aprovado,nominal,regressao_linear,aprendizagem,2024-11,9,2025-07-01,406090370.51,368516821.2207758,37573549.28922421,9.252509297877813,-9.25250929787781
valor_aprovado,nominal,regressao_linear,aprendizagem,2024-11,10,2025-08-01,394232835.81,370295609.32449734,23937226.48550266,6.0718500112555756,-6.0718500112555756
valor_aprovado,nominal,regressao_linear,aprendizagem,2024-11,11,2025-09-01,395718441.83,371418200.38780975,24300241.44219023,6.140790742481892,-6.140790742481894
valor_aprovado,nominal,regressao_linear,aprendizagem,2024-11,12,2025-10-01,411650546.75,371965177.194427,39685369.55557299,9.640548243866261,-9.640548243866265
valor_aprovado,nominal,regressao_linear,aprendizagem,2024-12,1,2024-12-01,390807010.08,357365299.4369316,33441710.643068373,8.557090784073372,-8.557090784073374
valor_aprovado,nominal,regressao_linear,aprendizagem,2024-12,2,2025-01-01,392330621.24,356552811.7621943,35777809.47780573,9.119300799087872,-9.11930079908787
valor_aprovado,nominal,regressao_linear,aprendizagem,2024-12,3,2025-02-01,359514022.46,357670206.540643,1843815.9193570018,0.5128634223334494,-0.5128634223334538
valor_aprovado,nominal,regressao_linear,aprendizagem,2024-12,4,2025-03-01,389704865.08,359361530.0946449,30343334.98535508,7.78623458527419,-7.786234585274188
valor_aprovado,nominal,regressao_linear,aprendizagem,2024-12,5,2025-04-01,390023524.08,361583643.40429914,28439880.675700843,7.291837266171508,-7.291837266171508
valor_aprovado,nominal,regressao_linear,aprendizagem,2024-12,6,2025-05-01,404820750.8,364151182.7633268,40669568.03667319,10.046315055812398,-10.046315055812393
valor_aprovado,nominal,regressao_linear,aprendizagem,2024-12,7,2025-06-01,377143717.14,366786227.834475,10357489.305525005,2.7462977201553613,-2.746297720155366
valor_aprovado,nominal,regressao_linear,aprendizagem,2024-12,8,2025-07-01,406090370.51,369192770.17944336,36897600.33055663,9.086056456895971,-9.086056456895975
valor_aprovado,nominal,regressao_linear,aprendizagem,2024-12,9,2025-08-01,394232835.81,371136028.48088,23096807.32911998,5.85867163542193,-5.85867163542193
valor_aprovado,nominal,regressao_linear,aprendizagem,2024-12,10,2025-09-01,395718441.83,372505358.0067634,23213083.823236585,5.866060655623649,-5.8660606556236505
valor_aprovado,nominal,regressao_linear,aprendizagem,2024-12,11,2025-10-01,411650546.75,373343897.7769945,38306648.97300547,9.305623246571207,-9.305623246571205
valor_aprovado,nominal,regressao_linear,aprendizagem,2024-12,12,2025-11-01,382184403.39,373837011.4978522,8347391.892147779,2.184126777049477,-2.1841267770494777
valor_aprovado,nominal,regressao_linear,aprendizagem,2025-01,1,2025-01-01,392330621.24,356882800.7724906,35447820.46750939,9.035190869240086,-9.035190869240084
valor_aprovado,nominal,regressao_linear,aprendizagem,2025-01,2,2025-02-01,359514022.46,358565668.5774391,948353.8825608492,0.2637877310241395,-0.26378773102413433
valor_aprovado,nominal,regressao_linear,aprendizagem,2025-01,3,2025-03-01,389704865.08,360541610.8511285,29163254.228871465,7.483420619571872,-7.483420619571868
valor_aprovado,nominal,regressao_linear,aprendizagem,2025-01,4,2025-04-01,390023524.08,362766693.0596137,27256831.02038628,6.988509496877289,-6.988509496877294
valor_aprovado,nominal,regressao_linear,aprendizagem,2025-01,5,2025-05-01,404820750.8,365130223.8246185,39690526.97538149,9.804469483579027,-9.804469483579027
valor_aprovado,nominal,regressao_linear,aprendizagem,2025-01,6,2025-06-01,377143717.14,367484414.5889543,9659302.551045656,2.5611728664858058,-2.5611728664858058
valor_aprovado,nominal,regressao_linear,aprendizagem,2025-01,7,2025-07-01,406090370.51,369683979.44106895,36406391.06893104,8.965095878340836,-8.965095878340835
valor_aprovado,nominal,regressao_linear,aprendizagem,2025-01,8,2025-08-01,394232835.81,371625064.3577188,22607771.452281177,5.734624160828897,-5.7346241608288935
valor_aprovado,nominal,regressao_linear,aprendizagem,2025-01,9,2025-09-01,395718441.83,373273074.8056277,22445367.02437228,5.672054837923064,-5.672054837923069
valor_aprovado,nominal,regressao_linear,aprendizagem,2025-01,10,2025-10-01,411650546.75,374671945.31874096,36978601.431259036,8.983007971981769,-8.98300797198177
valor_aprovado,nominal,regressao_linear,aprendizagem,2025-01,11,2025-11-01,382184403.39,375932367.2753345,6252036.114665508,1.6358689834565592,-1.6358689834565565
valor_aprovado,nominal,regressao_linear,aprendizagem,2025-01,12,2025-12-01,417980005.06,377202129.232597,40777875.82740301,9.75593935924027,-9.755939359240273
valor_aprovado,nominal,regressao_linear,aprendizagem,2025-02,1,2025-02-01,359514022.46,360776993.8896778,-1262971.429677844,0.35129962971565704,0.3512996297156512
valor_aprovado,nominal,regressao_linear,aprendizagem,2025-02,2,2025-03-01,389704865.08,362009112.5274923,27695752.5525077,7.10685316869786,-7.1068531686978575
valor_aprovado,nominal,regressao_linear,aprendizagem,2025-02,3,2025-04-01,390023524.08,363691013.7416234,26332510.33837658,6.7515184886579735,-6.75151848865797
valor_aprovado,nominal,regressao_linear,aprendizagem,2025-02,4,2025-05-01,404820750.8,365784393.0251037,39036357.77489632,9.642874703866667,-9.642874703866667
valor_aprovado,nominal,regressao_linear,aprendizagem,2025-02,5,2025-06-01,377143717.14,368140690.6545805,9003026.485419512,2.3871606701265784,-2.3871606701265757
valor_aprovado,nominal,regressao_linear,aprendizagem,2025-02,6,2025-07-01,406090370.51,370540898.148216,35549472.36178398,8.754079127051986,-8.754079127051984
valor_aprovado,nominal,regressao_linear,aprendizagem,2025-02,7,2025-08-01,394232835.81,372754241.4115313,21478594.398468673,5.448200263262763,-5.448200263262759
valor_aprovado,nominal,regressao_linear,aprendizagem,2025-02,8,2025-09-01,395718441.83,374600016.4696562,21118425.360343754,5.336730141431264,-5.336730141431268
valor_aprovado,nominal,regressao_linear,aprendizagem,2025-02,9,2025-10-01,411650546.75,375996008.95146453,35654537.798535466,8.661360486468359,-8.66136048646836
valor_aprovado,nominal,regressao_linear,aprendizagem,2025-02,10,2025-11-01,382184403.39,376980523.36392367,5203880.026076317,1.3616149638545083,-1.3616149638545072
valor_aprovado,nominal,regressao_linear,aprendizagem,2025-02,11,2025-12-01,417980005.06,377702119.43038625,40277885.62961376,9.636318757360646,-9.636318757360652
valor_aprovado,nominal,regressao_linear,aprendizagem,2025-02,12,2026-01-01,407396857.47,377141872.2900449,30254985.179955125,7.426415944355449,-7.426415944355447
valor_aprovado,nominal,regressao_linear,aprendizagem,2025-03,1,2025-03-01,389704865.08,361949699.3012806,27755165.778719366,7.122098866541399,-7.122098866541393
valor_aprovado,nominal,regressao_linear,aprendizagem,2025-03,2,2025-04-01,390023524.08,363641592.9815028,26381931.098497212,6.764189714127566,-6.764189714127566
valor_aprovado,nominal,regressao_linear,aprendizagem,2025-03,3,2025-05-01,404820750.8,365744306.98454344,39076443.81545657,9.652776874267031,-9.652776874267033
valor_aprovado,nominal,regressao_linear,aprendizagem,2025-03,4,2025-06-01,377143717.14,368107671.3924733,9036045.747526705,2.3959157575392998,-2.395915757539302
valor_aprovado,nominal,regressao_linear,aprendizagem,2025-03,5,2025-07-01,406090370.51,370511675.22186637,35578695.28813362,8.761275290386994,-8.761275290386994
valor_aprovado,nominal,regressao_linear,aprendizagem,2025-03,6,2025-08-01,394232835.81,372725418.18913454,21507417.620865464,5.455511481349802,-5.455511481349806
valor_aprovado,nominal,regressao_linear,aprendizagem,2025-03,7,2025-09-01,395718441.83,374568980.25504744,21149461.574952543,5.344573145781848,-5.34457314578185
valor_aprovado,nominal,regressao_linear,aprendizagem,2025-03,8,2025-10-01,411650546.75,375961631.0539462,35688915.6960538,8.669711719763143,-8.66971171976314
valor_aprovado,nominal,regressao_linear,aprendizagem,2025-03,9,2025-11-01,382184403.39,376943461.5300265,5240941.85997349,1.3713123333882813,-1.371312333388286
valor_aprovado,nominal,regressao_linear,aprendizagem,2025-03,10,2025-12-01,417980005.06,377664641.6012175,40315363.458782494,9.645285174106672,-9.645285174106666
valor_aprovado,nominal,regressao_linear,aprendizagem,2025-03,11,2026-01-01,407396857.47,377061121.0628375,30335736.407162547,7.446237213402269,-7.446237213402274
valor_aprovado,nominal,regressao_linear,aprendizagem,2025-03,12,2026-02-01,369527943.05,377931922.5746902,-8403979.52469021,2.2742473695833842,2.274247369583393
valor_aprovado,nominal,regressao_linear,aprendizagem,2025-04,1,2025-04-01,390023524.08,364980759.40663165,25042764.673368335,6.420834418241826,-6.420834418241828
valor_aprovado,nominal,regressao_linear,aprendizagem,2025-04,2,2025-05-01,404820750.8,366941248.69782263,37879502.10217738,9.35710484883014,-9.357104848830144
valor_aprovado,nominal,regressao_linear,aprendizagem,2025-04,3,2025-06-01,377143717.14,369083518.12218636,8060199.017813623,2.1371691086190325,-2.1371691086190303
valor_aprovado,nominal,regressao_linear,aprendizagem,2025-04,4,2025-07-01,406090370.51,371253263.10104525,34837107.40895474,8.578658825424396,-8.578658825424391
valor_aprovado,nominal,regressao_linear,aprendizagem,2025-04,5,2025-08-01,394232835.81,373288817.00308317,20944018.806916833,5.312601311832578,-5.312601311832577
valor_aprovado,nominal,regressao_linear,aprendizagem,2025-04,6,2025-09-01,395718441.83,375064469.5876497,20653972.24235028,5.219360550101224,-5.219360550101227
valor_aprovado,nominal,regressao_linear,aprendizagem,2025-04,7,2025-10-01,411650546.75,376524150.9622225,35126395.78777748,8.533061856737953,-8.533061856737955
valor_aprovado,nominal,regressao_linear,aprendizagem,2025-04,8,2025-11-01,382184403.39,377696455.4648287,4487947.925171256,1.1742886118226887,-1.1742886118226936
valor_aprovado,nominal,regressao_linear,aprendizagem,2025-04,9,2025-12-01,417980005.06,378686979.83426225,39293025.22573775,9.400694949534088,-9.400694949534094
valor_aprovado,nominal,regressao_linear,aprendizagem,2025-04,10,2026-01-01,407396857.47,378210583.1213253,29186274.348674715,7.164089220011703,-7.164089220011705
valor_aprovado,nominal,regressao_linear,aprendizagem,2025-04,11,2026-02-01,369527943.05,379307823.0130846,-9779879.963084579,2.646587395357348,2.646587395357347
valor_aprovado,nominal,regressao_linear,aprendizagem,2025-04,12,2026-03-01,412089732.61,380664964.2223153,31424768.387684703,7.625710106547345,-7.625710106547345
valor_aprovado,nominal,regressao_linear,aprendizagem,2025-05,1,2025-05-01,404820750.8,368180488.60427153,36640262.19572848,9.050984200617336,-9.05098420061734
valor_aprovado,nominal,regressao_linear,aprendizagem,2025-05,2,2025-06-01,377143717.14,370152700.9107454,6991016.229254603,1.8536743187105673,-1.853674318710563
valor_aprovado,nominal,regressao_linear,aprendizagem,2025-05,3,2025-07-01,406090370.51,372078858.7301024,34011511.77989757,8.375355401110166,-8.375355401110163
valor_aprovado,nominal,regressao_linear,aprendizagem,2025-05,4,2025-08-01,394232835.81,373879061.8811108,20353773.928889215,5.162881444684809,-5.162881444684809
valor_aprovado,nominal,regressao_linear,aprendizagem,2025-05,5,2025-09-01,395718441.83,375507159.6342057,20211282.195794284,5.1074905941525515,-5.107490594152553
valor_aprovado,nominal,regressao_linear,aprendizagem,2025-05,6,2025-10-01,411650546.75,376963116.76220614,34687429.98779386,8.426426312719057,-8.426426312719059
valor_aprovado,nominal,regressao_linear,aprendizagem,2025-05,7,2025-11-01,382184403.39,378293022.97940993,3891380.4105900526,1.0181944569357777,-1.0181944569357726
valor_aprovado,nominal,regressao_linear,aprendizagem,2025-05,8,2025-12-01,417980005.06,379576743.2398679,38403261.82013208,9.187822708078915,-9.187822708078919
valor_aprovado,nominal,regressao_linear,aprendizagem,2025-05,9,2026-01-01,407396857.47,378846175.48228323,28550681.987716794,7.008076145952896,-7.008076145952902
valor_aprovado,nominal,regressao_linear,aprendizagem,2025-05,10,2026-02-01,369527943.05,380301904.89820665,-10773961.84820664,2.915601391137243,2.915601391137246
valor_aprovado,nominal,regressao_linear,aprendizagem,2025-05,11,2026-03-01,412089732.61,381929739.71204364,30159992.89795637,7.318792610273467,-7.318792610273473
valor_aprovado,nominal,regressao_linear,aprendizagem,2025-05,12,2026-04-01,396764540.54,383729715.150975,13034825.389025033,3.285279821448893,-3.2852798214488943
valor_aprovado,nominal,regressao_linear,aprendizagem,2025-06,1,2025-06-01,377143717.14,371872728.02894247,5270989.11105752,1.3976075621858681,-1.3976075621858652
valor_aprovado,nominal,regressao_linear,aprendizagem,2025-06,2,2025-07-01,406090370.51,373536733.774898,32553636.735101998,8.016352787242553,-8.016352787242553
valor_aprovado,nominal,regressao_linear,aprendizagem,2025-06,3,2025-08-01,394232835.81,375010209.57034874,19222626.239651263,4.875957681240835,-4.875957681240839
valor_aprovado,nominal,regressao_linear,aprendizagem,2025-06,4,2025-09-01,395718441.83,376356772.4935736,19361669.336426377,4.892789238451545,-4.892789238451545
valor_aprovado,nominal,regressao_linear,aprendizagem,2025-06,5,2025-10-01,411650546.75,377674045.82447344,33976500.92552656,8.253724231334708,-8.253724231334703
valor_aprovado,nominal,regressao_linear,aprendizagem,2025-06,6,2025-11-01,382184403.39,379067500.96555936,3116902.4244406223,0.8155493517771786,-0.8155493517771784
valor_aprovado,nominal,regressao_linear,aprendizagem,2025-06,7,2025-12-01,417980005.06,380622196.4648251,37357808.59517491,8.937702316600596,-8.937702316600593
valor_aprovado,nominal,regressao_linear,aprendizagem,2025-06,8,2026-01-01,407396857.47,379492379.8300921,27904477.639907956,6.849458244032427,-6.849458244032425
valor_aprovado,nominal,regressao_linear,aprendizagem,2025-06,9,2026-02-01,369527943.05,381440699.96227455,-11912756.91227454,3.2237770204735643,3.2237770204735616
valor_aprovado,nominal,regressao_linear,aprendizagem,2025-06,10,2026-03-01,412089732.61,383515932.9666829,28573799.643317103,6.933878080956515,-6.933878080956513
valor_aprovado,nominal,regressao_linear,aprendizagem,2025-06,11,2026-04-01,396764540.54,385620455.5634163,11144084.97658372,2.80874015642036,-2.808740156420364
valor_aprovado,nominal,regressao_linear,aprendizagem,2025-06,12,2026-05-01,426565867.1,387648796.34996367,38917070.75003636,9.123343837755545,-9.123343837755549
valor_aprovado,nominal,regressao_linear,aprendizagem,2025-07,1,2025-07-01,406090370.51,373774264.9864453,32316105.523554683,7.957860582355004,-7.9578605823550035
valor_aprovado,nominal,regressao_linear,aprendizagem,2025-07,2,2025-08-01,394232835.81,375218449.1767193,19014386.633280694,4.823136204322831,-4.8231362043228305
valor_aprovado,nominal,regressao_linear,aprendizagem,2025-07,3,2025-09-01,395718441.83,376526036.21544564,19192405.614554346,4.850015461952964,-4.850015461952961
valor_aprovado,nominal,regressao_linear,aprendizagem,2025-07,4,2025-10-01,411650546.75,377806317.61810136,33844229.13189864,8.221592173045897,-8.221592173045899
valor_aprovado,nominal,regressao_linear,aprendizagem,2025-07,5,2025-11-01,382184403.39,379175901.42329764,3008501.966702342,0.7871859604988424,-0.7871859604988374
valor_aprovado,nominal,regressao_linear,aprendizagem,2025-07,6,2025-12-01,417980005.06,380727467.1630027,37252537.89699727,8.912516734299231,-8.912516734299237
valor_aprovado,nominal,regressao_linear,aprendizagem,2025-07,7,2026-01-01,407396857.47,379586084.8123971,27810772.657602906,6.826457334578444,-6.826457334578439
valor_aprovado,nominal,regressao_linear,aprendizagem,2025-07,8,2026-02-01,369527943.05,381572837.6767698,-12044894.626769781,3.259535538058082,3.2595355380580893
valor_aprovado,nominal,regressao_linear,aprendizagem,2025-07,9,2026-03-01,412089732.61,383696187.69269013,28393544.91730988,6.890136460687171,-6.8901364606871685
valor_aprovado,nominal,regressao_linear,aprendizagem,2025-07,10,2026-04-01,396764540.54,385846843.3446811,10917697.195318937,2.7516816851777772,-2.751681685177776
valor_aprovado,nominal,regressao_linear,aprendizagem,2025-07,11,2026-05-01,426565867.1,387908196.59413147,38657670.505868554,9.062532538921127,-9.06253253892113
valor_aprovado,nominal,regressao_linear,aprendizagem,2025-07,12,2026-06-01,409258364.78,389787567.90907305,19470796.870926917,4.757580674348243,-4.7575806743482385
valor_aprovado,nominal,ridge,aprendizagem,2022-01,1,2022-01-01,302837210.44,276790253.922107,26046956.517893016,8.600976240683474,-8.600976240683478
valor_aprovado,nominal,ridge,aprendizagem,2022-01,2,2022-02-01,280312728.99,278131821.5424301,2180907.4475699067,0.7780265475021326,-0.7780265475021308
valor_aprovado,nominal,ridge,aprendizagem,2022-01,3,2022-03-01,314093080.19,279663171.85592085,34429908.33407915,10.961689545421356,-10.961689545421361
valor_aprovado,nominal,ridge,aprendizagem,2022-01,4,2022-04-01,304231395.4,281289134.6690543,22942260.730945647,7.541056274215692,-7.541056274215697
valor_aprovado,nominal,ridge,aprendizagem,2022-01,5,2022-05-01,306243852.81,282889188.44543266,23354664.36456734,7.62616592962506,-7.626165929625062
valor_aprovado,nominal,ridge,aprendizagem,2022-01,6,2022-06-01,306868827.71,284349753.954133,22519073.755867004,7.338338639318617,-7.33833863931862
valor_aprovado,nominal,ridge,aprendizagem,2022-01,7,2022-07-01,308883599.32,285594627.7329105,23288971.58708948,7.539724232157228,-7.53972423215723
valor_aprovado,nominal,ridge,aprendizagem,2022-01,8,2022-08-01,323453719.42,286605400.7443673,36848318.675632715,11.392145603305213,-11.392145603305215
valor_aprovado,nominal,ridge,aprendizagem,2022-01,9,2022-09-01,311819626.42,287426391.0626565,24393235.357343495,7.822867225325789,-7.822867225325791
valor_aprovado,nominal,ridge,aprendizagem,2022-01,10,2022-10-01,312427063.88,288152768.88130295,24274294.998697042,7.769587787062054,-7.769587787062049
valor_aprovado,nominal,ridge,aprendizagem,2022-01,11,2022-11-01,312285235.81,288905055.7367045,23380180.073295474,7.486802894364304,-7.486802894364308
valor_aprovado,nominal,ridge,aprendizagem,2022-01,12,2022-12-01,324955128.46,289796830.8597841,35158297.60021585,10.819431521771975,-10.819431521771971
valor_aprovado,nominal,ridge,aprendizagem,2022-02,1,2022-02-01,280312728.99,280108778.5139551,203950.47604489326,0.07275819288683429,-0.07275819288683483
valor_aprovado,nominal,ridge,aprendizagem,2022-02,2,2022-03-01,314093080.19,281096471.3109513,32996608.879048705,10.505360022286553,-10.505360022286558
valor_aprovado,nominal,ridge,aprendizagem,2022-02,3,2022-04-01,304231395.4,282281931.63929874,21949463.76070124,7.214726715447081,-7.2147267154470835
valor_aprovado,nominal,ridge,aprendizagem,2022-02,4,2022-05-01,306243852.81,283611675.7022779,22632177.107722104,7.390246987835401,-7.390246987835402
valor_aprovado,nominal,ridge,aprendizagem,2022-02,5,2022-06-01,306868827.71,284993558.9929938,21875268.717006207,7.128540516887878,-7.128540516887883
valor_aprovado,nominal,ridge,aprendizagem,2022-02,6,2022-07-01,308883599.32,286321466.34058523,22562132.97941476,7.304412739648453,-7.304412739648458
valor_aprovado,nominal,ridge,aprendizagem,2022-02,7,2022-08-01,323453719.42,287503745.38456213,35949974.03543788,11.114410463389156,-11.114410463389158
valor_aprovado,nominal,ridge,aprendizagem,2022-02,8,2022-09-01,311819626.42,288487764.7507829,23331861.66921711,7.482486569909062,-7.482486569909064
valor_aprovado,nominal,ridge,aprendizagem,2022-02,9,2022-10-01,312427063.88,289274016.5856524,23153047.294347584,7.410704759956528,-7.410704759956532
valor_aprovado,nominal,ridge,aprendizagem,2022-02,10,2022-11-01,312285235.81,289915984.68589014,22369251.124109864,7.163083155721048,-7.163083155721051
valor_aprovado,nominal,ridge,aprendizagem,2022-02,11,2022-12-01,324955128.46,290505813.5583912,34449314.901608765,10.601252876010316,-10.601252876010314
valor_aprovado,nominal,ridge,aprendizagem,2022-02,12,2023-01-01,318310548.87,289400105.9969028,28910442.87309718,9.082464585521603,-9.082464585521599
valor_aprovado,nominal,ridge,aprendizagem,2022-03,1,2022-03-01,314093080.19,281016736.80539787,33076343.38460213,10.530745651764665,-10.530745651764661
valor_aprovado,nominal,ridge,aprendizagem,2022-03,2,2022-04-01,304231395.4,282197199.6466212,22034195.75337875,7.242577882012617,-7.242577882012613
valor_aprovado,nominal,ridge,aprendizagem,2022-03,3,2022-05-01,306243852.81,283522905.1545764,22720947.65542358,7.419233870963648,-7.419233870963648
valor_aprovado,nominal,ridge,aprendizagem,2022-03,4,2022-06-01,306868827.71,284902230.30684286,21966597.403157115,7.1583019908155,-7.158301990815497
valor_aprovado,nominal,ridge,aprendizagem,2022-03,5,2022-07-01,308883599.32,286229184.7406083,22654414.579391718,7.334288589379585,-7.3342885893795895
valor_aprovado,nominal,ridge,aprendizagem,2022-03,6,2022-08-01,323453719.42,287411810.7847898,36041908.635210216,11.142833262155293,-11.142833262155294
valor_aprovado,nominal,ridge,aprendizagem,2022-03,7,2022-09-01,311819626.42,288396823.4437385,23422802.976261497,7.511651285449415,-7.511651285449417
valor_aprovado,nominal,ridge,aprendizagem,2022-03,8,2022-10-01,312427063.88,289183888.06879216,23243175.81120783,7.439552618314556,-7.4395526183145595
valor_aprovado,nominal,ridge,aprendizagem,2022-03,9,2022-11-01,312285235.81,289825710.027114,22459525.78288603,7.191990913253039,-7.1919909132530435
valor_aprovado,nominal,ridge,aprendizagem,2022-03,10,2022-12-01,324955128.46,290413912.3411246,34541216.118875384,10.629534078311123,-10.62953407831112
valor_aprovado,nominal,ridge,aprendizagem,2022-03,11,2023-01-01,318310548.87,289307447.8609728,29003101.009027183,9.111573936832434,-9.111573936832428
valor_aprovado,nominal,ridge,aprendizagem,2022-03,12,2023-02-01,294899969.04,290092349.2830683,4807619.756931722,1.630254412227361,-1.630254412227361
valor_aprovado,nominal,ridge,aprendizagem,2022-04,1,2022-04-01,304231395.4,284150236.4340792,20081158.965920806,6.6006202086797545,-6.600620208679753
valor_aprovado,nominal,ridge,aprendizagem,2022-04,2,2022-05-01,306243852.81,285272171.2689371,20971681.54106289,6.848033470266636,-6.848033470266635
valor_aprovado,nominal,ridge,aprendizagem,2022-04,3,2022-06-01,306868827.71,286344417.1405754,20524410.56942457,6.688333488476952,-6.68833348847695
valor_aprovado,nominal,ridge,aprendizagem,2022-04,4,2022-07-01,308883599.32,287347410.7394606,21536188.580539405,6.97226677879655,-6.972266778796554
valor_aprovado,nominal,ridge,aprendizagem,2022-04,5,2022-08-01,323453719.42,288280144.84661734,35173574.573382676,10.874376289892124,-10.874376289892119
valor_aprovado,nominal,ridge,aprendizagem,2022-04,6,2022-09-01,311819626.42,289160438.2171395,22659188.202860534,7.266761384782154,-7.26676138478215
valor_aprovado,nominal,ridge,aprendizagem,2022-04,7,2022-10-01,312427063.88,290020161.05915266,22406902.820847332,7.171882788442935,-7.171882788442929
valor_aprovado,nominal,ridge,aprendizagem,2022-04,8,2022-11-01,312285235.81,290896695.43728447,21388540.372715533,6.8490398904829135,-6.849039890482911
valor_aprovado,nominal,ridge,aprendizagem,2022-04,9,2022-12-01,324955128.46,291822918.77863586,33132209.68136412,10.195933770419781,-10.195933770419785
valor_aprovado,nominal,ridge,aprendizagem,2022-04,10,2023-01-01,318310548.87,291150161.74093753,27160387.129062474,8.53266950325135,-8.532669503251345
valor_aprovado,nominal,ridge,aprendizagem,2022-04,11,2023-02-01,294899969.04,292215896.8467705,2684072.1932294965,0.9101636063126988,-0.9101636063126972
valor_aprovado,nominal,ridge,aprendizagem,2022-04,12,2023-03-01,333190074.83000004,293334072.6892381,39856002.14076197,11.961941591776785,-11.961941591776782
valor_aprovado,nominal,ridge,aprendizagem,2022-05,1,2022-05-01,306243852.81,286429579.61797494,19814273.192025065,6.470096627316875,-6.470096627316879
valor_aprovado,nominal,ridge,aprendizagem,2022-05,2,2022-06-01,306868827.71,287358640.5441041,19510187.16589588,6.3578263427700055,-6.357826342770001
valor_aprovado,nominal,ridge,aprendizagem,2022-05,3,2022-07-01,308883599.32,288149945.86570245,20733653.454297543,6.712448799464327,-6.712448799464332
valor_aprovado,nominal,ridge,aprendizagem,2022-05,4,2022-08-01,323453719.42,288869600.0498,34584119.37020004,10.692138409233456,-10.692138409233454
valor_aprovado,nominal,ridge,aprendizagem,2022-05,5,2022-09-01,311819626.42,289602906.4278569,22216719.992143095,7.124862615997965,-7.124862615997962
valor_aprovado,nominal,ridge,aprendizagem,2022-05,6,2022-10-01,312427063.88,290431510.23698694,21995553.64301306,7.040220322097744,-7.0402203220977455
valor_aprovado,nominal,ridge,aprendizagem,2022-05,7,2022-11-01,312285235.81,291411521.8446071,20873713.965392888,6.6841821424093295,-6.684182142409334
valor_aprovado,nominal,ridge,aprendizagem,2022-05,8,2022-12-01,324955128.46,292558482.02080125,32396646.439198732,9.969575366522202,-9.969575366522198
valor_aprovado,nominal,ridge,aprendizagem,2022-05,9,2023-01-01,318310548.87,291855292.33808887,26455256.531911135,8.311146654054378,-8.31114665405438
valor_aprovado,nominal,ridge,aprendizagem,2022-05,10,2023-02-01,294899969.04,293211659.25631464,1688309.7836853862,0.5725025299871717,-0.5725025299871733
valor_aprovado,nominal,ridge,aprendizagem,2022-05,11,2023-03-01,333190074.83000004,294554373.98058105,38635700.849419,11.595693800042413,-11.595693800042417
valor_aprovado,nominal,ridge,aprendizagem,2022-05,12,2023-04-01,308241204.10999995,295801791.27377427,12439412.836225688,4.035609993200818,-4.035609993200817
valor_aprovado,nominal,ridge,aprendizagem,2022-06,1,2022-06-01,306868827.71,288457806.2375624,18411021.47243756,5.999638871705963,-5.999638871705959
valor_aprovado,nominal,ridge,aprendizagem,2022-06,2,2022-07-01,308883599.32,289100355.0628294,19783244.257170618,6.404757099672163,-6.404757099672165
valor_aprovado,nominal,ridge,aprendizagem,2022-06,3,2022-08-01,323453719.42,289619617.77202797,33834101.64797205,10.460260499907546,-10.460260499907548
valor_aprovado,nominal,ridge,aprendizagem,2022-06,4,2022-09-01,311819626.42,290164735.33189684,21654891.088103175,6.944685085003437,-6.9446850850034325
valor_aprovado,nominal,ridge,aprendizagem,2022-06,5,2022-10-01,312427063.88,290877920.92281723,21549142.957182765,6.897335553958145,-6.8973355539581505
valor_aprovado,nominal,ridge,aprendizagem,2022-06,6,2022-11-01,312285235.81,291856354.0319767,20428881.778023303,6.541737948332788,-6.541737948332793
valor_aprovado,nominal,ridge,aprendizagem,2022-06,7,2022-12-01,324955128.46,293126141.2882561,31828987.17174387,9.794886857944089,-9.794886857944086
valor_aprovado,nominal,ridge,aprendizagem,2022-06,8,2023-01-01,318310548.87,292330932.02166414,25979616.848335862,8.161720351575937,-8.16172035157594
valor_aprovado,nominal,ridge,aprendizagem,2022-06,9,2023-02-01,294899969.04,293963398.06158066,936570.9784193635,0.31758937834690915,-0.31758937834690526
valor_aprovado,nominal,ridge,aprendizagem,2022-06,10,2023-03-01,333190074.83000004,295570009.25082684,37620065.57917321,11.290872214116126,-11.290872214116131
valor_aprovado,nominal,ridge,aprendizagem,2022-06,11,2023-04-01,308241204.10999995,297008552.4090215,11232651.700978458,3.6441110244852073,-3.644111024485208
valor_aprovado,nominal,ridge,aprendizagem,2022-06,12,2023-05-01,334325813.13,298181848.04897714,36143965.08102286,10.811000425793793,-10.811000425793793
valor_aprovado,nominal,ridge,aprendizagem,2022-07,1,2022-07-01,308883599.32,290079658.7205085,18803940.599491477,6.087710917927631,-6.087710917927636
valor_aprovado,nominal,ridge,aprendizagem,2022-07,2,2022-08-01,323453719.42,290478687.8823133,32975031.537686706,10.194667600921633,-10.194667600921637
valor_aprovado,nominal,ridge,aprendizagem,2022-07,3,2022-09-01,311819626.42,290855854.22583693,20963772.194163084,6.723044484033309,-6.723044484033314
valor_aprovado,nominal,ridge,aprendizagem,2022-07,4,2022-10-01,312427063.88,291402645.9777416,21024417.902258396,6.729384337310054,-6.7293843373100515
valor_aprovado,nominal,ridge,aprendizagem,2022-07,5,2022-11-01,312285235.81,292265100.3734981,20020135.43650192,6.410849166331555,-6.410849166331555
valor_aprovado,nominal,ridge,aprendizagem,2022-07,6,2022-12-01,324955128.46,293504673.09807646,31450455.361923516,9.678399448862638,-9.67839944886264
valor_aprovado,nominal,ridge,aprendizagem,2022-07,7,2023-01-01,318310548.87,292707538.589533,25603010.280467033,8.043406155202057,-8.04340615520206
valor_aprovado,nominal,ridge,aprendizagem,2022-07,8,2023-02-01,294899969.04,294492129.6966851,407839.3433149457,0.1382975198819457,-0.13829751988194694
valor_aprovado,nominal,ridge,aprendizagem,2022-07,9,2023-03-01,333190074.83000004,296298583.62211835,36891491.20788169,11.072205925312883,-11.072205925312883
valor_aprovado,nominal,ridge,aprendizagem,2022-07,10,2023-04-01,308241204.10999995,297935412.1391705,10305791.970829427,3.3434180224496104,-3.343418022449607
valor_aprovado,nominal,ridge,aprendizagem,2022-07,11,2023-05-01,334325813.13,299256578.01237094,35069235.11762905,10.48953856996757,-10.489538569967571
valor_aprovado,nominal,ridge,aprendizagem,2022-07,12,2023-06-01,322098718.82,300200625.5567495,21898093.26325047,6.798565776192326,-6.798565776192323
valor_aprovado,nominal,ridge,aprendizagem,2022-08,1,2022-08-01,323453719.42,291482590.6477623,31971128.772237718,9.88429776895645,-9.88429776895645
valor_aprovado,nominal,ridge,aprendizagem,2022-08,2,2022-09-01,311819626.42,291741523.9847561,20078102.435243905,6.4390117664370665,-6.439011766437064
valor_aprovado,nominal,ridge,aprendizagem,2022-08,3,2022-10-01,312427063.88,292101330.03747475,20325733.842525244,6.505753243685748,-6.505753243685753
valor_aprovado,nominal,ridge,aprendizagem,2022-08,4,2022-11-01,312285235.81,292755761.549014,19529474.26098603,6.253729610473201,-6.2537296104732025
valor_aprovado,nominal,ridge,aprendizagem,2022-08,5,2022-12-01,324955128.46,293819626.608709,31135501.851291,9.581477294679347,-9.581477294679342
valor_aprovado,nominal,ridge,aprendizagem,2022-08,6,2023-01-01,318310548.87,293150737.37305856,25159811.496941447,7.904171440833044,-7.904171440833041
valor_aprovado,nominal,ridge,aprendizagem,2022-08,7,2023-02-01,294899969.04,294937697.51409286,-37728.47409284115,0.012793651425485122,0.012793651425480057
valor_aprovado,nominal,ridge,aprendizagem,2022-08,8,2023-03-01,333190074.83000004,296844566.445215,36345508.384785056,10.908340653102956,-10.908340653102954
valor_aprovado,nominal,ridge,aprendizagem,2022-08,9,2023-04-01,308241204.10999995,298650562.66061234,9590641.44938761,3.1114079887791584,-3.111407988779158
valor_aprovado,nominal,ridge,aprendizagem,2022-08,10,2023-05-01,334325813.13,300161933.41718906,34163879.71281093,10.218738240091135,-10.21873824009113
valor_aprovado,nominal,ridge,aprendizagem,2022-08,11,2023-06-01,322098718.82,301263870.62561,20834848.19439,6.468466646100893,-6.4684666461008895
valor_aprovado,nominal,ridge,aprendizagem,2022-08,12,2023-07-01,343307909.95,301951273.5851226,41356636.3648774,12.046514270789933,-12.046514270789931
valor_aprovado,nominal,ridge,aprendizagem,2022-09,1,2022-09-01,311819626.42,293498527.1877626,18321099.2322374,5.875543961931413,-5.875543961931418
valor_aprovado,nominal,ridge,aprendizagem,2022-09,2,2022-10-01,312427063.88,293609966.0999293,18817097.780070722,6.022877002517994,-6.0228770025179905
valor_aprovado,nominal,ridge,aprendizagem,2022-09,3,2022-11-01,312285235.81,293876469.7018779,18408766.10812211,5.894856367568506,-5.894856367568502
valor_aprovado,nominal,ridge,aprendizagem,2022-09,4,2022-12-01,324955128.46,294505895.61203426,30449232.847965717,9.37028844329005,-9.370288443290054
valor_aprovado,nominal,ridge,aprendizagem,2022-09,5,2023-01-01,318310548.87,294162154.53053313,24148394.33946687,7.586426031180395,-7.586426031180393
valor_aprovado,nominal,ridge,aprendizagem,2022-09,6,2023-02-01,294899969.04,295722380.3231769,-822411.283176899,0.2788780500229038,0.27887805002291266
valor_aprovado,nominal,ridge,aprendizagem,2022-09,7,2023-03-01,333190074.83000004,297601076.61327285,35588998.2167272,10.68129002188477,-10.68129002188477
valor_aprovado,nominal,ridge,aprendizagem,2022-09,8,2023-04-01,308241204.10999995,299574115.2904143,8667088.819585681,2.811787880407032,-2.811787880407035
valor_aprovado,nominal,ridge,aprendizagem,2022-09,9,2023-05-01,334325813.13,301392089.2777738,32933723.852226198,9.850787034329347,-9.850787034329345
valor_aprovado,nominal,ridge,aprendizagem,2022-09,10,2023-06-01,322098718.82,302847140.9569255,19251577.86307448,5.976918484370916,-5.976918484370919
valor_aprovado,nominal,ridge,aprendizagem,2022-09,11,2023-07-01,343307909.95,303828657.4488431,39479252.50115687,11.499662943072503,-11.499662943072508
valor_aprovado,nominal,ridge,aprendizagem,2022-09,12,2023-08-01,357700323.2,304352909.2455074,53347413.95449257,14.913996576028973,-14.913996576028977
valor_aprovado,nominal,ridge,aprendizagem,2022-10,1,2022-10-01,312427063.88,294532756.6014938,17894307.27850622,5.72751510585499,-5.727515105854986
valor_aprovado,nominal,ridge,aprendizagem,2022-10,2,2022-11-01,312285235.81,294642556.1275729,17642679.68242711,5.6495401188806875,-5.649540118880692
valor_aprovado,nominal,ridge,aprendizagem,2022-10,3,2022-12-01,324955128.46,295047647.2785598,29907481.181440175,9.203572604985554,-9.203572604985554
valor_aprovado,nominal,ridge,aprendizagem,2022-10,4,2023-01-01,318310548.87,294784302.8020715,23526246.067928493,7.390972794161703,-7.390972794161699
valor_aprovado,nominal,ridge,aprendizagem,2022-10,5,2023-02-01,294899969.04,296154532.87025577,-1254563.8302557468,0.425420129523845,0.4254201295238458
valor_aprovado,nominal,ridge,aprendizagem,2022-10,6,2023-03-01,333190074.83000004,297936002.0372828,35254072.79271722,10.580769193291403,-10.580769193291406
valor_aprovado,nominal,ridge,aprendizagem,2022-10,7,2023-04-01,308241204.10999995,299925968.8984833,8315235.211516678,2.6976390893377373,-2.6976390893377333
valor_aprovado,nominal,ridge,aprendizagem,2022-10,8,2023-05-01,334325813.13,301865825.26041025,32459987.869589746,9.709088139409664,-9.70908813940966
valor_aprovado,nominal,ridge,aprendizagem,2022-10,9,2023-06-01,322098718.82,303510389.99742955,18588328.822570443,5.77100365088948,-5.771003650889483
valor_aprovado,nominal,ridge,aprendizagem,2022-10,10,2023-07-01,343307909.95,304693605.1363326,38614304.81366742,11.247717775943839,-11.247717775943844
valor_aprovado,nominal,ridge,aprendizagem,2022-10,11,2023-08-01,357700323.2,305373030.9561545,52327292.24384546,14.628807649857182,-14.628807649857178
valor_aprovado,nominal,ridge,aprendizagem,2022-10,12,2023-09-01,363197338.78,305641217.6771337,57556121.10286629,15.847065756649126,-15.847065756649126
valor_aprovado,nominal,ridge,aprendizagem,2022-11,1,2022-11-01,312285235.81,295556607.93170416,16728627.878295839,5.3568423863860914,-5.356842386386096
valor_aprovado,nominal,ridge,aprendizagem,2022-11,2,2022-12-01,324955128.46,295875804.8466043,29079323.61339569,8.948719705150054,-8.948719705150054
valor_aprovado,nominal,ridge,aprendizagem,2022-11,3,2023-01-01,318310548.87,295403429.3166115,22907119.553388476,7.19646886812535,-7.19646886812535
valor_aprovado,nominal,ridge,aprendizagem,2022-11,4,2023-02-01,294899969.04,296628535.7984579,-1728566.758457899,0.5861535910244323,0.5861535910244298
valor_aprovado,nominal,ridge,aprendizagem,2022-11,5,2023-03-01,333190074.83000004,298298204.15055984,34891870.6794402,10.472061839549902,-10.472061839549907
valor_aprovado,nominal,ridge,aprendizagem,2022-11,6,2023-04-01,308241204.10999995,300243569.39595115,7997634.714048803,2.594602735588439,-2.594602735588436
valor_aprovado,nominal,ridge,aprendizagem,2022-11,7,2023-05-01,334325813.13,302221893.7977529,32103919.33224708,9.602584685784857,-9.602584685784855
valor_aprovado,nominal,ridge,aprendizagem,2022-11,8,2023-06-01,322098718.82,303981608.23974293,18117110.58025706,5.624707433369684,-5.6247074333696805
valor_aprovado,nominal,ridge,aprendizagem,2022-11,9,2023-07-01,343307909.95,305329719.9678879,37978189.98211211,11.062427890940038,-11.062427890940041
valor_aprovado,nominal,ridge,aprendizagem,2022-11,10,2023-08-01,357700323.2,306183524.8429317,51516798.3570683,14.402223038603143,-14.402223038603147
valor_aprovado,nominal,ridge,aprendizagem,2022-11,11,2023-09-01,363197338.78,306592767.8477199,56604570.93228006,15.585073151256548,-15.585073151256545
valor_aprovado,nominal,ridge,aprendizagem,2022-11,12,2023-10-01,364863029.1,306726313.95921874,58136715.14078128,15.933846540765146,-15.93384654076515
valor_aprovado,nominal,ridge,aprendizagem,2022-12,1,2022-12-01,324955128.46,296972005.91911554,27983122.540884435,8.611380492285104,-8.611380492285104
valor_aprovado,nominal,ridge,aprendizagem,2022-12,2,2023-01-01,318310548.87,295878246.7990925,22432302.070907533,7.047300867200924,-7.0473008672009225
valor_aprovado,nominal,ridge,aprendizagem,2022-12,3,2023-02-01,294899969.04,297103301.3215851,-2203332.2815850973,0.7471456469655441,0.7471456469655413
valor_aprovado,nominal,ridge,aprendizagem,2022-12,4,2023-03-01,333190074.83000004,298727298.79159653,34462776.03840351,10.343278099141182,-10.343278099141184
valor_aprovado,nominal,ridge,aprendizagem,2022-12,5,2023-04-01,308241204.10999995,300610923.2846814,7630280.825318575,2.4754253239276887,-2.4754253239276935
valor_aprovado,nominal,ridge,aprendizagem,2022-12,6,2023-05-01,334325813.13,302545292.0252287,31780521.104771316,9.505853229590054,-9.505853229590056
valor_aprovado,nominal,ridge,aprendizagem,2022-12,7,2023-06-01,322098718.82,304307925.3574991,17790793.46250087,5.523397773104148,-5.5233977731041435
valor_aprovado,nominal,ridge,aprendizagem,2022-12,8,2023-07-01,343307909.95,305722359.9897132,37585549.960286796,10.948058250612643,-10.948058250612647
valor_aprovado,nominal,ridge,aprendizagem,2022-12,9,2023-08-01,357700323.2,306705432.190577,50994891.00942302,14.256316727147711,-14.256316727147711
valor_aprovado,nominal,ridge,aprendizagem,2022-12,10,2023-09-01,363197338.78,307289561.443922,55907777.33607799,15.393223288440193,-15.393223288440193
valor_aprovado,nominal,ridge,aprendizagem,2022-12,11,2023-10-01,364863029.1,307614063.67419344,57248965.42580658,15.690536135442773,-15.690536135442768
valor_aprovado,nominal,ridge,aprendizagem,2022-12,12,2023-11-01,365199231.95,307887821.65700257,57311410.29299742,15.693190258637788,-15.69319025863779
valor_aprovado,nominal,ridge,aprendizagem,2023-01,1,2023-01-01,318310548.87,296363885.7790514,21946663.09094858,6.894733199656457,-6.894733199656455
valor_aprovado,nominal,ridge,aprendizagem,2023-01,2,2023-02-01,294899969.04,297936741.853127,-3036772.8131269813,1.0297636934356802,1.0297636934356813
valor_aprovado,nominal,ridge,aprendizagem,2023-01,3,2023-03-01,333190074.83000004,299697984.68265396,33492090.14734608,10.051947124905922,-10.051947124905924
valor_aprovado,nominal,ridge,aprendizagem,2023-01,4,2023-04-01,308241204.10999995,301528051.06284606,6713153.04715389,2.1778895740227555,-2.177889574022751
valor_aprovado,nominal,ridge,aprendizagem,2023-01,5,2023-05-01,334325813.13,303288936.5740962,31036876.555903792,9.283422140017452,-9.28342214001745
valor_aprovado,nominal,ridge,aprendizagem,2023-01,6,2023-06-01,322098718.82,304861173.7547618,17237545.065238178,5.351634159982834,-5.351634159982832
valor_aprovado,nominal,ridge,aprendizagem,2023-01,7,2023-07-01,343307909.95,306175843.3110341,37132066.638965905,10.815965948577732,-10.815965948577732
valor_aprovado,nominal,ridge,aprendizagem,2023-01,8,2023-08-01,357700323.2,307233040.9860567,50467282.2139433,14.108816498252274,-14.108816498252274
valor_aprovado,nominal,ridge,aprendizagem,2023-01,9,2023-09-01,363197338.78,308101851.9056279,55095486.874372065,15.16957339484944,-15.169573394849445
valor_aprovado,nominal,ridge,aprendizagem,2023-01,10,2023-10-01,364863029.1,308901839.274534,55961189.82546604,15.337588454358977,-15.337588454358976
valor_aprovado,nominal,ridge,aprendizagem,2023-01,11,2023-11-01,365199231.95,309771007.512382,55428224.43761802,15.177530396670381,-15.177530396670381
valor_aprovado,nominal,ridge,aprendizagem,2023-01,12,2023-12-01,374983123.17,310828824.0808145,64154299.089185536,17.108583060177068,-17.108583060177075
valor_aprovado,nominal,ridge,aprendizagem,2023-02,1,2023-02-01,294899969.04,299385841.3946563,-4485872.354656279,1.5211505003745247,1.5211505003745351
valor_aprovado,nominal,ridge,aprendizagem,2023-02,2,2023-03-01,333190074.83000004,300725211.8462831,32464862.983716965,9.743646475748463,-9.743646475748458
valor_aprovado,nominal,ridge,aprendizagem,2023-02,3,2023-04-01,308241204.10999995,302217324.4121988,6023879.697801173,1.9542746451416897,-1.9542746451416848
valor_aprovado,nominal,ridge,aprendizagem,2023-02,4,2023-05-01,334325813.13,303774916.85936886,30550896.270631135,9.138060858840014,-9.138060858840014
valor_aprovado,nominal,ridge,aprendizagem,2023-02,5,2023-06-01,322098718.82,305293181.6734562,16805537.1465438,5.217511329480116,-5.217511329480118
valor_aprovado,nominal,ridge,aprendizagem,2023-02,6,2023-07-01,343307909.95,306677849.14764833,36630060.80235165,10.669739828507455,-10.669739828507453
valor_aprovado,nominal,ridge,aprendizagem,2023-02,7,2023-08-01,357700323.2,307870446.87446886,49829876.325531125,13.930620995740583,-13.930620995740583
valor_aprovado,nominal,ridge,aprendizagem,2023-02,8,2023-09-01,363197338.78,308863967.3801398,54333371.39986014,14.959738301599057,-14.959738301599057
valor_aprovado,nominal,ridge,aprendizagem,2023-02,9,2023-10-01,364863029.1,309704745.7715219,55158283.3284781,15.117531492444131,-15.117531492444137
valor_aprovado,nominal,ridge,aprendizagem,2023-02,10,2023-11-01,365199231.95,310480044.28164965,54719187.66835034,14.983379722945866,-14.983379722945866
valor_aprovado,nominal,ridge,aprendizagem,2023-02,11,2023-12-01,374983123.17,311294670.4248601,63688452.7451399,16.98435177741759,-16.984351777417594
valor_aprovado,nominal,ridge,aprendizagem,2023-02,12,2024-01-01,375847712.94,309899490.4642893,65948222.47571069,17.546527544319154,-17.546527544319158
valor_aprovado,nominal,ridge,aprendizagem,2023-03,1,2023-03-01,333190074.83000004,300382147.8875283,32807926.942471743,9.846609914539314,-9.846609914539318
valor_aprovado,nominal,ridge,aprendizagem,2023-03,2,2023-04-01,308241204.10999995,301908814.3794238,6332389.730576158,2.054361858876064,-2.0543618588760637
valor_aprovado,nominal,ridge,aprendizagem,2023-03,3,2023-05-01,334325813.13,303502537.6923959,30823275.43760407,9.219532033447468,-9.219532033447464
valor_aprovado,nominal,ridge,aprendizagem,2023-03,4,2023-06-01,322098718.82,305051413.37276703,17047305.44723296,5.292571640671316,-5.2925716406713175
valor_aprovado,nominal,ridge,aprendizagem,2023-03,5,2023-07-01,343307909.95,306455553.8537972,36852356.09620279,10.734490825326464,-10.734490825326471
valor_aprovado,nominal,ridge,aprendizagem,2023-03,6,2023-08-01,357700323.2,307653853.2485264,50046469.95147359,13.991172695555898,-13.991172695555898
valor_aprovado,nominal,ridge,aprendizagem,2023-03,7,2023-09-01,363197338.78,308640360.6228381,54556978.15716189,15.021304489846157,-15.021304489846155
valor_aprovado,nominal,ridge,aprendizagem,2023-03,8,2023-10-01,364863029.1,309465874.54344994,55397154.556550086,15.183000232497406,-15.183000232497413
valor_aprovado,nominal,ridge,aprendizagem,2023-03,9,2023-11-01,365199231.95,310224331.6429851,54974900.30701488,15.053399760309896,-15.053399760309894
valor_aprovado,nominal,ridge,aprendizagem,2023-03,10,2023-12-01,374983123.17,311027636.37512136,63955486.79487866,17.055564062248262,-17.055564062248262
valor_aprovado,nominal,ridge,aprendizagem,2023-03,11,2024-01-01,375847712.94,309463286.8354404,66384426.1045596,17.662586153652384,-17.66258615365238
valor_aprovado,nominal,ridge,aprendizagem,2023-03,12,2024-02-01,356304841.58,310617167.85321844,45687673.72678155,12.822636235921998,-12.822636235922003
valor_aprovado,nominal,ridge,aprendizagem,2023-04,1,2023-04-01,308241204.10999995,303611861.8189515,4629342.291048467,1.5018570617172988,-1.5018570617173044
valor_aprovado,nominal,ridge,aprendizagem,2023-04,2,2023-05-01,334325813.13,305020834.54990464,29304978.58009535,8.765395141266087,-8.765395141266087
valor_aprovado,nominal,ridge,aprendizagem,2023-04,3,2023-06-01,322098718.82,306294216.94657475,15804501.873425245,4.906726090474564,-4.906726090474567
valor_aprovado,nominal,ridge,aprendizagem,2023-04,4,2023-07-01,343307909.95,307409414.0257311,35898495.9242689,10.456646900299276,-10.45664690029927
valor_aprovado,nominal,ridge,aprendizagem,2023-04,5,2023-08-01,357700323.2,308386216.4322251,49314106.76777488,13.786430587092877,-13.78643058709288
valor_aprovado,nominal,ridge,aprendizagem,2023-04,6,2023-09-01,363197338.78,309281497.551685,53915841.228314996,14.844778711601053,-14.844778711601059
valor_aprovado,nominal,ridge,aprendizagem,2023-04,7,2023-10-01,364863029.1,310173974.33276564,54689054.767234385,14.988927461939547,-14.98892746193955
valor_aprovado,nominal,ridge,aprendizagem,2023-04,8,2023-11-01,365199231.95,311143115.14432603,54056116.80567396,14.801815578044497,-14.801815578044497
valor_aprovado,nominal,ridge,aprendizagem,2023-04,9,2023-12-01,374983123.17,312247846.29016954,62735276.87983048,16.73016010680278,-16.73016010680278
valor_aprovado,nominal,ridge,aprendizagem,2023-04,10,2024-01-01,375847712.94,311044291.2327567,64803421.70724332,17.241935889493757,-17.241935889493753
valor_aprovado,nominal,ridge,aprendizagem,2023-04,11,2024-02-01,356304841.58,312445602.36877626,43859239.21122372,12.30947045702048,-12.309470457020478
valor_aprovado,nominal,ridge,aprendizagem,2023-04,12,2024-03-01,370113558.41,313928434.79182994,56185123.61817008,15.18050942514513,-15.180509425145129
valor_aprovado,nominal,ridge,aprendizagem,2023-05,1,2023-05-01,334325813.13,305184753.09027946,29141060.039720535,8.716365561754952,-8.716365561754957
valor_aprovado,nominal,ridge,aprendizagem,2023-05,2,2023-06-01,322098718.82,306425958.1586019,15672760.661398113,4.865825209989922,-4.865825209989927
valor_aprovado,nominal,ridge,aprendizagem,2023-05,3,2023-07-01,343307909.95,307495342.87978363,35812567.07021636,10.431617225315946,-10.431617225315948
valor_aprovado,nominal,ridge,aprendizagem,2023-05,4,2023-08-01,357700323.2,308426970.48246247,49273352.71753752,13.775037236963147,-13.77503723696315
valor_aprovado,nominal,ridge,aprendizagem,2023-05,5,2023-09-01,363197338.78,309291816.1039306,53905522.67606938,14.841937679703552,-14.841937679703554
valor_aprovado,nominal,ridge,aprendizagem,2023-05,6,2023-10-01,364863029.1,310178749.05941445,54684280.04058558,14.98761882657011,-14.987618826570104
valor_aprovado,nominal,ridge,aprendizagem,2023-05,7,2023-11-01,365199231.95,311170720.38082814,54028511.569171846,14.794256625536653,-14.79425662553665
valor_aprovado,nominal,ridge,aprendizagem,2023-05,8,2023-12-01,374983123.17,312322536.15476054,62660587.01523948,16.710241913162598,-16.710241913162605
valor_aprovado,nominal,ridge,aprendizagem,2023-05,9,2024-01-01,375847712.94,311099436.86250645,64748276.07749355,17.22726355603231,-17.227263556032312
valor_aprovado,nominal,ridge,aprendizagem,2023-05,10,2024-02-01,356304841.58,312560830.10208243,43744011.47791755,12.277130808534311,-12.27713080853431
valor_aprovado,nominal,ridge,aprendizagem,2023-05,11,2024-03-01,370113558.41,314089005.3228691,56024553.087130904,15.137125299546222,-15.137125299546227
valor_aprovado,nominal,ridge,aprendizagem,2023-05,12,2024-04-01,373850328.77,315595093.20964,58255235.560359955,15.582502161232473,-15.582502161232469
valor_aprovado,nominal,ridge,aprendizagem,2023-06,1,2023-06-01,322098718.82,307892001.35502315,14206717.464976847,4.410671832853845,-4.410671832853841
valor_aprovado,nominal,ridge,aprendizagem,2023-06,2,2023-07-01,343307909.95,308760935.5165833,34546974.433416665,10.062970712923029,-10.062970712923025
valor_aprovado,nominal,ridge,aprendizagem,2023-06,3,2023-08-01,357700323.2,309425690.0568435,48274633.14315647,13.495831569647423,-13.495831569647422
valor_aprovado,nominal,ridge,aprendizagem,2023-06,4,2023-09-01,363197338.78,310042443.76260996,53154895.01739001,14.635265554516522,-14.635265554516518
valor_aprovado,nominal,ridge,aprendizagem,2023-06,5,2023-10-01,364863029.1,310780237.2055275,54082791.89447254,14.822765690422903,-14.822765690422901
valor_aprovado,nominal,ridge,aprendizagem,2023-06,6,2023-11-01,365199231.95,311775678.4574193,53423553.49258071,14.62860510612876,-14.628605106128756
valor_aprovado,nominal,ridge,aprendizagem,2023-06,7,2023-12-01,374983123.17,313096339.06776226,61886784.10223776,16.50388518263558,-16.50388518263558
valor_aprovado,nominal,ridge,aprendizagem,2023-06,8,2024-01-01,375847712.94,311728200.9656046,64119511.974395394,17.059971304024238,-17.059971304024234
valor_aprovado,nominal,ridge,aprendizagem,2023-06,9,2024-02-01,356304841.58,313558689.8407155,42746151.739284456,11.997072941734585,-11.997072941734588
valor_aprovado,nominal,ridge,aprendizagem,2023-06,10,2024-03-01,370113558.41,315437179.55032027,54676378.85967976,14.772865683323873,-14.772865683323877
valor_aprovado,nominal,ridge,aprendizagem,2023-06,11,2024-04-01,373850328.77,317194629.5227738,56655699.24722618,15.15464743166827,-15.154647431668266
valor_aprovado,nominal,ridge,aprendizagem,2023-06,12,2024-05-01,387596104.3,318694431.68625313,68901672.61374688,17.776667992621743,-17.776667992621743
valor_aprovado,nominal,ridge,aprendizagem,2023-07,1,2023-07-01,343307909.95,309405160.826966,33902749.123034,9.875318377596269,-9.875318377596265
valor_aprovado,nominal,ridge,aprendizagem,2023-07,2,2023-08-01,357700323.2,309984491.76750624,47715831.43249375,13.339610936223428,-13.339610936223423
valor_aprovado,nominal,ridge,aprendizagem,2023-07,3,2023-09-01,363197338.78,310483997.1611031,52713341.61889684,14.513691591453803,-14.513691591453803
valor_aprovado,nominal,ridge,aprendizagem,2023-07,4,2023-10-01,364863029.1,311107033.93057466,53755995.16942537,14.733198729951939,-14.733198729951935
valor_aprovado,nominal,ridge,aprendizagem,2023-07,5,2023-11-01,365199231.95,312023858.8663331,53175373.08366686,14.560647567557641,-14.560647567557638
valor_aprovado,nominal,ridge,aprendizagem,2023-07,6,2023-12-01,374983123.17,313326008.45688856,61657114.71311146,16.442637255746302,-16.442637255746295
valor_aprovado,nominal,ridge,aprendizagem,2023-07,7,2024-01-01,375847712.94,311944853.6270623,63902859.31293768,17.00232756854345,-17.00232756854345
valor_aprovado,nominal,ridge,aprendizagem,2023-07,8,2024-02-01,356304841.58,313882410.2097704,42422431.3702296,11.906218052528098,-11.906218052528095
valor_aprovado,nominal,ridge,aprendizagem,2023-07,9,2024-03-01,370113558.41,315899792.3394218,54213766.07057822,14.647873561692634,-14.647873561692638
valor_aprovado,nominal,ridge,aprendizagem,2023-07,10,2024-04-01,373850328.77,317793643.0931986,56056685.67680138,14.994419253617549,-14.994419253617552
valor_aprovado,nominal,ridge,aprendizagem,2023-07,11,2024-05-01,387596104.3,319393705.68068844,68202398.61931157,17.596254932047202,-17.596254932047206
valor_aprovado,nominal,ridge,aprendizagem,2023-07,12,2024-06-01,360982328.25,320608443.6133813,40373884.636618674,11.184449064957427,-11.184449064957425
valor_aprovado,nominal,ridge,aprendizagem,2023-08,1,2023-08-01,357700323.2,311656491.5609601,46043831.639039874,12.87218060837354,-12.87218060837354
valor_aprovado,nominal,ridge,aprendizagem,2023-08,2,2023-09-01,363197338.78,311963246.33329934,51234092.44670063,14.106406346147468,-14.106406346147471
valor_aprovado,nominal,ridge,aprendizagem,2023-08,3,2023-10-01,364863029.1,312281919.26130015,52581109.83869988,14.411191500657273,-14.411191500657273
valor_aprovado,nominal,ridge,aprendizagem,2023-08,4,2023-11-01,365199231.95,312859990.22996646,52339241.72003353,14.331695453072413,-14.331695453072413
valor_aprovado,nominal,ridge,aprendizagem,2023-08,5,2023-12-01,374983123.17,313875433.6287875,61107689.5412125,16.29611728245943,-16.296117282459434
valor_aprovado,nominal,ridge,aprendizagem,2023-08,6,2024-01-01,375847712.94,312710149.8004315,63137563.13956851,16.798708882830883,-16.79870888283088
valor_aprovado,nominal,ridge,aprendizagem,2023-08,7,2024-02-01,356304841.58,314649200.70393807,41655640.87606192,11.691011744702635,-11.691011744702639
valor_aprovado,nominal,ridge,aprendizagem,2023-08,8,2024-03-01,370113558.41,316827006.7969716,53286551.61302841,14.397351948398295,-14.397351948398295
valor_aprovado,nominal,ridge,aprendizagem,2023-08,9,2024-04-01,373850328.77,318992894.7343436,54857434.03565639,14.673635359942603,-14.673635359942605
valor_aprovado,nominal,ridge,aprendizagem,2023-08,10,2024-05-01,387596104.3,320899384.63105005,66696719.66894996,17.20778896614673,-17.20778896614673
valor_aprovado,nominal,ridge,aprendizagem,2023-08,11,2024-06-01,360982328.25,322368502.0976018,38613826.15239823,10.696874370441769,-10.696874370441767
valor_aprovado,nominal,ridge,aprendizagem,2023-08,12,2024-07-01,390560593.67,323339466.333961,67221127.336039,17.21144642483742,-17.21144642483742
valor_aprovado,nominal,ridge,aprendizagem,2023-09,1,2023-09-01,363197338.78,314256829.3212872,48940509.45871276,13.474908605637543,-13.474908605637548
valor_aprovado,nominal,ridge,aprendizagem,2023-09,2,2023-10-01,364863029.1,314247518.8519357,50615510.24806434,13.872468902348523,-13.872468902348523
valor_aprovado,nominal,ridge,aprendizagem,2023-09,3,2023-11-01,365199231.95,314314700.2978203,50884531.65217966,13.933362176168634,-13.93336217616864
valor_aprovado,nominal,ridge,aprendizagem,2023-09,4,2023-12-01,374983123.17,314757792.0187963,60225331.15120369,16.060811121864894,-16.060811121864894
valor_aprovado,nominal,ridge,aprendizagem,2023-09,5,2024-01-01,375847712.94,314037802.28832,61809910.65167999,16.445466747205476,-16.445466747205472
valor_aprovado,nominal,ridge,aprendizagem,2023-09,6,2024-02-01,356304841.58,315674830.4562302,40630011.12376976,11.403159986151138,-11.403159986151135
valor_aprovado,nominal,ridge,aprendizagem,2023-09,7,2024-03-01,370113558.41,317809970.48921335,52303587.92078668,14.131767597350873,-14.131767597350875
valor_aprovado,nominal,ridge,aprendizagem,2023-09,8,2024-04-01,373850328.77,320188532.9137304,53661795.8562696,14.35381801931847,-14.353818019318465
valor_aprovado,nominal,ridge,aprendizagem,2023-09,9,2024-05-01,387596104.3,322490603.42301124,65105500.87698877,16.797253675851447,-16.797253675851454
valor_aprovado,nominal,ridge,aprendizagem,2023-09,10,2024-06-01,360982328.25,324416763.6572008,36565564.59279919,10.129461120732628,-10.12946112073263
valor_aprovado,nominal,ridge,aprendizagem,2023-09,11,2024-07-01,390560593.67,325768320.11108136,64792273.558918655,16.589557320691753,-16.58955732069175
valor_aprovado,nominal,ridge,aprendizagem,2023-09,12,2024-08-01,391118763.67,326500543.89833665,64618219.77166337,16.521380658224803,-16.521380658224803
valor_aprovado,nominal,ridge,aprendizagem,2023-10,1,2023-10-01,364863029.1,316579715.4819932,48283313.618006825,13.233271054375189,-13.233271054375184
valor_aprovado,nominal,ridge,aprendizagem,2023-10,2,2023-11-01,365199231.95,316260824.12398124,48938407.82601875,13.40046844148867,-13.400468441488666
valor_aprovado,nominal,ridge,aprendizagem,2023-10,3,2023-12-01,374983123.17,316152245.7809933,58830877.389006734,15.688940049266039,-15.688940049266042
valor_aprovado,nominal,ridge,aprendizagem,2023-10,4,2024-01-01,375847712.94,315674046.35255986,60173666.58744013,16.010119129565172,-16.01011912956517
valor_aprovado,nominal,ridge,aprendizagem,2023-10,5,2024-02-01,356304841.58,316841948.8664913,39462892.713508666,11.075598226090394,-11.075598226090388
valor_aprovado,nominal,ridge,aprendizagem,2023-10,6,2024-03-01,370113558.41,318733987.2075528,51379571.202447236,13.88210997272642,-13.88210997272642
valor_aprovado,nominal,ridge,aprendizagem,2023-10,7,2024-04-01,373850328.77,321147989.0631875,52702339.7068125,14.097176236331736,-14.097176236331732
valor_aprovado,nominal,ridge,aprendizagem,2023-10,8,2024-05-01,387596104.3,323741922.4186299,63854181.88137013,16.474412712865373,-16.474412712865373
valor_aprovado,nominal,ridge,aprendizagem,2023-10,9,2024-06-01,360982328.25,326125542.75904834,34856785.49095166,9.656091936669938,-9.656091936669942
valor_aprovado,nominal,ridge,aprendizagem,2023-10,10,2024-07-01,390560593.67,327964958.77214456,62595634.89785546,16.027125089518112,-16.027125089518112
valor_aprovado,nominal,ridge,aprendizagem,2023-10,11,2024-08-01,391118763.67,329072098.25564355,62046665.41435647,15.863893829115117,-15.863893829115117
valor_aprovado,nominal,ridge,aprendizagem,2023-10,12,2024-09-01,366497269.12,329455101.9120125,37042167.20798749,10.107078641248753,-10.107078641248757
valor_aprovado,nominal,ridge,aprendizagem,2023-11,1,2023-11-01,365199231.95,318586273.1942645,46612958.75573552,12.763706677816172,-12.763706677816167
valor_aprovado,nominal,ridge,aprendizagem,2023-11,2,2023-12-01,374983123.17,318260394.13675827,56722729.03324175,15.126741852733005,-15.126741852733005
valor_aprovado,nominal,ridge,aprendizagem,2023-11,3,2024-01-01,375847712.94,317312770.84522885,58534942.09477115,15.574111556218412,-15.574111556218417
valor_aprovado,nominal,ridge,aprendizagem,2023-11,4,2024-02-01,356304841.58,318121315.37920415,38183526.20079583,10.716533076416983,-10.71653307641698
valor_aprovado,nominal,ridge,aprendizagem,2023-11,5,2024-03-01,370113558.41,319737263.89842427,50376294.51157576,13.611037306493511,-13.611037306493511
valor_aprovado,nominal,ridge,aprendizagem,2023-11,6,2024-04-01,373850328.77,322040918.91947097,51809409.850529015,13.858329353617654,-13.858329353617659
valor_aprovado,nominal,ridge,aprendizagem,2023-11,7,2024-05-01,387596104.3,324728312.557132,62867791.742868006,16.219923535198443,-16.219923535198443
valor_aprovado,nominal,ridge,aprendizagem,2023-11,8,2024-06-01,360982328.25,327392654.4737687,33589673.77623129,9.305074278585906,-9.3050742785859
valor_aprovado,nominal,ridge,aprendizagem,2023-11,9,2024-07-01,390560593.67,329633331.0217749,60927262.64822513,15.599951361120922,-15.599951361120922
valor_aprovado,nominal,ridge,aprendizagem,2023-11,10,2024-08-01,391118763.67,331163249.34693015,59955514.32306987,15.329234977245005,-15.32923497724501
valor_aprovado,nominal,ridge,aprendizagem,2023-11,11,2024-09-01,366497269.12,331885763.6868405,34611505.43315953,9.44386448397434,-9.443864483974341
valor_aprovado,nominal,ridge,aprendizagem,2023-11,12,2024-10-01,396093556.14,331920571.5249243,64172984.61507571,16.201471500938442,-16.201471500938446
valor_aprovado,nominal,ridge,aprendizagem,2023-12,1,2023-12-01,374983123.17,321129866.90675575,53853256.26324427,14.36151467510971,-14.36151467510971
valor_aprovado,nominal,ridge,aprendizagem,2023-12,2,2024-01-01,375847712.94,318629754.0725485,57217958.86745149,15.223708139627742,-15.223708139627746
valor_aprovado,nominal,ridge,aprendizagem,2023-12,3,2024-02-01,356304841.58,319444492.1486259,36860349.43137407,10.345172203644596,-10.345172203644593
valor_aprovado,nominal,ridge,aprendizagem,2023-12,4,2024-03-01,370113558.41,320951412.8482528,49162145.56174725,13.28298962430525,-13.282989624305252
valor_aprovado,nominal,ridge,aprendizagem,2023-12,5,2024-04-01,373850328.77,323103550.4885033,50746778.2814967,13.574089515571114,-13.574089515571108
valor_aprovado,nominal,ridge,aprendizagem,2023-12,6,2024-05-01,387596104.3,325681054.0282685,61915050.271731496,15.974115731516525,-15.974115731516525
valor_aprovado,nominal,ridge,aprendizagem,2023-12,7,2024-06-01,360982328.25,328350095.9771769,32632232.272823095,9.039842041858485,-9.039842041858481
valor_aprovado,nominal,ridge,aprendizagem,2023-12,8,2024-07-01,390560593.67,330752321.20205045,59808272.46794957,15.313442635353,-15.313442635353002
valor_aprovado,nominal,ridge,aprendizagem,2023-12,9,2024-08-01,391118763.67,332600867.89544356,58517895.77455646,14.96166924477445,-14.961669244774445
valor_aprovado,nominal,ridge,aprendizagem,2023-12,10,2024-09-01,366497269.12,333757231.96528715,32740037.154712856,8.933228133820823,-8.933228133820826
valor_aprovado,nominal,ridge,aprendizagem,2023-12,11,2024-10-01,396093556.14,334268379.0945071,61825177.04549289,15.608730838236779,-15.608730838236784
valor_aprovado,nominal,ridge,aprendizagem,2023-12,12,2024-11-01,383252079.78,334354160.3242123,48897919.45578766,12.75868339288772,-12.758683392887725
valor_aprovado,nominal,ridge,aprendizagem,2024-01,1,2024-01-01,375847712.94,319498701.00787085,56349011.932129145,14.992511592354601,-14.992511592354596
valor_aprovado,nominal,ridge,aprendizagem,2024-01,2,2024-02-01,356304841.58,320940067.00988364,35364774.57011634,9.925426332489508,-9.925426332489506
valor_aprovado,nominal,ridge,aprendizagem,2024-01,3,2024-03-01,370113558.41,322702419.1186885,47411139.2913115,12.809889887576329,-12.80988988757633
valor_aprovado,nominal,ridge,aprendizagem,2024-01,4,2024-04-01,373850328.77,324770025.77215743,49080302.99784255,13.128329500022376,-13.128329500022373
valor_aprovado,nominal,ridge,aprendizagem,2024-01,5,2024-05-01,387596104.3,327045362.69943357,60550741.60056645,15.622123372452702,-15.622123372452702
valor_aprovado,nominal,ridge,aprendizagem,2024-01,6,2024-06-01,360982328.25,329375244.4705498,31607083.77945018,8.755853488085585,-8.755853488085585
valor_aprovado,nominal,ridge,aprendizagem,2024-01,7,2024-07-01,390560593.67,331591870.40868115,58968723.26131886,15.098482595800192,-15.098482595800188
valor_aprovado,nominal,ridge,aprendizagem,2024-01,8,2024-08-01,391118763.67,333557786.64598876,57560977.024011254,14.717007305887625,-14.71700730588762
valor_aprovado,nominal,ridge,aprendizagem,2024-01,9,2024-09-01,366497269.12,335202716.77650416,31294552.343495846,8.538822790859394,-8.53882279085939
valor_aprovado,nominal,ridge,aprendizagem,2024-01,10,2024-10-01,396093556.14,336542392.3623556,59551163.777644396,15.03462069870077,-15.034620698700774
valor_aprovado,nominal,ridge,aprendizagem,2024-01,11,2024-11-01,383252079.78,337674337.6743998,45577742.10560018,11.892366541562772,-11.89236654156277
valor_aprovado,nominal,ridge,aprendizagem,2024-01,12,2024-12-01,390807010.08,338751738.1426038,52055271.93739617,13.319943244298566,-13.31994324429856
valor_aprovado,nominal,ridge,aprendizagem,2024-02,1,2024-02-01,356304841.58,324397580.54008603,31907261.039913952,8.955045600397748,-8.95504560039775
valor_aprovado,nominal,ridge,aprendizagem,2024-02,2,2024-03-01,370113558.41,325164070.3917354,44949488.01826465,12.144782863769352,-12.144782863769354
valor_aprovado,nominal,ridge,aprendizagem,2024-02,3,2024-04-01,373850328.77,326440398.1689159,47409930.60108405,12.681527058453268,-12.681527058453268
valor_aprovado,nominal,ridge,aprendizagem,2024-02,4,2024-05-01,387596104.3,328246748.87949467,59349355.420505345,15.312165102301659,-15.312165102301655
valor_aprovado,nominal,ridge,aprendizagem,2024-02,5,2024-06-01,360982328.25,330461288.31436473,30521039.93563527,8.45499559039294,-8.454995590392944
valor_aprovado,nominal,ridge,aprendizagem,2024-02,6,2024-07-01,390560593.67,332852808.42538583,57707785.244614184,14.775629231394952,-14.775629231394948
valor_aprovado,nominal,ridge,aprendizagem,2024-02,7,2024-08-01,391118763.67,335142679.3351671,55976084.33483291,14.311786990117866,-14.31178699011787
valor_aprovado,nominal,ridge,aprendizagem,2024-02,8,2024-09-01,366497269.12,337079507.9877012,29417761.132298827,8.026734060784161,-8.026734060784158
valor_aprovado,nominal,ridge,aprendizagem,2024-02,9,2024-10-01,396093556.14,338506498.71470404,57587057.42529595,14.538751396637641,-14.53875139663764
valor_aprovado,nominal,ridge,aprendizagem,2024-02,10,2024-11-01,383252079.78,339403466.50830865,43848613.27169132,11.441193821273444,-11.441193821273444
valor_aprovado,nominal,ridge,aprendizagem,2024-02,11,2024-12-01,390807010.08,339892245.577622,50914764.50237799,13.028109319726763,-13.028109319726767
valor_aprovado,nominal,ridge,aprendizagem,2024-02,12,2025-01-01,392330621.24,337762392.3080324,54568228.931967616,13.908735637177463,-13.908735637177461
valor_aprovado,nominal,ridge,aprendizagem,2024-03,1,2024-03-01,370113558.41,326645756.78149545,43467801.628504574,11.744449950777627,-11.744449950777625
valor_aprovado,nominal,ridge,aprendizagem,2024-03,2,2024-04-01,373850328.77,327674239.7774506,46176088.99254936,12.35149080769106,-12.351490807691057
valor_aprovado,nominal,ridge,aprendizagem,2024-03,3,2024-05-01,387596104.3,329233011.8095027,58363092.49049729,15.057708744493512,-15.057708744493514
valor_aprovado,nominal,ridge,aprendizagem,2024-03,4,2024-06-01,360982328.25,331246370.1749234,29735958.07507658,8.237510744427025,-8.237510744427023
valor_aprovado,nominal,ridge,aprendizagem,2024-03,5,2024-07-01,390560593.67,333516806.13006794,57043787.53993207,14.605617787474639,-14.605617787474634
valor_aprovado,nominal,ridge,aprendizagem,2024-03,6,2024-08-01,391118763.67,335777927.1987331,55340836.471266925,14.149368839271501,-14.149368839271503
valor_aprovado,nominal,ridge,aprendizagem,2024-03,7,2024-09-01,366497269.12,337765836.82102513,28731432.29897487,7.839466953727153,-7.839466953727159
valor_aprovado,nominal,ridge,aprendizagem,2024-03,8,2024-10-01,396093556.14,339289845.2234692,56803710.91653079,14.340983344968484,-14.340983344968484
valor_aprovado,nominal,ridge,aprendizagem,2024-03,9,2024-11-01,383252079.78,340283564.58981633,42968515.19018364,11.211554341687869,-11.211554341687869
valor_aprovado,nominal,ridge,aprendizagem,2024-03,10,2024-12-01,390807010.08,340822697.62279487,49984312.45720512,12.790024530771108,-12.790024530771104
valor_aprovado,nominal,ridge,aprendizagem,2024-03,11,2025-01-01,392330621.24,339724698.288643,52605922.95135701,13.408569227936058,-13.408569227936063
valor_aprovado,nominal,ridge,aprendizagem,2024-03,12,2025-02-01,359514022.46,340016068.6183771,19497953.84162289,5.4234195673945536,-5.42341956739455
valor_aprovado,nominal,ridge,aprendizagem,2024-04,1,2024-04-01,373850328.77,329709854.4741897,44140474.29581028,11.806990899549634,-11.80699089954963
valor_aprovado,nominal,ridge,aprendizagem,2024-04,2,2024-05-01,387596104.3,331043250.03383285,56552854.266167164,14.590666324756238,-14.59066632475624
valor_aprovado,nominal,ridge,aprendizagem,2024-04,3,2024-06-01,360982328.25,332723272.51890695,28259055.73109305,7.828376493688663,-7.82837649368866
valor_aprovado,nominal,ridge,aprendizagem,2024-04,4,2024-07-01,390560593.67,334645849.2069199,55914744.46308011,14.316535095787128,-14.316535095787131
valor_aprovado,nominal,ridge,aprendizagem,2024-04,5,2024-08-01,391118763.67,336641915.17258143,54476848.49741858,13.928467145437828,-13.928467145437828
valor_aprovado,nominal,ridge,aprendizagem,2024-04,6,2024-09-01,366497269.12,338522714.0980029,27974555.021997094,7.6329504689535765,-7.632950468953581
valor_aprovado,nominal,ridge,aprendizagem,2024-04,7,2024-10-01,396093556.14,340130375.37564206,55963180.764357924,14.128778390067431,-14.128778390067431
valor_aprovado,nominal,ridge,aprendizagem,2024-04,8,2024-11-01,383252079.78,341380215.4101022,41871864.36989778,10.925410866376431,-10.925410866376428
valor_aprovado,nominal,ridge,aprendizagem,2024-04,9,2024-12-01,390807010.08,342283428.5191314,48523581.56086856,12.41625157924766,-12.41625157924766
valor_aprovado,nominal,ridge,aprendizagem,2024-04,10,2025-01-01,392330621.24,341595693.3772454,50734927.86275458,12.9316767838314,-12.931676783831403
valor_aprovado,nominal,ridge,aprendizagem,2024-04,11,2025-02-01,359514022.46,342182863.0056872,17331159.4543128,4.820718628921099,-4.820718628921094
valor_aprovado,nominal,ridge,aprendizagem,2024-04,12,2025-03-01,389704865.08,342885299.674369,46819565.405631006,12.014108521847609,-12.01410852184761
valor_aprovado,nominal,ridge,aprendizagem,2024-05,1,2024-05-01,387596104.3,333140152.3733237,54455951.92667633,14.049664411623533,-14.04966441162353
valor_aprovado,nominal,ridge,aprendizagem,2024-05,2,2024-06-01,360982328.25,334553703.5167595,26428624.733240485,7.321307073773766,-7.321307073773764
valor_aprovado,nominal,ridge,aprendizagem,2024-05,3,2024-07-01,390560593.67,336089063.99474204,54471529.67525798,13.94701118292623,-13.947011182926229
valor_aprovado,nominal,ridge,aprendizagem,2024-05,4,2024-08-01,391118763.67,337700345.0950331,53418418.57496691,13.657851153374429,-13.657851153374434
valor_aprovado,nominal,ridge,aprendizagem,2024-05,5,2024-09-01,366497269.12,339321315.2359582,27175953.884041786,7.4150494898077195,-7.415049489807723
valor_aprovado,nominal,ridge,aprendizagem,2024-05,6,2024-10-01,396093556.14,340883146.6652295,55210409.47477049,13.938729529660984,-13.938729529660987
valor_aprovado,nominal,ridge,aprendizagem,2024-05,7,2024-11-01,383252079.78,342332857.80058825,40919221.97941172,10.676842772229907,-10.67684277222991
valor_aprovado,nominal,ridge,aprendizagem,2024-05,8,2024-12-01,390807010.08,343647509.6019846,47159500.47801536,12.067209456749918,-12.067209456749916
valor_aprovado,nominal,ridge,aprendizagem,2024-05,9,2025-01-01,392330621.24,342836020.72016716,49494600.51983285,12.6155333895173,-12.615533389517298
valor_aprovado,nominal,ridge,aprendizagem,2024-05,10,2025-02-01,359514022.46,343952942.56470835,15561079.895291626,4.328365216136451,-4.328365216136454
valor_aprovado,nominal,ridge,aprendizagem,2024-05,11,2025-03-01,389704865.08,345060175.3686155,44644689.711384475,11.456025754828506,-11.456025754828502
valor_aprovado,nominal,ridge,aprendizagem,2024-05,12,2025-04-01,390023524.08,346226546.88417643,43796977.19582355,11.229316821115667,-11.229316821115665
valor_aprovado,nominal,ridge,aprendizagem,2024-06,1,2024-06-01,360982328.25,337075576.30160797,23906751.948392034,6.622693156279745,-6.622693156279746
valor_aprovado,nominal,ridge,aprendizagem,2024-06,2,2024-07-01,390560593.67,338265488.16167617,52295105.50832385,13.38975471563064,-13.389754715630641
valor_aprovado,nominal,ridge,aprendizagem,2024-06,3,2024-08-01,391118763.67,339420966.21556026,51697797.45443976,13.217928224496772,-13.217928224496767
valor_aprovado,nominal,ridge,aprendizagem,2024-06,4,2024-09-01,366497269.12,340621590.98519385,25875678.134806156,7.0602649228291625,-7.0602649228291625
valor_aprovado,nominal,ridge,aprendizagem,2024-06,5,2024-10-01,396093556.14,341934845.9664843,54158710.17351568,13.673211627399763,-13.673211627399763
valor_aprovado,nominal,ridge,aprendizagem,2024-06,6,2024-11-01,383252079.78,343398035.4810823,39854044.29891765,10.398911421901548,-10.398911421901547
valor_aprovado,nominal,ridge,aprendizagem,2024-06,7,2024-12-01,390807010.08,345008289.01352125,45798721.06647873,11.71901216846226,-11.719012168462262
valor_aprovado,nominal,ridge,aprendizagem,2024-06,8,2025-01-01,392330621.24,343919226.66392833,48411394.57607168,12.339438207260663,-12.339438207260667
valor_aprovado,nominal,ridge,aprendizagem,2024-06,9,2025-02-01,359514022.46,345668701.8201095,13845320.639890492,3.8511211732863466,-3.8511211732863426
valor_aprovado,nominal,ridge,aprendizagem,2024-06,10,2025-03-01,389704865.08,347373030.2605412,42331834.81945878,10.86253691258608,-10.862536912586085
valor_aprovado,nominal,ridge,aprendizagem,2024-06,11,2025-04-01,390023524.08,348964728.489316,41058795.590684,10.52726132033569,-10.52726132033569
valor_aprovado,nominal,ridge,aprendizagem,2024-06,12,2025-05-01,404820750.8,350406492.1847832,54414258.61521679,13.441568523274618,-13.441568523274617
valor_aprovado,nominal,ridge,aprendizagem,2024-07,1,2024-07-01,390560593.67,339281433.9894953,51279159.68050474,13.129629694242148,-13.129629694242151
valor_aprovado,nominal,ridge,aprendizagem,2024-07,2,2024-08-01,391118763.67,340305429.3111156,50813334.358884394,12.991791516746895,-12.991791516746897
valor_aprovado,nominal,ridge,aprendizagem,2024-07,3,2024-09-01,366497269.12,341326528.93630743,25170740.183692575,6.867920256030905,-6.867920256030901
valor_aprovado,nominal,ridge,aprendizagem,2024-07,4,2024-10-01,396093556.14,342464769.98246366,53628786.15753633,13.539424039148251,-13.539424039148251
valor_aprovado,nominal,ridge,aprendizagem,2024-07,5,2024-11-01,383252079.78,343808801.6178297,39443278.16217029,10.291732320099111,-10.291732320099111
valor_aprovado,nominal,ridge,aprendizagem,2024-07,6,2024-12-01,390807010.08,345392131.5884621,45414878.49153787,11.620794233512145,-11.620794233512143
valor_aprovado,nominal,ridge,aprendizagem,2024-07,7,2025-01-01,392330621.24,344280370.89264274,48050250.34735727,12.247387215275134,-12.247387215275129
valor_aprovado,nominal,ridge,aprendizagem,2024-07,8,2025-02-01,359514022.46,346194544.06321555,13319478.396784425,3.704856435263625,-3.704856435263626
valor_aprovado,nominal,ridge,aprendizagem,2024-07,9,2025-03-01,389704865.08,348111612.930217,41593252.149782956,10.673013317717896,-10.673013317717894
valor_aprovado,nominal,ridge,aprendizagem,2024-07,10,2025-04-01,390023524.08,349911540.3762541,40111983.7037459,10.28450368432605,-10.28450368432605
valor_aprovado,nominal,ridge,aprendizagem,2024-07,11,2025-05-01,404820750.8,351505677.23308134,53315073.56691867,13.170044633719568,-13.170044633719568
valor_aprovado,nominal,ridge,aprendizagem,2024-07,12,2025-06-01,377143717.14,352860515.7546421,24283201.385357857,6.438712957889117,-6.4387129578891145
valor_aprovado,nominal,ridge,aprendizagem,2024-08,1,2024-08-01,391118763.67,342615243.4880991,48503520.18190092,12.40122558344579,-12.401225583445786
valor_aprovado,nominal,ridge,aprendizagem,2024-08,2,2024-09-01,366497269.12,343369234.4066982,23128034.713301778,6.3105612679829015,-6.310561267982906
valor_aprovado,nominal,ridge,aprendizagem,2024-08,3,2024-10-01,396093556.14,344087162.94353974,52006393.19646025,13.129825615763993,-13.129825615763991
valor_aprovado,nominal,ridge,aprendizagem,2024-08,4,2024-11-01,383252079.78,344963730.2196641,38288349.560335875,9.990382722075433,-9.99038272207543
valor_aprovado,nominal,ridge,aprendizagem,2024-08,5,2024-12-01,390807010.08,346151130.23403287,44655879.845967114,11.426581073053384,-11.426581073053388
valor_aprovado,nominal,ridge,aprendizagem,2024-08,6,2025-01-01,392330621.24,345339675.7878864,46990945.45211363,11.977384101091591,-11.977384101091593
valor_aprovado,nominal,ridge,aprendizagem,2024-08,7,2025-02-01,359514022.46,347253710.2782693,12260312.181730688,3.4102458918955763,-3.4102458918955803
valor_aprovado,nominal,ridge,aprendizagem,2024-08,8,2025-03-01,389704865.08,349388845.38538146,40316019.69461852,10.345269794448757,-10.345269794448752
valor_aprovado,nominal,ridge,aprendizagem,2024-08,9,2025-04-01,390023524.08,351560042.87425125,38463481.20574874,9.861836230642147,-9.861836230642151
valor_aprovado,nominal,ridge,aprendizagem,2024-08,10,2025-05-01,404820750.8,353572601.62383807,51248149.176161945,12.659466955408341,-12.659466955408337
valor_aprovado,nominal,ridge,aprendizagem,2024-08,11,2025-06-01,377143717.14,355274327.6351806,21869389.504819393,5.798688539918386,-5.798688539918384
valor_aprovado,nominal,ridge,aprendizagem,2024-08,12,2025-07-01,406090370.51,356596314.29051095,49494056.21948904,12.18794135830666,-12.187941358306665
valor_aprovado,nominal,ridge,aprendizagem,2024-09,1,2024-09-01,366497269.12,345546156.2929211,20951112.82707888,5.716580884049911,-5.7165808840499155
valor_aprovado,nominal,ridge,aprendizagem,2024-09,2,2024-10-01,396093556.14,345944321.9154235,50149234.22457647,12.660956849005425,-12.660956849005423
valor_aprovado,nominal,ridge,aprendizagem,2024-09,3,2024-11-01,383252079.78,346324303.45776623,36927776.32223374,9.63537532358117,-9.635375323581174
valor_aprovado,nominal,ridge,aprendizagem,2024-09,4,2024-12-01,390807010.08,346955396.20381176,43851613.87618822,11.220784874665272,-11.220784874665268
valor_aprovado,nominal,ridge,aprendizagem,2024-09,5,2025-01-01,392330621.24,346586786.8919299,45743834.348070085,11.65951161382513,-11.659511613825135
valor_aprovado,nominal,ridge,aprendizagem,2024-09,6,2025-02-01,359514022.46,348204719.2394297,11309303.220570266,3.145719642083934,-3.145719642083933
valor_aprovado,nominal,ridge,aprendizagem,2024-09,7,2025-03-01,389704865.08,350293957.1104121,39410907.96958786,10.113014104018808,-10.113014104018802
valor_aprovado,nominal,ridge,aprendizagem,2024-09,8,2025-04-01,390023524.08,352665801.93582296,37357722.14417702,9.57832536698847,-9.578325366988471
valor_aprovado,nominal,ridge,aprendizagem,2024-09,9,2025-05-01,404820750.8,355055830.84139353,49764919.95860648,12.293075357491402,-12.2930753574914
valor_aprovado,nominal,ridge,aprendizagem,2024-09,10,2025-06-01,377143717.14,357194748.5432612,19948968.596738815,5.2894871875417016,-5.289487187541697
valor_aprovado,nominal,ridge,aprendizagem,2024-09,11,2025-07-01,406090370.51,358880544.801806,47209825.70819402,11.625448209693875,-11.625448209693879
valor_aprovado,nominal,ridge,aprendizagem,2024-09,12,2025-08-01,394232835.81,360032622.9022194,34200212.90778059,8.67513048158762,-8.675130481587622
valor_aprovado,nominal,ridge,aprendizagem,2024-10,1,2024-10-01,396093556.14,346784910.18578184,49308645.95421815,12.448737221261414,-12.448737221261407
valor_aprovado,nominal,ridge,aprendizagem,2024-10,2,2024-11-01,383252079.78,347008601.47099745,36243478.30900252,9.45682495181958,-9.456824951819575
valor_aprovado,nominal,ridge,aprendizagem,2024-10,3,2024-12-01,390807010.08,347418873.38221794,43388136.69778204,11.10218997578889,-11.102189975788889
valor_aprovado,nominal,ridge,aprendizagem,2024-10,4,2025-01-01,392330621.24,347148746.6765703,45181874.56342971,11.516275334468643,-11.51627533446864
valor_aprovado,nominal,ridge,aprendizagem,2024-10,5,2025-02-01,359514022.46,348580296.54529095,10933725.914709032,3.041251587321753,-3.041251587321747
valor_aprovado,nominal,ridge,aprendizagem,2024-10,6,2025-03-01,389704865.08,350572893.141547,39131971.93845296,10.041437879001025,-10.041437879001025
valor_aprovado,nominal,ridge,aprendizagem,2024-10,7,2025-04-01,390023524.08,352958080.1435565,37065443.93644351,9.503386756958998,-9.503386756958998
valor_aprovado,nominal,ridge,aprendizagem,2024-10,8,2025-05-01,404820750.8,355462206.9473594,49358543.85264063,12.192691149131832,-12.192691149131829
valor_aprovado,nominal,ridge,aprendizagem,2024-10,9,2025-06-01,377143717.14,357779753.1251575,19363964.01484251,5.134372689988202,-5.134372689988198
valor_aprovado,nominal,ridge,aprendizagem,2024-10,10,2025-07-01,406090370.51,359655192.3772136,46435178.13278639,11.434690774486839,-11.434690774486844
valor_aprovado,nominal,ridge,aprendizagem,2024-10,11,2025-08-01,394232835.81,360951460.59751153,33281375.212488472,8.442060678204994,-8.442060678205
valor_aprovado,nominal,ridge,aprendizagem,2024-10,12,2025-09-01,395718441.83,361686682.090274,34031759.73972601,8.599993364561461,-8.599993364561465
valor_aprovado,nominal,ridge,aprendizagem,2024-11,1,2024-11-01,383252079.78,349139696.8555209,34112382.92447907,8.900769160616367,-8.900769160616361
valor_aprovado,nominal,ridge,aprendizagem,2024-11,2,2024-12-01,390807010.08,349337131.1864648,41469878.8935352,10.611344685205653,-10.611344685205648
valor_aprovado,nominal,ridge,aprendizagem,2024-11,3,2025-01-01,392330621.24,348649247.2176595,43681374.022340536,11.133817157651677,-11.133817157651682
valor_aprovado,nominal,ridge,aprendizagem,2024-11,4,2025-02-01,359514022.46,349739461.3549858,9774561.105014205,2.7188261081253753,-2.7188261081253717
valor_aprovado,nominal,ridge,aprendizagem,2024-11,5,2025-03-01,389704865.08,351471328.1758943,38233536.90410566,9.810895457067735,-9.810895457067737
valor_aprovado,nominal,ridge,aprendizagem,2024-11,6,2025-04-01,390023524.08,353752928.7738609,36270595.30613911,9.299591708396399,-9.299591708396404
valor_aprovado,nominal,ridge,aprendizagem,2024-11,7,2025-05-01,404820750.8,356345043.5207466,48475707.27925342,11.97461028948159,-11.974610289481591
valor_aprovado,nominal,ridge,aprendizagem,2024-11,8,2025-06-01,377143717.14,358925250.7729711,18218466.367028892,4.830642945661479,-4.830642945661479
valor_aprovado,nominal,ridge,aprendizagem,2024-11,9,2025-07-01,406090370.51,361174319.4905325,44916051.01946747,11.060604801600785,-11.060604801600782
valor_aprovado,nominal,ridge,aprendizagem,2024-11,10,2025-08-01,394232835.81,362861746.93637466,31371088.873625338,7.957502781108927,-7.957502781108927
valor_aprovado,nominal,ridge,aprendizagem,2024-11,11,2025-09-01,395718441.83,363907521.6986345,31810920.131365478,8.038776253200602,-8.038776253200608
valor_aprovado,nominal,ridge,aprendizagem,2024-11,12,2025-10-01,411650546.75,364403562.68383634,47246984.06616366,11.477449608455709,-11.477449608455704
valor_aprovado,nominal,ridge,aprendizagem,2024-12,1,2024-12-01,390807010.08,351204750.93792486,39602259.14207512,10.133456698734333,-10.133456698734333
valor_aprovado,nominal,ridge,aprendizagem,2024-12,2,2025-01-01,392330621.24,349474323.78296393,42856297.45703608,10.923515814693353,-10.923515814693353
valor_aprovado,nominal,ridge,aprendizagem,2024-12,3,2025-02-01,359514022.46,350568833.67228246,8945188.787717521,2.488133488232097,-2.4881334882320916
valor_aprovado,nominal,ridge,aprendizagem,2024-12,4,2025-03-01,389704865.08,352229007.63154614,37475857.44845384,9.616471542063163,-9.616471542063165
valor_aprovado,nominal,ridge,aprendizagem,2024-12,5,2025-04-01,390023524.08,354410773.23368496,35612750.84631503,9.130923815510751,-9.13092381551075
valor_aprovado,nominal,ridge,aprendizagem,2024-12,6,2025-05-01,404820750.8,356930297.99214184,47890452.80785817,11.83003902670944,-11.830039026709438
valor_aprovado,nominal,ridge,aprendizagem,2024-12,7,2025-06-01,377143717.14,359513247.1271881,17630470.0128119,4.674735176953053,-4.674735176953049
valor_aprovado,nominal,ridge,aprendizagem,2024-12,8,2025-07-01,406090370.51,361868291.34860736,44222079.16139263,10.88971381071043,-10.889713810710433
valor_aprovado,nominal,ridge,aprendizagem,2024-12,9,2025-08-01,394232835.81,363765168.3037408,30467667.506259203,7.728343440408667,-7.728343440408669
valor_aprovado,nominal,ridge,aprendizagem,2024-12,10,2025-09-01,395718441.83,365096381.1889292,30622060.641070783,7.738345602357843,-7.738345602357843
valor_aprovado,nominal,ridge,aprendizagem,2024-12,11,2025-10-01,411650546.75,365906002.4312424,45744544.31875759,11.112470195876787,-11.112470195876789
valor_aprovado,nominal,ridge,aprendizagem,2024-12,12,2025-11-01,382184403.39,366377864.5172375,15806538.872762501,4.135840901030365,-4.135840901030363
valor_aprovado,nominal,ridge,aprendizagem,2025-01,1,2025-01-01,392330621.24,349993123.28151524,42337497.95848477,10.791280533921336,-10.791280533921332
valor_aprovado,nominal,ridge,aprendizagem,2025-01,2,2025-02-01,359514022.46,351519102.5605263,7994919.899473667,2.2238130921202646,-2.2238130921202637
valor_aprovado,nominal,ridge,aprendizagem,2025-01,3,2025-03-01,389704865.08,353358988.3240465,36345876.75595349,9.32651347539433,-9.326513475394327
valor_aprovado,nominal,ridge,aprendizagem,2025-01,4,2025-04-01,390023524.08,355488102.4108603,34535421.66913968,8.854702226129294,-8.854702226129296
valor_aprovado,nominal,ridge,aprendizagem,2025-01,5,2025-05-01,404820750.8,357804268.16409755,47016482.635902464,11.614148371344422,-11.614148371344424
valor_aprovado,nominal,ridge,aprendizagem,2025-01,6,2025-06-01,377143717.14,360155188.5839271,16988528.55607289,4.504523815192328,-4.5045238151923295
valor_aprovado,nominal,ridge,aprendizagem,2025-01,7,2025-07-01,406090370.51,362379254.18567103,43711116.32432896,10.763888902224677,-10.763888902224672
valor_aprovado,nominal,ridge,aprendizagem,2025-01,8,2025-08-01,394232835.81,364348846.1307135,29883989.67928648,7.580289353089054,-7.580289353089054
valor_aprovado,nominal,ridge,aprendizagem,2025-01,9,2025-09-01,395718441.83,366004531.5912469,29713910.23875308,7.508851521132323,-7.50885152113232
valor_aprovado,nominal,ridge,aprendizagem,2025-01,10,2025-10-01,411650546.75,367370988.72848666,44279558.02151334,10.756589143656553,-10.756589143656548
valor_aprovado,nominal,ridge,aprendizagem,2025-01,11,2025-11-01,382184403.39,368550394.1993029,13634009.190697074,3.5673902623347646,-3.5673902623347686
valor_aprovado,nominal,ridge,aprendizagem,2025-01,12,2025-12-01,417980005.06,369695045.0035269,48284960.05647308,11.551978437232156,-11.551978437232158
valor_aprovado,nominal,ridge,aprendizagem,2025-02,1,2025-02-01,359514022.46,353838815.87414736,5675206.585852623,1.5785772546560557,-1.578577254656055
valor_aprovado,nominal,ridge,aprendizagem,2025-02,2,2025-03-01,389704865.08,354982333.5842178,34722531.4957822,8.909955868437576,-8.90995586843758
valor_aprovado,nominal,ridge,aprendizagem,2025-02,3,2025-04-01,390023524.08,356562259.52012235,33461264.559877634,8.57929393843798,-8.579293938437981
valor_aprovado,nominal,ridge,aprendizagem,2025-02,4,2025-05-01,404820750.8,358557378.78328025,46263372.01671976,11.428112794439231,-11.428112794439226
valor_aprovado,nominal,ridge,aprendizagem,2025-02,5,2025-06-01,377143717.14,360835225.7583705,16308491.381629467,4.324211339195019,-4.324211339195017
valor_aprovado,nominal,ridge,aprendizagem,2025-02,6,2025-07-01,406090370.51,363187578.16798174,42902792.34201825,10.56483863139566,-10.564838631395656
valor_aprovado,nominal,ridge,aprendizagem,2025-02,7,2025-08-01,394232835.81,365386250.06369114,28846585.746308863,7.317144369022431,-7.317144369022433
valor_aprovado,nominal,ridge,aprendizagem,2025-02,8,2025-09-01,395718441.83,367244234.0666681,28474207.76333189,7.1955725974389555,-7.195572597438959
valor_aprovado,nominal,ridge,aprendizagem,2025-02,9,2025-10-01,411650546.75,368665809.8438109,42984736.906189084,10.44204538183067,-10.442045381830667
valor_aprovado,nominal,ridge,aprendizagem,2025-02,10,2025-11-01,382184403.39,369672192.29370034,12512211.096299648,3.273867532352325,-3.273867532352326
valor_aprovado,nominal,ridge,aprendizagem,2025-02,11,2025-12-01,417980005.06,370395847.03165746,47584158.028342545,11.384314429469407,-11.384314429469411
valor_aprovado,nominal,ridge,aprendizagem,2025-02,12,2026-01-01,407396857.47,368944018.0751599,38452839.39484012,9.438668632261534,-9.438668632261537
valor_aprovado,nominal,ridge,aprendizagem,2025-03,1,2025-03-01,389704865.08,355132460.41125935,34572404.66874063,8.871432657542904,-8.871432657542899
valor_aprovado,nominal,ridge,aprendizagem,2025-03,2,2025-04-01,390023524.08,356669396.0903303,33354127.98966968,8.551824679895006,-8.551824679895004
valor_aprovado,nominal,ridge,aprendizagem,2025-03,3,2025-05-01,404820750.8,358622648.59575653,46198102.20424348,11.411989655408613,-11.411989655408616
valor_aprovado,nominal,ridge,aprendizagem,2025-03,4,2025-06-01,377143717.14,360867330.85975814,16276386.280241847,4.315698642329462,-4.315698642329457
valor_aprovado,nominal,ridge,aprendizagem,2025-03,5,2025-07-01,406090370.51,363200467.44609463,42889903.06390536,10.561664638844025,-10.561664638844025
valor_aprovado,nominal,ridge,aprendizagem,2025-03,6,2025-08-01,394232835.81,365395381.6542889,28837454.155711114,7.314828075256849,-7.314828075256852
valor_aprovado,nominal,ridge,aprendizagem,2025-03,7,2025-09-01,395718441.83,367262433.3584628,28456008.471537173,7.190973546732458,-7.19097354673246
valor_aprovado,nominal,ridge,aprendizagem,2025-03,8,2025-10-01,411650546.75,368699832.9259191,42950713.824080884,10.433780341889195,-10.433780341889198
valor_aprovado,nominal,ridge,aprendizagem,2025-03,9,2025-11-01,382184403.39,369720915.6670201,12463487.722979903,3.2611188767589607,-3.2611188767589616
valor_aprovado,nominal,ridge,aprendizagem,2025-03,10,2025-12-01,417980005.06,370450568.64954567,47529436.41045433,11.371222507074615,-11.371222507074618
valor_aprovado,nominal,ridge,aprendizagem,2025-03,11,2026-01-01,407396857.47,369159856.7842528,38237000.685747206,9.385688668097522,-9.385688668097526
valor_aprovado,nominal,ridge,aprendizagem,2025-03,12,2026-02-01,369527943.05,369939277.82258576,-411334.7725857496,0.11131357731452877,0.11131357731453129
valor_aprovado,nominal,ridge,aprendizagem,2025-04,1,2025-04-01,390023524.08,358107173.2116136,31916350.868386388,8.183186115163618,-8.183186115163622
valor_aprovado,nominal,ridge,aprendizagem,2025-04,2,2025-05-01,404820750.8,359894182.4444672,44926568.355532825,11.097891663594242,-11.09789166359424
valor_aprovado,nominal,ridge,aprendizagem,2025-04,3,2025-06-01,377143717.14,361894729.2176056,15248987.922394395,4.043283032270109,-4.043283032270106
valor_aprovado,nominal,ridge,aprendizagem,2025-04,4,2025-07-01,406090370.51,363974121.8821433,42116248.62785667,10.37115176480639,-10.371151764806385
valor_aprovado,nominal,ridge,aprendizagem,2025-04,5,2025-08-01,394232835.81,365976542.09626794,28256293.713732064,7.167412540783423,-7.167412540783424
valor_aprovado,nominal,ridge,aprendizagem,2025-04,6,2025-09-01,395718441.83,367766796.2240946,27951645.605905354,7.063518565534364,-7.063518565534366
valor_aprovado,nominal,ridge,aprendizagem,2025-04,7,2025-10-01,411650546.75,369266540.3612233,42384006.38877672,10.296113225987527,-10.296113225987524
valor_aprovado,nominal,ridge,aprendizagem,2025-04,8,2025-11-01,382184403.39,370475272.5206546,11709130.869345367,3.0637385423069676,-3.0637385423069707
valor_aprovado,nominal,ridge,aprendizagem,2025-04,9,2025-12-01,417980005.06,371470467.1398011,46509537.92019892,11.127215980946884,-11.12721598094688
valor_aprovado,nominal,ridge,aprendizagem,2025-04,10,2026-01-01,407396857.47,370461438.65449643,36935418.8155036,9.066201208541099,-9.066201208541102
valor_aprovado,nominal,ridge,aprendizagem,2025-04,11,2026-02-01,369527943.05,371454759.8326567,-1926816.7826566696,0.5214265440261865,0.5214265440261823
valor_aprovado,nominal,ridge,aprendizagem,2025-04,12,2026-03-01,412089732.61,372660247.0971149,39429485.51288509,9.568179547487293,-9.568179547487288
valor_aprovado,nominal,ridge,aprendizagem,2025-05,1,2025-05-01,404820750.8,361236481.4368418,43584269.363158226,10.766313060046384,-10.766313060046384
valor_aprovado,nominal,ridge,aprendizagem,2025-05,2,2025-06-01,377143717.14,363057053.71029764,14086663.429702342,3.735091634702538,-3.7350916347025365
valor_aprovado,nominal,ridge,aprendizagem,2025-05,3,2025-07-01,406090370.51,364877196.9264608,41213173.58353919,10.14876898749913,-10.148768987499125
valor_aprovado,nominal,ridge,aprendizagem,2025-05,4,2025-08-01,394232835.81,366623534.3776146,27609301.432385385,7.003298285810889,-7.003298285810889
valor_aprovado,nominal,ridge,aprendizagem,2025-05,5,2025-09-01,395718441.83,368242465.5511735,27475976.278826475,6.943314582904911,-6.943314582904914
valor_aprovado,nominal,ridge,aprendizagem,2025-05,6,2025-10-01,411650546.75,369714528.34374404,41936018.40625596,10.187285972857987,-10.187285972857985
valor_aprovado,nominal,ridge,aprendizagem,2025-05,7,2025-11-01,382184403.39,371059613.91601235,11124789.473987639,2.9108433979278194,-2.9108433979278203
valor_aprovado,nominal,ridge,aprendizagem,2025-05,8,2025-12-01,417980005.06,372331636.87230164,45648368.187698364,10.921184658377534,-10.921184658377536
valor_aprovado,nominal,ridge,aprendizagem,2025-05,9,2026-01-01,407396857.47,371217633.383775,36179224.08622503,8.880584968402513,-8.880584968402516
valor_aprovado,nominal,ridge,aprendizagem,2025-05,10,2026-02-01,369527943.05,372563891.1623664,-3035948.1123663783,0.8215747061800928,0.8215747061800949
valor_aprovado,nominal,ridge,aprendizagem,2025-05,11,2026-03-01,412089732.61,374037555.21855265,38052177.391447365,9.233954253225665,-9.233954253225662
valor_aprovado,nominal,ridge,aprendizagem,2025-05,12,2026-04-01,396764540.54,375658087.65572727,21106452.884272754,5.3196419356293,-5.3196419356293045
valor_aprovado,nominal,ridge,aprendizagem,2025-06,1,2025-06-01,377143717.14,364864209.2909253,12279507.849074662,3.255922687031366,-3.255922687031365
valor_aprovado,nominal,ridge,aprendizagem,2025-06,2,2025-07-01,406090370.51,366426384.02954865,39663986.480451345,9.767280723903454,-9.767280723903449
valor_aprovado,nominal,ridge,aprendizagem,2025-06,3,2025-08-01,394232835.81,367835829.5352721,26397006.27472788,6.69579088218057,-6.6957908821805745
valor_aprovado,nominal,ridge,aprendizagem,2025-06,4,2025-09-01,395718441.83,369146774.72461545,26571667.10538453,6.714791199142464,-6.714791199142467
valor_aprovado,nominal,ridge,aprendizagem,2025-06,5,2025-10-01,411650546.75,370439841.5943265,41210705.155673504,10.011089619832626,-10.011089619832624
valor_aprovado,nominal,ridge,aprendizagem,2025-06,6,2025-11-01,382184403.39,371800442.6224607,10383960.767539263,2.717002754542799,-2.7170027545427966
valor_aprovado,nominal,ridge,aprendizagem,2025-06,7,2025-12-01,417980005.06,373295894.56386256,44684110.49613744,10.69048996487838,-10.690489964878381
valor_aprovado,nominal,ridge,aprendizagem,2025-06,8,2026-01-01,407396857.47,371950893.23397315,35445964.23602688,8.700598344364268,-8.700598344364273
valor_aprovado,nominal,ridge,aprendizagem,2025-06,9,2026-02-01,369527943.05,373765108.8830781,-4237165.833078086,1.1466428758013478,1.1466428758013514
valor_aprovado,nominal,ridge,aprendizagem,2025-06,10,2026-03-01,412089732.61,375677824.84856325,36411907.76143676,8.835917248124412,-8.835917248124414
valor_aprovado,nominal,ridge,aprendizagem,2025-06,11,2026-04-01,396764540.54,377608419.13368064,19156121.40631938,4.8280830187717205,-4.828083018771723
valor_aprovado,nominal,ridge,aprendizagem,2025-06,12,2026-05-01,426565867.1,379471479.26037484,47094387.83962518,11.040355422667895,-11.040355422667892
valor_aprovado,nominal,ridge,aprendizagem,2025-07,1,2025-07-01,406090370.51,366846738.22374153,39243632.28625846,9.663768248671655,-9.663768248671655
valor_aprovado,nominal,ridge,aprendizagem,2025-07,2,2025-08-01,394232835.81,368192640.0625228,26040195.747477174,6.605283320445487,-6.605283320445487
valor_aprovado,nominal,ridge,aprendizagem,2025-07,3,2025-09-01,395718441.83,369418272.31677485,26300169.51322514,6.646182419904415,-6.646182419904411
valor_aprovado,nominal,ridge,aprendizagem,2025-07,4,2025-10-01,411650546.75,370629123.5222428,41021423.227757215,9.965108403626143,-9.965108403626143
valor_aprovado,nominal,ridge,aprendizagem,2025-07,5,2025-11-01,382184403.39,371934642.784757,10249760.605242968,2.6818887726257112,-2.681888772625707
valor_aprovado,nominal,ridge,aprendizagem,2025-07,6,2025-12-01,417980005.06,373418912.98071325,44561092.079286754,10.66105831375597,-10.661058313755966
valor_aprovado,nominal,ridge,aprendizagem,2025-07,7,2026-01-01,407396857.47,372053745.5636885,35343111.90631151,8.675352118766433,-8.675352118766433
valor_aprovado,nominal,ridge,aprendizagem,2025-07,8,2026-02-01,369527943.05,373946485.38344634,-4418542.333446324,1.1957261735003517,1.1957261735003444
valor_aprovado,nominal,ridge,aprendizagem,2025-07,9,2026-03-01,412089732.61,375959494.78773355,36130237.82226646,8.767565644849483,-8.767565644849483
valor_aprovado,nominal,ridge,aprendizagem,2025-07,10,2026-04-01,396764540.54,377987285.2408048,18777255.29919523,4.732594115804608,-4.732594115804611
valor_aprovado,nominal,ridge,aprendizagem,2025-07,11,2026-05-01,426565867.1,379920407.63682973,46645459.46317029,10.935112971013965,-10.935112971013961
valor_aprovado,nominal,ridge,aprendizagem,2025-07,12,2026-06-01,409258364.78,381674779.0994127,27583585.68058729,6.739895394786875,-6.739895394786877
valor_aprovado,nominal,random_forest,aprendizagem,2022-01,1,2022-01-01,302837210.44,267494036.4801198,35343173.9598802,11.670684031374213,-11.670684031374211
valor_aprovado,nominal,random_forest,aprendizagem,2022-01,2,2022-02-01,280312728.99,266146922.84925613,14165806.140743881,5.053572198374637,-5.053572198374634
valor_aprovado,nominal,random_forest,aprendizagem,2022-01,3,2022-03-01,314093080.19,268839594.47797924,45253485.712020755,14.407667206372771,-14.407667206372764
valor_aprovado,nominal,random_forest,aprendizagem,2022-01,4,2022-04-01,304231395.4,267975705.0538395,36255690.34616047,11.917142968920713,-11.917142968920713
valor_aprovado,nominal,random_forest,aprendizagem,2022-01,5,2022-05-01,306243852.81,269305779.3631366,36938073.44686341,12.061653844781189,-12.061653844781194
valor_aprovado,nominal,random_forest,aprendizagem,2022-01,6,2022-06-01,306868827.71,269227090.6022057,37641737.107794285,12.266393230193726,-12.266393230193728
valor_aprovado,nominal,random_forest,aprendizagem,2022-01,7,2022-07-01,308883599.32,270517195.9577488,38366403.36225122,12.420990770216989,-12.420990770216989
valor_aprovado,nominal,random_forest,aprendizagem,2022-01,8,2022-08-01,323453719.42,269894913.61736256,53558805.80263746,16.558413951361032,-16.55841395136104
valor_aprovado,nominal,random_forest,aprendizagem,2022-01,9,2022-09-01,311819626.42,269733826.10386807,42085800.31613195,13.496841362847768,-13.496841362847768
valor_aprovado,nominal,random_forest,aprendizagem,2022-01,10,2022-10-01,312427063.88,271325797.8338594,41101266.04614061,13.15547556466721,-13.155475564667206
valor_aprovado,nominal,random_forest,aprendizagem,2022-01,11,2022-11-01,312285235.81,271090885.8309151,41194349.97908491,13.191257624535377,-13.19125762453538
valor_aprovado,nominal,random_forest,aprendizagem,2022-01,12,2022-12-01,324955128.46,273993318.5969148,50961809.86308515,15.682722136006616,-15.68272213600661
valor_aprovado,nominal,random_forest,aprendizagem,2022-02,1,2022-02-01,280312728.99,275027400.1487129,5285328.841287136,1.8855115357518022,-1.8855115357518049
valor_aprovado,nominal,random_forest,aprendizagem,2022-02,2,2022-03-01,314093080.19,276185866.5804281,37907213.609571874,12.0687834277155,-12.068783427715502
valor_aprovado,nominal,random_forest,aprendizagem,2022-02,3,2022-04-01,304231395.4,275452998.81560564,28778396.584394336,9.459377638049757,-9.459377638049759
valor_aprovado,nominal,random_forest,aprendizagem,2022-02,4,2022-05-01,306243852.81,276163194.5356305,30080658.27436948,9.822452923824773,-9.822452923824777
valor_aprovado,nominal,random_forest,aprendizagem,2022-02,5,2022-06-01,306868827.71,276085364.8369017,30783462.873098254,10.031472764053287,-10.031472764053284
valor_aprovado,nominal,random_forest,aprendizagem,2022-02,6,2022-07-01,308883599.32,276627265.3629525,32256333.957047522,10.44287687273105,-10.442876872731055
valor_aprovado,nominal,random_forest,aprendizagem,2022-02,7,2022-08-01,323453719.42,276364484.6075819,47089234.8124181,14.558260420333397,-14.558260420333403
valor_aprovado,nominal,random_forest,aprendizagem,2022-02,8,2022-09-01,311819626.42,276494007.8005245,35325618.61947554,11.328863107511493,-11.328863107511488
valor_aprovado,nominal,random_forest,aprendizagem,2022-02,9,2022-10-01,312427063.88,277214850.6686384,35212213.21136159,11.270538721602632,-11.27053872160263
valor_aprovado,nominal,random_forest,aprendizagem,2022-02,10,2022-11-01,312285235.81,278084129.9398528,34201105.87014723,10.951880508035226,-10.951880508035227
valor_aprovado,nominal,random_forest,aprendizagem,2022-02,11,2022-12-01,324955128.46,279171892.7912954,45783235.66870457,14.089094665370148,-14.08909466537015
valor_aprovado,nominal,random_forest,aprendizagem,2022-02,12,2023-01-01,318310548.87,277831213.6696889,40479335.200311124,12.716931733494995,-12.716931733494995
valor_aprovado,nominal,random_forest,aprendizagem,2022-03,1,2022-03-01,314093080.19,279635057.5652788,34458022.62472117,10.97064048780602,-10.970640487806016
valor_aprovado,nominal,random_forest,aprendizagem,2022-03,2,2022-04-01,304231395.4,278797081.0386836,25434314.361316383,8.360187260711747,-8.360187260711749
valor_aprovado,nominal,random_forest,aprendizagem,2022-03,3,2022-05-01,306243852.81,278925786.86202675,27318065.94797325,8.92036385295934,-8.920363852959346
valor_aprovado,nominal,random_forest,aprendizagem,2022-03,4,2022-06-01,306868827.71,278858610.73947614,28010216.970523834,9.127749201360494,-9.12774920136049
valor_aprovado,nominal,random_forest,aprendizagem,2022-03,5,2022-07-01,308883599.32,279304421.11239594,29579178.20760405,9.576156931841611,-9.576156931841616
valor_aprovado,nominal,random_forest,aprendizagem,2022-03,6,2022-08-01,323453719.42,279061382.3087309,44392337.11126912,13.724478788146598,-13.724478788146598
valor_aprovado,nominal,random_forest,aprendizagem,2022-03,7,2022-09-01,311819626.42,279149203.53805727,32670422.88194275,10.47734655352896,-10.477346553528955
valor_aprovado,nominal,random_forest,aprendizagem,2022-03,8,2022-10-01,312427063.88,279758334.65379405,32668729.226205945,10.45643383786805,-10.456433837868051
valor_aprovado,nominal,random_forest,aprendizagem,2022-03,9,2022-11-01,312285235.81,280283343.5365419,32001892.273458123,10.247648176658808,-10.247648176658808
valor_aprovado,nominal,random_forest,aprendizagem,2022-03,10,2022-12-01,324955128.46,281051318.31390387,43903810.14609611,13.510730036531923,-13.510730036531927
valor_aprovado,nominal,random_forest,aprendizagem,2022-03,11,2023-01-01,318310548.87,280320638.3374349,37989910.53256512,11.934857536901937,-11.934857536901934
valor_aprovado,nominal,random_forest,aprendizagem,2022-03,12,2023-02-01,294899969.04,278981690.54444456,15918278.49555546,5.397856957182764,-5.397856957182768
valor_aprovado,nominal,random_forest,aprendizagem,2022-04,1,2022-04-01,304231395.4,289060843.59863496,15170551.801365018,4.986517509614335,-4.98651750961433
valor_aprovado,nominal,random_forest,aprendizagem,2022-04,2,2022-05-01,306243852.81,289122918.98408604,17120933.825913966,5.590621221884948,-5.59062122188495
valor_aprovado,nominal,random_forest,aprendizagem,2022-04,3,2022-06-01,306868827.71,289108605.94625604,17760221.763743937,5.78756138128434,-5.787561381284345
valor_aprovado,nominal,random_forest,aprendizagem,2022-04,4,2022-07-01,308883599.32,289256247.2510319,19627352.068968117,6.354287541383638,-6.354287541383641
valor_aprovado,nominal,random_forest,aprendizagem,2022-04,5,2022-08-01,323453719.42,289175334.01059943,34278385.40940058,10.59761670722685,-10.597616707226853
valor_aprovado,nominal,random_forest,aprendizagem,2022-04,6,2022-09-01,311819626.42,289240058.3003552,22579568.11964482,7.241227365602596,-7.241227365602598
valor_aprovado,nominal,random_forest,aprendizagem,2022-04,7,2022-10-01,312427063.88,289387586.6235718,23039477.256428182,7.374353863683655,-7.374353863683658
valor_aprovado,nominal,random_forest,aprendizagem,2022-04,8,2022-11-01,312285235.81,289543192.0473888,22742043.76261121,7.282458840432623,-7.282458840432627
valor_aprovado,nominal,random_forest,aprendizagem,2022-04,9,2022-12-01,324955128.46,289840551.46929324,35114576.99070674,10.805977168946,-10.805977168946
valor_aprovado,nominal,random_forest,aprendizagem,2022-04,10,2023-01-01,318310548.87,289620098.66925114,28690450.20074886,9.01335199307712,-9.013351993077123
valor_aprovado,nominal,random_forest,aprendizagem,2022-04,11,2023-02-01,294899969.04,289069530.0980015,5830438.941998541,1.9770903879639625,-1.9770903879639645
valor_aprovado,nominal,random_forest,aprendizagem,2022-04,12,2023-03-01,333190074.83000004,289831390.72931373,43358684.10068631,13.0131979840062,-13.013197984006197
valor_aprovado,nominal,random_forest,aprendizagem,2022-05,1,2022-05-01,306243852.81,294824511.5296695,11419341.28033048,3.7288393466677268,-3.7288393466677228
valor_aprovado,nominal,random_forest,aprendizagem,2022-05,2,2022-06-01,306868827.71,294810198.49183947,12058629.21816051,3.9295712464989334,-3.9295712464989307
valor_aprovado,nominal,random_forest,aprendizagem,2022-05,3,2022-07-01,308883599.32,294836476.59225684,14047122.727743149,4.547707537294813,-4.5477075372948095
valor_aprovado,nominal,random_forest,aprendizagem,2022-05,4,2022-08-01,323453719.42,294797882.061905,28655837.35809499,8.859331532646806,-8.859331532646808
valor_aprovado,nominal,random_forest,aprendizagem,2022-05,5,2022-09-01,311819626.42,294881837.3860123,16937789.0339877,5.431918839891637,-5.431918839891637
valor_aprovado,nominal,random_forest,aprendizagem,2022-05,6,2022-10-01,312427063.88,294904600.3895848,17522463.490415215,5.608497315439168,-5.608497315439164
valor_aprovado,nominal,random_forest,aprendizagem,2022-05,7,2022-11-01,312285235.81,294911824.4906996,17373411.319300413,5.563314984852729,-5.563314984852729
valor_aprovado,nominal,random_forest,aprendizagem,2022-05,8,2022-12-01,324955128.46,295000500.6958641,29954627.764135897,9.218081248969465,-9.218081248969467
valor_aprovado,nominal,random_forest,aprendizagem,2022-05,9,2023-01-01,318310548.87,294945052.3566281,23365496.513371885,7.3404719373326515,-7.340471937332649
valor_aprovado,nominal,random_forest,aprendizagem,2022-05,10,2023-02-01,294899969.04,294905821.1512321,-5852.111232101917,0.0019844394189502752,0.0019844394189449943
valor_aprovado,nominal,random_forest,aprendizagem,2022-05,11,2023-03-01,333190074.83000004,295078485.16142064,38111589.6685794,11.438392841690936,-11.438392841690936
valor_aprovado,nominal,random_forest,aprendizagem,2022-05,12,2023-04-01,308241204.10999995,294774070.522979,13467133.587020934,4.369024454697825,-4.369024454697823
valor_aprovado,nominal,random_forest,aprendizagem,2022-06,1,2022-06-01,306868827.71,299266946.94569594,7601880.764304042,2.477241113420631,-2.4772411134206362
valor_aprovado,nominal,random_forest,aprendizagem,2022-06,2,2022-07-01,308883599.32,299260811.556299,9622787.763701022,3.1153443513625727,-3.11534435136257
valor_aprovado,nominal,random_forest,aprendizagem,2022-06,3,2022-08-01,323453719.42,299187862.90353566,24265856.516464353,7.50211083056228,-7.50211083056228
valor_aprovado,nominal,random_forest,aprendizagem,2022-06,4,2022-09-01,311819626.42,299224642.08171386,12594984.338286161,4.039189092389447,-4.03918909238945
valor_aprovado,nominal,random_forest,aprendizagem,2022-06,5,2022-10-01,312427063.88,299168759.3845434,13258304.495456576,4.243647887223034,-4.243647887223034
valor_aprovado,nominal,random_forest,aprendizagem,2022-06,6,2022-11-01,312285235.81,299173143.44515455,13112092.364845455,4.198755131934283,-4.198755131934284
valor_aprovado,nominal,random_forest,aprendizagem,2022-06,7,2022-12-01,324955128.46,299260064.5660135,25695063.893986464,7.907265232513286,-7.907265232513283
valor_aprovado,nominal,random_forest,aprendizagem,2022-06,8,2023-01-01,318310548.87,299279242.50866264,19031306.361337364,5.978848777993175,-5.978848777993173
valor_aprovado,nominal,random_forest,aprendizagem,2022-06,9,2023-02-01,294899969.04,299185856.1446438,-4285887.104643762,1.4533358950819106,1.4533358950819197
valor_aprovado,nominal,random_forest,aprendizagem,2022-06,10,2023-03-01,333190074.83000004,299266393.8899025,33923680.94009757,10.181480032802922,-10.181480032802925
valor_aprovado,nominal,random_forest,aprendizagem,2022-06,11,2023-04-01,308241204.10999995,299149891.38004935,9091312.729950607,2.949415136175711,-2.949415136175715
valor_aprovado,nominal,random_forest,aprendizagem,2022-06,12,2023-05-01,334325813.13,299266946.94569594,35058866.18430406,10.48643712433646,-10.486437124336456
valor_aprovado,nominal,random_forest,aprendizagem,2022-07,1,2022-07-01,308883599.32,302207212.60709804,6676386.71290195,2.161457172734279,-2.1614571727342824
valor_aprovado,nominal,random_forest,aprendizagem,2022-07,2,2022-08-01,323453719.42,302183941.3824236,21269778.037576437,6.575833499678492,-6.575833499678496
valor_aprovado,nominal,random_forest,aprendizagem,2022-07,3,2022-09-01,311819626.42,302117849.42671716,9701776.993282855,3.1113426389059984,-3.1113426389060006
valor_aprovado,nominal,random_forest,aprendizagem,2022-07,4,2022-10-01,312427063.88,301823750.6618919,10603313.218108118,3.393852339943489,-3.393852339943493
valor_aprovado,nominal,random_forest,aprendizagem,2022-07,5,2022-11-01,312285235.81,301828134.722503,10457101.087496996,3.3485736398563795,-3.348573639856378
valor_aprovado,nominal,random_forest,aprendizagem,2022-07,6,2022-12-01,324955128.46,301850233.97490114,23104894.48509884,7.110179979185315,-7.110179979185316
valor_aprovado,nominal,random_forest,aprendizagem,2022-07,7,2023-01-01,318310548.87,301854912.95249754,16455635.917502463,5.169679728152222,-5.1696797281522215
valor_aprovado,nominal,random_forest,aprendizagem,2022-07,8,2023-02-01,294899969.04,301772360.5491643,-6872391.509164274,2.3304144559717153,2.3304144559717077
valor_aprovado,nominal,random_forest,aprendizagem,2022-07,9,2023-03-01,333190074.83000004,301852116.42027956,31337958.40972048,9.40542974628212,-9.405429746282124
valor_aprovado,nominal,random_forest,aprendizagem,2022-07,10,2023-04-01,308241204.10999995,302153662.4337731,6087541.676226854,1.9749279444335528,-1.9749279444335577
valor_aprovado,nominal,random_forest,aprendizagem,2022-07,11,2023-05-01,334325813.13,302172497.7204897,32153315.409510314,9.617359517797015,-9.61735951779702
valor_aprovado,nominal,random_forest,aprendizagem,2022-07,12,2023-06-01,322098718.82,302172497.7204897,19926221.099510312,6.186370803494496,-6.186370803494501
valor_aprovado,nominal,random_forest,aprendizagem,2022-08,1,2022-08-01,323453719.42,304271235.06516683,19182484.354833186,5.930519021153999,-5.9305190211540015
valor_aprovado,nominal,random_forest,aprendizagem,2022-08,2,2022-09-01,311819626.42,303933262.09222275,7886364.3277772665,2.5291430235872534,-2.5291430235872547
valor_aprovado,nominal,random_forest,aprendizagem,2022-08,3,2022-10-01,312427063.88,303360089.58960384,9066974.290396154,2.902109112377884,-2.902109112377882
valor_aprovado,nominal,random_forest,aprendizagem,2022-08,4,2022-11-01,312285235.81,303360089.58960384,8925146.220396161,2.8580109454250286,-2.858010945425027
valor_aprovado,nominal,random_forest,aprendizagem,2022-08,5,2022-12-01,324955128.46,303360089.58960384,21595038.870396137,6.645544870375651,-6.645544870375653
valor_aprovado,nominal,random_forest,aprendizagem,2022-08,6,2023-01-01,318310548.87,303176333.78625,15134215.08375001,4.754543994057488,-4.754543994057492
valor_aprovado,nominal,random_forest,aprendizagem,2022-08,7,2023-02-01,294899969.04,303109834.7883456,-8209865.748345554,2.783949342236782,2.78394934223678
valor_aprovado,nominal,random_forest,aprendizagem,2022-08,8,2023-03-01,333190074.83000004,303428343.3538761,29761731.47612393,8.932358351703282,-8.932358351703284
valor_aprovado,nominal,random_forest,aprendizagem,2022-08,9,2023-04-01,308241204.10999995,304096700.63567406,4144503.4743258953,1.344565041618146,-1.344565041618151
valor_aprovado,nominal,random_forest,aprendizagem,2022-08,10,2023-05-01,334325813.13,304409846.31889826,29915966.811101735,8.948147476566264,-8.948147476566259
valor_aprovado,nominal,random_forest,aprendizagem,2022-08,11,2023-06-01,322098718.82,304330773.00055355,17767945.819446445,5.516304406468563,-5.516304406468564
valor_aprovado,nominal,random_forest,aprendizagem,2022-08,12,2023-07-01,343307909.95,304330773.00055355,38977136.94944644,11.353404864782505,-11.353404864782501
valor_aprovado,nominal,random_forest,aprendizagem,2022-09,1,2022-09-01,311819626.42,308053283.58693135,3766342.833068669,1.2078594526938657,-1.2078594526938602
valor_aprovado,nominal,random_forest,aprendizagem,2022-09,2,2022-10-01,312427063.88,307582707.32521236,4844356.554787636,1.55055599045296,-1.550555990452962
valor_aprovado,nominal,random_forest,aprendizagem,2022-09,3,2022-11-01,312285235.81,307582707.32521236,4702528.484787643,1.5058439995058706,-1.5058439995058737
valor_aprovado,nominal,random_forest,aprendizagem,2022-09,4,2022-12-01,324955128.46,307582707.32521236,17372421.13478762,5.346098465076559,-5.346098465076555
valor_aprovado,nominal,random_forest,aprendizagem,2022-09,5,2023-01-01,318310548.87,306441302.2342055,11869246.63579452,3.7288260404596247,-3.7288260404596207
valor_aprovado,nominal,random_forest,aprendizagem,2022-09,6,2023-02-01,294899969.04,306398684.8355755,-11498715.7955755,3.899191930405331,3.8991919304053324
valor_aprovado,nominal,random_forest,aprendizagem,2022-09,7,2023-03-01,333190074.83000004,306640784.53789634,26549290.292103708,7.968211629848117,-7.9682116298481205
valor_aprovado,nominal,random_forest,aprendizagem,2022-09,8,2023-04-01,308241204.10999995,307331709.5926047,909494.517395258,0.2950593578237817,-0.29505935782377923
valor_aprovado,nominal,random_forest,aprendizagem,2022-09,9,2023-05-01,334325813.13,307582642.9366292,26743170.19337082,7.9991341209935065,-7.999134120993512
valor_aprovado,nominal,random_forest,aprendizagem,2022-09,10,2023-06-01,322098718.82,308284732.86534446,13813985.954655528,4.288742906293665,-4.288742906293663
valor_aprovado,nominal,random_forest,aprendizagem,2022-09,11,2023-07-01,343307909.95,308284732.86534446,35023177.08465552,10.20168078555381,-10.201680785553812
valor_aprovado,nominal,random_forest,aprendizagem,2022-09,12,2023-08-01,357700323.2,308482664.9768916,49217658.22310841,13.759467082055018,-13.759467082055021
valor_aprovado,nominal,random_forest,aprendizagem,2022-10,1,2022-10-01,312427063.88,309647446.443046,2779617.4369540215,0.8896852284287523,-0.8896852284287493
valor_aprovado,nominal,random_forest,aprendizagem,2022-10,2,2022-11-01,312285235.81,309647446.443046,2637789.3669540286,0.8446730951311793,-0.8446730951311765
valor_aprovado,nominal,random_forest,aprendizagem,2022-10,3,2022-12-01,324955128.46,309299072.63345426,15656055.826545715,4.817913137958948,-4.817913137958952
valor_aprovado,nominal,random_forest,aprendizagem,2022-10,4,2023-01-01,318310548.87,307032924.54852253,11277624.321477473,3.5429627957706558,-3.5429627957706544
valor_aprovado,nominal,random_forest,aprendizagem,2022-10,5,2023-02-01,294899969.04,307032924.54852253,-12132955.50852251,4.114261370735107,4.114261370735117
valor_aprovado,nominal,random_forest,aprendizagem,2022-10,6,2023-03-01,333190074.83000004,307421291.63844764,25768783.1915524,7.733958823563435,-7.733958823563436
valor_aprovado,nominal,random_forest,aprendizagem,2022-10,7,2023-04-01,308241204.10999995,307674716.9857783,566487.1242216825,0.18378046694222103,-0.18378046694221828
valor_aprovado,nominal,random_forest,aprendizagem,2022-10,8,2023-05-01,334325813.13,307999462.4397684,26326350.69023162,7.874459481235098,-7.874459481235096
valor_aprovado,nominal,random_forest,aprendizagem,2022-10,9,2023-06-01,322098718.82,308923470.4722683,13175248.34773171,4.0904379862170455,-4.090437986217044
valor_aprovado,nominal,random_forest,aprendizagem,2022-10,10,2023-07-01,343307909.95,309928982.18676496,33378927.763235033,9.722737751104075,-9.722737751104072
valor_aprovado,nominal,random_forest,aprendizagem,2022-10,11,2023-08-01,357700323.2,310228055.4864563,47472267.71354371,13.27151937936625,-13.271519379366248
valor_aprovado,nominal,random_forest,aprendizagem,2022-10,12,2023-09-01,363197338.78,310088665.3228274,53108673.45717257,14.622539260768693,-14.622539260768697
valor_aprovado,nominal,random_forest,aprendizagem,2022-11,1,2022-11-01,312285235.81,310292553.16597104,1992682.6440289617,0.6380969753054051,-0.6380969753054022
valor_aprovado,nominal,random_forest,aprendizagem,2022-11,2,2022-12-01,324955128.46,309844017.34368855,15111111.11631143,4.650214689001752,-4.650214689001753
valor_aprovado,nominal,random_forest,aprendizagem,2022-11,3,2023-01-01,318310548.87,307502694.09104013,10807854.77895987,3.395380648655117,-3.395380648655122
valor_aprovado,nominal,random_forest,aprendizagem,2022-11,4,2023-02-01,294899969.04,307502694.09104013,-12602725.051040113,4.273559299468997,4.273559299468999
valor_aprovado,nominal,random_forest,aprendizagem,2022-11,5,2023-03-01,333190074.83000004,308502870.71729225,24687204.112707794,7.4093455890916555,-7.409345589091654
valor_aprovado,nominal,random_forest,aprendizagem,2022-11,6,2023-04-01,308241204.10999995,308475509.11109805,-234305.00109809637,0.07601352381639462,0.07601352381638726
valor_aprovado,nominal,random_forest,aprendizagem,2022-11,7,2023-05-01,334325813.13,308491552.9226229,25834260.207377076,7.727270582403885,-7.727270582403889
valor_aprovado,nominal,random_forest,aprendizagem,2022-11,8,2023-06-01,322098718.82,309321613.24309784,12777105.576902151,3.966829059025983,-3.966829059025978
valor_aprovado,nominal,random_forest,aprendizagem,2022-11,9,2023-07-01,343307909.95,310503144.55825305,32804765.39174694,9.555493608208645,-9.555493608208643
valor_aprovado,nominal,random_forest,aprendizagem,2022-11,10,2023-08-01,357700323.2,311600435.4627052,46099887.73729479,12.887851854559015,-12.887851854559019
valor_aprovado,nominal,random_forest,aprendizagem,2022-11,11,2023-09-01,363197338.78,311691176.7445401,51506162.035459876,14.181315922763071,-14.181315922763071
valor_aprovado,nominal,random_forest,aprendizagem,2022-11,12,2023-10-01,364863029.1,310672753.6370348,54190275.46296525,14.85222429815245,-14.85222429815245
valor_aprovado,nominal,random_forest,aprendizagem,2022-12,1,2022-12-01,324955128.46,311359861.68148696,13595266.778513014,4.183736641714984,-4.183736641714986
valor_aprovado,nominal,random_forest,aprendizagem,2022-12,2,2023-01-01,318310548.87,308260418.77649033,10050130.093509674,3.1573349137147857,-3.157334913714782
valor_aprovado,nominal,random_forest,aprendizagem,2022-12,3,2023-02-01,294899969.04,308303665.3063429,-13403696.266342878,4.545167064607189,4.545167064607192
valor_aprovado,nominal,random_forest,aprendizagem,2022-12,4,2023-03-01,333190074.83000004,308896454.92629194,24293619.9037081,7.291219558716798,-7.291219558716799
valor_aprovado,nominal,random_forest,aprendizagem,2022-12,5,2023-04-01,308241204.10999995,308705458.0763708,-464253.966370821,0.1506138569991914,0.15061385699919327
valor_aprovado,nominal,random_forest,aprendizagem,2022-12,6,2023-05-01,334325813.13,308726220.5378361,25599592.59216392,7.657079288164242,-7.6570792881642475
valor_aprovado,nominal,random_forest,aprendizagem,2022-12,7,2023-06-01,322098718.82,309269315.95499814,12829402.865001857,3.983065475082307,-3.9830654750823036
valor_aprovado,nominal,random_forest,aprendizagem,2022-12,8,2023-07-01,343307909.95,310857156.72850895,32450753.22149104,9.4523756316064,-9.452375631606403
valor_aprovado,nominal,random_forest,aprendizagem,2022-12,9,2023-08-01,357700323.2,312588288.9051305,45112034.29486948,12.611683962512418,-12.611683962512421
valor_aprovado,nominal,random_forest,aprendizagem,2022-12,10,2023-09-01,363197338.78,312904502.97475106,50292835.805248916,13.847247882978808,-13.847247882978808
valor_aprovado,nominal,random_forest,aprendizagem,2022-12,11,2023-10-01,364863029.1,312311713.354802,52551315.74519801,14.40302567098268,-14.403025670982682
valor_aprovado,nominal,random_forest,aprendizagem,2022-12,12,2023-11-01,365199231.95,311977881.48731095,53221350.46268904,14.573237237797823,-14.57323723779782
valor_aprovado,nominal,random_forest,aprendizagem,2023-01,1,2023-01-01,318310548.87,310647485.76892793,7663063.101072073,2.407417262254075,-2.4074172622540746
valor_aprovado,nominal,random_forest,aprendizagem,2023-01,2,2023-02-01,294899969.04,310647485.76892793,-15747516.72892791,5.339951977679566,5.339951977679558
valor_aprovado,nominal,random_forest,aprendizagem,2023-01,3,2023-03-01,333190074.83000004,310780625.737001,22409449.09299904,6.725725279912005,-6.725725279912009
valor_aprovado,nominal,random_forest,aprendizagem,2023-01,4,2023-04-01,308241204.10999995,310433153.121502,-2191949.0115020275,0.7111148614381229,0.7111148614381335
valor_aprovado,nominal,random_forest,aprendizagem,2023-01,5,2023-05-01,334325813.13,310341010.9462427,23984802.183757305,7.174080265956312,-7.174080265956306
valor_aprovado,nominal,random_forest,aprendizagem,2023-01,6,2023-06-01,322098718.82,311080361.751148,11018357.068852007,3.4208012714913814,-3.4208012714913805
valor_aprovado,nominal,random_forest,aprendizagem,2023-01,7,2023-07-01,343307909.95,311946157.3350959,31361752.614904106,9.135167500064794,-9.135167500064789
valor_aprovado,nominal,random_forest,aprendizagem,2023-01,8,2023-08-01,357700323.2,314581632.0123016,43118691.187698364,12.054417732127552,-12.054417732127554
valor_aprovado,nominal,random_forest,aprendizagem,2023-01,9,2023-09-01,363197338.78,315461268.9151994,47736069.86480057,13.143287344876667,-13.143287344876665
valor_aprovado,nominal,random_forest,aprendizagem,2023-01,10,2023-10-01,364863029.1,315444553.5207774,49418475.57922262,13.544391083175004,-13.544391083175
valor_aprovado,nominal,random_forest,aprendizagem,2023-01,11,2023-11-01,365199231.95,315357098.55310965,49842133.39689034,13.647929413968294,-13.647929413968296
valor_aprovado,nominal,random_forest,aprendizagem,2023-01,12,2023-12-01,374983123.17,315176732.57391095,59806390.596089065,15.949088612442864,-15.949088612442864
valor_aprovado,nominal,random_forest,aprendizagem,2023-02,1,2023-02-01,294899969.04,314380601.5288772,-19480632.488877177,6.605844196014425,6.605844196014421
valor_aprovado,nominal,random_forest,aprendizagem,2023-02,2,2023-03-01,333190074.83000004,314476357.3417463,18713717.488253772,5.616529093131561,-5.616529093131561
valor_aprovado,nominal,random_forest,aprendizagem,2023-02,3,2023-04-01,308241204.10999995,313939709.1989272,-5698505.088927269,1.84871620437016,1.848716204370171
valor_aprovado,nominal,random_forest,aprendizagem,2023-02,4,2023-05-01,334325813.13,313711644.6102591,20614168.51974088,6.1658919862479245,-6.165891986247929
valor_aprovado,nominal,random_forest,aprendizagem,2023-02,5,2023-06-01,322098718.82,313963391.599449,8135327.220551014,2.52572479963738,-2.5257247996373855
valor_aprovado,nominal,random_forest,aprendizagem,2023-02,6,2023-07-01,343307909.95,314257485.2516181,29050424.6983819,8.461915340841655,-8.461915340841653
valor_aprovado,nominal,random_forest,aprendizagem,2023-02,7,2023-08-01,357700323.2,315635524.2142353,42064798.98576468,11.759787804900894,-11.75978780490089
valor_aprovado,nominal,random_forest,aprendizagem,2023-02,8,2023-09-01,363197338.78,316170901.4991454,47026437.28085458,12.947902492573046,-12.94790249257305
valor_aprovado,nominal,random_forest,aprendizagem,2023-02,9,2023-10-01,364863029.1,316150395.1875595,48712633.91244054,13.350937208573576,-13.350937208573576
valor_aprovado,nominal,random_forest,aprendizagem,2023-02,10,2023-11-01,365199231.95,316395063.36698705,48804168.58301294,13.363710630611292,-13.363710630611292
valor_aprovado,nominal,random_forest,aprendizagem,2023-02,11,2023-12-01,374983123.17,316395330.59081596,58587792.579184055,15.624114515847973,-15.624114515847975
valor_aprovado,nominal,random_forest,aprendizagem,2023-02,12,2024-01-01,375847712.94,314604262.596881,61243450.343119025,16.29475136726344,-16.294751367263437
valor_aprovado,nominal,random_forest,aprendizagem,2023-03,1,2023-03-01,333190074.83000004,308131367.569278,25058707.26072204,7.52084445297702,-7.520844452977016
valor_aprovado,nominal,random_forest,aprendizagem,2023-03,2,2023-04-01,308241204.10999995,308531916.57604784,-290712.46604788303,0.094313304701515,0.09431330470150989
valor_aprovado,nominal,random_forest,aprendizagem,2023-03,3,2023-05-01,334325813.13,310540121.87521833,23785691.254781663,7.114524311508302,-7.114524311508297
valor_aprovado,nominal,random_forest,aprendizagem,2023-03,4,2023-06-01,322098718.82,310987534.983602,11111183.836398005,3.449620624727577,-3.4496206247275785
valor_aprovado,nominal,random_forest,aprendizagem,2023-03,5,2023-07-01,343307909.95,311557329.5544988,31750580.395501196,9.2484266966425,-9.248426696642497
valor_aprovado,nominal,random_forest,aprendizagem,2023-03,6,2023-08-01,357700323.2,314898933.61568177,42801389.58431822,11.96571174479672,-11.965711744796714
valor_aprovado,nominal,random_forest,aprendizagem,2023-03,7,2023-09-01,363197338.78,315522461.5362003,47674877.24379969,13.126439032825033,-13.126439032825033
valor_aprovado,nominal,random_forest,aprendizagem,2023-03,8,2023-10-01,364863029.1,315407393.6827364,49455635.41726363,13.554575682621175,-13.554575682621174
valor_aprovado,nominal,random_forest,aprendizagem,2023-03,9,2023-11-01,365199231.95,315903103.2051106,49296128.74488938,13.498420706327934,-13.498420706327929
valor_aprovado,nominal,random_forest,aprendizagem,2023-03,10,2023-12-01,374983123.17,315814875.83957064,59168247.330429375,15.7789094160393,-15.7789094160393
valor_aprovado,nominal,random_forest,aprendizagem,2023-03,11,2024-01-01,375847712.94,309800701.2375245,66047011.70247549,17.572811920507593,-17.57281192050759
valor_aprovado,nominal,random_forest,aprendizagem,2023-03,12,2024-02-01,356304841.58,306711723.9136243,49593117.6663757,13.918732466968375,-13.918732466968375
valor_aprovado,nominal,random_forest,aprendizagem,2023-04,1,2023-04-01,308241204.10999995,315663911.57196873,-7422707.46196878,2.4080841117269607,2.4080841117269713
valor_aprovado,nominal,random_forest,aprendizagem,2023-04,2,2023-05-01,334325813.13,315918242.4451276,18407570.68487239,5.505877788059023,-5.5058777880590215
valor_aprovado,nominal,random_forest,aprendizagem,2023-04,3,2023-06-01,322098718.82,316134655.3283407,5964063.491659284,1.851625959118518,-1.8516259591185191
valor_aprovado,nominal,random_forest,aprendizagem,2023-04,4,2023-07-01,343307909.95,316128104.71518123,27179805.234818757,7.91703437266484,-7.917034372664844
valor_aprovado,nominal,random_forest,aprendizagem,2023-04,5,2023-08-01,357700323.2,317783298.3652885,39917024.83471149,11.15934827165163,-11.159348271651625
valor_aprovado,nominal,random_forest,aprendizagem,2023-04,6,2023-09-01,363197338.78,318394450.89821357,44802887.881786406,12.335687269152851,-12.335687269152851
valor_aprovado,nominal,random_forest,aprendizagem,2023-04,7,2023-10-01,364863029.1,316610796.74632007,48252232.353679955,13.224752442773585,-13.22475244277359
valor_aprovado,nominal,random_forest,aprendizagem,2023-04,8,2023-11-01,365199231.95,316873211.2262383,48326020.72376168,13.23278268295429,-13.23278268295429
valor_aprovado,nominal,random_forest,aprendizagem,2023-04,9,2023-12-01,374983123.17,317110586.03635633,57872537.13364369,15.43337114598807,-15.433371145988072
valor_aprovado,nominal,random_forest,aprendizagem,2023-04,10,2024-01-01,375847712.94,312485256.6237668,63362456.31623322,16.858545132706006,-16.858545132706006
valor_aprovado,nominal,random_forest,aprendizagem,2023-04,11,2024-02-01,356304841.58,311501721.35113883,44803120.22886115,12.574378734284375,-12.574378734284375
valor_aprovado,nominal,random_forest,aprendizagem,2023-04,12,2024-03-01,370113558.41,315913233.81917244,54200324.590827584,14.644241843954871,-14.644241843954875
valor_aprovado,nominal,random_forest,aprendizagem,2023-05,1,2023-05-01,334325813.13,314110504.1492394,20215308.980760574,6.046589340949276,-6.0465893409492715
valor_aprovado,nominal,random_forest,aprendizagem,2023-05,2,2023-06-01,322098718.82,314280002.7490149,7818716.070985079,2.4274284913733077,-2.427428491373307
valor_aprovado,nominal,random_forest,aprendizagem,2023-05,3,2023-07-01,343307909.95,314491921.93264455,28815988.017355442,8.393627755781177,-8.393627755781175
valor_aprovado,nominal,random_forest,aprendizagem,2023-05,4,2023-08-01,357700323.2,316713663.6340542,40986659.565945804,11.458379237479482,-11.458379237479488
valor_aprovado,nominal,random_forest,aprendizagem,2023-05,5,2023-09-01,363197338.78,318043605.7272973,45153733.052702665,12.432286316958313,-12.432286316958308
valor_aprovado,nominal,random_forest,aprendizagem,2023-05,6,2023-10-01,364863029.1,316363302.64045966,48499726.45954037,13.292584501963278,-13.292584501963278
valor_aprovado,nominal,random_forest,aprendizagem,2023-05,7,2023-11-01,365199231.95,316563894.85334516,48635337.09665483,13.317480663079154,-13.31748066307915
valor_aprovado,nominal,random_forest,aprendizagem,2023-05,8,2023-12-01,374983123.17,316579352.25211257,58403770.91788745,15.575039864236736,-15.57503986423674
valor_aprovado,nominal,random_forest,aprendizagem,2023-05,9,2024-01-01,375847712.94,311652658.247214,64195054.69278598,17.080070593121853,-17.080070593121853
valor_aprovado,nominal,random_forest,aprendizagem,2023-05,10,2024-02-01,356304841.58,310411834.493448,45893007.086551964,12.880264798828941,-12.880264798828945
valor_aprovado,nominal,random_forest,aprendizagem,2023-05,11,2024-03-01,370113558.41,314744961.43517715,55368596.97482288,14.959894258585175,-14.959894258585171
valor_aprovado,nominal,random_forest,aprendizagem,2023-05,12,2024-04-01,373850328.77,313587366.2498619,60262962.520138085,16.119542469952737,-16.11954246995274
valor_aprovado,nominal,random_forest,aprendizagem,2023-06,1,2023-06-01,322098718.82,320781072.56257737,1317646.257422626,0.4090814959617933,-0.4090814959617939
valor_aprovado,nominal,random_forest,aprendizagem,2023-06,2,2023-07-01,343307909.95,320730630.99159974,22577278.95840025,6.576393466054553,-6.576393466054553
valor_aprovado,nominal,random_forest,aprendizagem,2023-06,3,2023-08-01,357700323.2,321420913.0130676,36279410.186932385,10.14240352437355,-10.142403524373556
valor_aprovado,nominal,random_forest,aprendizagem,2023-06,4,2023-09-01,363197338.78,321632634.73897374,41564704.041026235,11.444110295698858,-11.444110295698861
valor_aprovado,nominal,random_forest,aprendizagem,2023-06,5,2023-10-01,364863029.1,320426688.3653521,44436340.73464793,12.178910218516279,-12.17891021851628
valor_aprovado,nominal,random_forest,aprendizagem,2023-06,6,2023-11-01,365199231.95,320459161.1616867,44740070.78831327,12.25086661585277,-12.250866615852773
valor_aprovado,nominal,random_forest,aprendizagem,2023-06,7,2023-12-01,374983123.17,320575261.354007,54407861.81599301,14.509416145463966,-14.50941614546396
valor_aprovado,nominal,random_forest,aprendizagem,2023-06,8,2024-01-01,375847712.94,316233022.63107765,59614690.30892235,15.861394989634855,-15.861394989634858
valor_aprovado,nominal,random_forest,aprendizagem,2023-06,9,2024-02-01,356304841.58,314649799.90285367,41655041.677146316,11.69084357440415,-11.690843574404152
valor_aprovado,nominal,random_forest,aprendizagem,2023-06,10,2024-03-01,370113558.41,318360091.70211464,51753466.707885385,13.983131806956,-13.983131806955996
valor_aprovado,nominal,random_forest,aprendizagem,2023-06,11,2024-04-01,373850328.77,318365992.5571068,55484336.21289319,14.841323370088096,-14.8413233700881
valor_aprovado,nominal,random_forest,aprendizagem,2023-06,12,2024-05-01,387596104.3,320771469.8491029,66824634.4508971,17.240791047573257,-17.240791047573257
valor_aprovado,nominal,random_forest,aprendizagem,2023-07,1,2023-07-01,343307909.95,322230716.0788254,21077193.871174574,6.139443123883832,-6.1394431238838365
valor_aprovado,nominal,random_forest,aprendizagem,2023-07,2,2023-08-01,357700323.2,322444214.75760335,35256108.44239664,9.856325576391495,-9.8563255763915
valor_aprovado,nominal,random_forest,aprendizagem,2023-07,3,2023-09-01,363197338.78,322309087.16607875,40888251.613921225,11.257861016071079,-11.25786101607108
valor_aprovado,nominal,random_forest,aprendizagem,2023-07,4,2023-10-01,364863029.1,321224052.7633362,43638976.33666384,11.960372209896736,-11.96037220989673
valor_aprovado,nominal,random_forest,aprendizagem,2023-07,5,2023-11-01,365199231.95,321238175.0698465,43961056.88015348,12.03755458230872,-12.037554582308719
valor_aprovado,nominal,random_forest,aprendizagem,2023-07,6,2023-12-01,374983123.17,321511232.78905046,53471890.38094956,14.259812529404922,-14.259812529404925
valor_aprovado,nominal,random_forest,aprendizagem,2023-07,7,2024-01-01,375847712.94,317668587.2294374,58179125.71056259,15.47944119586814,-15.479441195868137
valor_aprovado,nominal,random_forest,aprendizagem,2023-07,8,2024-02-01,356304841.58,316070737.8022019,40234103.77779806,11.29204520471396,-11.292045204713963
valor_aprovado,nominal,random_forest,aprendizagem,2023-07,9,2024-03-01,370113558.41,319176053.63881856,50937504.771181464,13.76266921698516,-13.762669216985158
valor_aprovado,nominal,random_forest,aprendizagem,2023-07,10,2024-04-01,373850328.77,319267157.37438613,54583171.39561385,14.60027374462856,-14.600273744628556
valor_aprovado,nominal,random_forest,aprendizagem,2023-07,11,2024-05-01,387596104.3,322154787.2132206,65441317.086779416,16.883894435669493,-16.88389443566949
valor_aprovado,nominal,random_forest,aprendizagem,2023-07,12,2024-06-01,360982328.25,322482344.2649484,38499983.98505157,10.665337600235164,-10.665337600235159
valor_aprovado,nominal,random_forest,aprendizagem,2023-08,1,2023-08-01,357700323.2,327457858.7090511,30242464.490948915,8.454693085093897,-8.4546930850939
valor_aprovado,nominal,random_forest,aprendizagem,2023-08,2,2023-09-01,363197338.78,327113784.3228567,36083554.45714325,9.93497214994744,-9.934972149947441
valor_aprovado,nominal,random_forest,aprendizagem,2023-08,3,2023-10-01,364863029.1,326667405.26956457,38195623.830435455,10.46848290566786,-10.468482905667864
valor_aprovado,nominal,random_forest,aprendizagem,2023-08,4,2023-11-01,365199231.95,326640978.55407846,38558253.39592153,10.558141973639364,-10.558141973639367
valor_aprovado,nominal,random_forest,aprendizagem,2023-08,5,2023-12-01,374983123.17,326585195.20313865,48397927.96686137,12.906694988755529,-12.906694988755529
valor_aprovado,nominal,random_forest,aprendizagem,2023-08,6,2024-01-01,375847712.94,323670223.7125307,52177489.227469325,13.882614535371376,-13.882614535371374
valor_aprovado,nominal,random_forest,aprendizagem,2023-08,7,2024-02-01,356304841.58,322606285.3415388,33698556.2384612,9.457787912459496,-9.457787912459493
valor_aprovado,nominal,random_forest,aprendizagem,2023-08,8,2024-03-01,370113558.41,324283766.4481797,45829791.961820304,12.382629849796402,-12.3826298497964
valor_aprovado,nominal,random_forest,aprendizagem,2023-08,9,2024-04-01,373850328.77,324554698.17665863,49295630.59334135,13.18592677329675,-13.185926773296753
valor_aprovado,nominal,random_forest,aprendizagem,2023-08,10,2024-05-01,387596104.3,326906628.18935305,60689476.11064696,15.657916949462736,-15.657916949462736
valor_aprovado,nominal,random_forest,aprendizagem,2023-08,11,2024-06-01,360982328.25,327255383.47403526,33726944.77596474,9.343101347777608,-9.343101347777605
valor_aprovado,nominal,random_forest,aprendizagem,2023-08,12,2024-07-01,390560593.67,327771183.9282588,62789409.74174124,16.07673963000847,-16.076739630008476
valor_aprovado,nominal,random_forest,aprendizagem,2023-09,1,2023-09-01,363197338.78,334414576.48553044,28782762.294469535,7.924827420584202,-7.924827420584202
valor_aprovado,nominal,random_forest,aprendizagem,2023-09,2,2023-10-01,364863029.1,334178028.7567092,30685000.343290806,8.410005370777316,-8.410005370777318
valor_aprovado,nominal,random_forest,aprendizagem,2023-09,3,2023-11-01,365199231.95,333743244.733926,31455987.21607399,8.613377155289493,-8.613377155289491
valor_aprovado,nominal,random_forest,aprendizagem,2023-09,4,2023-12-01,374983123.17,333576551.4556384,41406571.71436161,11.042249412272824,-11.04224941227282
valor_aprovado,nominal,random_forest,aprendizagem,2023-09,5,2024-01-01,375847712.94,331608640.0469773,44239072.893022716,11.770478140460309,-11.770478140460305
valor_aprovado,nominal,random_forest,aprendizagem,2023-09,6,2024-02-01,356304841.58,331001227.1840125,25303614.39598751,7.101675712230302,-7.101675712230304
valor_aprovado,nominal,random_forest,aprendizagem,2023-09,7,2024-03-01,370113558.41,332001130.14288104,38112428.26711899,10.297495836372267,-10.297495836372262
valor_aprovado,nominal,random_forest,aprendizagem,2023-09,8,2024-04-01,373850328.77,331920746.95839375,41929581.81160623,11.215606510112801,-11.215606510112796
valor_aprovado,nominal,random_forest,aprendizagem,2023-09,9,2024-05-01,387596104.3,333260541.1474704,54335563.1525296,14.018604044191783,-14.018604044191784
valor_aprovado,nominal,random_forest,aprendizagem,2023-09,10,2024-06-01,360982328.25,333698962.626085,27283365.623915017,7.558088994600255,-7.558088994600254
valor_aprovado,nominal,random_forest,aprendizagem,2023-09,11,2024-07-01,390560593.67,334058808.3646523,56501785.30534774,14.466842334095876,-14.466842334095876
valor_aprovado,nominal,random_forest,aprendizagem,2023-09,12,2024-08-01,391118763.67,334479465.9850556,56639297.68494439,14.481355267509707,-14.48135526750971
valor_aprovado,nominal,random_forest,aprendizagem,2023-10,1,2023-10-01,364863029.1,342170444.5377278,22692584.56227225,6.21948039466963,-6.219480394669629
valor_aprovado,nominal,random_forest,aprendizagem,2023-10,2,2023-11-01,365199231.95,341603017.5877815,23596214.3622185,6.461189481759122,-6.461189481759122
valor_aprovado,nominal,random_forest,aprendizagem,2023-10,3,2023-12-01,374983123.17,341092460.55412114,33890662.61587888,9.037916781261226,-9.037916781261224
valor_aprovado,nominal,random_forest,aprendizagem,2023-10,4,2024-01-01,375847712.94,339476558.4056381,36371154.5343619,9.67709880415533,-9.677098804155326
valor_aprovado,nominal,random_forest,aprendizagem,2023-10,5,2024-02-01,356304841.58,339081475.462689,17223366.117311,4.833884951137801,-4.833884951137801
valor_aprovado,nominal,random_forest,aprendizagem,2023-10,6,2024-03-01,370113558.41,339590051.16700625,30523507.242993772,8.24706540720154,-8.247065407201537
valor_aprovado,nominal,random_forest,aprendizagem,2023-10,7,2024-04-01,373850328.77,339438878.42920834,34411450.34079164,9.2046061465315,-9.204606146531502
valor_aprovado,nominal,random_forest,aprendizagem,2023-10,8,2024-05-01,387596104.3,340230581.0569779,47365523.243022084,12.220330059447939,-12.220330059447937
valor_aprovado,nominal,random_forest,aprendizagem,2023-10,9,2024-06-01,360982328.25,340629682.9044108,20352645.34558922,5.638127895140036,-5.638127895140032
valor_aprovado,nominal,random_forest,aprendizagem,2023-10,10,2024-07-01,390560593.67,341572624.81530553,48987968.854694486,12.542988117251364,-12.542988117251364
valor_aprovado,nominal,random_forest,aprendizagem,2023-10,11,2024-08-01,391118763.67,342177463.6852922,48941299.98470783,12.513155729342929,-12.513155729342929
valor_aprovado,nominal,random_forest,aprendizagem,2023-10,12,2024-09-01,366497269.12,342327831.4739046,24169437.646095395,6.594711525171486,-6.594711525171482
valor_aprovado,nominal,random_forest,aprendizagem,2023-11,1,2023-11-01,365199231.95,349423556.05835927,15775675.891640723,4.3197450902088965,-4.319745090208893
valor_aprovado,nominal,random_forest,aprendizagem,2023-11,2,2023-12-01,374983123.17,349225335.31598806,25757787.854011953,6.869052568623085,-6.869052568623079
valor_aprovado,nominal,random_forest,aprendizagem,2023-11,3,2024-01-01,375847712.94,348155386.5715438,27692326.368456185,7.367964581143258,-7.36796458114326
valor_aprovado,nominal,random_forest,aprendizagem,2023-11,4,2024-02-01,356304841.58,347945809.28224134,8359032.297758639,2.3460338794980453,-2.346033879498044
valor_aprovado,nominal,random_forest,aprendizagem,2023-11,5,2024-03-01,370113558.41,348037083.2164108,22076475.19358921,5.9647842376889075,-5.964784237688903
valor_aprovado,nominal,random_forest,aprendizagem,2023-11,6,2024-04-01,373850328.77,347831494.065644,26018834.704355955,6.959692877617677,-6.959692877617673
valor_aprovado,nominal,random_forest,aprendizagem,2023-11,7,2024-05-01,387596104.3,348151482.689842,39444621.610158026,10.176733246944048,-10.176733246944048
valor_aprovado,nominal,random_forest,aprendizagem,2023-11,8,2024-06-01,360982328.25,348287745.73871976,12694582.511280239,3.5166769999024843,-3.5166769999024794
valor_aprovado,nominal,random_forest,aprendizagem,2023-11,9,2024-07-01,390560593.67,348485966.481091,42074627.188908994,10.772880795152492,-10.772880795152496
valor_aprovado,nominal,random_forest,aprendizagem,2023-11,10,2024-08-01,391118763.67,349387625.52052563,41731138.14947438,10.669684511654966,-10.669684511654964
valor_aprovado,nominal,random_forest,aprendizagem,2023-11,11,2024-09-01,366497269.12,349841528.77685434,16655740.343145669,4.544574201913679,-4.544574201913676
valor_aprovado,nominal,random_forest,aprendizagem,2023-11,12,2024-10-01,396093556.14,349937234.8431449,46156321.29685509,11.652883663813267,-11.652883663813263
valor_aprovado,nominal,random_forest,aprendizagem,2023-12,1,2023-12-01,374983123.17,354932487.59791374,20050635.572086275,5.347076797105944,-5.347076797105943
valor_aprovado,nominal,random_forest,aprendizagem,2023-12,2,2024-01-01,375847712.94,353910922.1153619,21936790.82463807,5.836616818296307,-5.836616818296303
valor_aprovado,nominal,random_forest,aprendizagem,2023-12,3,2024-02-01,356304841.58,353783074.8772686,2521766.702731371,0.7077553848409233,-0.7077553848409246
valor_aprovado,nominal,random_forest,aprendizagem,2023-12,4,2024-03-01,370113558.41,353756680.9028048,16356877.507195234,4.419421319625261,-4.419421319625261
valor_aprovado,nominal,random_forest,aprendizagem,2023-12,5,2024-04-01,373850328.77,353627473.3579881,20222855.41201186,5.409345359825364,-5.409345359825368
valor_aprovado,nominal,random_forest,aprendizagem,2023-12,6,2024-05-01,387596104.3,353829535.5616862,33766568.738313794,8.711792601552675,-8.71179260155268
valor_aprovado,nominal,random_forest,aprendizagem,2023-12,7,2024-06-01,360982328.25,353965798.610564,7016529.639436007,1.9437321692314744,-1.9437321692314713
valor_aprovado,nominal,random_forest,aprendizagem,2023-12,8,2024-07-01,390560593.67,354466929.88868535,36093663.78131467,9.24150166870435,-9.241501668704355
valor_aprovado,nominal,random_forest,aprendizagem,2023-12,9,2024-08-01,391118763.67,354937946.05690336,36180817.613096654,9.25059623158955,-9.250596231589547
valor_aprovado,nominal,random_forest,aprendizagem,2023-12,10,2024-09-01,366497269.12,355273041.2996183,11224227.820381701,3.0625679278135682,-3.0625679278135642
valor_aprovado,nominal,random_forest,aprendizagem,2023-12,11,2024-10-01,396093556.14,355299435.2740822,40794120.8659178,10.299112478239621,-10.299112478239625
valor_aprovado,nominal,random_forest,aprendizagem,2023-12,12,2024-11-01,383252079.78,355213046.0668322,28039033.713167787,7.31608129283034,-7.316081292830335
valor_aprovado,nominal,random_forest,aprendizagem,2024-01,1,2024-01-01,375847712.94,359507823.0799722,16339889.86002779,4.3474761977961744,-4.3474761977961744
valor_aprovado,nominal,random_forest,aprendizagem,2024-01,2,2024-02-01,356304841.58,359449416.3543367,-3144574.7743366957,0.8825517948036791,0.8825517948036765
valor_aprovado,nominal,random_forest,aprendizagem,2024-01,3,2024-03-01,370113558.41,359268099.07060945,10845459.339390576,2.9303058731440257,-2.9303058731440235
valor_aprovado,nominal,random_forest,aprendizagem,2024-01,4,2024-04-01,373850328.77,358962799.03268695,14887529.737313032,3.982216569474286,-3.982216569474284
valor_aprovado,nominal,random_forest,aprendizagem,2024-01,5,2024-05-01,387596104.3,358815436.6504691,28780667.649530888,7.425427482432745,-7.425427482432745
valor_aprovado,nominal,random_forest,aprendizagem,2024-01,6,2024-06-01,360982328.25,358852298.7999691,2130029.450030923,0.590064743711155,-0.5900647437111606
valor_aprovado,nominal,random_forest,aprendizagem,2024-01,7,2024-07-01,390560593.67,359085650.3714064,31474943.29859364,8.058914239870308,-8.058914239870308
valor_aprovado,nominal,random_forest,aprendizagem,2024-01,8,2024-08-01,391118763.67,359374406.22554415,31744357.444455862,8.11629622332301,-8.116296223323005
valor_aprovado,nominal,random_forest,aprendizagem,2024-01,9,2024-09-01,366497269.12,359592425.8952442,6904843.224755824,1.8840094610623175,-1.8840094610623193
valor_aprovado,nominal,random_forest,aprendizagem,2024-01,10,2024-10-01,396093556.14,360415748.97324157,35677807.16675842,9.007419235608072,-9.007419235608072
valor_aprovado,nominal,random_forest,aprendizagem,2024-01,11,2024-11-01,383252079.78,360415748.97324157,22836330.806758404,5.958566701025406,-5.958566701025402
valor_aprovado,nominal,random_forest,aprendizagem,2024-01,12,2024-12-01,390807010.08,360333411.2466943,30473598.833305657,7.7976080385732,-7.7976080385732
valor_aprovado,nominal,random_forest,aprendizagem,2024-02,1,2024-02-01,356304841.58,364096337.9263809,-7791496.346380889,2.1867500626234095,2.1867500626234104
valor_aprovado,nominal,random_forest,aprendizagem,2024-02,2,2024-03-01,370113558.41,363078676.09737414,7034882.312625885,1.9007361802273848,-1.9007361802273803
valor_aprovado,nominal,random_forest,aprendizagem,2024-02,3,2024-04-01,373850328.77,362909217.4705058,10941111.299494207,2.9266020269372004,-2.9266020269371973
valor_aprovado,nominal,random_forest,aprendizagem,2024-02,4,2024-05-01,387596104.3,362706374.98387915,24889729.316120863,6.421563333581953,-6.421563333581948
valor_aprovado,nominal,random_forest,aprendizagem,2024-02,5,2024-06-01,360982328.25,362706374.98387915,-1724046.733879149,0.47759865205510904,0.4775986520551001
valor_aprovado,nominal,random_forest,aprendizagem,2024-02,6,2024-07-01,390560593.67,362706374.98387915,27854218.686120868,7.131855885505948,-7.131855885505944
valor_aprovado,nominal,random_forest,aprendizagem,2024-02,7,2024-08-01,391118763.67,362776791.0944641,28341972.575535893,7.24638529473594,-7.246385294735935
valor_aprovado,nominal,random_forest,aprendizagem,2024-02,8,2024-09-01,366497269.12,362906545.7800233,3590723.339976728,0.9797408173322675,-0.9797408173322641
valor_aprovado,nominal,random_forest,aprendizagem,2024-02,9,2024-10-01,396093556.14,364189871.6000577,31903684.539942265,8.054583076495657,-8.054583076495659
valor_aprovado,nominal,random_forest,aprendizagem,2024-02,10,2024-11-01,383252079.78,364808633.4260746,18443446.353925347,4.812353885858239,-4.812353885858234
valor_aprovado,nominal,random_forest,aprendizagem,2024-02,11,2024-12-01,390807010.08,364808633.4260746,25998376.65392536,6.652484726055291,-6.6524847260552855
valor_aprovado,nominal,random_forest,aprendizagem,2024-02,12,2025-01-01,392330621.24,364582673.3763561,27747947.863643885,7.072592951308193,-7.072592951308188
valor_aprovado,nominal,random_forest,aprendizagem,2024-03,1,2024-03-01,370113558.41,361080947.96502125,9032610.444978774,2.44049704198427,-2.4404970419842686
valor_aprovado,nominal,random_forest,aprendizagem,2024-03,2,2024-04-01,373850328.77,361080947.96502125,12769380.804978728,3.4156398489714053,-3.415639848971408
valor_aprovado,nominal,random_forest,aprendizagem,2024-03,3,2024-05-01,387596104.3,360883650.64579016,26712453.654209852,6.89182717727585,-6.8918271772758555
valor_aprovado,nominal,random_forest,aprendizagem,2024-03,4,2024-06-01,360982328.25,360883650.64579016,98677.6042098403,0.027335854552276218,-0.027335854552279493
valor_aprovado,nominal,random_forest,aprendizagem,2024-03,5,2024-07-01,390560593.67,360763073.83827305,29797519.83172697,7.629423017751777,-7.62942301775178
valor_aprovado,nominal,random_forest,aprendizagem,2024-03,6,2024-08-01,391118763.67,360944800.38175976,30173963.288240254,7.714782846291424,-7.714782846291424
valor_aprovado,nominal,random_forest,aprendizagem,2024-03,7,2024-09-01,366497269.12,361622497.03668517,4874772.083314836,1.3300977917297163,-1.3300977917297119
valor_aprovado,nominal,random_forest,aprendizagem,2024-03,8,2024-10-01,396093556.14,363068904.1659041,33024651.97409588,8.337588799961,-8.337588799961004
valor_aprovado,nominal,random_forest,aprendizagem,2024-03,9,2024-11-01,383252079.78,365639501.35369444,17612578.426305532,4.595559777892338,-4.595559777892333
valor_aprovado,nominal,random_forest,aprendizagem,2024-03,10,2024-12-01,390807010.08,365760078.16121155,25046931.918788433,6.4090283113553195,-6.409028311355314
valor_aprovado,nominal,random_forest,aprendizagem,2024-03,11,2025-01-01,392330621.24,364459540.279205,27871080.960794985,7.103977984870428,-7.103977984870424
valor_aprovado,nominal,random_forest,aprendizagem,2024-03,12,2025-02-01,359514022.46,361949511.3449757,-2435488.8849757314,0.6774391909140922,0.6774391909140975
valor_aprovado,nominal,random_forest,aprendizagem,2024-04,1,2024-04-01,373850328.77,363579395.8705138,10270932.899486184,2.7473382017018535,-2.7473382017018544
valor_aprovado,nominal,random_forest,aprendizagem,2024-04,2,2024-05-01,387596104.3,363579395.8705138,24016708.429486215,6.196323482884452,-6.196323482884447
valor_aprovado,nominal,random_forest,aprendizagem,2024-04,3,2024-06-01,360982328.25,363356981.1764099,-2374652.9264099,0.6578307968486821,0.6578307968486907
valor_aprovado,nominal,random_forest,aprendizagem,2024-04,4,2024-07-01,390560593.67,362756605.44438446,27803988.22561556,7.118994767072749,-7.118994767072751
valor_aprovado,nominal,random_forest,aprendizagem,2024-04,5,2024-08-01,391118763.67,362839734.18295085,28279029.487049162,7.2302922063102875,-7.230292206310285
valor_aprovado,nominal,random_forest,aprendizagem,2024-04,6,2024-09-01,366497269.12,363450650.4337574,3046618.6862425804,0.8312800511605024,-0.831280051160499
valor_aprovado,nominal,random_forest,aprendizagem,2024-04,7,2024-10-01,396093556.14,364197244.62195694,31896311.51804304,8.05272164204793,-8.052721642047933
valor_aprovado,nominal,random_forest,aprendizagem,2024-04,8,2024-11-01,383252079.78,366205307.6306673,17046772.149332643,4.447926847290192,-4.447926847290196
valor_aprovado,nominal,random_forest,aprendizagem,2024-04,9,2024-12-01,390807010.08,366705877.16735554,24101132.912644446,6.167016530156619,-6.167016530156621
valor_aprovado,nominal,random_forest,aprendizagem,2024-04,10,2025-01-01,392330621.24,366045080.90229243,26285540.33770758,6.699844191266415,-6.699844191266413
valor_aprovado,nominal,random_forest,aprendizagem,2024-04,11,2025-02-01,359514022.46,364033410.5249365,-4519388.064936519,1.2570825566169264,1.2570825566169175
valor_aprovado,nominal,random_forest,aprendizagem,2024-04,12,2025-03-01,389704865.08,363663312.1185637,26041552.96143627,6.682378203333533,-6.682378203333528
valor_aprovado,nominal,random_forest,aprendizagem,2024-05,1,2024-05-01,387596104.3,366850712.4291273,20745391.870872736,5.352322079794633,-5.352322079794636
valor_aprovado,nominal,random_forest,aprendizagem,2024-05,2,2024-06-01,360982328.25,366248617.7183783,-5266289.468378305,1.458877362199047,1.4588773621990514
valor_aprovado,nominal,random_forest,aprendizagem,2024-05,3,2024-07-01,390560593.67,364380865.23799,26179728.432009995,6.703115689682271,-6.703115689682271
valor_aprovado,nominal,random_forest,aprendizagem,2024-05,4,2024-08-01,391118763.67,364295481.8971744,26823281.7728256,6.858091266482244,-6.858091266482247
valor_aprovado,nominal,random_forest,aprendizagem,2024-05,5,2024-09-01,366497269.12,364630425.2350164,1866843.8849835992,0.5093745690018634,-0.5093745690018636
valor_aprovado,nominal,random_forest,aprendizagem,2024-05,6,2024-10-01,396093556.14,365125417.82240254,30968138.31759745,7.818389831783,-7.818389831783001
valor_aprovado,nominal,random_forest,aprendizagem,2024-05,7,2024-11-01,383252079.78,366500643.1499894,16751436.630010545,4.37086646460639,-4.370866464606394
valor_aprovado,nominal,random_forest,aprendizagem,2024-05,8,2024-12-01,390807010.08,367911667.47527075,22895342.604729235,5.858477973576384,-5.858477973576381
valor_aprovado,nominal,random_forest,aprendizagem,2024-05,9,2025-01-01,392330621.24,368563454.1781097,23767167.061890304,6.057943421997448,-6.057943421997447
valor_aprovado,nominal,random_forest,aprendizagem,2024-05,10,2025-02-01,359514022.46,367220651.6116539,-7706629.151653945,2.143624078671756,2.1436240786717464
valor_aprovado,nominal,random_forest,aprendizagem,2024-05,11,2025-03-01,389704865.08,366992651.2020905,22712213.87790948,5.8280550008650875,-5.828055000865085
valor_aprovado,nominal,random_forest,aprendizagem,2024-05,12,2025-04-01,390023524.08,366847316.18068725,23176207.899312735,5.942258983988599,-5.9422589839886015
valor_aprovado,nominal,random_forest,aprendizagem,2024-06,1,2024-06-01,360982328.25,372198772.40954316,-11216444.159543157,3.10720034798356,3.107200347983552
valor_aprovado,nominal,random_forest,aprendizagem,2024-06,2,2024-07-01,390560593.67,368530809.5288422,22029784.141157806,5.640554755959746,-5.640554755959748
valor_aprovado,nominal,random_forest,aprendizagem,2024-06,3,2024-08-01,391118763.67,368411123.5748135,22707640.09518653,5.805817108367045,-5.805817108367039
valor_aprovado,nominal,random_forest,aprendizagem,2024-06,4,2024-09-01,366497269.12,368277301.5090627,-1780032.3890627027,0.48568776333224933,0.48568776333224317
valor_aprovado,nominal,random_forest,aprendizagem,2024-06,5,2024-10-01,396093556.14,368178085.4829267,27915470.65707326,7.04769623851353,-7.047696238513534
valor_aprovado,nominal,random_forest,aprendizagem,2024-06,6,2024-11-01,383252079.78,368749070.9191838,14503008.86081618,3.7841957359087033,-3.784195735908702
valor_aprovado,nominal,random_forest,aprendizagem,2024-06,7,2024-12-01,390807010.08,371233808.5333677,19573201.54663229,5.008405950196638,-5.008405950196638
valor_aprovado,nominal,random_forest,aprendizagem,2024-06,8,2025-01-01,392330621.24,372441772.8827794,19888848.35722059,5.0694101557405595,-5.069410155740561
valor_aprovado,nominal,random_forest,aprendizagem,2024-06,9,2025-02-01,359514022.46,371470680.40487224,-11956657.94487226,3.325783473773286,3.3257834737732805
valor_aprovado,nominal,random_forest,aprendizagem,2024-06,10,2025-03-01,389704865.08,371659107.60783106,18045757.472168922,4.630621552149323,-4.630621552149328
valor_aprovado,nominal,random_forest,aprendizagem,2024-06,11,2025-04-01,390023524.08,371811017.76231515,18212506.31768483,4.669591753637188,-4.669591753637192
valor_aprovado,nominal,random_forest,aprendizagem,2024-06,12,2025-05-01,404820750.8,372399565.4754291,32421185.324570894,8.008775553254296,-8.0087755532543
valor_aprovado,nominal,random_forest,aprendizagem,2024-07,1,2024-07-01,390560593.67,366088828.3020317,24471765.36796832,6.265805041418355,-6.26580504141836
valor_aprovado,nominal,random_forest,aprendizagem,2024-07,2,2024-08-01,391118763.67,366070005.1757396,25048758.49426043,6.404386805485738,-6.40438680548574
valor_aprovado,nominal,random_forest,aprendizagem,2024-07,3,2024-09-01,366497269.12,366071277.0328036,425992.0871964097,0.11623335917870908,-0.11623335917870792
valor_aprovado,nominal,random_forest,aprendizagem,2024-07,4,2024-10-01,396093556.14,366454319.61396986,29639236.526030123,7.482887834598875,-7.4828878345988725
valor_aprovado,nominal,random_forest,aprendizagem,2024-07,5,2024-11-01,383252079.78,367085715.48335767,16166364.296642303,4.21820654069832,-4.218206540698322
valor_aprovado,nominal,random_forest,aprendizagem,2024-07,6,2024-12-01,390807010.08,368910447.9977368,21896562.08226317,5.602909241003851,-5.60290924100385
valor_aprovado,nominal,random_forest,aprendizagem,2024-07,7,2025-01-01,392330621.24,372092138.06006736,20238483.179932654,5.158527549026612,-5.158527549026615
valor_aprovado,nominal,random_forest,aprendizagem,2024-07,8,2025-02-01,359514022.46,371120138.1342027,-11606115.67420274,3.228278995847527,3.228278995847522
valor_aprovado,nominal,random_forest,aprendizagem,2024-07,9,2025-03-01,389704865.08,371050022.02924055,18654843.050759435,4.786915618035691,-4.786915618035692
valor_aprovado,nominal,random_forest,aprendizagem,2024-07,10,2025-04-01,390023524.08,371111577.680932,18911946.399067998,4.848924547225223,-4.84892454722522
valor_aprovado,nominal,random_forest,aprendizagem,2024-07,11,2025-05-01,404820750.8,371545561.03414476,33275189.765855253,8.219734215723225,-8.219734215723228
valor_aprovado,nominal,random_forest,aprendizagem,2024-07,12,2025-06-01,377143717.14,368174256.57672036,8969460.563279629,2.3782606353084397,-2.378260635308438
valor_aprovado,nominal,random_forest,aprendizagem,2024-08,1,2024-08-01,391118763.67,373211805.12626594,17906958.543734074,4.5783941367852075,-4.578394136785202
valor_aprovado,nominal,random_forest,aprendizagem,2024-08,2,2024-09-01,366497269.12,372339899.46489996,-5842630.344899952,1.5941811405385766,1.5941811405385753
valor_aprovado,nominal,random_forest,aprendizagem,2024-08,3,2024-10-01,396093556.14,372415536.24739933,23678019.892600656,5.977885659980698,-5.977885659980697
valor_aprovado,nominal,random_forest,aprendizagem,2024-08,4,2024-11-01,383252079.78,372715902.8130506,10536176.966949344,2.7491506303103366,-2.7491506303103375
valor_aprovado,nominal,random_forest,aprendizagem,2024-08,5,2024-12-01,390807010.08,373499117.2138797,17307892.86612028,4.428757012976116,-4.4287570129761145
valor_aprovado,nominal,random_forest,aprendizagem,2024-08,6,2025-01-01,392330621.24,374605011.1462238,17725610.093776226,4.518028706949427,-4.518028706949428
valor_aprovado,nominal,random_forest,aprendizagem,2024-08,7,2025-02-01,359514022.46,373974018.3227937,-14459995.862793744,4.02209509488676,4.022095094886757
valor_aprovado,nominal,random_forest,aprendizagem,2024-08,8,2025-03-01,389704865.08,374008487.95818406,15696377.12181592,4.0277601149766795,-4.027760114976675
valor_aprovado,nominal,random_forest,aprendizagem,2024-08,9,2025-04-01,390023524.08,374781165.58294964,15242358.497050345,3.9080613234815798,-3.908061323481582
valor_aprovado,nominal,random_forest,aprendizagem,2024-08,10,2025-05-01,404820750.8,375637018.33399016,29183732.466009855,7.209050526273035,-7.209050526273031
valor_aprovado,nominal,random_forest,aprendizagem,2024-08,11,2025-06-01,377143717.14,374320099.39722246,2823617.7427775264,0.7486848154835807,-0.7486848154835801
valor_aprovado,nominal,random_forest,aprendizagem,2024-08,12,2025-07-01,406090370.51,373825498.42553633,32264872.084463656,7.945244316909783,-7.945244316909783
valor_aprovado,nominal,random_forest,aprendizagem,2024-09,1,2024-09-01,366497269.12,377987982.3587916,-11490713.238791585,3.1352793613938905,3.1352793613938834
valor_aprovado,nominal,random_forest,aprendizagem,2024-09,2,2024-10-01,396093556.14,377968046.0820968,18125510.05790317,4.576067895307208,-4.576067895307212
valor_aprovado,nominal,random_forest,aprendizagem,2024-09,3,2024-11-01,383252079.78,378138981.73358566,5113098.046414316,1.3341344551474872,-1.3341344551474843
valor_aprovado,nominal,random_forest,aprendizagem,2024-09,4,2024-12-01,390807010.08,378286220.4413742,12520789.6386258,3.2038293366494983,-3.2038293366494996
valor_aprovado,nominal,random_forest,aprendizagem,2024-09,5,2025-01-01,392330621.24,377722893.1922672,14607728.04773283,3.7233209076476497,-3.7233209076476537
valor_aprovado,nominal,random_forest,aprendizagem,2024-09,6,2025-02-01,359514022.46,377445642.6834836,-17931620.223483622,4.987738753772454,4.987738753772453
valor_aprovado,nominal,random_forest,aprendizagem,2024-09,7,2025-03-01,389704865.08,377465578.9601784,12239286.119821608,3.1406552025746675,-3.1406552025746715
valor_aprovado,nominal,random_forest,aprendizagem,2024-09,8,2025-04-01,390023524.08,378255890.10590154,11767633.974098444,3.0171600551162436,-3.0171600551162414
valor_aprovado,nominal,random_forest,aprendizagem,2024-09,9,2025-05-01,404820750.8,378737888.69337606,26082862.106623948,6.443064505729865,-6.443064505729867
valor_aprovado,nominal,random_forest,aprendizagem,2024-09,10,2025-06-01,377143717.14,378272918.66127276,-1129201.5212727785,0.2994088115363211,0.29940881153631693
valor_aprovado,nominal,random_forest,aprendizagem,2024-09,11,2025-07-01,406090370.51,379130893.2698722,26959477.240127802,6.63878761918683,-6.638787619186825
valor_aprovado,nominal,random_forest,aprendizagem,2024-09,12,2025-08-01,394232835.81,378801601.5137413,15431234.296258688,3.9142437906150853,-3.9142437906150795
valor_aprovado,nominal,random_forest,aprendizagem,2024-10,1,2024-10-01,396093556.14,375695531.2479802,20398024.89201981,5.149799731861856,-5.14979973186186
valor_aprovado,nominal,random_forest,aprendizagem,2024-10,2,2024-11-01,383252079.78,376285700.5751314,6966379.204868555,1.8177016048725685,-1.817701604872568
valor_aprovado,nominal,random_forest,aprendizagem,2024-10,3,2024-12-01,390807010.08,376444381.8952848,14362628.184715211,3.6751204083506885,-3.675120408350685
valor_aprovado,nominal,random_forest,aprendizagem,2024-10,4,2025-01-01,392330621.24,376328173.2855549,16002447.954445124,4.078816969184764,-4.078816969184762
valor_aprovado,nominal,random_forest,aprendizagem,2024-10,5,2025-02-01,359514022.46,375942930.63388944,-16428908.173889458,4.569754487314152,4.569754487314159
valor_aprovado,nominal,random_forest,aprendizagem,2024-10,6,2025-03-01,389704865.08,375925122.27695084,13779742.803049147,3.5359432323793016,-3.5359432323793016
valor_aprovado,nominal,random_forest,aprendizagem,2024-10,7,2025-04-01,390023524.08,378184069.4061449,11839454.673855066,3.0355745084305754,-3.035574508430572
valor_aprovado,nominal,random_forest,aprendizagem,2024-10,8,2025-05-01,404820750.8,378871013.2490532,25949737.55094683,6.410179690558203,-6.410179690558204
valor_aprovado,nominal,random_forest,aprendizagem,2024-10,9,2025-06-01,377143717.14,378423074.76740944,-1279357.6274094582,0.33922283979996576,0.3392228397999686
valor_aprovado,nominal,random_forest,aprendizagem,2024-10,10,2025-07-01,406090370.51,379017368.9378938,27073001.572106183,6.666743054780095,-6.6667430547801
valor_aprovado,nominal,random_forest,aprendizagem,2024-10,11,2025-08-01,394232835.81,378118839.3922606,16113996.417739391,4.087431323327292,-4.087431323327295
valor_aprovado,nominal,random_forest,aprendizagem,2024-10,12,2025-09-01,395718441.83,375646286.0440999,20072155.785900056,5.072332664880709,-5.072332664880708
valor_aprovado,nominal,random_forest,aprendizagem,2024-11,1,2024-11-01,383252079.78,382268499.77629226,983580.0037077069,0.256640486927642,-0.2566404869276395
valor_aprovado,nominal,random_forest,aprendizagem,2024-11,2,2024-12-01,390807010.08,382178028.0299764,8628982.050023556,2.207990600848527,-2.2079906008485306
valor_aprovado,nominal,random_forest,aprendizagem,2024-11,3,2025-01-01,392330621.24,381917607.93797445,10413013.302025557,2.654142383562667,-2.654142383562663
valor_aprovado,nominal,random_forest,aprendizagem,2024-11,4,2025-02-01,359514022.46,381609049.26716727,-22095026.80716729,6.145803898268144,6.145803898268154
valor_aprovado,nominal,random_forest,aprendizagem,2024-11,5,2025-03-01,389704865.08,381466191.3899983,8238673.690001667,2.1140802767012934,-2.114080276701291
valor_aprovado,nominal,random_forest,aprendizagem,2024-11,6,2025-04-01,390023524.08,382125655.40606046,7897868.673939526,2.0249723891832607,-2.024972389183266
valor_aprovado,nominal,random_forest,aprendizagem,2024-11,7,2025-05-01,404820750.8,382539430.92762244,22281319.872377574,5.503996479514847,-5.50399647951485
valor_aprovado,nominal,random_forest,aprendizagem,2024-11,8,2025-06-01,377143717.14,382235854.0088451,-5092136.868845105,1.3501847273130754,1.3501847273130752
valor_aprovado,nominal,random_forest,aprendizagem,2024-11,9,2025-07-01,406090370.51,382631193.93736917,23459176.572630823,5.776836457158282,-5.776836457158286
valor_aprovado,nominal,random_forest,aprendizagem,2024-11,10,2025-08-01,394232835.81,382273981.24384886,11958854.566151142,3.0334496469783394,-3.0334496469783367
valor_aprovado,nominal,random_forest,aprendizagem,2024-11,11,2025-09-01,395718441.83,381527461.06828076,14190980.761719227,3.586130759055109,-3.586130759055106
valor_aprovado,nominal,random_forest,aprendizagem,2024-11,12,2025-10-01,411650546.75,381905165.4708175,29745381.279182494,7.225881640149308,-7.2258816401493124
valor_aprovado,nominal,random_forest,aprendizagem,2024-12,1,2024-12-01,390807010.08,383282957.29751194,7524052.782488048,1.9252604452893105,-1.9252604452893118
valor_aprovado,nominal,random_forest,aprendizagem,2024-12,2,2025-01-01,392330621.24,382627199.2035738,9703422.036426187,2.4732767495327166,-2.4732767495327157
valor_aprovado,nominal,random_forest,aprendizagem,2024-12,3,2025-02-01,359514022.46,382218878.1394379,-22704855.679437935,6.315429791605447,6.3154297916054425
valor_aprovado,nominal,random_forest,aprendizagem,2024-12,4,2025-03-01,389704865.08,382021315.42654306,7683549.653456926,1.9716329822774012,-1.9716329822774048
valor_aprovado,nominal,random_forest,aprendizagem,2024-12,5,2025-04-01,390023524.08,382488058.0255803,7535466.054419696,1.9320542452393341,-1.9320542452393341
valor_aprovado,nominal,random_forest,aprendizagem,2024-12,6,2025-05-01,404820750.8,382741234.0968798,22079516.70312023,5.45414647334334,-5.454146473343336
valor_aprovado,nominal,random_forest,aprendizagem,2024-12,7,2025-06-01,377143717.14,382576920.96285063,-5433203.822850645,1.4406189407190306,1.4406189407190295
valor_aprovado,nominal,random_forest,aprendizagem,2024-12,8,2025-07-01,406090370.51,383108512.68327934,22981857.826720655,5.659296426521576,-5.659296426521577
valor_aprovado,nominal,random_forest,aprendizagem,2024-12,9,2025-08-01,394232835.81,382975119.6272316,11257716.182768404,2.855600842998792,-2.8556008429987956
valor_aprovado,nominal,random_forest,aprendizagem,2024-12,10,2025-09-01,395718441.83,382419170.2368294,13299271.593170583,3.3607914586108496,-3.3607914586108456
valor_aprovado,nominal,random_forest,aprendizagem,2024-12,11,2025-10-01,411650546.75,382862060.6607003,28788486.08929968,6.993428362135336,-6.993428362135335
valor_aprovado,nominal,random_forest,aprendizagem,2024-12,12,2025-11-01,382184403.39,383445616.23643035,-1261212.8464303613,0.33000112909980706,0.3300011290997995
valor_aprovado,nominal,random_forest,aprendizagem,2025-01,1,2025-01-01,392330621.24,385055918.96400595,7274702.275994062,1.8542275015398086,-1.8542275015398069
valor_aprovado,nominal,random_forest,aprendizagem,2025-01,2,2025-02-01,359514022.46,384758700.14747,-25244677.68747002,7.021889581588929,7.021889581588936
valor_aprovado,nominal,random_forest,aprendizagem,2025-01,3,2025-03-01,389704865.08,384511863.3983378,5193001.681662202,1.3325473061764739,-1.3325473061764792
valor_aprovado,nominal,random_forest,aprendizagem,2025-01,4,2025-04-01,390023524.08,384725139.52581,5298384.55418998,1.3584782012028582,-1.3584782012028618
valor_aprovado,nominal,random_forest,aprendizagem,2025-01,5,2025-05-01,404820750.8,384859401.6719468,19961349.12805319,4.930910554512312,-4.930910554512313
valor_aprovado,nominal,random_forest,aprendizagem,2025-01,6,2025-06-01,377143717.14,384826652.69489205,-7682935.554892063,2.03713735791602,2.037137357916019
valor_aprovado,nominal,random_forest,aprendizagem,2025-01,7,2025-07-01,406090370.51,385028856.1256754,21061514.38432461,5.186410689294089,-5.186410689294085
valor_aprovado,nominal,random_forest,aprendizagem,2025-01,8,2025-08-01,394232835.81,385101749.5554932,9131086.254506826,2.316165835285101,-2.3161658352851
valor_aprovado,nominal,random_forest,aprendizagem,2025-01,9,2025-09-01,395718441.83,384687438.87197965,11031002.95802033,2.7875887984920427,-2.7875887984920467
valor_aprovado,nominal,random_forest,aprendizagem,2025-01,10,2025-10-01,411650546.75,385240006.6232513,26410540.12674868,6.4157670468947785,-6.415767046894782
valor_aprovado,nominal,random_forest,aprendizagem,2025-01,11,2025-11-01,382184403.39,385621543.4997685,-3437140.10976851,0.8993407578333543,0.8993407578333557
valor_aprovado,nominal,random_forest,aprendizagem,2025-01,12,2025-12-01,417980005.06,385606538.3824292,32373466.67757082,7.745218978339332,-7.74521897833933
valor_aprovado,nominal,random_forest,aprendizagem,2025-02,1,2025-02-01,359514022.46,387834511.26517826,-28320488.805178285,7.877436493684822,7.87743649368482
valor_aprovado,nominal,random_forest,aprendizagem,2025-02,2,2025-03-01,389704865.08,387390654.5015599,2314210.57844007,0.5938367174258912,-0.5938367174258885
valor_aprovado,nominal,random_forest,aprendizagem,2025-02,3,2025-04-01,390023524.08,387418103.22761047,2605420.8523895144,0.6680163353057396,-0.6680163353057433
valor_aprovado,nominal,random_forest,aprendizagem,2025-02,4,2025-05-01,404820750.8,387397608.10699606,17423142.693003953,4.303915414062305,-4.30391541406231
valor_aprovado,nominal,random_forest,aprendizagem,2025-02,5,2025-06-01,377143717.14,387178257.9936179,-10034540.853617907,2.6606676440782313,2.6606676440782406
valor_aprovado,nominal,random_forest,aprendizagem,2025-02,6,2025-07-01,406090370.51,387120137.7848684,18970232.72513157,4.671431312519741,-4.671431312519736
valor_aprovado,nominal,random_forest,aprendizagem,2025-02,7,2025-08-01,394232835.81,386980198.600051,7252637.209949017,1.8396836973377875,-1.8396836973377906
valor_aprovado,nominal,random_forest,aprendizagem,2025-02,8,2025-09-01,395718441.83,386214047.9407819,9504393.889218092,2.40180716503002,-2.4018071650300232
valor_aprovado,nominal,random_forest,aprendizagem,2025-02,9,2025-10-01,411650546.75,386926850.68590134,24723696.064098656,6.005991309690555,-6.00599130969055
valor_aprovado,nominal,random_forest,aprendizagem,2025-02,10,2025-11-01,382184403.39,387225521.2631279,-5041117.873127937,1.3190276286559317,1.3190276286559222
valor_aprovado,nominal,random_forest,aprendizagem,2025-02,11,2025-12-01,417980005.06,387324495.7393152,30655509.32068479,7.334204734574389,-7.33420473457439
valor_aprovado,nominal,random_forest,aprendizagem,2025-02,12,2026-01-01,407396857.47,387921737.01071286,19475120.459287167,4.780380629401708,-4.780380629401703
valor_aprovado,nominal,random_forest,aprendizagem,2025-03,1,2025-03-01,389704865.08,380255789.4797319,9449075.600268066,2.4246747851937456,-2.424674785193748
valor_aprovado,nominal,random_forest,aprendizagem,2025-03,2,2025-04-01,390023524.08,380873890.15567183,9149633.924328148,2.3459184791252268,-2.3459184791252308
valor_aprovado,nominal,random_forest,aprendizagem,2025-03,3,2025-05-01,404820750.8,383000394.2919743,21820356.508025706,5.390127967725143,-5.390127967725144
valor_aprovado,nominal,random_forest,aprendizagem,2025-03,4,2025-06-01,377143717.14,382870021.5738395,-5726304.4338395,1.5183348345993608,1.5183348345993553
valor_aprovado,nominal,random_forest,aprendizagem,2025-03,5,2025-07-01,406090370.51,383646026.8872201,22444343.622779906,5.526933227841021,-5.526933227841024
valor_aprovado,nominal,random_forest,aprendizagem,2025-03,6,2025-08-01,394232835.81,383922134.8665857,10310700.94341433,2.6153836024920967,-2.615383602492094
valor_aprovado,nominal,random_forest,aprendizagem,2025-03,7,2025-09-01,395718441.83,382948765.15757614,12769676.67242384,3.226960212764022,-3.2269602127640185
valor_aprovado,nominal,random_forest,aprendizagem,2025-03,8,2025-10-01,411650546.75,384185645.85775703,27464900.892242968,6.671897100363311,-6.671897100363311
valor_aprovado,nominal,random_forest,aprendizagem,2025-03,9,2025-11-01,382184403.39,385328551.87591666,-3144148.485916674,0.8226783871942123,0.8226783871942089
valor_aprovado,nominal,random_forest,aprendizagem,2025-03,10,2025-12-01,417980005.06,385173574.48888606,32806430.571113944,7.848803812135621,-7.8488038121356185
valor_aprovado,nominal,random_forest,aprendizagem,2025-03,11,2026-01-01,407396857.47,383148537.139856,24248320.330144048,5.952014573880126,-5.952014573880127
valor_aprovado,nominal,random_forest,aprendizagem,2025-03,12,2026-02-01,369527943.05,380287093.2298838,-10759150.179883778,2.911593123670212,2.9115931236702197
valor_aprovado,nominal,random_forest,aprendizagem,2025-04,1,2025-04-01,390023524.08,382931743.099238,7091780.980762005,1.8182957034425875,-1.818295703442585
valor_aprovado,nominal,random_forest,aprendizagem,2025-04,2,2025-05-01,404820750.8,384326240.3653189,20494510.434681118,5.0626136121185015,-5.062613612118505
valor_aprovado,nominal,random_forest,aprendizagem,2025-04,3,2025-06-01,377143717.14,384057578.5794285,-6913861.439428508,1.8332166559364969,1.8332166559364982
valor_aprovado,nominal,random_forest,aprendizagem,2025-04,4,2025-07-01,406090370.51,384732723.48624694,21357647.023753047,5.259333531334527,-5.259333531334532
valor_aprovado,nominal,random_forest,aprendizagem,2025-04,5,2025-08-01,394232835.81,384705180.40531045,9527655.40468955,2.4167584582633275,-2.416758458263324
valor_aprovado,nominal,random_forest,aprendizagem,2025-04,6,2025-09-01,395718441.83,383935116.7957255,11783325.034274459,2.9777042939374954,-2.9777042939375
valor_aprovado,nominal,random_forest,aprendizagem,2025-04,7,2025-10-01,411650546.75,384799893.1634796,26850653.586520374,6.522681385584816,-6.522681385584816
valor_aprovado,nominal,random_forest,aprendizagem,2025-04,8,2025-11-01,382184403.39,385716860.5585527,-3532457.1685526967,0.9242808281079963,0.9242808281080039
valor_aprovado,nominal,random_forest,aprendizagem,2025-04,9,2025-12-01,417980005.06,385645499.01574624,32334506.044253767,7.735897806789162,-7.73589780678916
valor_aprovado,nominal,random_forest,aprendizagem,2025-04,10,2026-01-01,407396857.47,383658613.66028094,23738243.809719086,5.826810731221001,-5.826810731220999
valor_aprovado,nominal,random_forest,aprendizagem,2025-04,11,2026-02-01,369527943.05,381947916.0344676,-12419972.984467566,3.3610375664573344,3.3610375664573366
valor_aprovado,nominal,random_forest,aprendizagem,2025-04,12,2026-03-01,412089732.61,382577526.4308476,29512206.17915243,7.1615970609689175,-7.161597060968916
valor_aprovado,nominal,random_forest,aprendizagem,2025-05,1,2025-05-01,404820750.8,386197203.92195207,18623546.878047943,4.600442749351263,-4.600442749351263
valor_aprovado,nominal,random_forest,aprendizagem,2025-05,2,2025-06-01,377143717.14,386178972.0969932,-9035254.956993222,2.395706078709309,2.3957060787093143
valor_aprovado,nominal,random_forest,aprendizagem,2025-05,3,2025-07-01,406090370.51,386534780.1062521,19555590.403747916,4.81557599585247,-4.815575995852472
valor_aprovado,nominal,random_forest,aprendizagem,2025-05,4,2025-08-01,394232835.81,386445774.3716226,7787061.43837738,1.975244254420843,-1.9752442544208382
valor_aprovado,nominal,random_forest,aprendizagem,2025-05,5,2025-09-01,395718441.83,384267415.8270574,11451026.002942562,2.8937306914449805,-2.8937306914449845
valor_aprovado,nominal,random_forest,aprendizagem,2025-05,6,2025-10-01,411650546.75,384955942.7620496,26694603.987950385,6.484773116106735,-6.484773116106735
valor_aprovado,nominal,random_forest,aprendizagem,2025-05,7,2025-11-01,382184403.39,385662316.759964,-3477913.3699640036,0.9100092361474436,0.9100092361474355
valor_aprovado,nominal,random_forest,aprendizagem,2025-05,8,2025-12-01,417980005.06,385675343.580264,32304661.47973603,7.728757617268983,-7.728757617268977
valor_aprovado,nominal,random_forest,aprendizagem,2025-05,9,2026-01-01,407396857.47,383779703.76099724,23617153.709002793,5.797087845907579,-5.797087845907578
valor_aprovado,nominal,random_forest,aprendizagem,2025-05,10,2026-02-01,369527943.05,382493938.4541083,-12965995.404108286,3.5087997127064043,3.508799712706412
valor_aprovado,nominal,random_forest,aprendizagem,2025-05,11,2026-03-01,412089732.61,383290449.2537243,28799283.356275737,6.988595220238418,-6.988595220238414
valor_aprovado,nominal,random_forest,aprendizagem,2025-05,12,2026-04-01,396764540.54,385337599.69853544,11426940.84146458,2.8800307673443832,-2.880030767344388
valor_aprovado,nominal,random_forest,aprendizagem,2025-06,1,2025-06-01,377143717.14,391282214.28715396,-14138497.147153974,3.7488353920809465,3.7488353920809514
valor_aprovado,nominal,random_forest,aprendizagem,2025-06,2,2025-07-01,406090370.51,391293183.5247475,14797186.9852525,3.6438162684500583,-3.643816268450062
valor_aprovado,nominal,random_forest,aprendizagem,2025-06,3,2025-08-01,394232835.81,390743851.0414608,3488984.7685391903,0.8850061313057905,-0.8850061313057878
valor_aprovado,nominal,random_forest,aprendizagem,2025-06,4,2025-09-01,395718441.83,387434610.66596013,8283831.16403985,2.0933649505267615,-2.093364950526766
valor_aprovado,nominal,random_forest,aprendizagem,2025-06,5,2025-10-01,411650546.75,387624437.4546151,24026109.295384884,5.8365303981914085,-5.8365303981914085
valor_aprovado,nominal,random_forest,aprendizagem,2025-06,6,2025-11-01,382184403.39,388114193.4083521,-5929790.018352091,1.551552069041666,1.5515520690416729
valor_aprovado,nominal,random_forest,aprendizagem,2025-06,7,2025-12-01,417980005.06,388146069.6058283,29833935.454171717,7.137646560363367,-7.137646560363365
valor_aprovado,nominal,random_forest,aprendizagem,2025-06,8,2026-01-01,407396857.47,386196965.5460519,21199891.92394811,5.203744588410142,-5.203744588410142
valor_aprovado,nominal,random_forest,aprendizagem,2025-06,9,2026-02-01,369527943.05,384247359.4263432,-14719416.37634319,3.9833026576697987,3.983302657669796
valor_aprovado,nominal,random_forest,aprendizagem,2025-06,10,2026-03-01,412089732.61,385039975.0706943,27049757.539305687,6.564045497562897,-6.564045497562898
valor_aprovado,nominal,random_forest,aprendizagem,2025-06,11,2026-04-01,396764540.54,388257277.29998726,8507263.240012765,2.1441591600989103,-2.144159160098913
valor_aprovado,nominal,random_forest,aprendizagem,2025-06,12,2026-05-01,426565867.1,391441332.6516028,35124534.44839722,8.234258096455466,-8.234258096455472
valor_aprovado,nominal,random_forest,aprendizagem,2025-07,1,2025-07-01,406090370.51,388254067.3960338,17836303.113966167,4.3922004581310174,-4.392200458131013
valor_aprovado,nominal,random_forest,aprendizagem,2025-07,2,2025-08-01,394232835.81,387908144.9120665,6324690.897933483,1.6043034276783732,-1.6043034276783774
valor_aprovado,nominal,random_forest,aprendizagem,2025-07,3,2025-09-01,395718441.83,385367215.87043935,10351225.959560633,2.615805801643054,-2.6158058016430563
valor_aprovado,nominal,random_forest,aprendizagem,2025-07,4,2025-10-01,411650546.75,385844111.1213939,25806435.62860608,6.26901526849632,-6.269015268496325
valor_aprovado,nominal,random_forest,aprendizagem,2025-07,5,2025-11-01,382184403.39,386313336.1683039,-4128932.778303921,1.080350935747253,1.080350935747254
valor_aprovado,nominal,random_forest,aprendizagem,2025-07,6,2025-12-01,417980005.06,386312313.58400536,31667691.475994647,7.576365159249382,-7.576365159249388
valor_aprovado,nominal,random_forest,aprendizagem,2025-07,7,2026-01-01,407396857.47,385525243.30674314,21871614.163256884,5.36862613498865,-5.368626134988652
valor_aprovado,nominal,random_forest,aprendizagem,2025-07,8,2026-02-01,369527943.05,383834601.5389174,-14306658.48891741,3.8716039633791937,3.8716039633792
valor_aprovado,nominal,random_forest,aprendizagem,2025-07,9,2026-03-01,412089732.61,384284439.01705426,27805293.592945755,6.747388103275208,-6.74738810327521
valor_aprovado,nominal,random_forest,aprendizagem,2025-07,10,2026-04-01,396764540.54,386963923.04258496,9800617.497415066,2.470134423826368,-2.4701344238263645
valor_aprovado,nominal,random_forest,aprendizagem,2025-07,11,2026-05-01,426565867.1,389192170.89543146,37373696.204568565,8.761529950498133,-8.761529950498137
valor_aprovado,nominal,random_forest,aprendizagem,2025-07,12,2026-06-01,409258364.78,387982117.97356516,21276246.80643481,5.198732301506414,-5.198732301506414
valor_aprovado,nominal,gradient_boosting,aprendizagem,2022-01,1,2022-01-01,302837210.44,271548009.8594115,31289200.58058852,10.332019811940425,-10.33201981194043
valor_aprovado,nominal,gradient_boosting,aprendizagem,2022-01,2,2022-02-01,280312728.99,259444925.40778187,20867803.58221814,7.444472342518055,-7.44447234251806
valor_aprovado,nominal,gradient_boosting,aprendizagem,2022-01,3,2022-03-01,314093080.19,276184487.23224896,37908592.957751036,12.06922258039544,-12.069222580395444
valor_aprovado,nominal,gradient_boosting,aprendizagem,2022-01,4,2022-04-01,304231395.4,267071525.9979176,37159869.40208238,12.214344069659546,-12.214344069659544
valor_aprovado,nominal,gradient_boosting,aprendizagem,2022-01,5,2022-05-01,306243852.81,271719312.2239823,34524540.58601773,11.273545662788361,-11.273545662788365
valor_aprovado,nominal,gradient_boosting,aprendizagem,2022-01,6,2022-06-01,306868827.71,268735098.5793478,38133729.13065219,12.426719721003945,-12.426719721003943
valor_aprovado,nominal,gradient_boosting,aprendizagem,2022-01,7,2022-07-01,308883599.32,271414518.69432557,37469080.62567443,12.130485628942983,-12.130485628942989
valor_aprovado,nominal,gradient_boosting,aprendizagem,2022-01,8,2022-08-01,323453719.42,272323840.77076447,51129878.64923555,15.807478962034791,-15.807478962034793
valor_aprovado,nominal,gradient_boosting,aprendizagem,2022-01,9,2022-09-01,311819626.42,269046424.31850696,42773202.10149306,13.717289893702983,-13.717289893702988
valor_aprovado,nominal,gradient_boosting,aprendizagem,2022-01,10,2022-10-01,312427063.88,272323840.77076447,40103223.109235525,12.836027267035599,-12.836027267035599
valor_aprovado,nominal,gradient_boosting,aprendizagem,2022-01,11,2022-11-01,312285235.81,270209995.81584644,42075239.99415356,13.473336286622558,-13.473336286622562
valor_aprovado,nominal,gradient_boosting,aprendizagem,2022-01,12,2022-12-01,324955128.46,277665148.661127,47289979.79887301,14.55277226212299,-14.552772262122993
valor_aprovado,nominal,gradient_boosting,aprendizagem,2022-02,1,2022-02-01,280312728.99,284336975.8938127,-4024246.9038127065,1.435627600042476,1.4356276000424772
valor_aprovado,nominal,gradient_boosting,aprendizagem,2022-02,2,2022-03-01,314093080.19,299951382.0113457,14141698.178654313,4.50239087410005,-4.5023908741000485
valor_aprovado,nominal,gradient_boosting,aprendizagem,2022-02,3,2022-04-01,304231395.4,290304441.85700864,13926953.54299134,4.577750276127926,-4.577750276127923
valor_aprovado,nominal,gradient_boosting,aprendizagem,2022-02,4,2022-05-01,306243852.81,295223107.37193865,11020745.438061357,3.598682989695422,-3.598682989695423
valor_aprovado,nominal,gradient_boosting,aprendizagem,2022-02,5,2022-06-01,306868827.71,292361401.0167782,14507426.693221807,4.727566107474347,-4.727566107474345
valor_aprovado,nominal,gradient_boosting,aprendizagem,2022-02,6,2022-07-01,308883599.32,295223107.37193865,13660491.948061347,4.4225371557876825,-4.422537155787687
valor_aprovado,nominal,gradient_boosting,aprendizagem,2022-02,7,2022-08-01,323453719.42,295970865.1719104,27482854.24808961,8.496688273478629,-8.496688273478625
valor_aprovado,nominal,gradient_boosting,aprendizagem,2022-02,8,2022-09-01,311819626.42,292965861.4088345,18853765.0111655,6.046368930533817,-6.046368930533818
valor_aprovado,nominal,gradient_boosting,aprendizagem,2022-02,9,2022-10-01,312427063.88,295970865.1719104,16456198.70808959,5.2672129308267115,-5.267212930826714
valor_aprovado,nominal,gradient_boosting,aprendizagem,2022-02,10,2022-11-01,312285235.81,293917158.0193993,18368077.790600717,5.88182715169288,-5.8818271516928755
valor_aprovado,nominal,gradient_boosting,aprendizagem,2022-02,11,2022-12-01,324955128.46,298437957.82682794,26517170.633172035,8.160256081767345,-8.160256081767347
valor_aprovado,nominal,gradient_boosting,aprendizagem,2022-02,12,2023-01-01,318310548.87,298672258.4268295,19638290.443170488,6.169538054232342,-6.169538054232337
valor_aprovado,nominal,gradient_boosting,aprendizagem,2022-03,1,2022-03-01,314093080.19,290312053.78118443,23781026.408815563,7.571330891603862,-7.571330891603867
valor_aprovado,nominal,gradient_boosting,aprendizagem,2022-03,2,2022-04-01,304231395.4,283264230.04269445,20967165.357305527,6.89184800593579,-6.891848005935786
valor_aprovado,nominal,gradient_boosting,aprendizagem,2022-03,3,2022-05-01,306243852.81,292032631.88474387,14211220.925256133,4.64049181554448,-4.640491815544479
valor_aprovado,nominal,gradient_boosting,aprendizagem,2022-03,4,2022-06-01,306868827.71,289507267.848952,17361559.861047983,5.657648575975649,-5.657648575975649
valor_aprovado,nominal,gradient_boosting,aprendizagem,2022-03,5,2022-07-01,308883599.32,292032631.88474387,16850967.435256124,5.455442591433515,-5.4554425914335125
valor_aprovado,nominal,gradient_boosting,aprendizagem,2022-03,6,2022-08-01,323453719.42,292987599.804501,30466119.61549902,9.419004261298724,-9.419004261298724
valor_aprovado,nominal,gradient_boosting,aprendizagem,2022-03,7,2022-09-01,311819626.42,290117994.3936018,21701632.02639824,6.959674820842614,-6.95967482084261
valor_aprovado,nominal,gradient_boosting,aprendizagem,2022-03,8,2022-10-01,312427063.88,292987599.804501,19439464.075499,6.22208071032076,-6.222080710320766
valor_aprovado,nominal,gradient_boosting,aprendizagem,2022-03,9,2022-11-01,312285235.81,291985208.8422107,20300026.967789292,6.500476052009131,-6.50047605200913
valor_aprovado,nominal,gradient_boosting,aprendizagem,2022-03,10,2022-12-01,324955128.46,295151851.97596204,29803276.484037936,9.1715051937414,-9.171505193741403
valor_aprovado,nominal,gradient_boosting,aprendizagem,2022-03,11,2023-01-01,318310548.87,298708272.40037256,19602276.46962744,6.158223954316114,-6.158223954316111
valor_aprovado,nominal,gradient_boosting,aprendizagem,2022-03,12,2023-02-01,294899969.04,277872850.9448962,17027118.0951038,5.77386228643322,-5.773862286433218
valor_aprovado,nominal,gradient_boosting,aprendizagem,2022-04,1,2022-04-01,304231395.4,299686885.7251128,4544509.67488718,1.4937674886946204,-1.4937674886946195
valor_aprovado,nominal,gradient_boosting,aprendizagem,2022-04,2,2022-05-01,306243852.81,304630519.898488,1613332.9115120173,0.5268131577853947,-0.5268131577853996
valor_aprovado,nominal,gradient_boosting,aprendizagem,2022-04,3,2022-06-01,306868827.71,302259456.28247136,4609371.42752862,1.5020657073336268,-1.5020657073336219
valor_aprovado,nominal,gradient_boosting,aprendizagem,2022-04,4,2022-07-01,308883599.32,304630519.898488,4253079.421512008,1.3769197946653893,-1.3769197946653877
valor_aprovado,nominal,gradient_boosting,aprendizagem,2022-04,5,2022-08-01,323453719.42,305488576.6305292,17965142.78947079,5.554161758190609,-5.554161758190612
valor_aprovado,nominal,gradient_boosting,aprendizagem,2022-04,6,2022-09-01,311819626.42,302686092.9237176,9133533.496282399,2.929107959349597,-2.9291079593495972
valor_aprovado,nominal,gradient_boosting,aprendizagem,2022-04,7,2022-10-01,312427063.88,305488576.6305292,6938487.24947077,2.2208342527380314,-2.2208342527380354
valor_aprovado,nominal,gradient_boosting,aprendizagem,2022-04,8,2022-11-01,312285235.81,304324838.0391284,7960397.77087158,2.5490791296053557,-2.5490791296053583
valor_aprovado,nominal,gradient_boosting,aprendizagem,2022-04,9,2022-12-01,324955128.46,306186573.4143382,18768555.045661807,5.7757374486158035,-5.7757374486158035
valor_aprovado,nominal,gradient_boosting,aprendizagem,2022-04,10,2023-01-01,318310548.87,312483138.6033719,5827410.266628087,1.830731116928216,-1.8307311169282192
valor_aprovado,nominal,gradient_boosting,aprendizagem,2022-04,11,2023-02-01,294899969.04,294490417.04882103,409551.9911789894,0.13887827540715614,-0.13887827540716158
valor_aprovado,nominal,gradient_boosting,aprendizagem,2022-04,12,2023-03-01,333190074.83000004,310339631.19731736,22850443.63268268,6.8580805248599965,-6.85808052486
valor_aprovado,nominal,gradient_boosting,aprendizagem,2022-05,1,2022-05-01,306243852.81,304248134.6744565,1995718.1355435252,0.6516761454087733,-0.6516761454087749
valor_aprovado,nominal,gradient_boosting,aprendizagem,2022-05,2,2022-06-01,306868827.71,302195368.30148983,4673459.4085101485,1.5229501945133066,-1.5229501945133062
valor_aprovado,nominal,gradient_boosting,aprendizagem,2022-05,3,2022-07-01,308883599.32,304248134.6744565,4635464.645543516,1.5007156921728386,-1.5007156921728382
valor_aprovado,nominal,gradient_boosting,aprendizagem,2022-05,4,2022-08-01,323453719.42,305214727.23645043,18238992.183549583,5.638825924232614,-5.6388259242326155
valor_aprovado,nominal,gradient_boosting,aprendizagem,2022-05,5,2022-09-01,311819626.42,302530979.38162017,9288647.038379848,2.978852596619004,-2.9788525966190083
valor_aprovado,nominal,gradient_boosting,aprendizagem,2022-05,6,2022-10-01,312427063.88,305259198.1968713,7167865.683128715,2.294252487000236,-2.2942524870002368
valor_aprovado,nominal,gradient_boosting,aprendizagem,2022-05,7,2022-11-01,312285235.81,304146606.93694156,8138628.873058438,2.6061523055832607,-2.6061523055832647
valor_aprovado,nominal,gradient_boosting,aprendizagem,2022-05,8,2022-12-01,324955128.46,305619248.8062915,19335879.653708458,5.95032297084937,-5.950322970849376
valor_aprovado,nominal,gradient_boosting,aprendizagem,2022-05,9,2023-01-01,318310548.87,311368077.23654723,6942471.633452773,2.181037247461165,-2.1810372474611595
valor_aprovado,nominal,gradient_boosting,aprendizagem,2022-05,10,2023-02-01,294899969.04,295759790.87194836,-859821.8319483399,0.2915638935966502,0.291563893596658
valor_aprovado,nominal,gradient_boosting,aprendizagem,2022-05,11,2023-03-01,333190074.83000004,310686923.44338614,22503151.386613905,6.753848054476245,-6.753848054476242
valor_aprovado,nominal,gradient_boosting,aprendizagem,2022-05,12,2023-04-01,308241204.10999995,300705684.5975534,7535519.512446582,2.4446827393515607,-2.444682739351556
valor_aprovado,nominal,gradient_boosting,aprendizagem,2022-06,1,2022-06-01,306868827.71,302146964.89675945,4721862.813240528,1.538723515346051,-1.5387235153460521
valor_aprovado,nominal,gradient_boosting,aprendizagem,2022-06,2,2022-07-01,308883599.32,304482808.1403934,4400791.1796066165,1.4247409669192068,-1.4247409669192024
valor_aprovado,nominal,gradient_boosting,aprendizagem,2022-06,3,2022-08-01,323453719.42,305228832.042203,18224887.377797008,5.634465236781604,-5.634465236781605
valor_aprovado,nominal,gradient_boosting,aprendizagem,2022-06,4,2022-09-01,311819626.42,302370696.566265,9448929.85373503,3.030255010634885,-3.030255010634886
valor_aprovado,nominal,gradient_boosting,aprendizagem,2022-06,5,2022-10-01,312427063.88,305310230.8819295,7116832.998070478,2.277918215434749,-2.277918215434749
valor_aprovado,nominal,gradient_boosting,aprendizagem,2022-06,6,2022-11-01,312285235.81,304903724.99969,7381510.810310006,2.3637079067039375,-2.363707906703938
valor_aprovado,nominal,gradient_boosting,aprendizagem,2022-06,7,2022-12-01,324955128.46,305256489.37097824,19698639.089021742,6.061956671487499,-6.061956671487501
valor_aprovado,nominal,gradient_boosting,aprendizagem,2022-06,8,2023-01-01,318310548.87,311614064.23506236,6696484.634937644,2.1037583136060407,-2.103758313606041
valor_aprovado,nominal,gradient_boosting,aprendizagem,2022-06,9,2023-02-01,294899969.04,295780537.5903077,-880568.5503076911,0.29859906502338474,0.29859906502338607
valor_aprovado,nominal,gradient_boosting,aprendizagem,2022-06,10,2023-03-01,333190074.83000004,311068314.0631769,22121760.766823173,6.6393816736918465,-6.6393816736918465
valor_aprovado,nominal,gradient_boosting,aprendizagem,2022-06,11,2023-04-01,308241204.10999995,300992838.74200946,7248365.367990494,2.351523829826404,-2.3515238298264074
valor_aprovado,nominal,gradient_boosting,aprendizagem,2022-06,12,2023-05-01,334325813.13,304482808.1403934,29843004.98960662,8.92632390846901,-8.926323908469014
valor_aprovado,nominal,gradient_boosting,aprendizagem,2022-07,1,2022-07-01,308883599.32,304842110.9474713,4041488.372528672,1.3084179222936776,-1.308417922293681
valor_aprovado,nominal,gradient_boosting,aprendizagem,2022-07,2,2022-08-01,323453719.42,305527596.934099,17926122.485900998,5.542098114699428,-5.542098114699423
valor_aprovado,nominal,gradient_boosting,aprendizagem,2022-07,3,2022-09-01,311819626.42,302922550.2355848,8897076.184415221,2.853276519686243,-2.853276519686243
valor_aprovado,nominal,gradient_boosting,aprendizagem,2022-07,4,2022-10-01,312427063.88,305527596.934099,6899466.945900977,2.208344840622063,-2.2083448406220674
valor_aprovado,nominal,gradient_boosting,aprendizagem,2022-07,5,2022-11-01,312285235.81,304463123.54340726,7822112.266592741,2.50479733577666,-2.504797335776665
valor_aprovado,nominal,gradient_boosting,aprendizagem,2022-07,6,2022-12-01,324955128.46,307390248.1304546,17564880.32954538,5.40532485601547,-5.40532485601547
valor_aprovado,nominal,gradient_boosting,aprendizagem,2022-07,7,2023-01-01,318310548.87,311452172.9299997,6858375.940000296,2.1546178611885396,-2.1546178611885347
valor_aprovado,nominal,gradient_boosting,aprendizagem,2022-07,8,2023-02-01,294899969.04,295412718.2962989,-512749.25629889965,0.17387226521863441,0.17387226521863308
valor_aprovado,nominal,gradient_boosting,aprendizagem,2022-07,9,2023-03-01,333190074.83000004,310679071.17087775,22511003.65912229,6.756204749078385,-6.756204749078387
valor_aprovado,nominal,gradient_boosting,aprendizagem,2022-07,10,2023-04-01,308241204.10999995,301739193.45744306,6502010.652556896,2.1093904922057622,-2.109390492205765
valor_aprovado,nominal,gradient_boosting,aprendizagem,2022-07,11,2023-05-01,334325813.13,304842110.9474713,29483702.182528675,8.818853054300108,-8.818853054300103
valor_aprovado,nominal,gradient_boosting,aprendizagem,2022-07,12,2023-06-01,322098718.82,304919019.1436093,17179699.676390707,5.333675259351566,-5.333675259351567
valor_aprovado,nominal,gradient_boosting,aprendizagem,2022-08,1,2022-08-01,323453719.42,306317653.5176024,17136065.902397633,5.297841661281593,-5.297841661281588
valor_aprovado,nominal,gradient_boosting,aprendizagem,2022-08,2,2022-09-01,311819626.42,303677427.7926213,8142198.627378702,2.6111886287785198,-2.6111886287785158
valor_aprovado,nominal,gradient_boosting,aprendizagem,2022-08,3,2022-10-01,312427063.88,306392310.203791,6034753.676208973,1.9315719967610934,-1.9315719967610945
valor_aprovado,nominal,gradient_boosting,aprendizagem,2022-08,4,2022-11-01,312285235.81,305199698.8682912,7085536.941708803,2.2689311338496236,-2.2689311338496276
valor_aprovado,nominal,gradient_boosting,aprendizagem,2022-08,5,2022-12-01,324955128.46,307616111.78546077,17339016.67453921,5.3358187503335675,-5.335818750333566
valor_aprovado,nominal,gradient_boosting,aprendizagem,2022-08,6,2023-01-01,318310548.87,311765816.6190403,6544732.250959694,2.0560839953917465,-2.0560839953917442
valor_aprovado,nominal,gradient_boosting,aprendizagem,2022-08,7,2023-02-01,294899969.04,295829726.2956478,-929757.2556477785,0.3152788583445619,0.3152788583445698
valor_aprovado,nominal,gradient_boosting,aprendizagem,2022-08,8,2023-03-01,333190074.83000004,311119432.17280954,22070642.6571905,6.624039647174775,-6.624039647174773
valor_aprovado,nominal,gradient_boosting,aprendizagem,2022-08,9,2023-04-01,308241204.10999995,302205720.5819636,6035483.528036356,1.9580391743741419,-1.9580391743741377
valor_aprovado,nominal,gradient_boosting,aprendizagem,2022-08,10,2023-05-01,334325813.13,305662896.17905146,28662916.950948536,8.57334845987593,-8.573348459875929
valor_aprovado,nominal,gradient_boosting,aprendizagem,2022-08,11,2023-06-01,322098718.82,305481784.09732765,16616934.722672343,5.158957099720247,-5.158957099720252
valor_aprovado,nominal,gradient_boosting,aprendizagem,2022-08,12,2023-07-01,343307909.95,305662896.17905146,37645013.77094853,10.965379089701493,-10.965379089701488
valor_aprovado,nominal,gradient_boosting,aprendizagem,2022-09,1,2022-09-01,311819626.42,315589803.77412444,-3770177.354124427,1.2090891767814038,1.2090891767813972
valor_aprovado,nominal,gradient_boosting,aprendizagem,2022-09,2,2022-10-01,312427063.88,318743209.90898925,-6316146.028989255,2.0216385707914286,2.0216385707914286
valor_aprovado,nominal,gradient_boosting,aprendizagem,2022-09,3,2022-11-01,312285235.81,317827675.38782763,-5542439.577827632,1.774800388321833,1.7748003883218288
valor_aprovado,nominal,gradient_boosting,aprendizagem,2022-09,4,2022-12-01,324955128.46,318438436.49273366,6516691.967266321,2.005412869816728,-2.005412869816725
valor_aprovado,nominal,gradient_boosting,aprendizagem,2022-09,5,2023-01-01,318310548.87,322156806.64462847,-3846257.7746284604,1.2083350012378309,1.2083350012378258
valor_aprovado,nominal,gradient_boosting,aprendizagem,2022-09,6,2023-02-01,294899969.04,305783808.6524432,-10883839.61244315,3.690688624984858,3.6906886249848503
valor_aprovado,nominal,gradient_boosting,aprendizagem,2022-09,7,2023-03-01,333190074.83000004,321025259.3212675,12164815.508732557,3.651013768924323,-3.651013768924327
valor_aprovado,nominal,gradient_boosting,aprendizagem,2022-09,8,2023-04-01,308241204.10999995,312372028.34173495,-4130824.231734991,1.3401272044930281,1.3401272044930357
valor_aprovado,nominal,gradient_boosting,aprendizagem,2022-09,9,2023-05-01,334325813.13,316159883.1796826,18165929.950317383,5.433600768138625,-5.433600768138625
valor_aprovado,nominal,gradient_boosting,aprendizagem,2022-09,10,2023-06-01,322098718.82,315509464.5242976,6589254.295702398,2.0457250869677326,-2.0457250869677313
valor_aprovado,nominal,gradient_boosting,aprendizagem,2022-09,11,2023-07-01,343307909.95,316159883.1796826,27148026.770317376,7.907777823782523,-7.907777823782524
valor_aprovado,nominal,gradient_boosting,aprendizagem,2022-09,12,2023-08-01,357700323.2,318743209.90898925,38957113.29101074,10.890991918178603,-10.890991918178605
valor_aprovado,nominal,gradient_boosting,aprendizagem,2022-10,1,2022-10-01,312427063.88,315424716.1220642,-2997652.242064178,0.9594726541409823,0.9594726541409804
valor_aprovado,nominal,gradient_boosting,aprendizagem,2022-10,2,2022-11-01,312285235.81,313969598.15944403,-1684362.3494440317,0.5393666290611409,0.5393666290611332
valor_aprovado,nominal,gradient_boosting,aprendizagem,2022-10,3,2022-12-01,324955128.46,314987212.4968607,9967915.963139296,3.067474580376191,-3.067474580376195
valor_aprovado,nominal,gradient_boosting,aprendizagem,2022-10,4,2023-01-01,318310548.87,318974606.883606,-664058.0136060119,0.20861954338724015,0.2086195433872451
valor_aprovado,nominal,gradient_boosting,aprendizagem,2022-10,5,2023-02-01,294899969.04,303798960.3246463,-8898991.284646273,3.017630457410872,3.0176304574108803
valor_aprovado,nominal,gradient_boosting,aprendizagem,2022-10,6,2023-03-01,333190074.83000004,318260675.5050332,14929399.324966848,4.48074551217773,-4.48074551217773
valor_aprovado,nominal,gradient_boosting,aprendizagem,2022-10,7,2023-04-01,308241204.10999995,311398735.09517246,-3157530.98517251,1.024370182529427,1.0243701825294327
valor_aprovado,nominal,gradient_boosting,aprendizagem,2022-10,8,2023-05-01,334325813.13,315099703.01518005,19226110.114819944,5.750710642059822,-5.75071064205982
valor_aprovado,nominal,gradient_boosting,aprendizagem,2022-10,9,2023-06-01,322098718.82,313717994.38403684,8380724.435963154,2.601911757571006,-2.601911757571007
valor_aprovado,nominal,gradient_boosting,aprendizagem,2022-10,10,2023-07-01,343307909.95,315099703.01518005,28208206.934819937,8.216591030171205,-8.216591030171205
valor_aprovado,nominal,gradient_boosting,aprendizagem,2022-10,11,2023-08-01,357700323.2,316127251.54497236,41573071.65502763,11.622318728457785,-11.622318728457781
valor_aprovado,nominal,gradient_boosting,aprendizagem,2022-10,12,2023-09-01,363197338.78,311667252.37829417,51530086.4017058,14.18790307627204,-14.187903076272047
valor_aprovado,nominal,gradient_boosting,aprendizagem,2022-11,1,2022-11-01,312285235.81,312839504.66271776,-554268.8527177572,0.17748801069000406,0.17748801068999676
valor_aprovado,nominal,gradient_boosting,aprendizagem,2022-11,2,2022-12-01,324955128.46,314159230.4940083,10795897.965991676,3.322273452693204,-3.322273452693203
valor_aprovado,nominal,gradient_boosting,aprendizagem,2022-11,3,2023-01-01,318310548.87,317422861.07946944,887687.7905305624,0.2788747635546001,-0.27887476355460405
valor_aprovado,nominal,gradient_boosting,aprendizagem,2022-11,4,2023-02-01,294899969.04,302289221.15599495,-7389252.11599493,2.5056808720765438,2.5056808720765433
valor_aprovado,nominal,gradient_boosting,aprendizagem,2022-11,5,2023-03-01,333190074.83000004,316356887.566347,16833187.26365304,5.052127459751511,-5.05212745975151
valor_aprovado,nominal,gradient_boosting,aprendizagem,2022-11,6,2023-04-01,308241204.10999995,309056294.0991616,-815089.9891616702,0.2644325217698003,0.26443252176979737
valor_aprovado,nominal,gradient_boosting,aprendizagem,2022-11,7,2023-05-01,334325813.13,313053069.2433749,21272743.88662511,6.362878082151966,-6.362878082151968
valor_aprovado,nominal,gradient_boosting,aprendizagem,2022-11,8,2023-06-01,322098718.82,311848900.4052574,10249818.414742589,3.18219782192631,-3.1821978219263136
valor_aprovado,nominal,gradient_boosting,aprendizagem,2022-11,9,2023-07-01,343307909.95,313053069.2433749,30254840.706625104,8.812742098203177,-8.812742098203174
valor_aprovado,nominal,gradient_boosting,aprendizagem,2022-11,10,2023-08-01,357700323.2,314139848.67316276,43560474.52683723,12.177924285095315,-12.17792428509531
valor_aprovado,nominal,gradient_boosting,aprendizagem,2022-11,11,2023-09-01,363197338.78,310824769.35938865,52372569.42061132,14.419865959517681,-14.419865959517676
valor_aprovado,nominal,gradient_boosting,aprendizagem,2022-11,12,2023-10-01,364863029.1,312975712.41904104,51887316.68095899,14.22103982662983,-14.221039826629834
valor_aprovado,nominal,gradient_boosting,aprendizagem,2022-12,1,2022-12-01,324955128.46,312348370.94421244,12606757.515787542,3.879537945910387,-3.879537945910383
valor_aprovado,nominal,gradient_boosting,aprendizagem,2022-12,2,2023-01-01,318310548.87,317045832.77388173,1264716.0961182714,0.3973214524645833,-0.39732145246458295
valor_aprovado,nominal,gradient_boosting,aprendizagem,2022-12,3,2023-02-01,294899969.04,301304637.4483173,-6404668.408317268,2.171810471586907,2.171810471586899
valor_aprovado,nominal,gradient_boosting,aprendizagem,2022-12,4,2023-03-01,333190074.83000004,316063862.6141516,17126212.215848446,5.140072742138723,-5.140072742138724
valor_aprovado,nominal,gradient_boosting,aprendizagem,2022-12,5,2023-04-01,308241204.10999995,309220532.75326115,-979328.6432611942,0.31771503296869674,0.31771503296869064
valor_aprovado,nominal,gradient_boosting,aprendizagem,2022-12,6,2023-05-01,334325813.13,313002163.75469995,21323649.37530005,6.378104393335765,-6.378104393335759
valor_aprovado,nominal,gradient_boosting,aprendizagem,2022-12,7,2023-06-01,322098718.82,311282332.38858974,10816386.431410253,3.3580966950243685,-3.3580966950243707
valor_aprovado,nominal,gradient_boosting,aprendizagem,2022-12,8,2023-07-01,343307909.95,313094935.69236696,30212974.25763303,8.800547083821431,-8.800547083821431
valor_aprovado,nominal,gradient_boosting,aprendizagem,2022-12,9,2023-08-01,357700323.2,314077951.8152933,43622371.384706676,12.195228395227426,-12.195228395227431
valor_aprovado,nominal,gradient_boosting,aprendizagem,2022-12,10,2023-09-01,363197338.78,310987518.62359816,52209820.15640181,14.37505581174617,-14.375055811746174
valor_aprovado,nominal,gradient_boosting,aprendizagem,2022-12,11,2023-10-01,364863029.1,312921515.7705804,51941513.32941961,14.235893797610203,-14.2358937976102
valor_aprovado,nominal,gradient_boosting,aprendizagem,2022-12,12,2023-11-01,365199231.95,311405746.00794864,53793485.94205135,14.729901170607146,-14.72990117060714
valor_aprovado,nominal,gradient_boosting,aprendizagem,2023-01,1,2023-01-01,318310548.87,319519674.08588547,-1209125.2158854604,0.37985709872885004,0.379857098728853
valor_aprovado,nominal,gradient_boosting,aprendizagem,2023-01,2,2023-02-01,294899969.04,305562821.6456814,-10662852.60568136,3.6157523652486576,3.615752365248648
valor_aprovado,nominal,gradient_boosting,aprendizagem,2023-01,3,2023-03-01,333190074.83000004,318012664.37271965,15177410.457280397,4.555180842353783,-4.555180842353779
valor_aprovado,nominal,gradient_boosting,aprendizagem,2023-01,4,2023-04-01,308241204.10999995,312948494.9040921,-4707290.794092119,1.5271452133350283,1.527145213335035
valor_aprovado,nominal,gradient_boosting,aprendizagem,2023-01,5,2023-05-01,334325813.13,316220613.02404165,18105200.105958343,5.415435899625937,-5.4154358996259315
valor_aprovado,nominal,gradient_boosting,aprendizagem,2023-01,6,2023-06-01,322098718.82,313748877.96440184,8349840.855598152,2.592323523107316,-2.5923235231073205
valor_aprovado,nominal,gradient_boosting,aprendizagem,2023-01,7,2023-07-01,343307909.95,316300596.56138164,27007313.38861835,7.866790308604234,-7.866790308604232
valor_aprovado,nominal,gradient_boosting,aprendizagem,2023-01,8,2023-08-01,357700323.2,316620118.3964169,41080204.803583086,11.484531083471799,-11.484531083471794
valor_aprovado,nominal,gradient_boosting,aprendizagem,2023-01,9,2023-09-01,363197338.78,312965640.56629777,50231698.2137022,13.830414722319626,-13.830414722319627
valor_aprovado,nominal,gradient_boosting,aprendizagem,2023-01,10,2023-10-01,364863029.1,315979657.49745214,48883371.602547884,13.397732218341627,-13.397732218341629
valor_aprovado,nominal,gradient_boosting,aprendizagem,2023-01,11,2023-11-01,365199231.95,315335683.1871607,49863548.76283932,13.65379343669217,-13.653793436692174
valor_aprovado,nominal,gradient_boosting,aprendizagem,2023-01,12,2023-12-01,374983123.17,320657106.3875297,54326016.782470345,14.487589820900137,-14.487589820900137
valor_aprovado,nominal,gradient_boosting,aprendizagem,2023-02,1,2023-02-01,294899969.04,305146865.981313,-10246896.941312969,3.4747026168466935,3.4747026168467032
valor_aprovado,nominal,gradient_boosting,aprendizagem,2023-02,2,2023-03-01,333190074.83000004,317730533.77511054,15459541.0548895,4.639856413123127,-4.639856413123122
valor_aprovado,nominal,gradient_boosting,aprendizagem,2023-02,3,2023-04-01,308241204.10999995,312125794.1646782,-3884590.0546782613,1.2602436023744554,1.2602436023744445
valor_aprovado,nominal,gradient_boosting,aprendizagem,2023-02,4,2023-05-01,334325813.13,315714368.8707872,18611444.259212792,5.56685829459895,-5.566858294598953
valor_aprovado,nominal,gradient_boosting,aprendizagem,2023-02,5,2023-06-01,322098718.82,313483922.9161969,8614795.90380311,2.674582480601967,-2.6745824806019614
valor_aprovado,nominal,gradient_boosting,aprendizagem,2023-02,6,2023-07-01,343307909.95,315714368.8707872,27593541.079212785,8.03754888235216,-8.037548882352164
valor_aprovado,nominal,gradient_boosting,aprendizagem,2023-02,7,2023-08-01,357700323.2,316088580.2542996,41611742.94570041,11.63312981476792,-11.633129814767917
valor_aprovado,nominal,gradient_boosting,aprendizagem,2023-02,8,2023-09-01,363197338.78,312695715.6018577,50501623.17814225,13.904733814344567,-13.904733814344572
valor_aprovado,nominal,gradient_boosting,aprendizagem,2023-02,9,2023-10-01,364863029.1,315746947.27454907,49116081.82545096,13.461512378112017,-13.461512378112017
valor_aprovado,nominal,gradient_boosting,aprendizagem,2023-02,10,2023-11-01,365199231.95,314422076.8429917,50777155.10700828,13.903959993530396,-13.903959993530401
valor_aprovado,nominal,gradient_boosting,aprendizagem,2023-02,11,2023-12-01,374983123.17,320690538.5814722,54292584.5885278,14.478674167934233,-14.478674167934235
valor_aprovado,nominal,gradient_boosting,aprendizagem,2023-02,12,2024-01-01,375847712.94,318079908.1647118,57767804.775288224,15.37000300558174,-15.370003005581733
valor_aprovado,nominal,gradient_boosting,aprendizagem,2023-03,1,2023-03-01,333190074.83000004,310122988.2501429,23067086.57985717,6.923101353372077,-6.923101353372074
valor_aprovado,nominal,gradient_boosting,aprendizagem,2023-03,2,2023-04-01,308241204.10999995,303834695.6424279,4406508.467572033,1.4295650318052588,-1.4295650318052577
valor_aprovado,nominal,gradient_boosting,aprendizagem,2023-03,3,2023-05-01,334325813.13,309486484.5266177,24839328.60338229,7.429677167561007,-7.42967716756101
valor_aprovado,nominal,gradient_boosting,aprendizagem,2023-03,4,2023-06-01,322098718.82,307536763.2964848,14561955.523515165,4.520960398992737,-4.5209603989927345
valor_aprovado,nominal,gradient_boosting,aprendizagem,2023-03,5,2023-07-01,343307909.95,309486484.5266177,33821425.42338228,9.851630109049365,-9.85163010904937
valor_aprovado,nominal,gradient_boosting,aprendizagem,2023-03,6,2023-08-01,357700323.2,310310533.3359335,47389789.86406648,13.248461572557641,-13.248461572557646
valor_aprovado,nominal,gradient_boosting,aprendizagem,2023-03,7,2023-09-01,363197338.78,308432179.650263,54765159.12973696,15.078623459548513,-15.078623459548513
valor_aprovado,nominal,gradient_boosting,aprendizagem,2023-03,8,2023-10-01,364863029.1,309937689.0808424,54925340.01915765,15.053687449408299,-15.053687449408294
valor_aprovado,nominal,gradient_boosting,aprendizagem,2023-03,9,2023-11-01,365199231.95,309418728.39408743,55780503.555912554,15.273992570594878,-15.273992570594874
valor_aprovado,nominal,gradient_boosting,aprendizagem,2023-03,10,2023-12-01,374983123.17,316741336.4739756,58241786.69602442,15.531842127630977,-15.531842127630979
valor_aprovado,nominal,gradient_boosting,aprendizagem,2023-03,11,2024-01-01,375847712.94,313091718.7061486,62755994.23385137,16.697186672483408,-16.69718667248341
valor_aprovado,nominal,gradient_boosting,aprendizagem,2023-03,12,2024-02-01,356304841.58,296860354.11151665,59444487.46848333,16.68360362572745,-16.68360362572745
valor_aprovado,nominal,gradient_boosting,aprendizagem,2023-04,1,2023-04-01,308241204.10999995,319348430.0909174,-11107225.980917454,3.6034202542738876,3.6034202542738925
valor_aprovado,nominal,gradient_boosting,aprendizagem,2023-04,2,2023-05-01,334325813.13,323351937.4881537,10973875.6418463,3.2823895765353877,-3.2823895765353828
valor_aprovado,nominal,gradient_boosting,aprendizagem,2023-04,3,2023-06-01,322098718.82,321934068.2756094,164650.5443906188,0.0511180376605693,-0.051118037660569104
valor_aprovado,nominal,gradient_boosting,aprendizagem,2023-04,4,2023-07-01,343307909.95,323351937.4881537,19955972.461846292,5.812849597538466,-5.812849597538461
valor_aprovado,nominal,gradient_boosting,aprendizagem,2023-04,5,2023-08-01,357700323.2,324166463.0049473,33533860.195052683,9.374847608483426,-9.374847608483428
valor_aprovado,nominal,gradient_boosting,aprendizagem,2023-04,6,2023-09-01,363197338.78,321732488.8342025,41464849.94579744,11.416617226624009,-11.416617226624016
valor_aprovado,nominal,gradient_boosting,aprendizagem,2023-04,7,2023-10-01,364863029.1,323389555.28962266,41473473.81037736,11.3668611239344,-11.366861123934402
valor_aprovado,nominal,gradient_boosting,aprendizagem,2023-04,8,2023-11-01,365199231.95,323197786.15810907,42001445.79189092,11.50096772318552,-11.500967723185518
valor_aprovado,nominal,gradient_boosting,aprendizagem,2023-04,9,2023-12-01,374983123.17,329273000.38790584,45710122.78209418,12.189914680872537,-12.189914680872537
valor_aprovado,nominal,gradient_boosting,aprendizagem,2023-04,10,2024-01-01,375847712.94,325882609.10375774,49965103.83624226,13.293975755605741,-13.293975755605736
valor_aprovado,nominal,gradient_boosting,aprendizagem,2023-04,11,2024-02-01,356304841.58,311577903.00311595,44726938.57688403,12.552997702345742,-12.552997702345737
valor_aprovado,nominal,gradient_boosting,aprendizagem,2023-04,12,2024-03-01,370113558.41,327746242.5029344,42367315.90706563,11.447112634585643,-11.447112634585643
valor_aprovado,nominal,gradient_boosting,aprendizagem,2023-05,1,2023-05-01,334325813.13,312664625.59337574,21661187.536624253,6.47906523694043,-6.4790652369404285
valor_aprovado,nominal,gradient_boosting,aprendizagem,2023-05,2,2023-06-01,322098718.82,311457940.422743,10640778.39725697,3.3035767531889526,-3.3035767531889526
valor_aprovado,nominal,gradient_boosting,aprendizagem,2023-05,3,2023-07-01,343307909.95,312664625.59337574,30643284.356624246,8.925889403797074,-8.925889403797072
valor_aprovado,nominal,gradient_boosting,aprendizagem,2023-05,4,2023-08-01,357700323.2,313560932.6924605,44139390.50753951,12.33976813682105,-12.33976813682105
valor_aprovado,nominal,gradient_boosting,aprendizagem,2023-05,5,2023-09-01,363197338.78,311502776.82897115,51694561.951028824,14.233188526290894,-14.233188526290895
valor_aprovado,nominal,gradient_boosting,aprendizagem,2023-05,6,2023-10-01,364863029.1,313560932.6924605,51302096.40753955,14.060645315061201,-14.060645315061205
valor_aprovado,nominal,gradient_boosting,aprendizagem,2023-05,7,2023-11-01,365199231.95,313398430.1675641,51800801.782435894,14.184258139274517,-14.184258139274519
valor_aprovado,nominal,gradient_boosting,aprendizagem,2023-05,8,2023-12-01,374983123.17,319378612.6872368,55604510.48276323,14.82853681859029,-14.828536818590287
valor_aprovado,nominal,gradient_boosting,aprendizagem,2023-05,9,2024-01-01,375847712.94,316163140.91254157,59684572.02745843,15.879988083627483,-15.879988083627483
valor_aprovado,nominal,gradient_boosting,aprendizagem,2023-05,10,2024-02-01,356304841.58,302191218.38498724,54113623.19501275,15.187450991418197,-15.187450991418194
valor_aprovado,nominal,gradient_boosting,aprendizagem,2023-05,11,2024-03-01,370113558.41,326135868.55044574,43977689.85955429,11.882215298591468,-11.88221529859147
valor_aprovado,nominal,gradient_boosting,aprendizagem,2023-05,12,2024-04-01,373850328.77,308408377.61810464,65441951.151895344,17.50485317672584,-17.50485317672584
valor_aprovado,nominal,gradient_boosting,aprendizagem,2023-06,1,2023-06-01,322098718.82,327020964.524676,-4922245.704676032,1.5281792248999149,1.528179224899917
valor_aprovado,nominal,gradient_boosting,aprendizagem,2023-06,2,2023-07-01,343307909.95,328387670.13114035,14920239.818859637,4.346022735401771,-4.346022735401767
valor_aprovado,nominal,gradient_boosting,aprendizagem,2023-06,3,2023-08-01,357700323.2,329044331.04768676,28655992.152313232,8.011173122784932,-8.011173122784932
valor_aprovado,nominal,gradient_boosting,aprendizagem,2023-06,4,2023-09-01,363197338.78,327040199.5479479,36157139.23205209,9.955232423647686,-9.955232423647686
valor_aprovado,nominal,gradient_boosting,aprendizagem,2023-06,5,2023-10-01,364863029.1,329044331.04768676,35818698.05231327,9.81702589617438,-9.81702589617438
valor_aprovado,nominal,gradient_boosting,aprendizagem,2023-06,6,2023-11-01,365199231.95,327689669.64284045,37509562.30715954,10.270986088025245,-10.270986088025246
valor_aprovado,nominal,gradient_boosting,aprendizagem,2023-06,7,2023-12-01,374983123.17,332255861.9237883,42727261.24621171,11.39444913813925,-11.394449138139251
valor_aprovado,nominal,gradient_boosting,aprendizagem,2023-06,8,2024-01-01,375847712.94,330205461.0121788,45642251.92782122,12.143815262514982,-12.143815262514979
valor_aprovado,nominal,gradient_boosting,aprendizagem,2023-06,9,2024-02-01,356304841.58,317077882.30226636,39226959.277733624,11.00938149023892,-11.009381490238923
valor_aprovado,nominal,gradient_boosting,aprendizagem,2023-06,10,2024-03-01,370113558.41,335214944.6169036,34898613.79309642,9.429163833667733,-9.429163833667731
valor_aprovado,nominal,gradient_boosting,aprendizagem,2023-06,11,2024-04-01,373850328.77,322356212.7649261,51494116.005073905,13.773992435554094,-13.773992435554094
valor_aprovado,nominal,gradient_boosting,aprendizagem,2023-06,12,2024-05-01,387596104.3,328387670.13114035,59208434.16885966,15.27580734481073,-15.275807344810733
valor_aprovado,nominal,gradient_boosting,aprendizagem,2023-07,1,2023-07-01,343307909.95,326218714.9161648,17089195.033835173,4.977804046613454,-4.977804046613454
valor_aprovado,nominal,gradient_boosting,aprendizagem,2023-07,2,2023-08-01,357700323.2,327091642.1983269,30608681.001673102,8.55707390137273,-8.557073901372725
valor_aprovado,nominal,gradient_boosting,aprendizagem,2023-07,3,2023-09-01,363197338.78,325331585.5330303,37865753.2469697,10.425669244759025,-10.425669244759028
valor_aprovado,nominal,gradient_boosting,aprendizagem,2023-07,4,2023-10-01,364863029.1,327481370.79287845,37381658.307121575,10.245394936102494,-10.245394936102493
valor_aprovado,nominal,gradient_boosting,aprendizagem,2023-07,5,2023-11-01,365199231.95,325602792.1944144,39596439.75558561,10.842421421359075,-10.842421421359072
valor_aprovado,nominal,gradient_boosting,aprendizagem,2023-07,6,2023-12-01,374983123.17,330841615.5001223,44141507.66987771,11.7715984913449,-11.771598491344903
valor_aprovado,nominal,gradient_boosting,aprendizagem,2023-07,7,2024-01-01,375847712.94,329218744.68447864,46628968.25552136,12.406346147692314,-12.406346147692314
valor_aprovado,nominal,gradient_boosting,aprendizagem,2023-07,8,2024-02-01,356304841.58,315365058.2217644,40939783.3582356,11.490100212136332,-11.490100212136333
valor_aprovado,nominal,gradient_boosting,aprendizagem,2023-07,9,2024-03-01,370113558.41,331957778.940918,38155779.469082,10.3092087825689,-10.309208782568902
valor_aprovado,nominal,gradient_boosting,aprendizagem,2023-07,10,2024-04-01,373850328.77,320451898.8082195,53398429.96178049,14.283371138783254,-14.283371138783252
valor_aprovado,nominal,gradient_boosting,aprendizagem,2023-07,11,2024-05-01,387596104.3,327497911.27962554,60098193.02037448,15.505365599303955,-15.505365599303955
valor_aprovado,nominal,gradient_boosting,aprendizagem,2023-07,12,2024-06-01,360982328.25,321019287.6719181,39963040.578081906,11.07063627513791,-11.070636275137913
valor_aprovado,nominal,gradient_boosting,aprendizagem,2023-08,1,2023-08-01,357700323.2,338397377.1946442,19302946.005355775,5.39640161145814,-5.396401611458135
valor_aprovado,nominal,gradient_boosting,aprendizagem,2023-08,2,2023-09-01,363197338.78,336599000.5390365,26598338.24096346,7.323384673001391,-7.323384673001387
valor_aprovado,nominal,gradient_boosting,aprendizagem,2023-08,3,2023-10-01,364863029.1,338397377.1946442,26465651.90535581,7.2535855360950325,-7.253585536095031
valor_aprovado,nominal,gradient_boosting,aprendizagem,2023-08,4,2023-11-01,365199231.95,336685347.0745241,28513884.875475883,7.80776145755415,-7.807761457554152
valor_aprovado,nominal,gradient_boosting,aprendizagem,2023-08,5,2023-12-01,374983123.17,342190916.764577,32792206.405423045,8.744981941642365,-8.74498194164236
valor_aprovado,nominal,gradient_boosting,aprendizagem,2023-08,6,2024-01-01,375847712.94,339706795.34756196,36140917.59243804,9.615840764263888,-9.615840764263883
valor_aprovado,nominal,gradient_boosting,aprendizagem,2023-08,7,2024-02-01,356304841.58,325651267.86366844,30653573.71633154,8.603187534696746,-8.603187534696744
valor_aprovado,nominal,gradient_boosting,aprendizagem,2023-08,8,2024-03-01,370113558.41,342498848.68788767,27614709.722112358,7.4611451254973105,-7.461145125497315
valor_aprovado,nominal,gradient_boosting,aprendizagem,2023-08,9,2024-04-01,373850328.77,330586732.8456977,43263595.92430228,11.572437575925978,-11.572437575925976
valor_aprovado,nominal,gradient_boosting,aprendizagem,2023-08,10,2024-05-01,387596104.3,337757923.3383793,49838180.96162069,12.858277059215709,-12.858277059215705
valor_aprovado,nominal,gradient_boosting,aprendizagem,2023-08,11,2024-06-01,360982328.25,330824735.00987196,30157593.24012804,8.354312906764305,-8.354312906764305
valor_aprovado,nominal,gradient_boosting,aprendizagem,2023-08,12,2024-07-01,390560593.67,337757923.3383793,52802670.33162069,13.519712737899958,-13.519712737899958
valor_aprovado,nominal,gradient_boosting,aprendizagem,2023-09,1,2023-09-01,363197338.78,349737184.1861416,13460154.593858361,3.706016855484615,-3.7060168554846173
valor_aprovado,nominal,gradient_boosting,aprendizagem,2023-09,2,2023-10-01,364863029.1,351811901.2394158,13051127.8605842,3.5769937811394987,-3.5769937811395036
valor_aprovado,nominal,gradient_boosting,aprendizagem,2023-09,3,2023-11-01,365199231.95,349798593.2503657,15400638.699634314,4.217051229106319,-4.217051229106317
valor_aprovado,nominal,gradient_boosting,aprendizagem,2023-09,4,2023-12-01,374983123.17,354596858.17178565,20386264.998214364,5.436582005577935,-5.4365820055779395
valor_aprovado,nominal,gradient_boosting,aprendizagem,2023-09,5,2024-01-01,375847712.94,353174137.8168385,22673575.123161495,6.032649486091481,-6.032649486091479
valor_aprovado,nominal,gradient_boosting,aprendizagem,2023-09,6,2024-02-01,356304841.58,337680498.2456015,18624343.334398508,5.2270811846986485,-5.227081184698646
valor_aprovado,nominal,gradient_boosting,aprendizagem,2023-09,7,2024-03-01,370113558.41,355190945.7138508,14922612.69614923,4.031901117121041,-4.0319011171210395
valor_aprovado,nominal,gradient_boosting,aprendizagem,2023-09,8,2024-04-01,373850328.77,343254485.15846175,30595843.61153823,8.18398199948124,-8.183981999481238
valor_aprovado,nominal,gradient_boosting,aprendizagem,2023-09,9,2024-05-01,387596104.3,350872962.0248821,36723142.275117934,9.474590138474188,-9.474590138474193
valor_aprovado,nominal,gradient_boosting,aprendizagem,2023-09,10,2024-06-01,360982328.25,346058443.05476034,14923885.195239663,4.134242600625052,-4.134242600625049
valor_aprovado,nominal,gradient_boosting,aprendizagem,2023-09,11,2024-07-01,390560593.67,350872962.0248821,39687631.64511794,10.161709165838573,-10.161709165838573
valor_aprovado,nominal,gradient_boosting,aprendizagem,2023-09,12,2024-08-01,391118763.67,351811901.2394158,39306862.43058419,10.049853415815333,-10.049853415815335
valor_aprovado,nominal,gradient_boosting,aprendizagem,2023-10,1,2023-10-01,364863029.1,356579860.3083935,8283168.791606545,2.2702132392088243,-2.2702132392088292
valor_aprovado,nominal,gradient_boosting,aprendizagem,2023-10,2,2023-11-01,365199231.95,354695802.78140926,10503429.168590724,2.8760819436851293,-2.876081943685127
valor_aprovado,nominal,gradient_boosting,aprendizagem,2023-10,3,2023-12-01,374983123.17,359885898.63327014,15097224.536729872,4.0261077376235646,-4.026107737623564
valor_aprovado,nominal,gradient_boosting,aprendizagem,2023-10,4,2024-01-01,375847712.94,357713252.5611918,18134460.3788082,4.824948976529537,-4.824948976529542
valor_aprovado,nominal,gradient_boosting,aprendizagem,2023-10,5,2024-02-01,356304841.58,342100949.5127915,14203892.067208469,3.9864437441328775,-3.9864437441328726
valor_aprovado,nominal,gradient_boosting,aprendizagem,2023-10,6,2024-03-01,370113558.41,360019752.47981584,10093805.930184186,2.7272186335315465,-2.7272186335315474
valor_aprovado,nominal,gradient_boosting,aprendizagem,2023-10,7,2024-04-01,373850328.77,347904833.1583044,25945495.611695588,6.940075643923738,-6.940075643923738
valor_aprovado,nominal,gradient_boosting,aprendizagem,2023-10,8,2024-05-01,387596104.3,355667610.78909373,31928493.51090628,8.237568220291907,-8.237568220291912
valor_aprovado,nominal,gradient_boosting,aprendizagem,2023-10,9,2024-06-01,360982328.25,351860736.21445537,9121592.035544634,2.526880492949625,-2.5268804929496236
valor_aprovado,nominal,gradient_boosting,aprendizagem,2023-10,10,2024-07-01,390560593.67,355667610.78909373,34892982.880906284,8.93407666990304,-8.934076669903046
valor_aprovado,nominal,gradient_boosting,aprendizagem,2023-10,11,2024-08-01,391118763.67,356374787.98039323,34743975.689606786,8.883229064131896,-8.883229064131893
valor_aprovado,nominal,gradient_boosting,aprendizagem,2023-10,12,2024-09-01,366497269.12,357887014.90465033,8610254.215349674,2.3493365273972806,-2.3493365273972833
valor_aprovado,nominal,gradient_boosting,aprendizagem,2023-11,1,2023-11-01,365199231.95,358345077.5369606,6854154.413039386,1.8768260755755914,-1.8768260755755883
valor_aprovado,nominal,gradient_boosting,aprendizagem,2023-11,2,2023-12-01,374983123.17,363317547.0893113,11665576.080688715,3.1109602965784893,-3.110960296578491
valor_aprovado,nominal,gradient_boosting,aprendizagem,2023-11,3,2024-01-01,375847712.94,361628346.1105936,14219366.82940638,3.7832787961320777,-3.7832787961320835
valor_aprovado,nominal,gradient_boosting,aprendizagem,2023-11,4,2024-02-01,356304841.58,345983883.9042468,10320957.675753176,2.896665010215935,-2.8966650102159375
valor_aprovado,nominal,gradient_boosting,aprendizagem,2023-11,5,2024-03-01,370113558.41,363915186.1027185,6198372.307281554,1.6747217621287989,-1.6747217621287946
valor_aprovado,nominal,gradient_boosting,aprendizagem,2023-11,6,2024-04-01,373850328.77,351836348.69055736,22013980.07944262,5.888447430786145,-5.888447430786147
valor_aprovado,nominal,gradient_boosting,aprendizagem,2023-11,7,2024-05-01,387596104.3,359556173.3855711,28039930.91442889,7.234317012826821,-7.234317012826819
valor_aprovado,nominal,gradient_boosting,aprendizagem,2023-11,8,2024-06-01,360982328.25,355916693.54805243,5065634.70194757,1.4032916033605225,-1.4032916033605236
valor_aprovado,nominal,gradient_boosting,aprendizagem,2023-11,9,2024-07-01,390560593.67,359556173.3855711,31004420.284428895,7.938440484506675,-7.93844048450667
valor_aprovado,nominal,gradient_boosting,aprendizagem,2023-11,10,2024-08-01,391118763.67,360221059.5708306,30897704.099169433,7.899826592118925,-7.899826592118919
valor_aprovado,nominal,gradient_boosting,aprendizagem,2023-11,11,2024-09-01,366497269.12,359858065.0812022,6639204.038797796,1.81152892482371,-1.8115289248237132
valor_aprovado,nominal,gradient_boosting,aprendizagem,2023-11,12,2024-10-01,396093556.14,360221059.5708306,35872496.5691694,9.056571613725067,-9.056571613725062
valor_aprovado,nominal,gradient_boosting,aprendizagem,2023-12,1,2023-12-01,374983123.17,365675469.84482014,9307653.325179875,2.482152595694344,-2.4821525956943424
valor_aprovado,nominal,gradient_boosting,aprendizagem,2023-12,2,2024-01-01,375847712.94,363250666.86662304,12597046.073376954,3.3516356863898054,-3.351635686389809
valor_aprovado,nominal,gradient_boosting,aprendizagem,2023-12,3,2024-02-01,356304841.58,347534819.67419773,8770021.90580225,2.461381626730757,-2.461381626730752
valor_aprovado,nominal,gradient_boosting,aprendizagem,2023-12,4,2024-03-01,370113558.41,364068173.6219771,6045384.788022935,1.6333864703562277,-1.633386470356224
valor_aprovado,nominal,gradient_boosting,aprendizagem,2023-12,5,2024-04-01,373850328.77,353646284.78005266,20204043.98994732,5.404313554148897,-5.4043135541488985
valor_aprovado,nominal,gradient_boosting,aprendizagem,2023-12,6,2024-05-01,387596104.3,360476576.54618573,27119527.75381428,6.9968525103708785,-6.996852510370877
valor_aprovado,nominal,gradient_boosting,aprendizagem,2023-12,7,2024-06-01,360982328.25,356505089.23853594,4477239.011464059,1.2402931282451386,-1.2402931282451402
valor_aprovado,nominal,gradient_boosting,aprendizagem,2023-12,8,2024-07-01,390560593.67,360476576.54618573,30084017.123814285,7.702778419379773,-7.702778419379774
valor_aprovado,nominal,gradient_boosting,aprendizagem,2023-12,9,2024-08-01,391118763.67,360476576.54618573,30642187.123814285,7.834496825539191,-7.834496825539194
valor_aprovado,nominal,gradient_boosting,aprendizagem,2023-12,10,2024-09-01,366497269.12,360899952.3238398,5597316.796160221,1.5272465220818672,-1.527246522081871
valor_aprovado,nominal,gradient_boosting,aprendizagem,2023-12,11,2024-10-01,396093556.14,361600356.6945571,34493199.445442915,8.70834652842755,-8.708346528427546
valor_aprovado,nominal,gradient_boosting,aprendizagem,2023-12,12,2024-11-01,383252079.78,361479591.8760309,21772487.90396905,5.680983627399287,-5.680983627399283
valor_aprovado,nominal,gradient_boosting,aprendizagem,2024-01,1,2024-01-01,375847712.94,364285437.90425855,11562275.035741448,3.076319114807874,-3.0763191148078795
valor_aprovado,nominal,gradient_boosting,aprendizagem,2024-01,2,2024-02-01,356304841.58,350164159.1267021,6140682.453297913,1.7234350299781616,-1.7234350299781598
valor_aprovado,nominal,gradient_boosting,aprendizagem,2024-01,3,2024-03-01,370113558.41,365933383.37166405,4180175.038335979,1.1294303986846421,-1.1294303986846388
valor_aprovado,nominal,gradient_boosting,aprendizagem,2024-01,4,2024-04-01,373850328.77,355365774.20079017,18484554.569209814,4.944372960704784,-4.944372960704779
valor_aprovado,nominal,gradient_boosting,aprendizagem,2024-01,5,2024-05-01,387596104.3,361210182.2214727,26385922.07852733,6.807581857970529,-6.807581857970524
valor_aprovado,nominal,gradient_boosting,aprendizagem,2024-01,6,2024-06-01,360982328.25,357085307.44342273,3897020.8065772653,1.0795599954905175,-1.07955999549052
valor_aprovado,nominal,gradient_boosting,aprendizagem,2024-01,7,2024-07-01,390560593.67,361210182.2214727,29350411.448527336,7.514944396394135,-7.5149443963941405
valor_aprovado,nominal,gradient_boosting,aprendizagem,2024-01,8,2024-08-01,391118763.67,361671631.35946465,29447132.31053537,7.5289490164631685,-7.528949016463171
valor_aprovado,nominal,gradient_boosting,aprendizagem,2024-01,9,2024-09-01,366497269.12,361688879.57461256,4808389.545387447,1.311985095259486,-1.3119850952594825
valor_aprovado,nominal,gradient_boosting,aprendizagem,2024-01,10,2024-10-01,396093556.14,363015969.1076339,33077587.032366097,8.350953081568125,-8.350953081568125
valor_aprovado,nominal,gradient_boosting,aprendizagem,2024-01,11,2024-11-01,383252079.78,362866319.7828619,20385759.997138083,5.3191518253052195,-5.319151825305224
valor_aprovado,nominal,gradient_boosting,aprendizagem,2024-01,12,2024-12-01,390807010.08,370205490.7517005,20601519.328299463,5.271532699498466,-5.27153269949846
valor_aprovado,nominal,gradient_boosting,aprendizagem,2024-02,1,2024-02-01,356304841.58,357121353.5449587,-816511.9649587274,0.2291610636942183,0.22916106369421652
valor_aprovado,nominal,gradient_boosting,aprendizagem,2024-02,2,2024-03-01,370113558.41,372421216.7915306,-2307658.381530583,0.623500093172548,0.6235000931725576
valor_aprovado,nominal,gradient_boosting,aprendizagem,2024-02,3,2024-04-01,373850328.77,359787749.5373389,14062579.232661068,3.7615532608806777,-3.761553260880679
valor_aprovado,nominal,gradient_boosting,aprendizagem,2024-02,4,2024-05-01,387596104.3,365909635.28803104,21686469.01196897,5.595120480154157,-5.595120480154159
valor_aprovado,nominal,gradient_boosting,aprendizagem,2024-02,5,2024-06-01,360982328.25,362762333.8986682,-1780005.6486682296,0.49310049533379885,0.4931004953337981
valor_aprovado,nominal,gradient_boosting,aprendizagem,2024-02,6,2024-07-01,390560593.67,365909635.28803104,24650958.381968975,6.311686017867317,-6.311686017867313
valor_aprovado,nominal,gradient_boosting,aprendizagem,2024-02,7,2024-08-01,391118763.67,366472251.89503413,24646511.774965882,6.301541645227987,-6.301541645227992
valor_aprovado,nominal,gradient_boosting,aprendizagem,2024-02,8,2024-09-01,366497269.12,365799726.1648216,697542.95517838,0.19032691753836445,-0.19032691753836373
valor_aprovado,nominal,gradient_boosting,aprendizagem,2024-02,9,2024-10-01,396093556.14,367038535.47004384,29055020.669956148,7.335393423993648,-7.3353934239936525
valor_aprovado,nominal,gradient_boosting,aprendizagem,2024-02,10,2024-11-01,383252079.78,367275784.0099077,15976295.770092249,4.168612934667752,-4.168612934667748
valor_aprovado,nominal,gradient_boosting,aprendizagem,2024-02,11,2024-12-01,390807010.08,372221844.5534984,18585165.526501596,4.755586529191769,-4.755586529191769
valor_aprovado,nominal,gradient_boosting,aprendizagem,2024-02,12,2025-01-01,392330621.24,371358096.61809534,20972524.62190467,5.345625216716176,-5.345625216716177
valor_aprovado,nominal,gradient_boosting,aprendizagem,2024-03,1,2024-03-01,370113558.41,367154153.5257236,2959404.8842764497,0.7995937508990457,-0.7995937508990414
valor_aprovado,nominal,gradient_boosting,aprendizagem,2024-03,2,2024-04-01,373850328.77,355962211.30756634,17888117.462433636,4.784833952476943,-4.784833952476941
valor_aprovado,nominal,gradient_boosting,aprendizagem,2024-03,3,2024-05-01,387596104.3,361655177.621585,25940926.678415,6.692772809278981,-6.6927728092789796
valor_aprovado,nominal,gradient_boosting,aprendizagem,2024-03,4,2024-06-01,360982328.25,358409217.4740678,2573110.775932193,0.7128079616546139,-0.7128079616546157
valor_aprovado,nominal,gradient_boosting,aprendizagem,2024-03,5,2024-07-01,390560593.67,361655177.621585,28905416.048415005,7.401006787909157,-7.401006787909159
valor_aprovado,nominal,gradient_boosting,aprendizagem,2024-03,6,2024-08-01,391118763.67,362229012.8297373,28889750.84026271,7.386439497093001,-7.386439497093001
valor_aprovado,nominal,gradient_boosting,aprendizagem,2024-03,7,2024-09-01,366497269.12,362478003.82537436,4019265.29462564,1.0966699163342568,-1.0966699163342586
valor_aprovado,nominal,gradient_boosting,aprendizagem,2024-03,8,2024-10-01,396093556.14,363960894.81605685,32132661.323943138,8.112391839211288,-8.112391839211286
valor_aprovado,nominal,gradient_boosting,aprendizagem,2024-03,9,2024-11-01,383252079.78,365522473.4168556,17729606.363144398,4.626095277375092,-4.626095277375086
valor_aprovado,nominal,gradient_boosting,aprendizagem,2024-03,10,2024-12-01,390807010.08,370522723.0441743,20284287.03582567,5.190359055144222,-5.1903590551442225
valor_aprovado,nominal,gradient_boosting,aprendizagem,2024-03,11,2025-01-01,392330621.24,370099686.39708,22230934.842920005,5.666377702728612,-5.666377702728608
valor_aprovado,nominal,gradient_boosting,aprendizagem,2024-03,12,2025-02-01,359514022.46,354366669.99050194,5147352.469498038,1.431752907515795,-1.431752907515793
valor_aprovado,nominal,gradient_boosting,aprendizagem,2024-04,1,2024-04-01,373850328.77,357777821.43643266,16072507.333567321,4.299182345632079,-4.2991823456320795
valor_aprovado,nominal,gradient_boosting,aprendizagem,2024-04,2,2024-05-01,387596104.3,362382313.82351494,25213790.476485074,6.505171284427967,-6.505171284427968
valor_aprovado,nominal,gradient_boosting,aprendizagem,2024-04,3,2024-06-01,360982328.25,359105365.59600455,1876962.6539954543,0.5199597063642282,-0.5199597063642258
valor_aprovado,nominal,gradient_boosting,aprendizagem,2024-04,4,2024-07-01,390560593.67,362382313.82351494,28178279.84648508,7.214829223220101,-7.214829223220098
valor_aprovado,nominal,gradient_boosting,aprendizagem,2024-04,5,2024-08-01,391118763.67,362938143.3297442,28180620.340255797,7.2051312690364115,-7.205131269036413
valor_aprovado,nominal,gradient_boosting,aprendizagem,2024-04,6,2024-09-01,366497269.12,362249132.97057635,4248136.149423659,1.1591180910089447,-1.1591180910089482
valor_aprovado,nominal,gradient_boosting,aprendizagem,2024-04,7,2024-10-01,396093556.14,363794225.104435,32299331.03556496,8.154470209090881,-8.154470209090881
valor_aprovado,nominal,gradient_boosting,aprendizagem,2024-04,8,2024-11-01,383252079.78,365325177.2473728,17926902.532627165,4.677574755215375,-4.677574755215375
valor_aprovado,nominal,gradient_boosting,aprendizagem,2024-04,9,2024-12-01,390807010.08,370662437.9028558,20144572.17714417,5.154608709045543,-5.154608709045538
valor_aprovado,nominal,gradient_boosting,aprendizagem,2024-04,10,2025-01-01,392330621.24,370204298.33401847,22126322.90598154,5.639713473307053,-5.639713473307051
valor_aprovado,nominal,gradient_boosting,aprendizagem,2024-04,11,2025-02-01,359514022.46,355033965.4925003,4480056.967499673,1.2461424833569963,-1.2461424833569934
valor_aprovado,nominal,gradient_boosting,aprendizagem,2024-04,12,2025-03-01,389704865.08,368481589.0121396,21223276.067860365,5.4459869428377745,-5.445986942837777
valor_aprovado,nominal,gradient_boosting,aprendizagem,2024-05,1,2024-05-01,387596104.3,370279712.4678329,17316391.83216709,4.4676382554052125,-4.467638255405215
valor_aprovado,nominal,gradient_boosting,aprendizagem,2024-05,2,2024-06-01,360982328.25,367542841.5583818,-6560513.308381796,1.8174056719580696,1.8174056719580722
valor_aprovado,nominal,gradient_boosting,aprendizagem,2024-05,3,2024-07-01,390560593.67,370279712.4678329,20280881.202167094,5.192761771379118,-5.192761771379118
valor_aprovado,nominal,gradient_boosting,aprendizagem,2024-05,4,2024-08-01,391118763.67,370773146.68026316,20345616.989736855,5.201902562492024,-5.201902562492022
valor_aprovado,nominal,gradient_boosting,aprendizagem,2024-05,5,2024-09-01,366497269.12,369214324.72957194,-2717055.6095719337,0.7413576685293948,0.7413576685293854
valor_aprovado,nominal,gradient_boosting,aprendizagem,2024-05,6,2024-10-01,396093556.14,370481335.32058406,25612220.819415927,6.466204870640016,-6.466204870640013
valor_aprovado,nominal,gradient_boosting,aprendizagem,2024-05,7,2024-11-01,383252079.78,370761015.9452055,12491063.834794462,3.2592292367897304,-3.259229236789729
valor_aprovado,nominal,gradient_boosting,aprendizagem,2024-05,8,2024-12-01,390807010.08,376274967.10652816,14532042.97347182,3.7184703955277167,-3.7184703955277176
valor_aprovado,nominal,gradient_boosting,aprendizagem,2024-05,9,2025-01-01,392330621.24,374436322.9561538,17894298.2838462,4.561025144376823,-4.5610251443768295
valor_aprovado,nominal,gradient_boosting,aprendizagem,2024-05,10,2025-02-01,359514022.46,361818652.71789604,-2304630.2578960657,0.64104043623291,0.6410404362329203
valor_aprovado,nominal,gradient_boosting,aprendizagem,2024-05,11,2025-03-01,389704865.08,373260513.86915076,16444351.210849226,4.219693589781968,-4.21969358978197
valor_aprovado,nominal,gradient_boosting,aprendizagem,2024-05,12,2025-04-01,390023524.08,367281003.26672465,22742520.813275337,5.831063874139676,-5.831063874139675
valor_aprovado,nominal,gradient_boosting,aprendizagem,2024-06,1,2024-06-01,360982328.25,380033596.79591185,-19051268.54591185,5.277618059108368,5.277618059108358
valor_aprovado,nominal,gradient_boosting,aprendizagem,2024-06,2,2024-07-01,390560593.67,382140503.9092328,8420089.760767221,2.1558984437333395,-2.1558984437333395
valor_aprovado,nominal,gradient_boosting,aprendizagem,2024-06,3,2024-08-01,391118763.67,382036553.01699364,9082210.653006375,2.3221106979846513,-2.3221106979846473
valor_aprovado,nominal,gradient_boosting,aprendizagem,2024-06,4,2024-09-01,366497269.12,381214006.75731456,-14716737.637314558,4.015510858416778,4.015510858416782
valor_aprovado,nominal,gradient_boosting,aprendizagem,2024-06,5,2024-10-01,396093556.14,382036553.01699364,14057003.123006344,3.5489098232231453,-3.5489098232231453
valor_aprovado,nominal,gradient_boosting,aprendizagem,2024-06,6,2024-11-01,383252079.78,382115567.4568719,1136512.3231280446,0.2965443328527903,-0.29654433285278836
valor_aprovado,nominal,gradient_boosting,aprendizagem,2024-06,7,2024-12-01,390807010.08,385023530.9238848,5783479.156115174,1.47988111956622,-1.4798811195662176
valor_aprovado,nominal,gradient_boosting,aprendizagem,2024-06,8,2025-01-01,392330621.24,384140479.33838385,8190141.901616156,2.08756121959851,-2.0875612195985105
valor_aprovado,nominal,gradient_boosting,aprendizagem,2024-06,9,2025-02-01,359514022.46,371450383.70852,-11936361.248520017,3.3201378813668034,3.3201378813668025
valor_aprovado,nominal,gradient_boosting,aprendizagem,2024-06,10,2025-03-01,389704865.08,382961029.71044654,6743835.369553447,1.7304981214871538,-1.7304981214871562
valor_aprovado,nominal,gradient_boosting,aprendizagem,2024-06,11,2025-04-01,390023524.08,375691169.3506558,14332354.72934419,3.6747410975150303,-3.674741097515033
valor_aprovado,nominal,gradient_boosting,aprendizagem,2024-06,12,2025-05-01,404820750.8,382140503.9092328,22680246.890767217,5.602540592582493,-5.6025405925824945
valor_aprovado,nominal,gradient_boosting,aprendizagem,2024-07,1,2024-07-01,390560593.67,371930657.73948807,18629935.93051195,4.770050085045988,-4.770050085045985
valor_aprovado,nominal,gradient_boosting,aprendizagem,2024-07,2,2024-08-01,391118763.67,372193305.2773414,18925458.39265859,4.8388009348042,-4.838800934804199
valor_aprovado,nominal,gradient_boosting,aprendizagem,2024-07,3,2024-09-01,366497269.12,370819538.49360514,-4322269.373605132,1.1793455880267194,1.1793455880267256
valor_aprovado,nominal,gradient_boosting,aprendizagem,2024-07,4,2024-10-01,396093556.14,372193305.2773414,23900250.86265856,6.033991336685864,-6.033991336685862
valor_aprovado,nominal,gradient_boosting,aprendizagem,2024-07,5,2024-11-01,383252079.78,372012945.7477178,11239134.032282174,2.932569612859982,-2.932569612859981
valor_aprovado,nominal,gradient_boosting,aprendizagem,2024-07,6,2024-12-01,390807010.08,373982371.99923927,16824638.080760717,4.305101404735969,-4.305101404735967
valor_aprovado,nominal,gradient_boosting,aprendizagem,2024-07,7,2025-01-01,392330621.24,376674608.3233391,15656012.916660905,3.990515159683054,-3.99051515968305
valor_aprovado,nominal,gradient_boosting,aprendizagem,2024-07,8,2025-02-01,359514022.46,362696879.88298464,-3182857.4229846597,0.8853221916646627,0.8853221916646614
valor_aprovado,nominal,gradient_boosting,aprendizagem,2024-07,9,2025-03-01,389704865.08,375133531.3431774,14571333.736822605,3.7390689833526585,-3.739068983352656
valor_aprovado,nominal,gradient_boosting,aprendizagem,2024-07,10,2025-04-01,390023524.08,369418668.9790943,20604855.100905657,5.282977520268566,-5.282977520268561
valor_aprovado,nominal,gradient_boosting,aprendizagem,2024-07,11,2025-05-01,404820750.8,374258942.928906,30561807.87109399,7.549466723407399,-7.549466723407394
valor_aprovado,nominal,gradient_boosting,aprendizagem,2024-07,12,2025-06-01,377143717.14,362881548.1042944,14262169.035705566,3.781627105937255,-3.7816271059372575
valor_aprovado,nominal,gradient_boosting,aprendizagem,2024-08,1,2024-08-01,391118763.67,385947889.0907315,5170874.579268515,1.3220727460755002,-1.3220727460754977
valor_aprovado,nominal,gradient_boosting,aprendizagem,2024-08,2,2024-09-01,366497269.12,384873671.5614378,-18376402.44143778,5.014062583757181,5.014062583757184
valor_aprovado,nominal,gradient_boosting,aprendizagem,2024-08,3,2024-10-01,396093556.14,385947889.0907315,10145667.049268484,2.56143198797268,-2.5614319879726843
valor_aprovado,nominal,gradient_boosting,aprendizagem,2024-08,4,2024-11-01,383252079.78,385562532.6930048,-2310452.9130048156,0.6028546314298141,0.6028546314298167
valor_aprovado,nominal,gradient_boosting,aprendizagem,2024-08,5,2024-12-01,390807010.08,387786522.01074225,3020488.069257736,0.7728848232889755,-0.7728848232889773
valor_aprovado,nominal,gradient_boosting,aprendizagem,2024-08,6,2025-01-01,392330621.24,388289587.5892846,4041033.6507154107,1.0300072010548964,-1.0300072010548944
valor_aprovado,nominal,gradient_boosting,aprendizagem,2024-08,7,2025-02-01,359514022.46,373560132.19718426,-14046109.737184286,3.9069713167438627,3.906971316743868
valor_aprovado,nominal,gradient_boosting,aprendizagem,2024-08,8,2025-03-01,389704865.08,385873735.2459853,3831129.834014654,0.9830849387082161,-0.9830849387082119
valor_aprovado,nominal,gradient_boosting,aprendizagem,2024-08,9,2025-04-01,390023524.08,380059841.44096106,9963682.63903892,2.554636329319257,-2.5546363293192598
valor_aprovado,nominal,gradient_boosting,aprendizagem,2024-08,10,2025-05-01,404820750.8,385782740.20787567,19038010.592124343,4.702824782203418,-4.702824782203418
valor_aprovado,nominal,gradient_boosting,aprendizagem,2024-08,11,2025-06-01,377143717.14,370625730.44916713,6517986.690832853,1.7282501058908808,-1.7282501058908828
valor_aprovado,nominal,gradient_boosting,aprendizagem,2024-08,12,2025-07-01,406090370.51,385782740.20787567,20307630.30212432,5.000766276880787,-5.0007662768807855
valor_aprovado,nominal,gradient_boosting,aprendizagem,2024-09,1,2024-09-01,366497269.12,386758574.10983765,-20261304.989837646,5.528364519191986,5.528364519191986
valor_aprovado,nominal,gradient_boosting,aprendizagem,2024-09,2,2024-10-01,396093556.14,388104527.74265003,7989028.397349954,2.016954902070211,-2.0169549020702116
valor_aprovado,nominal,gradient_boosting,aprendizagem,2024-09,3,2024-11-01,383252079.78,387195181.3913047,-3943101.6113047004,1.0288532846496692,1.0288532846496778
valor_aprovado,nominal,gradient_boosting,aprendizagem,2024-09,4,2024-12-01,390807010.08,390074689.5954721,732320.4845278859,0.1873867319774987,-0.18738673197750133
valor_aprovado,nominal,gradient_boosting,aprendizagem,2024-09,5,2025-01-01,392330621.24,389370174.48310226,2960446.7568977475,0.7545795807477277,-0.7545795807477274
valor_aprovado,nominal,gradient_boosting,aprendizagem,2024-09,6,2025-02-01,359514022.46,375627232.67968756,-16113210.219687581,4.4819420698619234,4.481942069861922
valor_aprovado,nominal,gradient_boosting,aprendizagem,2024-09,7,2025-03-01,389704865.08,387964613.5690769,1740251.5109230876,0.4465562703626609,-0.44655627036266354
valor_aprovado,nominal,gradient_boosting,aprendizagem,2024-09,8,2025-04-01,390023524.08,381184699.92828435,8838824.151715636,2.2662284723889257,-2.2662284723889203
valor_aprovado,nominal,gradient_boosting,aprendizagem,2024-09,9,2025-05-01,404820750.8,387853974.2879715,16966776.512028515,4.191182511889288,-4.191182511889291
valor_aprovado,nominal,gradient_boosting,aprendizagem,2024-09,10,2025-06-01,377143717.14,374028581.145367,3115135.9946329594,0.8259811453989,-0.8259811453989019
valor_aprovado,nominal,gradient_boosting,aprendizagem,2024-09,11,2025-07-01,406090370.51,387853974.2879715,18236396.222028494,4.49072362861641,-4.490723628616411
valor_aprovado,nominal,gradient_boosting,aprendizagem,2024-09,12,2025-08-01,394232835.81,388104527.74265003,6128308.06734997,1.5544895073893592,-1.554489507389356
valor_aprovado,nominal,gradient_boosting,aprendizagem,2024-10,1,2024-10-01,396093556.14,382283684.02506393,13809872.114936054,3.4865177433118677,-3.4865177433118677
valor_aprovado,nominal,gradient_boosting,aprendizagem,2024-10,2,2024-11-01,383252079.78,381328332.72400874,1923747.0559912324,0.5019534550459661,-0.501953455045967
valor_aprovado,nominal,gradient_boosting,aprendizagem,2024-10,3,2024-12-01,390807010.08,384175458.948366,6631551.131633997,1.696886432583819,-1.6968864325838218
valor_aprovado,nominal,gradient_boosting,aprendizagem,2024-10,4,2025-01-01,392330621.24,384907022.8766632,7423598.3633368015,1.8921791880210062,-1.8921791880210037
valor_aprovado,nominal,gradient_boosting,aprendizagem,2024-10,5,2025-02-01,359514022.46,371044752.7308527,-11530730.270852745,3.207310299596358,3.2073102995963554
valor_aprovado,nominal,gradient_boosting,aprendizagem,2024-10,6,2025-03-01,389704865.08,382869002.45402163,6835862.625978351,1.7541127244010826,-1.7541127244010801
valor_aprovado,nominal,gradient_boosting,aprendizagem,2024-10,7,2025-04-01,390023524.08,377685100.95039207,12338423.129607916,3.1635074214336645,-3.1635074214336645
valor_aprovado,nominal,gradient_boosting,aprendizagem,2024-10,8,2025-05-01,404820750.8,383468665.339963,21352085.460036993,5.274454290656138,-5.274454290656139
valor_aprovado,nominal,gradient_boosting,aprendizagem,2024-10,9,2025-06-01,377143717.14,371561338.5292222,5582378.610777795,1.4801727715658999,-1.4801727715659019
valor_aprovado,nominal,gradient_boosting,aprendizagem,2024-10,10,2025-07-01,406090370.51,383468665.339963,22621705.17003697,5.570608616408921,-5.570608616408923
valor_aprovado,nominal,gradient_boosting,aprendizagem,2024-10,11,2025-08-01,394232835.81,383468665.339963,10764170.470036983,2.7304094160296586,-2.7304094160296555
valor_aprovado,nominal,gradient_boosting,aprendizagem,2024-10,12,2025-09-01,395718441.83,372628451.8135323,23089990.01646769,5.834954244156029,-5.834954244156032
valor_aprovado,nominal,gradient_boosting,aprendizagem,2024-11,1,2024-11-01,383252079.78,389761753.4251977,-6509673.645197749,1.6985357650073363,1.6985357650073363
valor_aprovado,nominal,gradient_boosting,aprendizagem,2024-11,2,2024-12-01,390807010.08,393064636.9891661,-2257626.9091660976,0.5776833196272378,0.5776833196272424
valor_aprovado,nominal,gradient_boosting,aprendizagem,2024-11,3,2025-01-01,392330621.24,391934005.1474996,396616.0925003886,0.10109231118561278,-0.10109231118561324
valor_aprovado,nominal,gradient_boosting,aprendizagem,2024-11,4,2025-02-01,359514022.46,379595337.9881766,-20081315.528176606,5.58568352654753,5.585683526547536
valor_aprovado,nominal,gradient_boosting,aprendizagem,2024-11,5,2025-03-01,389704865.08,390858730.47327954,-1153865.3932795525,0.2960869870184153,0.29608698701841796
valor_aprovado,nominal,gradient_boosting,aprendizagem,2024-11,6,2025-04-01,390023524.08,385484216.89006275,4539307.189937234,1.1638547189287358,-1.1638547189287363
valor_aprovado,nominal,gradient_boosting,aprendizagem,2024-11,7,2025-05-01,404820750.8,390467033.8521335,14353716.9478665,3.545696933643081,-3.5456969336430832
valor_aprovado,nominal,gradient_boosting,aprendizagem,2024-11,8,2025-06-01,377143717.14,380330245.8391035,-3186528.699103534,0.8449109859944077,0.8449109859944182
valor_aprovado,nominal,gradient_boosting,aprendizagem,2024-11,9,2025-07-01,406090370.51,390467033.8521335,15623336.657866478,3.847256126326136,-3.8472561263261373
valor_aprovado,nominal,gradient_boosting,aprendizagem,2024-11,10,2025-08-01,394232835.81,390648275.5909777,3584560.219022274,0.9092495331235798,-0.9092495331235795
valor_aprovado,nominal,gradient_boosting,aprendizagem,2024-11,11,2025-09-01,395718441.83,376753292.06861794,18965149.761382043,4.7925867881410085,-4.792586788141007
valor_aprovado,nominal,gradient_boosting,aprendizagem,2024-11,12,2025-10-01,411650546.75,390648275.5909777,21002271.15902227,5.101966054663638,-5.1019660546636425
valor_aprovado,nominal,gradient_boosting,aprendizagem,2024-12,1,2024-12-01,390807010.08,388845359.4055983,1961650.6744017005,0.5019486917596852,-0.5019486917596905
valor_aprovado,nominal,gradient_boosting,aprendizagem,2024-12,2,2025-01-01,392330621.24,388155152.7611688,4175468.4788312316,1.0642728996360895,-1.0642728996360873
valor_aprovado,nominal,gradient_boosting,aprendizagem,2024-12,3,2025-02-01,359514022.46,375662758.3874804,-16148735.9274804,4.491823661558883,4.491823661558891
valor_aprovado,nominal,gradient_boosting,aprendizagem,2024-12,4,2025-03-01,389704865.08,386936854.42261577,2768010.657384217,0.7102838341050707,-0.7102838341050743
valor_aprovado,nominal,gradient_boosting,aprendizagem,2024-12,5,2025-04-01,390023524.08,381394734.936384,8628789.143615961,2.2123765903530628,-2.21237659035306
valor_aprovado,nominal,gradient_boosting,aprendizagem,2024-12,6,2025-05-01,404820750.8,386264199.0572094,18556551.74279064,4.583893416066121,-4.58389341606612
valor_aprovado,nominal,gradient_boosting,aprendizagem,2024-12,7,2025-06-01,377143717.14,375704016.1706443,1439700.9693557024,0.3817380229142911,-0.3817380229142908
valor_aprovado,nominal,gradient_boosting,aprendizagem,2024-12,8,2025-07-01,406090370.51,386264199.0572094,19826171.452790618,4.882206743265388,-4.882206743265383
valor_aprovado,nominal,gradient_boosting,aprendizagem,2024-12,9,2025-08-01,394232835.81,386655045.5293791,7577790.280620873,1.9221611170595083,-1.9221611170595065
valor_aprovado,nominal,gradient_boosting,aprendizagem,2024-12,10,2025-09-01,395718441.83,373876857.7010333,21841584.12896669,5.519475925347396,-5.519475925347395
valor_aprovado,nominal,gradient_boosting,aprendizagem,2024-12,11,2025-10-01,411650546.75,386655045.5293791,24995501.22062087,6.072019439294203,-6.072019439294207
valor_aprovado,nominal,gradient_boosting,aprendizagem,2024-12,12,2025-11-01,382184403.39,385576660.3868073,-3392256.996807337,0.8875969209412529,0.8875969209412471
valor_aprovado,nominal,gradient_boosting,aprendizagem,2025-01,1,2025-01-01,392330621.24,388113281.0155021,4217340.224497914,1.0749454659359983,-1.0749454659359947
valor_aprovado,nominal,gradient_boosting,aprendizagem,2025-01,2,2025-02-01,359514022.46,374860827.90946084,-15346805.449460864,4.268764078922226,4.268764078922227
valor_aprovado,nominal,gradient_boosting,aprendizagem,2025-01,3,2025-03-01,389704865.08,386515233.5778237,3189631.502176285,0.8184736163151327,-0.8184736163151296
valor_aprovado,nominal,gradient_boosting,aprendizagem,2025-01,4,2025-04-01,390023524.08,381430522.85102636,8593001.228973627,2.203200755452655,-2.20320075545265
valor_aprovado,nominal,gradient_boosting,aprendizagem,2025-01,5,2025-05-01,404820750.8,386709314.5309609,18111436.269039094,4.473939696334138,-4.473939696334139
valor_aprovado,nominal,gradient_boosting,aprendizagem,2025-01,6,2025-06-01,377143717.14,377037913.1905959,105803.94940406084,0.028054013522061466,-0.028054013522060828
valor_aprovado,nominal,gradient_boosting,aprendizagem,2025-01,7,2025-07-01,406090370.51,386709314.5309609,19381055.979039073,4.772596787926497,-4.772596787926497
valor_aprovado,nominal,gradient_boosting,aprendizagem,2025-01,8,2025-08-01,394232835.81,387085952.55254376,7146883.257456243,1.8128584451297898,-1.8128584451297947
valor_aprovado,nominal,gradient_boosting,aprendizagem,2025-01,9,2025-09-01,395718441.83,374308246.32016355,21410195.509836435,5.41046189579262,-5.410461895792618
valor_aprovado,nominal,gradient_boosting,aprendizagem,2025-01,10,2025-10-01,411650546.75,387085952.55254376,24564594.19745624,5.967341569541166,-5.967341569541162
valor_aprovado,nominal,gradient_boosting,aprendizagem,2025-01,11,2025-11-01,382184403.39,385999877.229203,-3815473.839203,0.9983332143749206,0.9983332143749246
valor_aprovado,nominal,gradient_boosting,aprendizagem,2025-01,12,2025-12-01,417980005.06,389307714.1847429,28672290.875257075,6.85972786452817,-6.859727864528164
valor_aprovado,nominal,gradient_boosting,aprendizagem,2025-02,1,2025-02-01,359514022.46,376956764.6828786,-17442742.222878635,4.851755740575971,4.851755740575969
valor_aprovado,nominal,gradient_boosting,aprendizagem,2025-02,2,2025-03-01,389704865.08,387799749.5255534,1905115.554446578,0.4888611164901647,-0.48886111649016906
valor_aprovado,nominal,gradient_boosting,aprendizagem,2025-02,3,2025-04-01,390023524.08,382997946.1599242,7025577.920075774,1.801321583524464,-1.8013215835244623
valor_aprovado,nominal,gradient_boosting,aprendizagem,2025-02,4,2025-05-01,404820750.8,387913126.6010232,16907624.198976815,4.176570535370099,-4.176570535370095
valor_aprovado,nominal,gradient_boosting,aprendizagem,2025-02,5,2025-06-01,377143717.14,377775655.092081,-631937.9520810246,0.1675589233921779,0.16755892339217482
valor_aprovado,nominal,gradient_boosting,aprendizagem,2025-02,6,2025-07-01,406090370.51,387913126.6010232,18177243.908976793,4.476157335656197,-4.476157335656195
valor_aprovado,nominal,gradient_boosting,aprendizagem,2025-02,7,2025-08-01,394232835.81,388464742.7383646,5768093.071635425,1.4631183776927577,-1.4631183776927625
valor_aprovado,nominal,gradient_boosting,aprendizagem,2025-02,8,2025-09-01,395718441.83,375990230.9584125,19728210.871587455,4.985416090378387,-4.985416090378392
valor_aprovado,nominal,gradient_boosting,aprendizagem,2025-02,9,2025-10-01,411650546.75,388464742.7383646,23185804.011635423,5.632399663911153,-5.632399663911148
valor_aprovado,nominal,gradient_boosting,aprendizagem,2025-02,10,2025-11-01,382184403.39,387076733.738049,-4892330.348048985,1.2800968078900403,1.2800968078900299
valor_aprovado,nominal,gradient_boosting,aprendizagem,2025-02,11,2025-12-01,417980005.06,390288511.8748139,27691493.185186088,6.62507604429811,-6.6250760442981065
valor_aprovado,nominal,gradient_boosting,aprendizagem,2025-02,12,2026-01-01,407396857.47,390072616.0728513,17324241.39714873,4.252423915278839,-4.252423915278836
valor_aprovado,nominal,gradient_boosting,aprendizagem,2025-03,1,2025-03-01,389704865.08,378196854.02907026,11508011.050929725,2.953006770538346,-2.9530067705383467
valor_aprovado,nominal,gradient_boosting,aprendizagem,2025-03,2,2025-04-01,390023524.08,372505595.31873536,17517928.761264622,4.491505686121491,-4.491505686121489
valor_aprovado,nominal,gradient_boosting,aprendizagem,2025-03,3,2025-05-01,404820750.8,381145068.265155,23675682.534844995,5.8484360023683335,-5.848436002368329
valor_aprovado,nominal,gradient_boosting,aprendizagem,2025-03,4,2025-06-01,377143717.14,369866902.0992553,7276815.040744662,1.9294541338052906,-1.9294541338052862
valor_aprovado,nominal,gradient_boosting,aprendizagem,2025-03,5,2025-07-01,406090370.51,381145068.265155,24945302.244844973,6.142795805159505,-6.142795805159507
valor_aprovado,nominal,gradient_boosting,aprendizagem,2025-03,6,2025-08-01,394232835.81,381545593.1903685,12687242.619631529,3.2182105261638143,-3.2182105261638116
valor_aprovado,nominal,gradient_boosting,aprendizagem,2025-03,7,2025-09-01,395718441.83,371968930.2603699,23749511.569630086,6.001618590177518,-6.001618590177515
valor_aprovado,nominal,gradient_boosting,aprendizagem,2025-03,8,2025-10-01,411650546.75,381545593.1903685,30104953.559631526,7.313230553757675,-7.313230553757677
valor_aprovado,nominal,gradient_boosting,aprendizagem,2025-03,9,2025-11-01,382184403.39,381098816.56707865,1085586.8229213357,0.284047913335058,-0.2840479133350615
valor_aprovado,nominal,gradient_boosting,aprendizagem,2025-03,10,2025-12-01,417980005.06,383818069.65838045,34161935.40161955,8.173102777180858,-8.173102777180862
valor_aprovado,nominal,gradient_boosting,aprendizagem,2025-03,11,2026-01-01,407396857.47,383726831.32661617,23670026.14338386,5.8100659613278625,-5.81006596132786
valor_aprovado,nominal,gradient_boosting,aprendizagem,2025-03,12,2026-02-01,369527943.05,366642943.1120047,2884999.9379953146,0.7807257860347929,-0.7807257860347971
valor_aprovado,nominal,gradient_boosting,aprendizagem,2025-04,1,2025-04-01,390023524.08,376853454.0625319,13170070.017468095,3.376737351556955,-3.3767373515569576
valor_aprovado,nominal,gradient_boosting,aprendizagem,2025-04,2,2025-05-01,404820750.8,383348927.65083206,21471823.149167955,5.304032243094183,-5.304032243094181
valor_aprovado,nominal,gradient_boosting,aprendizagem,2025-04,3,2025-06-01,377143717.14,372313034.855668,4830682.284331977,1.2808598061674124,-1.2808598061674115
valor_aprovado,nominal,gradient_boosting,aprendizagem,2025-04,4,2025-07-01,406090370.51,383348927.65083206,22741442.859167933,5.600094094968924,-5.600094094968922
valor_aprovado,nominal,gradient_boosting,aprendizagem,2025-04,5,2025-08-01,394232835.81,383665265.8477607,10567569.962239325,2.6805402803464986,-2.6805402803464995
valor_aprovado,nominal,gradient_boosting,aprendizagem,2025-04,6,2025-09-01,395718441.83,372769855.6089984,22948586.221001565,5.799220808329231,-5.799220808329231
valor_aprovado,nominal,gradient_boosting,aprendizagem,2025-04,7,2025-10-01,411650546.75,383665265.8477607,27985280.902239323,6.798310150000869,-6.798310150000864
valor_aprovado,nominal,gradient_boosting,aprendizagem,2025-04,8,2025-11-01,382184403.39,383379475.99254835,-1195072.6025483608,0.31269528320569623,0.3126952832056995
valor_aprovado,nominal,gradient_boosting,aprendizagem,2025-04,9,2025-12-01,417980005.06,386192370.4642847,31787634.595715284,7.605061058160485,-7.605061058160489
valor_aprovado,nominal,gradient_boosting,aprendizagem,2025-04,10,2026-01-01,407396857.47,386204474.6343666,21192382.835633457,5.201901400821194,-5.201901400821196
valor_aprovado,nominal,gradient_boosting,aprendizagem,2025-04,11,2026-02-01,369527943.05,372070423.03133804,-2542479.981338024,0.6880345665751201,0.6880345665751131
valor_aprovado,nominal,gradient_boosting,aprendizagem,2025-04,12,2026-03-01,412089732.61,385536646.15443456,26553086.455565453,6.443520513697239,-6.443520513697242
valor_aprovado,nominal,gradient_boosting,aprendizagem,2025-05,1,2025-05-01,404820750.8,386789820.46319944,18030930.336800575,4.454052886658639,-4.454052886658644
valor_aprovado,nominal,gradient_boosting,aprendizagem,2025-05,2,2025-06-01,377143717.14,376843940.9879298,299776.1520701647,0.07948591967631384,-0.07948591967631424
valor_aprovado,nominal,gradient_boosting,aprendizagem,2025-05,3,2025-07-01,406090370.51,386789820.46319944,19300550.046800554,4.752772153292238,-4.75277215329224
valor_aprovado,nominal,gradient_boosting,aprendizagem,2025-05,4,2025-08-01,394232835.81,386987750.36070156,7245085.449298441,1.837768138823982,-1.8377681388239808
valor_aprovado,nominal,gradient_boosting,aprendizagem,2025-05,5,2025-09-01,395718441.83,376531821.8204933,19186620.009506702,4.8485534110510935,-4.848553411051093
valor_aprovado,nominal,gradient_boosting,aprendizagem,2025-05,6,2025-10-01,411650546.75,386987750.36070156,24662796.38929844,5.991197287119464,-5.991197287119466
valor_aprovado,nominal,gradient_boosting,aprendizagem,2025-05,7,2025-11-01,382184403.39,386698122.28471017,-4513718.894710183,1.1810316838346122,1.1810316838346102
valor_aprovado,nominal,gradient_boosting,aprendizagem,2025-05,8,2025-12-01,417980005.06,389217068.6162345,28762936.44376552,6.881414444606429,-6.881414444606426
valor_aprovado,nominal,gradient_boosting,aprendizagem,2025-05,9,2026-01-01,407396857.47,388337278.61825925,19059578.851740777,4.678381411703523,-4.6783814117035245
valor_aprovado,nominal,gradient_boosting,aprendizagem,2025-05,10,2026-02-01,369527943.05,375182290.9702225,-5654347.920222461,1.5301543568133855,1.5301543568133846
valor_aprovado,nominal,gradient_boosting,aprendizagem,2025-05,11,2026-03-01,412089732.61,388448232.51055294,23641500.09944707,5.73697867930655,-5.736978679306548
valor_aprovado,nominal,gradient_boosting,aprendizagem,2025-05,12,2026-04-01,396764540.54,382394707.2959376,14369833.244062424,3.621753401779543,-3.621753401779537
valor_aprovado,nominal,gradient_boosting,aprendizagem,2025-06,1,2025-06-01,377143717.14,388979455.3191833,-11835738.179183304,3.138256754994475,3.138256754994484
valor_aprovado,nominal,gradient_boosting,aprendizagem,2025-06,2,2025-07-01,406090370.51,398290247.82188904,7800122.688110948,1.9207849421090544,-1.920784942109055
valor_aprovado,nominal,gradient_boosting,aprendizagem,2025-06,3,2025-08-01,394232835.81,397730558.1466824,-3497722.3366823792,0.887222478436094,0.8872224784360894
valor_aprovado,nominal,gradient_boosting,aprendizagem,2025-06,4,2025-09-01,395718441.83,387249075.8901672,8469365.939832807,2.1402505025204848,-2.14025050252048
valor_aprovado,nominal,gradient_boosting,aprendizagem,2025-06,5,2025-10-01,411650546.75,397730558.1466824,13919988.603317618,3.3815061617715725,-3.3815061617715747
valor_aprovado,nominal,gradient_boosting,aprendizagem,2025-06,6,2025-11-01,382184403.39,397270100.6888814,-15085697.298881412,3.9472299667569675,3.94722996675696
valor_aprovado,nominal,gradient_boosting,aprendizagem,2025-06,7,2025-12-01,417980005.06,398909605.765097,19070399.29490298,4.562514728943905,-4.562514728943901
valor_aprovado,nominal,gradient_boosting,aprendizagem,2025-06,8,2026-01-01,407396857.47,398494447.9224082,8902409.547591805,2.185193475196937,-2.1851934751969337
valor_aprovado,nominal,gradient_boosting,aprendizagem,2025-06,9,2026-02-01,369527943.05,384212677.68674725,-14684734.636747241,3.973917240342575,3.9739172403425727
valor_aprovado,nominal,gradient_boosting,aprendizagem,2025-06,10,2026-03-01,412089732.61,395905312.2376946,16184420.372305393,3.9274019932018693,-3.9274019932018733
valor_aprovado,nominal,gradient_boosting,aprendizagem,2025-06,11,2026-04-01,396764540.54,389945077.8856934,6819462.65430665,1.71876817545875,-1.7187681754587514
valor_aprovado,nominal,gradient_boosting,aprendizagem,2025-06,12,2026-05-01,426565867.1,398290247.82188904,28275619.27811098,6.628664283512004,-6.628664283511998
valor_aprovado,nominal,gradient_boosting,aprendizagem,2025-07,1,2025-07-01,406090370.51,393167770.34785557,12922600.162144423,3.18219812647003,-3.182198126470026
valor_aprovado,nominal,gradient_boosting,aprendizagem,2025-07,2,2025-08-01,394232835.81,393167770.34785557,1065065.4621444345,0.2701615302936718,-0.27016153029366663
valor_aprovado,nominal,gradient_boosting,aprendizagem,2025-07,3,2025-09-01,395718441.83,381455972.2560197,14262469.573980272,3.604196334146945,-3.6041963341469474
valor_aprovado,nominal,gradient_boosting,aprendizagem,2025-07,4,2025-10-01,411650546.75,393167770.34785557,18482776.402144432,4.489919070451091,-4.489919070451087
valor_aprovado,nominal,gradient_boosting,aprendizagem,2025-07,5,2025-11-01,382184403.39,392557522.75448847,-10373119.364488482,2.7141660602782984,2.7141660602783
valor_aprovado,nominal,gradient_boosting,aprendizagem,2025-07,6,2025-12-01,417980005.06,394800770.7217981,23179234.33820188,5.54553664232684,-5.545536642326843
valor_aprovado,nominal,gradient_boosting,aprendizagem,2025-07,7,2026-01-01,407396857.47,395733541.945697,11663315.524303019,2.862887945855568,-2.8628879458555634
valor_aprovado,nominal,gradient_boosting,aprendizagem,2025-07,8,2026-02-01,369527943.05,382418848.5735763,-12890905.52357626,3.4884792249207575,3.4884792249207486
valor_aprovado,nominal,gradient_boosting,aprendizagem,2025-07,9,2026-03-01,412089732.61,394235220.6056136,17854512.004386425,4.332675772168257,-4.33267577216826
valor_aprovado,nominal,gradient_boosting,aprendizagem,2025-07,10,2026-04-01,396764540.54,388580949.736509,8183590.803490996,2.0625811954750435,-2.062581195475044
valor_aprovado,nominal,gradient_boosting,aprendizagem,2025-07,11,2026-05-01,426565867.1,394394232.7618542,32171634.338145852,7.542008589872438,-7.54200858987244
valor_aprovado,nominal,gradient_boosting,aprendizagem,2025-07,12,2026-06-01,409258364.78,378255664.6582012,31002700.121798754,7.5753369484493005,-7.575336948449296
valor_aprovado,nominal,holt_winters,baseline,2022-01,1,2022-01-01,302837210.44,278122329.4467348,24714880.99326521,8.161111033005595,-8.161111033005596
valor_aprovado,nominal,holt_winters,baseline,2022-01,2,2022-02-01,280312728.99,260690552.07832608,19622176.911673933,7.0001019869397165,-7.000101986939722
valor_aprovado,nominal,holt_winters,baseline,2022-01,3,2022-03-01,314093080.19,282583471.86834717,31509608.32165283,10.03193330543677,-10.03193330543677
valor_aprovado,nominal,holt_winters,baseline,2022-01,4,2022-04-01,304231395.4,272322695.07236725,31908700.327632725,10.488299633139285,-10.488299633139286
valor_aprovado,nominal,holt_winters,baseline,2022-01,5,2022-05-01,306243852.81,283575546.9082084,22668305.901791632,7.40204438188528,-7.4020443818852755
valor_aprovado,nominal,holt_winters,baseline,2022-01,6,2022-06-01,306868827.71,274381674.7288462,32487152.981153786,10.586657896661663,-10.586657896661666
valor_aprovado,nominal,holt_winters,baseline,2022-01,7,2022-07-01,308883599.32,279767284.7415616,29116314.5784384,9.426306428226454,-9.42630642822645
valor_aprovado,nominal,holt_winters,baseline,2022-01,8,2022-08-01,323453719.42,285098269.73493844,38355449.685061574,11.858095109816182,-11.85809510981618
valor_aprovado,nominal,holt_winters,baseline,2022-01,9,2022-09-01,311819626.42,276782640.0370645,35036986.382935524,11.236299262235363,-11.236299262235361
valor_aprovado,nominal,holt_winters,baseline,2022-01,10,2022-10-01,312427063.88,283850297.9420671,28576765.93793291,9.146699899503249,-9.146699899503252
valor_aprovado,nominal,holt_winters,baseline,2022-01,11,2022-11-01,312285235.81,277910911.40614176,34374324.403858244,11.007348558986056,-11.007348558986052
valor_aprovado,nominal,holt_winters,baseline,2022-01,12,2022-12-01,324955128.46,285104233.95817214,39850894.501827836,12.263506869605612,-12.263506869605612
valor_aprovado,nominal,holt_winters,baseline,2022-02,1,2022-02-01,280312728.99,269189155.37561285,11123573.614387155,3.968272741115506,-3.9682727411155083
valor_aprovado,nominal,holt_winters,baseline,2022-02,2,2022-03-01,314093080.19,291082204.2695209,23010875.92047912,7.32613272045327,-7.326132720453272
valor_aprovado,nominal,holt_winters,baseline,2022-02,3,2022-04-01,304231395.4,280821537.475884,23409857.924115956,7.694754150319345,-7.6947541503193495
valor_aprovado,nominal,holt_winters,baseline,2022-02,4,2022-05-01,306243852.81,292074505.10256916,14169347.70743084,4.6268186536373666,-4.626818653637366
valor_aprovado,nominal,holt_winters,baseline,2022-02,5,2022-06-01,306868827.71,282880754.22695625,23988073.48304373,7.817044716484908,-7.8170447164849115
valor_aprovado,nominal,holt_winters,baseline,2022-02,6,2022-07-01,308883599.32,288266497.93957496,20617101.380425036,6.6747154675136855,-6.674715467513681
valor_aprovado,nominal,holt_winters,baseline,2022-02,7,2022-08-01,323453719.42,293597592.66622454,29856126.753775477,9.230416891576295,-9.230416891576299
valor_aprovado,nominal,holt_winters,baseline,2022-02,8,2022-09-01,311819626.42,285282066.9069052,26537559.513094842,8.51054817099631,-8.510548170996312
valor_aprovado,nominal,holt_winters,baseline,2022-02,9,2022-10-01,312427063.88,292349852.73026204,20077211.149737954,6.426207416348989,-6.426207416348994
valor_aprovado,nominal,holt_winters,baseline,2022-02,10,2022-11-01,312285235.81,286410581.98527277,25874653.824727237,8.285583453093455,-8.285583453093459
valor_aprovado,nominal,holt_winters,baseline,2022-02,11,2022-12-01,324955128.46,293604020.32805645,31351108.131943524,9.647826849362268,-9.647826849362263
valor_aprovado,nominal,holt_winters,baseline,2022-02,12,2023-01-01,318310548.87,294783380.851297,23527168.018702984,7.391262432936719,-7.391262432936719
valor_aprovado,nominal,holt_winters,baseline,2022-03,1,2022-03-01,314093080.19,296938112.5739384,17154967.61606157,5.4617464369747495,-5.461746436974746
valor_aprovado,nominal,holt_winters,baseline,2022-03,2,2022-04-01,304231395.4,286999804.64306056,17231590.75693941,5.663975190424877,-5.663975190424875
valor_aprovado,nominal,holt_winters,baseline,2022-03,3,2022-05-01,306243852.81,298417542.6412832,7826310.168716788,2.555581147802628,-2.5555811478026325
valor_aprovado,nominal,holt_winters,baseline,2022-03,4,2022-06-01,306868827.71,289653697.2805295,17215130.42947048,5.609931304504895,-5.609931304504889
valor_aprovado,nominal,holt_winters,baseline,2022-03,5,2022-07-01,308883599.32,295521727.46178883,13361871.85821116,4.325859931581673,-4.325859931581677
valor_aprovado,nominal,holt_winters,baseline,2022-03,6,2022-08-01,323453719.42,301065220.5523974,22388498.867602646,6.9217008565393865,-6.921700856539392
valor_aprovado,nominal,holt_winters,baseline,2022-03,7,2022-09-01,311819626.42,293077074.72692835,18742551.693071663,6.010703017079082,-6.010703017079077
valor_aprovado,nominal,holt_winters,baseline,2022-03,8,2022-10-01,312427063.88,300577229.94981337,11849833.93018663,3.792832087919895,-3.792832087919895
valor_aprovado,nominal,holt_winters,baseline,2022-03,9,2022-11-01,312285235.81,294630135.8102919,17655099.999708116,5.6535173537470085,-5.653517353747006
valor_aprovado,nominal,holt_winters,baseline,2022-03,10,2022-12-01,324955128.46,302586136.842614,22368991.617385983,6.883717060689341,-6.883717060689342
valor_aprovado,nominal,holt_winters,baseline,2022-03,11,2023-01-01,318310548.87,303757640.6388235,14552908.231176496,4.571921440504943,-4.571921440504944
valor_aprovado,nominal,holt_winters,baseline,2022-03,12,2023-02-01,294899969.04,286706119.55517834,8193849.484821677,2.7785182587490436,-2.778518258749041
valor_aprovado,nominal,holt_winters,baseline,2022-04,1,2022-04-01,304231395.4,297857043.39601743,6374352.003982544,2.0952314916748214,-2.0952314916748205
valor_aprovado,nominal,holt_winters,baseline,2022-04,2,2022-05-01,306243852.81,307228659.6616269,-984806.851626873,0.3215760390259548,0.32157603902596144
valor_aprovado,nominal,holt_winters,baseline,2022-04,3,2022-06-01,306868827.71,300545896.9686124,6322930.741387606,2.060466939106295,-2.060466939106298
valor_aprovado,nominal,holt_winters,baseline,2022-04,4,2022-07-01,308883599.32,306237934.80947024,2645664.5105297565,0.8565247608983205,-0.8565247608983251
valor_aprovado,nominal,holt_winters,baseline,2022-04,5,2022-08-01,323453719.42,310428250.182104,13025469.237896025,4.026996276701533,-4.026996276701533
valor_aprovado,nominal,holt_winters,baseline,2022-04,6,2022-09-01,311819626.42,304989759.5257478,6829866.894252241,2.19032617435468,-2.1903261743546842
valor_aprovado,nominal,holt_winters,baseline,2022-04,7,2022-10-01,312427063.88,312738378.47562736,-311314.5956273675,0.09964392705330426,0.0996439270533056
valor_aprovado,nominal,holt_winters,baseline,2022-04,8,2022-11-01,312285235.81,307479957.68971765,4805278.120282352,1.5387464949530851,-1.5387464949530805
valor_aprovado,nominal,holt_winters,baseline,2022-04,9,2022-12-01,324955128.46,315354250.14074296,9600878.319257021,2.9545243260990204,-2.9545243260990173
valor_aprovado,nominal,holt_winters,baseline,2022-04,10,2023-01-01,318310548.87,317981342.16723204,329206.7027679682,0.10342312057726312,-0.10342312057726177
valor_aprovado,nominal,holt_winters,baseline,2022-04,11,2023-02-01,294899969.04,301268881.6505309,-6368912.610530853,2.1596857508204685,2.1596857508204614
valor_aprovado,nominal,holt_winters,baseline,2022-04,12,2023-03-01,333190074.83000004,322305441.43186617,10884633.398133874,3.266794007500801,-3.266794007500795
valor_aprovado,nominal,holt_winters,baseline,2022-05,1,2022-05-01,306243852.81,323059476.21355355,-16815623.403553545,5.4909260216192175,5.490926021619225
valor_aprovado,nominal,holt_winters,baseline,2022-05,2,2022-06-01,306868827.71,320630754.2389754,-13761926.528975427,4.484628377431952,4.484628377431954
valor_aprovado,nominal,holt_winters,baseline,2022-05,3,2022-07-01,308883599.32,332781514.1439561,-23897914.823956132,7.736867504965246,7.73686750496525
valor_aprovado,nominal,holt_winters,baseline,2022-05,4,2022-08-01,323453719.42,344877649.5424227,-21423930.122422695,6.623491657736675,6.62349165773668
valor_aprovado,nominal,holt_winters,baseline,2022-05,5,2022-09-01,311819626.42,343327170.5071762,-31507544.087176204,10.104413390816417,10.104413390816426
valor_aprovado,nominal,holt_winters,baseline,2022-05,6,2022-10-01,312427063.88,357159978.5775368,-44732914.697536826,14.31787443187645,14.317874431876444
valor_aprovado,nominal,holt_winters,baseline,2022-05,7,2022-11-01,312285235.81,357985742.82972926,-45700507.01972926,14.634219546496356,14.634219546496352
valor_aprovado,nominal,holt_winters,baseline,2022-05,8,2022-12-01,324955128.46,371944214.8331896,-46989086.37318963,14.460176885306089,14.460176885306097
valor_aprovado,nominal,holt_winters,baseline,2022-05,9,2023-01-01,318310548.87,379888579.64765024,-61578030.77765024,19.345268636635442,19.34526863663544
valor_aprovado,nominal,holt_winters,baseline,2022-05,10,2023-02-01,294899969.04,369221953.0076456,-74321983.96764559,25.2024387149273,25.20243871492729
valor_aprovado,nominal,holt_winters,baseline,2022-05,11,2023-03-01,333190074.83000004,397880022.6406608,-64689947.81066078,19.415328575938773,19.415328575938773
valor_aprovado,nominal,holt_winters,baseline,2022-05,12,2023-04-01,308241204.10999995,394384396.69127,-86143192.58127004,27.94668312758365,27.94668312758366
valor_aprovado,nominal,holt_winters,baseline,2022-06,1,2022-06-01,306868827.71,299768649.86053264,7100177.849467337,2.3137501135101326,-2.313750113510138
valor_aprovado,nominal,holt_winters,baseline,2022-06,2,2022-07-01,308883599.32,305267638.6176585,3615960.702341497,1.1706548066332916,-1.1706548066332867
valor_aprovado,nominal,holt_winters,baseline,2022-06,3,2022-08-01,323453719.42,310712001.027971,12741718.392028987,3.939270945740478,-3.9392709457404806
valor_aprovado,nominal,holt_winters,baseline,2022-06,4,2022-09-01,311819626.42,302509750.31032693,9309876.109673083,2.985660722052597,-2.9856607220525966
valor_aprovado,nominal,holt_winters,baseline,2022-06,5,2022-10-01,312427063.88,309690784.7976325,2736279.08236748,0.875813717411644,-0.8758137174116443
valor_aprovado,nominal,holt_winters,baseline,2022-06,6,2022-11-01,312285235.81,303864776.6425715,8420459.167428493,2.6964000221104447,-2.6964000221104456
valor_aprovado,nominal,holt_winters,baseline,2022-06,7,2022-12-01,324955128.46,311171478.81793386,13783649.642066121,4.241708603704282,-4.241708603704286
valor_aprovado,nominal,holt_winters,baseline,2022-06,8,2023-01-01,318310548.87,312464068.98011714,5846479.889882863,1.8367220032882419,-1.836722003288238
valor_aprovado,nominal,holt_winters,baseline,2022-06,9,2023-02-01,294899969.04,295145672.1720761,-245703.1320760846,0.08331744926116205,0.08331744926115547
valor_aprovado,nominal,holt_winters,baseline,2022-06,10,2023-03-01,333190074.83000004,317151968.42834985,16038106.40165019,4.813500645189729,-4.813500645189728
valor_aprovado,nominal,holt_winters,baseline,2022-06,11,2023-04-01,308241204.10999995,307004571.4641844,1236632.6458155513,0.401189921829608,-0.40118992182960334
valor_aprovado,nominal,holt_winters,baseline,2022-06,12,2023-05-01,334325813.13,318370801.6807393,15955011.449260712,4.772294217992893,-4.77229421799289
valor_aprovado,nominal,holt_winters,baseline,2022-07,1,2022-07-01,308883599.32,309070836.0340993,-187236.714099288,0.06061724044639638,0.06061724044639227
valor_aprovado,nominal,holt_winters,baseline,2022-07,2,2022-08-01,323453719.42,314416168.15555036,9037551.264449656,2.7940786337703307,-2.794078633770336
valor_aprovado,nominal,holt_winters,baseline,2022-07,3,2022-09-01,311819626.42,306454501.604066,5365124.815934002,1.7205859931047254,-1.7205859931047285
valor_aprovado,nominal,holt_winters,baseline,2022-07,4,2022-10-01,312427063.88,313829207.19885004,-1402143.3188500404,0.44879060777800905,0.4487906077780046
valor_aprovado,nominal,holt_winters,baseline,2022-07,5,2022-11-01,312285235.81,308075552.70714384,4209683.102856159,1.348025016916716,-1.3480250169167207
valor_aprovado,nominal,holt_winters,baseline,2022-07,6,2022-12-01,324955128.46,315604442.6501288,9350685.809871197,2.877531385390094,-2.8775313853900975
valor_aprovado,nominal,holt_winters,baseline,2022-07,7,2023-01-01,318310548.87,317017506.01979697,1293042.8502030373,0.40622054619092246,-0.4062205461909274
valor_aprovado,nominal,holt_winters,baseline,2022-07,8,2023-02-01,294899969.04,299763932.5273933,-4863963.48739326,1.649360460507039,1.6493604605070322
valor_aprovado,nominal,holt_winters,baseline,2022-07,9,2023-03-01,333190074.83000004,321927984.5504322,11262090.279567838,3.380079759372776,-3.3800797593727783
valor_aprovado,nominal,holt_winters,baseline,2022-07,10,2023-04-01,308241204.10999995,311998497.139194,-3757293.029194057,1.2189457408988116,1.2189457408988025
valor_aprovado,nominal,holt_winters,baseline,2022-07,11,2023-05-01,334325813.13,323211471.61185014,11114341.518149853,3.3244042433026637,-3.324404243302659
valor_aprovado,nominal,holt_winters,baseline,2022-07,12,2023-06-01,322098718.82,314533975.20931447,7564743.610685527,2.3485792301188786,-2.3485792301188746
valor_aprovado,nominal,holt_winters,baseline,2022-08,1,2022-08-01,323453719.42,314060912.24520105,9392807.174798965,2.9039107021683495,-2.903910702168344
valor_aprovado,nominal,holt_winters,baseline,2022-08,2,2022-09-01,311819626.42,307574680.40480536,4244946.015194654,1.3613466425865697,-1.3613466425865695
valor_aprovado,nominal,holt_winters,baseline,2022-08,3,2022-10-01,312427063.88,314347490.95960283,-1920427.0796028376,0.6146801291006126,0.6146801291006199
valor_aprovado,nominal,holt_winters,baseline,2022-08,4,2022-11-01,312285235.81,309319381.3117136,2965854.498286426,0.9497261343763641,-0.9497261343763608
valor_aprovado,nominal,holt_winters,baseline,2022-08,5,2022-12-01,324955128.46,318202282.01164913,6752846.448350847,2.0780858207572748,-2.0780858207572694
valor_aprovado,nominal,holt_winters,baseline,2022-08,6,2023-01-01,318310548.87,318001096.62467444,309452.24532556534,0.09721708765987129,-0.09721708765987325
valor_aprovado,nominal,holt_winters,baseline,2022-08,7,2023-02-01,294899969.04,302108487.10260445,-7208518.062604427,2.4443943097283505,2.4443943097283594
valor_aprovado,nominal,holt_winters,baseline,2022-08,8,2023-03-01,333190074.83000004,324303061.7701415,8887013.05985856,2.667250236788381,-2.6672502367883766
valor_aprovado,nominal,holt_winters,baseline,2022-08,9,2023-04-01,308241204.10999995,315599679.6211027,-7358475.511102736,2.3872459012574994,2.3872459012574954
valor_aprovado,nominal,holt_winters,baseline,2022-08,10,2023-05-01,334325813.13,323947138.49385554,10378674.63614446,3.104359349036801,-3.1043593490368004
valor_aprovado,nominal,holt_winters,baseline,2022-08,11,2023-06-01,322098718.82,318477308.1688904,3621410.651109576,1.1243169995759428,-1.1243169995759472
valor_aprovado,nominal,holt_winters,baseline,2022-08,12,2023-07-01,343307909.95,324162957.6177102,19144952.332289815,5.576612649291454,-5.576612649291457
valor_aprovado,nominal,holt_winters,baseline,2022-09,1,2022-09-01,311819626.42,311188711.7249153,630914.695084691,0.20233322139732524,-0.20233322139732168
valor_aprovado,nominal,holt_winters,baseline,2022-09,2,2022-10-01,312427063.88,318735364.4463818,-6308300.566381812,2.019127436669432,2.0191274366694323
valor_aprovado,nominal,holt_winters,baseline,2022-09,3,2022-11-01,312285235.81,313274975.2905109,-989739.4805108905,0.31693444550579586,0.31693444550580097
valor_aprovado,nominal,holt_winters,baseline,2022-09,4,2022-12-01,324955128.46,320947294.0596554,4007834.4003445506,1.2333500995470184,-1.2333500995470148
valor_aprovado,nominal,holt_winters,baseline,2022-09,5,2023-01-01,318310548.87,322605503.4062796,-4294954.536279619,1.3492969527798164,1.3492969527798104
valor_aprovado,nominal,holt_winters,baseline,2022-09,6,2023-02-01,294899969.04,305652723.2358204,-10752754.195820391,3.6462378178011594,3.6462378178011567
valor_aprovado,nominal,holt_winters,baseline,2022-09,7,2023-03-01,333190074.83000004,328024638.53612316,5165436.293876886,1.5502971679190596,-1.550297167919057
valor_aprovado,nominal,holt_winters,baseline,2022-09,8,2023-04-01,308241204.10999995,318242858.5323671,-10001654.422367156,3.2447493355878314,3.2447493355878265
valor_aprovado,nominal,holt_winters,baseline,2022-09,9,2023-05-01,334325813.13,329974705.77773243,4351107.352267563,1.3014571957612107,-1.301457195761213
valor_aprovado,nominal,holt_winters,baseline,2022-09,10,2023-06-01,322098718.82,321259830.47392833,838888.3460716605,0.2604444839597331,-0.26044448395973196
valor_aprovado,nominal,holt_winters,baseline,2022-09,11,2023-07-01,343307909.95,327124436.30059594,16183473.649404049,4.713982165969039,-4.713982165969044
valor_aprovado,nominal,holt_winters,baseline,2022-09,12,2023-08-01,357700323.2,332934417.28507507,24765905.91492492,6.9236465020127,-6.923646502012703
valor_aprovado,nominal,holt_winters,baseline,2022-10,1,2022-10-01,312427063.88,319080362.46199995,-6653298.581999958,2.1295525744067487,2.1295525744067456
valor_aprovado,nominal,holt_winters,baseline,2022-10,2,2022-11-01,312285235.81,313640047.6329637,-1354811.8229637146,0.43383793647804936,0.43383793647804314
valor_aprovado,nominal,holt_winters,baseline,2022-10,3,2022-12-01,324955128.46,321332439.99456674,3622688.46543324,1.114827294033358,-1.1148272940333603
valor_aprovado,nominal,holt_winters,baseline,2022-10,4,2023-01-01,318310548.87,323010722.99987745,-4700174.129877448,1.476600177582248,1.4766001775822435
valor_aprovado,nominal,holt_winters,baseline,2022-10,5,2023-02-01,294899969.04,306078016.4892784,-11178047.449278355,3.7904539243143063,3.7904539243142965
valor_aprovado,nominal,holt_winters,baseline,2022-10,6,2023-03-01,333190074.83000004,328470005.3216066,4720069.5083934665,1.416629685263505,-1.416629685263504
valor_aprovado,nominal,holt_winters,baseline,2022-10,7,2023-04-01,308241204.10999995,318708299.103196,-10467094.99319607,3.395748152301127,3.3957481523011257
valor_aprovado,nominal,holt_winters,baseline,2022-10,8,2023-05-01,334325813.13,330460219.43848175,3865593.691518247,1.1562354863742277,-1.1562354863742241
valor_aprovado,nominal,holt_winters,baseline,2022-10,9,2023-06-01,322098718.82,321765418.2985739,333300.52142608166,0.1034777544745037,-0.10347775447450136
valor_aprovado,nominal,holt_winters,baseline,2022-10,10,2023-07-01,343307909.95,327650097.9818304,15657811.96816957,4.560865483830537,-4.5608654838305345
valor_aprovado,nominal,holt_winters,baseline,2022-10,11,2023-08-01,357700323.2,333480152.23906165,24220170.960938334,6.77107885848797,-6.771078858487966
valor_aprovado,nominal,holt_winters,baseline,2022-10,12,2023-09-01,363197338.78,325663593.724349,37533745.05565095,10.334256628016297,-10.334256628016291
valor_aprovado,nominal,holt_winters,baseline,2022-11,1,2022-11-01,312285235.81,310072011.2954961,2213224.5145038962,0.7087189084566464,-0.7087189084566514
valor_aprovado,nominal,holt_winters,baseline,2022-11,2,2022-12-01,324955128.46,317578925.7984417,7376202.66155827,2.269914217545958,-2.269914217545954
valor_aprovado,nominal,holt_winters,baseline,2022-11,3,2023-01-01,318310548.87,319071728.2234721,-761179.3534721136,0.23913104864865284,0.2391310486486553
valor_aprovado,nominal,holt_winters,baseline,2022-11,4,2023-02-01,294899969.04,301953544.35038644,-7053575.310386419,2.3918535269258294,2.3918535269258356
valor_aprovado,nominal,holt_winters,baseline,2022-11,5,2023-03-01,333190074.83000004,324160053.5662733,9030021.26372677,2.7101711443037613,-2.7101711443037635
valor_aprovado,nominal,holt_winters,baseline,2022-11,6,2023-04-01,308241204.10999995,314212869.5656854,-5971665.455685437,1.937335234894284,1.9373352348942774
valor_aprovado,nominal,holt_winters,baseline,2022-11,7,2023-05-01,334325813.13,325779312.71505475,8546500.414945245,2.5563387807037214,-2.5563387807037263
valor_aprovado,nominal,holt_winters,baseline,2022-11,8,2023-06-01,322098718.82,316899032.2633335,5199686.556666493,1.6143145727854507,-1.6143145727854469
valor_aprovado,nominal,holt_winters,baseline,2022-11,9,2023-07-01,343307909.95,322598234.60658854,20709675.343411446,6.032390965424491,-6.0323909654244945
valor_aprovado,nominal,holt_winters,baseline,2022-11,10,2023-08-01,357700323.2,328242808.0779604,29457515.122039616,8.23524979192404,-8.235249791924037
valor_aprovado,nominal,holt_winters,baseline,2022-11,11,2023-09-01,363197338.78,320240768.3242153,42956570.45578468,11.827336235468627,-11.827336235468621
valor_aprovado,nominal,holt_winters,baseline,2022-11,12,2023-10-01,364863029.1,327622019.53653055,37241009.56346947,10.206846567965815,-10.206846567965822
valor_aprovado,nominal,holt_winters,baseline,2022-12,1,2022-12-01,324955128.46,319398920.63879496,5556207.82120502,1.7098384775573578,-1.7098384775573572
valor_aprovado,nominal,holt_winters,baseline,2022-12,2,2023-01-01,318310548.87,321246935.5606872,-2936386.6906871796,0.9224911650309201,0.9224911650309142
valor_aprovado,nominal,holt_winters,baseline,2022-12,3,2023-02-01,294899969.04,304483008.9451296,-9583039.905129552,3.2495900004078044,3.2495900004078093
valor_aprovado,nominal,holt_winters,baseline,2022-12,4,2023-03-01,333190074.83000004,327045377.0008413,6144697.829158723,1.8442019415776012,-1.8442019415776056
valor_aprovado,nominal,holt_winters,baseline,2022-12,5,2023-04-01,308241204.10999995,317455268.471533,-9214064.361533046,2.9892383752319125,2.9892383752319063
valor_aprovado,nominal,holt_winters,baseline,2022-12,6,2023-05-01,334325813.13,329371878.10282725,4953935.027172744,1.4817686318604557,-1.4817686318604584
valor_aprovado,nominal,holt_winters,baseline,2022-12,7,2023-06-01,322098718.82,320852714.8077651,1246004.0122348666,0.3868391705498143,-0.3868391705498131
valor_aprovado,nominal,holt_winters,baseline,2022-12,8,2023-07-01,343307909.95,326907199.3305504,16400710.619449615,4.777259755488374,-4.777259755488372
valor_aprovado,nominal,holt_winters,baseline,2022-12,9,2023-08-01,357700323.2,332903888.1025186,24796435.09748137,6.932181351040326,-6.932181351040323
valor_aprovado,nominal,holt_winters,baseline,2022-12,10,2023-09-01,363197338.78,325258469.8693176,37938868.91068238,10.445800356941257,-10.445800356941259
valor_aprovado,nominal,holt_winters,baseline,2022-12,11,2023-10-01,364863029.1,332995570.33715993,31867458.762840092,8.734088197822313,-8.73408819782231
valor_aprovado,nominal,holt_winters,baseline,2022-12,12,2023-11-01,365199231.95,327724837.90607005,37474394.043929935,10.261356203799634,-10.261356203799632
valor_aprovado,nominal,holt_winters,baseline,2023-01,1,2023-01-01,318310548.87,323577265.7332902,-5266716.863290191,1.6545844559619514,1.6545844559619605
valor_aprovado,nominal,holt_winters,baseline,2023-01,2,2023-02-01,294899969.04,306682011.8878899,-11782042.8478899,3.9952675770853654,3.9952675770853707
valor_aprovado,nominal,holt_winters,baseline,2023-01,3,2023-03-01,333190074.83000004,329111452.4562335,4078622.3737665415,1.2241128058353878,-1.2241128058353867
valor_aprovado,nominal,holt_winters,baseline,2023-01,4,2023-04-01,308241204.10999995,319387197.7997257,-11145993.689725757,3.6159973232352676,3.615997323235276
valor_aprovado,nominal,holt_winters,baseline,2023-01,5,2023-05-01,334325813.13,331176569.8693932,3149243.2606067657,0.9419683245882684,-0.9419683245882715
valor_aprovado,nominal,holt_winters,baseline,2023-01,6,2023-06-01,322098718.82,322519219.319121,-420500.4991210103,0.13055019301582527,0.1305501930158215
valor_aprovado,nominal,holt_winters,baseline,2023-01,7,2023-07-01,343307909.95,328441349.9164449,14866560.03355509,4.330386688649348,-4.330386688649346
valor_aprovado,nominal,holt_winters,baseline,2023-01,8,2023-08-01,357700323.2,334308856.8288814,23391466.371118605,6.5394031970275295,-6.539403197027527
valor_aprovado,nominal,holt_winters,baseline,2023-01,9,2023-09-01,363197338.78,326529748.600964,36667590.17903596,10.095776115046556,-10.095776115046561
valor_aprovado,nominal,holt_winters,baseline,2023-01,10,2023-10-01,364863029.1,334133927.11385745,30729101.986142576,8.42209254852195,-8.422092548521952
valor_aprovado,nominal,holt_winters,baseline,2023-01,11,2023-11-01,365199231.95,328731062.22580916,36468169.72419083,9.985828702176391,-9.985828702176391
valor_aprovado,nominal,holt_winters,baseline,2023-01,12,2023-12-01,374983123.17,336460905.206692,38522217.96330804,10.273053794435395,-10.273053794435395
valor_aprovado,nominal,holt_winters,baseline,2023-02,1,2023-02-01,294899969.04,303905013.05295587,-9005044.012955844,3.0535927291787566,3.0535927291787557
valor_aprovado,nominal,holt_winters,baseline,2023-02,2,2023-03-01,333190074.83000004,326195658.31013197,6994416.519868076,2.099227152380443,-2.099227152380445
valor_aprovado,nominal,holt_winters,baseline,2023-02,3,2023-04-01,308241204.10999995,316332608.0050769,-8091403.8950769305,2.6250234515011193,2.6250234515011295
valor_aprovado,nominal,holt_winters,baseline,2023-02,4,2023-05-01,334325813.13,327983185.5823714,6342627.5476285815,1.897139645978308,-1.8971396459783074
valor_aprovado,nominal,holt_winters,baseline,2023-02,5,2023-06-01,322098718.82,319187039.37532324,2911679.444676757,0.903971135105292,-0.903971135105297
valor_aprovado,nominal,holt_winters,baseline,2023-02,6,2023-07-01,343307909.95,324970374.65417516,18337535.295824826,5.3414252233499475,-5.341425223349949
valor_aprovado,nominal,holt_winters,baseline,2023-02,7,2023-08-01,357700323.2,330699086.07852054,27001237.12147945,7.5485638033327485,-7.548563803332753
valor_aprovado,nominal,holt_winters,baseline,2023-02,8,2023-09-01,363197338.78,322781182.8695116,40416155.91048837,11.12787776646395,-11.127877766463945
valor_aprovado,nominal,holt_winters,baseline,2023-02,9,2023-10-01,364863029.1,330246566.2321544,34616462.867845595,9.487522743324611,-9.487522743324606
valor_aprovado,nominal,holt_winters,baseline,2023-02,10,2023-11-01,365199231.95,324704905.85380316,40494326.09619683,11.088283477480307,-11.08828347748031
valor_aprovado,nominal,holt_winters,baseline,2023-02,11,2023-12-01,374983123.17,332295954.20960104,42687168.96039897,11.383757380741262,-11.383757380741265
valor_aprovado,nominal,holt_winters,baseline,2023-02,12,2024-01-01,375847712.94,333872893.38653344,41974819.55346656,11.168039104222881,-11.168039104222881
valor_aprovado,nominal,holt_winters,baseline,2023-03,1,2023-03-01,333190074.83000004,321470672.2587794,11719402.571220636,3.5173324347071566,-3.5173324347071544
valor_aprovado,nominal,holt_winters,baseline,2023-03,2,2023-04-01,308241204.10999995,311413993.5537711,-3172789.443771124,1.029320350902494,1.029320350902485
valor_aprovado,nominal,holt_winters,baseline,2023-03,3,2023-05-01,334325813.13,322870943.21562296,11454869.914377034,3.4262594943343174,-3.426259494334316
valor_aprovado,nominal,holt_winters,baseline,2023-03,4,2023-06-01,322098718.82,313881174.55419487,8217544.265805125,2.5512502179176244,-2.551250217917622
valor_aprovado,nominal,holt_winters,baseline,2023-03,5,2023-07-01,343307909.95,319470904.6573672,23837005.29263276,6.943331220100471,-6.943331220100468
valor_aprovado,nominal,holt_winters,baseline,2023-03,6,2023-08-01,357700323.2,325005958.7244512,32694364.475548804,9.140155139661,-9.140155139661
valor_aprovado,nominal,holt_winters,baseline,2023-03,7,2023-09-01,363197338.78,316894415.507116,46302923.27288395,12.748695634284669,-12.748695634284669
valor_aprovado,nominal,holt_winters,baseline,2023-03,8,2023-10-01,364863029.1,324166188.51478565,40696840.58521438,11.154005020897957,-11.154005020897962
valor_aprovado,nominal,holt_winters,baseline,2023-03,9,2023-11-01,365199231.95,318430893.86079407,46768338.08920592,12.80625313462024,-12.806253134620238
valor_aprovado,nominal,holt_winters,baseline,2023-03,10,2023-12-01,374983123.17,325828320.1830051,49154802.98699492,13.10853741135182,-13.108537411351817
valor_aprovado,nominal,holt_winters,baseline,2023-03,11,2024-01-01,375847712.94,327211613.2002178,48636099.739782214,12.940374003964322,-12.940374003964328
valor_aprovado,nominal,holt_winters,baseline,2023-03,12,2024-02-01,356304841.58,309983946.42128897,46320895.158711016,13.000355244488231,-13.000355244488237
valor_aprovado,nominal,holt_winters,baseline,2023-04,1,2023-04-01,308241204.10999995,317894103.74586236,-9652899.63586241,3.1316058681167247,3.131605868116716
valor_aprovado,nominal,holt_winters,baseline,2023-04,2,2023-05-01,334325813.13,329822308.388406,4503504.741594017,1.3470406904664773,-1.3470406904664722
valor_aprovado,nominal,holt_winters,baseline,2023-04,3,2023-06-01,322098718.82,321314740.49784315,783978.3221568465,0.24339690795074567,-0.24339690795074365
valor_aprovado,nominal,holt_winters,baseline,2023-04,4,2023-07-01,343307909.95,327380819.97007793,15927089.979922056,4.63930178079547,-4.639301780795469
valor_aprovado,nominal,holt_winters,baseline,2023-04,5,2023-08-01,357700323.2,333389104.0339189,24311219.16608107,6.796532625017508,-6.7965326250175035
valor_aprovado,nominal,holt_winters,baseline,2023-04,6,2023-09-01,363197338.78,325755280.9442229,37442057.835777044,10.309012164446743,-10.30901216444674
valor_aprovado,nominal,holt_winters,baseline,2023-04,7,2023-10-01,364863029.1,333503976.57079434,31359052.52920568,8.594746529007995,-8.59474652900799
valor_aprovado,nominal,holt_winters,baseline,2023-04,8,2023-11-01,365199231.95,328244979.36368847,36954252.58631152,10.11892943722592,-10.11892943722592
valor_aprovado,nominal,holt_winters,baseline,2023-04,9,2023-12-01,374983123.17,336121013.7410078,38862109.42899221,10.363695597941332,-10.363695597941335
valor_aprovado,nominal,holt_winters,baseline,2023-04,10,2024-01-01,375847712.94,337979509.76710445,37868203.17289555,10.075411361872726,-10.075411361872721
valor_aprovado,nominal,holt_winters,baseline,2023-04,11,2024-02-01,356304841.58,321226773.05134624,35078068.52865374,9.844959830773945,-9.844959830773947
valor_aprovado,nominal,holt_winters,baseline,2023-04,12,2024-03-01,370113558.41,343801699.8333531,26311858.576646924,7.109131232501211,-7.109131232501209
valor_aprovado,nominal,holt_winters,baseline,2023-05,1,2023-05-01,334325813.13,323914216.7152283,10411596.414771676,3.1142065631418077,-3.114206563141808
valor_aprovado,nominal,holt_winters,baseline,2023-05,2,2023-06-01,322098718.82,314729951.2666468,7368767.55335319,2.287735753916834,-2.287735753916831
valor_aprovado,nominal,holt_winters,baseline,2023-05,3,2023-07-01,343307909.95,320119370.00590765,23188539.944092333,6.7544438307493575,-6.7544438307493575
valor_aprovado,nominal,holt_winters,baseline,2023-05,4,2023-08-01,357700323.2,325451010.62896925,32249312.571030736,9.0157348146983,-9.015734814698295
valor_aprovado,nominal,holt_winters,baseline,2023-05,5,2023-09-01,363197338.78,317140515.7092147,46056823.070785284,12.680936271585225,-12.68093627158522
valor_aprovado,nominal,holt_winters,baseline,2023-05,6,2023-10-01,364863029.1,324212536.9162823,40650492.18371773,11.141302061759847,-11.14130206175985
valor_aprovado,nominal,holt_winters,baseline,2023-05,7,2023-11-01,365199231.95,318276867.95700437,46922363.99299562,12.848428991060922,-12.848428991060922
valor_aprovado,nominal,holt_winters,baseline,2023-05,8,2023-12-01,374983123.17,325476229.6562003,49506893.51379973,13.202432444234455,-13.202432444234457
valor_aprovado,nominal,holt_winters,baseline,2023-05,9,2024-01-01,375847712.94,326658074.73691154,49189638.20308846,13.087651330458156,-13.087651330458161
valor_aprovado,nominal,holt_winters,baseline,2023-05,10,2024-02-01,356304841.58,309228682.9237081,47076158.6562919,13.212326402172126,-13.212326402172126
valor_aprovado,nominal,holt_winters,baseline,2023-05,11,2024-03-01,370113558.41,331128002.86441797,38985555.545582056,10.533403778306088,-10.533403778306095
valor_aprovado,nominal,holt_winters,baseline,2023-05,12,2024-04-01,373850328.77,320871623.4993373,52978705.270662665,14.17110035584754,-14.171100355847543
valor_aprovado,nominal,holt_winters,baseline,2023-06,1,2023-06-01,322098718.82,320941082.88795346,1157635.9320465326,0.35940407844138617,-0.3594040784413832
valor_aprovado,nominal,holt_winters,baseline,2023-06,2,2023-07-01,343307909.95,327000861.03239167,16307048.91760832,4.749977627950171,-4.749977627950175
valor_aprovado,nominal,holt_winters,baseline,2023-06,3,2023-08-01,357700323.2,333002843.6508416,24697479.549158394,6.904516978965479,-6.90451697896548
valor_aprovado,nominal,holt_winters,baseline,2023-06,4,2023-09-01,363197338.78,325362719.47411937,37834619.305880606,10.41709706160546,-10.417097061605462
valor_aprovado,nominal,holt_winters,baseline,2023-06,5,2023-10-01,364863029.1,333105113.8961749,31757915.203825116,8.704064997257108,-8.70406499725711
valor_aprovado,nominal,holt_winters,baseline,2023-06,6,2023-11-01,365199231.95,327839815.2381694,37359416.711830616,10.229872749827019,-10.229872749827019
valor_aprovado,nominal,holt_winters,baseline,2023-06,7,2023-12-01,374983123.17,335709548.7805068,39273574.38949323,10.473424525745497,-10.4734245257455
valor_aprovado,nominal,holt_winters,baseline,2023-06,8,2024-01-01,375847712.94,337561743.35572636,38285969.58427364,10.1865644691007,-10.1865644691007
valor_aprovado,nominal,holt_winters,baseline,2023-06,9,2024-02-01,356304841.58,320802704.6901556,35502136.88984436,9.963978241893516,-9.963978241893512
valor_aprovado,nominal,holt_winters,baseline,2023-06,10,2024-03-01,370113558.41,343372398.1266705,26741160.283329546,7.225123121187184,-7.225123121187183
valor_aprovado,nominal,holt_winters,baseline,2023-06,11,2024-04-01,373850328.77,333785549.9631808,40064778.8068192,10.716796462005476,-10.716796462005473
valor_aprovado,nominal,holt_winters,baseline,2023-06,12,2024-05-01,387596104.3,345708419.1557221,41887685.14427793,10.807044931456998,-10.807044931457
valor_aprovado,nominal,holt_winters,baseline,2023-07,1,2023-07-01,343307909.95,327551902.2718395,15756007.678160489,4.5894682940615095,-4.589468294061505
valor_aprovado,nominal,holt_winters,baseline,2023-07,2,2023-08-01,357700323.2,333567038.86274004,24133284.33725995,6.746788518769767,-6.746788518769764
valor_aprovado,nominal,holt_winters,baseline,2023-07,3,2023-09-01,363197338.78,325940068.6584681,37257270.121531844,10.2581341170288,-10.258134117028794
valor_aprovado,nominal,holt_winters,baseline,2023-07,4,2023-10-01,364863029.1,333695617.0529739,31167412.047026098,8.542222577032838,-8.542222577032843
valor_aprovado,nominal,holt_winters,baseline,2023-07,5,2023-11-01,365199231.95,328443472.36741894,36755759.58258104,10.064577459903676,-10.064577459903678
valor_aprovado,nominal,holt_winters,baseline,2023-07,6,2023-12-01,374983123.17,336326359.8822066,38656763.2877934,10.308934162423148,-10.308934162423144
valor_aprovado,nominal,holt_winters,baseline,2023-07,7,2024-01-01,375847712.94,338191708.4298766,37656004.51012337,10.018952680479593,-10.018952680479586
valor_aprovado,nominal,holt_winters,baseline,2023-07,8,2024-02-01,356304841.58,321445823.7367567,34859017.8432433,9.783481383150534,-9.783481383150539
valor_aprovado,nominal,holt_winters,baseline,2023-07,9,2024-03-01,370113558.41,344028671.145722,26084887.264278054,7.047806456034245,-7.047806456034245
valor_aprovado,nominal,holt_winters,baseline,2023-07,10,2024-04-01,373850328.77,334454976.95468265,39395351.81531733,10.537733628570411,-10.537733628570411
valor_aprovado,nominal,holt_winters,baseline,2023-07,11,2024-05-01,387596104.3,346391909.95357734,41204194.34642267,10.630703943951552,-10.630703943951547
valor_aprovado,nominal,holt_winters,baseline,2023-07,12,2024-06-01,360982328.25,337890284.6387297,23092043.61127031,6.397001128342716,-6.397001128342716
valor_aprovado,nominal,holt_winters,baseline,2023-08,1,2023-08-01,357700323.2,341066987.5384188,16633335.661581159,4.650075659082089,-4.650075659082087
valor_aprovado,nominal,holt_winters,baseline,2023-08,2,2023-09-01,363197338.78,333619049.2980931,29578289.48190689,8.14386184140611,-8.143861841406109
valor_aprovado,nominal,holt_winters,baseline,2023-08,3,2023-10-01,364863029.1,341553629.6468884,23309399.45311165,6.388534215321419,-6.3885342153214175
valor_aprovado,nominal,holt_winters,baseline,2023-08,4,2023-11-01,365199231.95,336480517.3362494,28718714.613750577,7.863848579419384,-7.863848579419386
valor_aprovado,nominal,holt_winters,baseline,2023-08,5,2023-12-01,374983123.17,344542436.59505564,30440686.574944377,8.117881764279822,-8.117881764279822
valor_aprovado,nominal,holt_winters,baseline,2023-08,6,2024-01-01,375847712.94,346586817.30732846,29260895.632671535,7.785306289024224,-7.78530628902423
valor_aprovado,nominal,holt_winters,baseline,2023-08,7,2024-02-01,356304841.58,330019965.42027587,26284876.159724116,7.377075215471765,-7.377075215471763
valor_aprovado,nominal,holt_winters,baseline,2023-08,8,2024-03-01,370113558.41,352781844.9740681,17331713.43593192,4.68280965182378,-4.682809651823783
valor_aprovado,nominal,holt_winters,baseline,2023-08,9,2024-04-01,373850328.77,343387182.94782597,30463145.822174013,8.148487102418876,-8.148487102418878
valor_aprovado,nominal,holt_winters,baseline,2023-08,10,2024-05-01,387596104.3,355503147.7099444,32092956.590055585,8.279999781735572,-8.279999781735569
valor_aprovado,nominal,holt_winters,baseline,2023-08,11,2024-06-01,360982328.25,347180670.1033478,13801658.146652222,3.8233611638445133,-3.8233611638445186
valor_aprovado,nominal,holt_winters,baseline,2023-08,12,2024-07-01,390560593.67,353432519.4527172,37128074.21728283,9.50635440928631,-9.50635440928631
valor_aprovado,nominal,holt_winters,baseline,2023-09,1,2023-09-01,363197338.78,342755308.5463689,20442030.233631074,5.628353528772262,-5.628353528772257
valor_aprovado,nominal,holt_winters,baseline,2023-09,2,2023-10-01,364863029.1,351308801.64921945,13554227.45078057,3.7148810292493866,-3.714881029249384
valor_aprovado,nominal,holt_winters,baseline,2023-09,3,2023-11-01,365199231.95,346855251.2969006,18343980.653099418,5.0230063615278695,-5.023006361527871
valor_aprovado,nominal,holt_winters,baseline,2023-09,4,2023-12-01,374983123.17,355534410.46263874,19448712.70736128,5.186556808996476,-5.186556808996478
valor_aprovado,nominal,holt_winters,baseline,2023-09,5,2024-01-01,375847712.94,358199460.95942783,17648251.980572164,4.695585837817648,-4.695585837817651
valor_aprovado,nominal,holt_winters,baseline,2023-09,6,2024-02-01,356304841.58,342253519.36043864,14051322.219561338,3.9436237120023643,-3.9436237120023643
valor_aprovado,nominal,holt_winters,baseline,2023-09,7,2024-03-01,370113558.41,365632274.7245426,4481283.685457408,1.2107861448548136,-1.210786144854814
valor_aprovado,nominal,holt_winters,baseline,2023-09,8,2024-04-01,373850328.77,356857333.96633637,16992994.80366361,4.545400524207652,-4.545400524207654
valor_aprovado,nominal,holt_winters,baseline,2023-09,9,2024-05-01,387596104.3,369596021.9856921,18000082.314307928,4.644030761561998,-4.644030761562002
valor_aprovado,nominal,holt_winters,baseline,2023-09,10,2024-06-01,360982328.25,361887986.14823556,-905657.8982355595,0.2508870455310327,0.25088704553102303
valor_aprovado,nominal,holt_winters,baseline,2023-09,11,2024-07-01,390560593.67,368759431.9438918,21801161.726108193,5.582017766116172,-5.582017766116176
valor_aprovado,nominal,holt_winters,baseline,2023-09,12,2024-08-01,391118763.67,375576252.9776765,15542510.692323506,3.97385963958437,-3.973859639584365
valor_aprovado,nominal,holt_winters,baseline,2023-10,1,2023-10-01,364863029.1,364160471.14924514,702557.9507548809,0.1925538886436003,-0.19255388864359846
valor_aprovado,nominal,holt_winters,baseline,2023-10,2,2023-11-01,365199231.95,360937902.17077047,4261329.779229522,1.1668506958450962,-1.1668506958451008
valor_aprovado,nominal,holt_winters,baseline,2023-10,3,2023-12-01,374983123.17,370848042.2787102,4135080.89128983,1.1027378662626306,-1.1027378662626264
valor_aprovado,nominal,holt_winters,baseline,2023-10,4,2024-01-01,375847712.94,374744072.86401325,1103640.075986743,0.29364022661032585,-0.2936402266103255
valor_aprovado,nominal,holt_winters,baseline,2023-10,5,2024-02-01,356304841.58,360029113.4140319,-3724271.8340319395,1.0452487306984126,1.0452487306984226
valor_aprovado,nominal,holt_winters,baseline,2023-10,6,2024-03-01,370113558.41,384638850.6626416,-14525292.252641559,3.924550161048383,3.924550161048379
valor_aprovado,nominal,holt_winters,baseline,2023-10,7,2024-04-01,373850328.77,377094891.22549295,-3244562.4554929733,0.8678773845586456,0.8678773845586463
valor_aprovado,nominal,holt_winters,baseline,2023-10,8,2024-05-01,387596104.3,391064560.6133465,-3468456.313346505,0.8948635641244512,0.8948635641244485
valor_aprovado,nominal,holt_winters,baseline,2023-10,9,2024-06-01,360982328.25,384587506.6948397,-23605178.444839716,6.5391507000563855,6.539150700056395
valor_aprovado,nominal,holt_winters,baseline,2023-10,10,2024-07-01,390560593.67,392689933.4269418,-2129339.7569417953,0.5452008706083027,0.5452008706082978
valor_aprovado,nominal,holt_winters,baseline,2023-10,11,2024-08-01,391118763.67,400737735.7822866,-9618972.112286568,2.459348158607501,2.4593481586075105
valor_aprovado,nominal,holt_winters,baseline,2023-10,12,2024-09-01,366497269.12,395138923.70044434,-28641654.580444336,7.814970804343529,7.814970804343524
valor_aprovado,nominal,holt_winters,baseline,2023-11,1,2023-11-01,365199231.95,361409578.4697463,3789653.4802536964,1.0376948111360058,-1.037694811136003
valor_aprovado,nominal,holt_winters,baseline,2023-11,2,2023-12-01,374983123.17,371374825.1850591,3608297.984940946,0.9622561022046613,-0.9622561022046616
valor_aprovado,nominal,holt_winters,baseline,2023-11,3,2024-01-01,375847712.94,375325962.37831205,521750.5616879463,0.13881967183108498,-0.1388196718310808
valor_aprovado,nominal,holt_winters,baseline,2023-11,4,2024-02-01,356304841.58,360666110.0411087,-4361268.461108744,1.2240272800585907,1.2240272800585927
valor_aprovado,nominal,holt_winters,baseline,2023-11,5,2024-03-01,370113558.41,385330965.0671492,-15217406.657149196,4.111550715008348,4.11155071500835
valor_aprovado,nominal,holt_winters,baseline,2023-11,6,2024-04-01,373850328.77,377842112.6967201,-3991783.9267201424,1.0677492085812679,1.067749208581259
valor_aprovado,nominal,holt_winters,baseline,2023-11,7,2024-05-01,387596104.3,391866830.2686121,-4270725.968612075,1.1018495596917883,1.101849559691792
valor_aprovado,nominal,holt_winters,baseline,2023-11,8,2024-06-01,360982328.25,385444953.2203639,-24462624.970363915,6.7766821409114,6.776682140911405
valor_aprovado,nominal,holt_winters,baseline,2023-11,9,2024-07-01,390560593.67,393602474.0490955,-3041880.3790954947,0.7788497939619835,0.7788497939619887
valor_aprovado,nominal,holt_winters,baseline,2023-11,10,2024-08-01,391118763.67,401705394.8923474,-10586631.222347379,2.7067561584132216,2.706756158413226
valor_aprovado,nominal,holt_winters,baseline,2023-11,11,2024-09-01,366497269.12,396161678.77359295,-29664409.653592944,8.094032930946643,8.094032930946637
valor_aprovado,nominal,holt_winters,baseline,2023-11,12,2024-10-01,396093556.14,406001260.28396785,-9907704.143967867,2.5013545386903417,2.501354538690337
valor_aprovado,nominal,holt_winters,baseline,2023-12,1,2023-12-01,374983123.17,373894008.65830374,1089114.511696279,0.29044360783205836,-0.29044360783205825
valor_aprovado,nominal,holt_winters,baseline,2023-12,2,2024-01-01,375847712.94,378180473.0413328,-2332760.1013327837,0.6206663020735698,0.6206663020735803
valor_aprovado,nominal,holt_winters,baseline,2023-12,3,2024-02-01,356304841.58,363855947.9030413,-7551106.32304132,2.1192825473705765,2.119282547370571
valor_aprovado,nominal,holt_winters,baseline,2023-12,4,2024-03-01,370113558.41,388856118.83497345,-18742560.42497343,5.064002655155642,5.064002655155653
valor_aprovado,nominal,holt_winters,baseline,2023-12,5,2024-04-01,373850328.77,381702593.66026044,-7852264.890260458,2.10037661758787,2.1003766175878624
valor_aprovado,nominal,holt_winters,baseline,2023-12,6,2024-05-01,387596104.3,396062694.8884072,-8466590.588407159,2.184384851777046,2.1843848517770548
valor_aprovado,nominal,holt_winters,baseline,2023-12,7,2024-06-01,360982328.25,389976076.2105427,-28993747.96054268,8.031902309761525,8.031902309761518
valor_aprovado,nominal,holt_winters,baseline,2023-12,8,2024-07-01,390560593.67,398468936.33872116,-7908342.668721139,2.024869584104332,2.0248695841043274
valor_aprovado,nominal,holt_winters,baseline,2023-12,9,2024-08-01,391118763.67,406907173.35044783,-15788409.680447817,4.036730309816848,4.036730309816838
valor_aprovado,nominal,holt_winters,baseline,2023-12,10,2024-09-01,366497269.12,401698795.1796999,-35201526.05969989,9.604853576186967,9.604853576186967
valor_aprovado,nominal,holt_winters,baseline,2023-12,11,2024-10-01,396093556.14,411873703.88503635,-15780147.745036364,3.983944575826132,3.983944575826137
valor_aprovado,nominal,holt_winters,baseline,2023-12,12,2024-11-01,383252079.78,409041568.2966135,-25789488.516613543,6.7291189995414005,6.729118999541406
valor_aprovado,nominal,holt_winters,baseline,2024-01,1,2024-01-01,375847712.94,378904605.23959273,-3056892.2995927334,0.8133326861778012,0.8133326861778034
valor_aprovado,nominal,holt_winters,baseline,2024-01,2,2024-02-01,356304841.58,364677860.3050896,-8373018.72508961,2.3499592899047492,2.349959289904757
valor_aprovado,nominal,holt_winters,baseline,2024-01,3,2024-03-01,370113558.41,389775811.5710681,-19662253.16106808,5.312491994493988,5.312491994493995
valor_aprovado,nominal,holt_winters,baseline,2024-01,4,2024-04-01,373850328.77,382720066.5988829,-8869737.828882933,2.372537121490608,2.3725371214906144
valor_aprovado,nominal,holt_winters,baseline,2024-01,5,2024-05-01,387596104.3,397177947.3636448,-9581843.063644767,2.472120580507281,2.4721205805072755
valor_aprovado,nominal,holt_winters,baseline,2024-01,6,2024-06-01,360982328.25,391189109.6980157,-30206781.44801569,8.367939116148602,8.367939116148593
valor_aprovado,nominal,holt_winters,baseline,2024-01,7,2024-07-01,390560593.67,399779749.8854458,-9219156.215445757,2.3604931897546697,2.3604931897546644
valor_aprovado,nominal,holt_winters,baseline,2024-01,8,2024-08-01,391118763.67,408315767.2282783,-17197003.558278263,4.396875106914571,4.396875106914577
valor_aprovado,nominal,holt_winters,baseline,2024-01,9,2024-09-01,366497269.12,403205169.132352,-36707900.01235199,10.015872724097417,10.015872724097408
valor_aprovado,nominal,holt_winters,baseline,2024-01,10,2024-10-01,396093556.14,413477858.0402518,-17384301.900251806,4.3889383280214975,4.388938328021497
valor_aprovado,nominal,holt_winters,baseline,2024-01,11,2024-11-01,383252079.78,410743502.5125606,-27491422.732560635,7.173195967610056,7.173195967610058
valor_aprovado,nominal,holt_winters,baseline,2024-01,12,2024-12-01,390807010.08,421141856.6237988,-30334846.543798804,7.762103995419407,7.7621039954194115
valor_aprovado,nominal,holt_winters,baseline,2024-02,1,2024-02-01,356304841.58,362674431.14205927,-6369589.562059283,1.7876797670820141,1.7876797670820066
valor_aprovado,nominal,holt_winters,baseline,2024-02,2,2024-03-01,370113558.41,387519989.6253577,-17406431.21535766,4.702997450332627,4.702997450332624
valor_aprovado,nominal,holt_winters,baseline,2024-02,3,2024-04-01,373850328.77,380211851.67571944,-6361522.905719459,1.7016229266534073,1.7016229266534122
valor_aprovado,nominal,holt_winters,baseline,2024-02,4,2024-05-01,387596104.3,394417338.48975456,-6821234.189754546,1.759882030309288,1.7598820303092788
valor_aprovado,nominal,holt_winters,baseline,2024-02,5,2024-06-01,360982328.25,388176109.0323191,-27193780.78231913,7.533272034160617,7.53327203416061
valor_aprovado,nominal,holt_winters,baseline,2024-02,6,2024-07-01,390560593.67,396514356.0335285,-5953762.36352849,1.5244145108400406,1.5244145108400442
valor_aprovado,nominal,holt_winters,baseline,2024-02,7,2024-08-01,391118763.67,404797980.58964247,-13679216.919642448,3.497458621336833,3.4974586213368353
valor_aprovado,nominal,holt_winters,baseline,2024-02,8,2024-09-01,366497269.12,399434989.3304652,-32937720.210465193,8.987166613697358,8.987166613697362
valor_aprovado,nominal,holt_winters,baseline,2024-02,9,2024-10-01,396093556.14,409455285.26110584,-13361729.12110585,3.373377050441871,3.3733770504418725
valor_aprovado,nominal,holt_winters,baseline,2024-02,10,2024-11-01,383252079.78,406468536.5526688,-23216456.77266884,6.057751020162994,6.057751020162994
valor_aprovado,nominal,holt_winters,baseline,2024-02,11,2024-12-01,390807010.08,416614497.6860377,-25807487.606037736,6.603639888843044,6.603639888843049
valor_aprovado,nominal,holt_winters,baseline,2024-02,12,2025-01-01,392330621.24,420746349.2919456,-28415728.051945567,7.24280148262066,7.242801482620664
valor_aprovado,nominal,holt_winters,baseline,2024-03,1,2024-03-01,370113558.41,383392137.8035099,-13278579.393509865,3.5877041226358632,3.587704122635871
valor_aprovado,nominal,holt_winters,baseline,2024-03,2,2024-04-01,373850328.77,375623763.5193973,-1773434.7493973374,0.47437025272442357,0.474370252724432
valor_aprovado,nominal,holt_winters,baseline,2024-03,3,2024-05-01,387596104.3,389369018.2549273,-1772913.9549272656,0.4574127384817644,0.4574127384817661
valor_aprovado,nominal,holt_winters,baseline,2024-03,4,2024-06-01,360982328.25,382667550.0611447,-21685221.81114471,6.007280720990449,6.00728072099046
valor_aprovado,nominal,holt_winters,baseline,2024-03,5,2024-07-01,390560593.67,390545562.1376854,15031.53231459856,0.003848706848110563,-0.003848706848108563
valor_aprovado,nominal,holt_winters,baseline,2024-03,6,2024-08-01,391118763.67,398368949.6402579,-7250185.970257878,1.8537044610764577,1.8537044610764664
valor_aprovado,nominal,holt_winters,baseline,2024-03,7,2024-09-01,366497269.12,392545722.7022788,-26048453.582278788,7.107407278865671,7.107407278865674
valor_aprovado,nominal,holt_winters,baseline,2024-03,8,2024-10-01,396093556.14,402105783.63485235,-6012227.494852364,1.51788066270064,1.5178806627006436
valor_aprovado,nominal,holt_winters,baseline,2024-03,9,2024-11-01,383252079.78,398658800.00032103,-15406720.22032106,4.019996507041802,4.019996507041812
valor_aprovado,nominal,holt_winters,baseline,2024-03,10,2024-12-01,390807010.08,408344525.4527809,-17537515.37278092,4.487512997576709,4.487512997576704
valor_aprovado,nominal,holt_winters,baseline,2024-03,11,2025-01-01,392330621.24,412016141.3770115,-19685520.13701147,5.0175844227487065,5.017584422748711
valor_aprovado,nominal,holt_winters,baseline,2024-03,12,2025-02-01,359514022.46,397076767.0648209,-37562744.60482091,10.448200141901333,10.448200141901332
valor_aprovado,nominal,holt_winters,baseline,2024-04,1,2024-04-01,373850328.77,366940671.3949019,6909657.375098109,1.848241620605626,-1.8482416206056285
valor_aprovado,nominal,holt_winters,baseline,2024-04,2,2024-05-01,387596104.3,379880674.63193476,7715429.66806525,1.9905849368634247,-1.9905849368634265
valor_aprovado,nominal,holt_winters,baseline,2024-04,3,2024-06-01,360982328.25,372373953.86139685,-11391625.61139685,3.155729441555246,3.155729441555244
valor_aprovado,nominal,holt_winters,baseline,2024-04,4,2024-07-01,390560593.67,379446715.88517493,11113877.784825087,2.8456218996368174,-2.8456218996368188
valor_aprovado,nominal,holt_winters,baseline,2024-04,5,2024-08-01,391118763.67,386464852.2794285,4653911.390571535,1.1898972442289153,-1.1898972442289102
valor_aprovado,nominal,holt_winters,baseline,2024-04,6,2024-09-01,366497269.12,379836375.63898766,-13339106.518987656,3.6396196214548358,3.639619621454826
valor_aprovado,nominal,holt_winters,baseline,2024-04,7,2024-10-01,396093556.14,388591184.66241413,7502371.477585852,1.8940907675191072,-1.8940907675191077
valor_aprovado,nominal,holt_winters,baseline,2024-04,8,2024-11-01,383252079.78,384338949.5097686,-1086869.7297686338,0.2835913455166466,0.2835913455166539
valor_aprovado,nominal,holt_winters,baseline,2024-04,9,2024-12-01,390807010.08,393219423.7290894,-2412413.649089396,0.6172902703550696,0.6172902703550642
valor_aprovado,nominal,holt_winters,baseline,2024-04,10,2025-01-01,392330621.24,396085789.30424327,-3755168.064243257,0.957143761140712,0.9571437611407108
valor_aprovado,nominal,holt_winters,baseline,2024-04,11,2025-02-01,359514022.46,380341165.04771286,-20827142.587712884,5.793137760024406,5.793137760024414
valor_aprovado,nominal,holt_winters,baseline,2024-04,12,2025-03-01,389704865.08,403921236.21956336,-14216371.139563382,3.647984003649787,3.6479840036497846
valor_aprovado,nominal,holt_winters,baseline,2024-05,1,2024-05-01,387596104.3,384256346.8473692,3339757.452630818,0.8616591899607536,-0.8616591899607506
valor_aprovado,nominal,holt_winters,baseline,2024-05,2,2024-06-01,360982328.25,377105999.41456056,-16123671.164560556,4.4666095547464115,4.4666095547464035
valor_aprovado,nominal,holt_winters,baseline,2024-05,3,2024-07-01,390560593.67,384535133.27510345,6025460.394896567,1.5427722336953724,-1.5427722336953775
valor_aprovado,nominal,holt_winters,baseline,2024-05,4,2024-08-01,391118763.67,391909641.582664,-790877.9126639962,0.2022091462048306,0.20220914620483477
valor_aprovado,nominal,holt_winters,baseline,2024-05,5,2024-09-01,366497269.12,385637536.11189383,-19140266.991893828,5.222485569360912,5.222485569360913
valor_aprovado,nominal,holt_winters,baseline,2024-05,6,2024-10-01,396093556.14,394748717.81667304,1344838.3233269453,0.3395254233450871,-0.3395254233450884
valor_aprovado,nominal,holt_winters,baseline,2024-05,7,2024-11-01,383252079.78,390852855.30205953,-7600775.52205956,1.9832313829640975,1.9832313829641013
valor_aprovado,nominal,holt_winters,baseline,2024-05,8,2024-12-01,390807010.08,400089701.8746281,-9282691.794628143,2.3752623558947765,2.3752623558947805
valor_aprovado,nominal,holt_winters,baseline,2024-05,9,2025-01-01,392330621.24,403312438.9189675,-10981817.678967476,2.7991232609522925,2.7991232609522854
valor_aprovado,nominal,holt_winters,baseline,2024-05,10,2025-02-01,359514022.46,387924185.7411323,-28410163.28113234,7.902379742167996,7.902379742167986
valor_aprovado,nominal,holt_winters,baseline,2024-05,11,2025-03-01,389704865.08,411860629.3261202,-22155764.246120214,5.685267552811279,5.685267552811291
valor_aprovado,nominal,holt_winters,baseline,2024-05,12,2025-04-01,390023524.08,403643376.8147653,-13619852.734765291,3.4920592974211586,3.4920592974211573
valor_aprovado,nominal,holt_winters,baseline,2024-06,1,2024-06-01,360982328.25,379115436.0845477,-18133107.8345477,5.023267460890643,5.023267460890635
valor_aprovado,nominal,holt_winters,baseline,2024-06,2,2024-07-01,390560593.67,386696851.90140533,3863741.768594682,0.9892810056150493,-0.9892810056150503
valor_aprovado,nominal,holt_winters,baseline,2024-06,3,2024-08-01,391118763.67,394223642.7066752,-3104879.036675155,0.7938455847888816,0.793845584788877
valor_aprovado,nominal,holt_winters,baseline,2024-06,4,2024-09-01,366497269.12,388103819.5186519,-21606550.398651898,5.8954192074968494,5.895419207496855
valor_aprovado,nominal,holt_winters,baseline,2024-06,5,2024-10-01,396093556.14,397367283.2837909,-1273727.1437909007,0.32157229625333755,0.3215722962533363
valor_aprovado,nominal,holt_winters,baseline,2024-06,6,2024-11-01,383252079.78,393623702.93968767,-10371623.159687698,2.7062144491535105,2.70621444915351
valor_aprovado,nominal,holt_winters,baseline,2024-06,7,2024-12-01,390807010.08,403012831.68265945,-12205821.602659464,3.1232350720016195,3.123235072001629
valor_aprovado,nominal,holt_winters,baseline,2024-06,8,2025-01-01,392330621.24,406387850.8986664,-14057229.658666372,3.5830059897535143,3.5830059897535183
valor_aprovado,nominal,holt_winters,baseline,2024-06,9,2025-02-01,359514022.46,391151880.12539846,-31637857.66539848,8.800173481110477,8.800173481110484
valor_aprovado,nominal,holt_winters,baseline,2024-06,10,2025-03-01,389704865.08,415240605.7544278,-25535740.674427807,6.55258452295322,6.55258452295322
valor_aprovado,nominal,holt_winters,baseline,2024-06,11,2025-04-01,390023524.08,407175635.4150109,-17152111.335010946,4.3977120035182224,4.397712003518217
valor_aprovado,nominal,holt_winters,baseline,2024-06,12,2025-05-01,404820750.8,420624293.2282196,-15803542.428219616,3.903837043182426,3.903837043182423
valor_aprovado,nominal,holt_winters,baseline,2024-07,1,2024-07-01,390560593.67,375771356.2452266,14789237.424773395,3.7866691275232447,-3.7866691275232456
valor_aprovado,nominal,holt_winters,baseline,2024-07,2,2024-08-01,391118763.67,382559097.96146214,8559665.708537877,2.1885080705971838,-2.1885080705971838
valor_aprovado,nominal,holt_winters,baseline,2024-07,3,2024-09-01,366497269.12,375700224.8115574,-9202955.691557407,2.5110570983665745,2.5110570983665648
valor_aprovado,nominal,holt_winters,baseline,2024-07,4,2024-10-01,396093556.14,384224638.6168926,11868917.52310741,2.996493464516832,-2.996493464516836
valor_aprovado,nominal,holt_winters,baseline,2024-07,5,2024-11-01,383252079.78,379742008.306242,3510071.4737579823,0.915864951280339,-0.915864951280343
valor_aprovado,nominal,holt_winters,baseline,2024-07,6,2024-12-01,390807010.08,388392087.08366185,2414922.996338129,0.6179323640698725,-0.6179323640698731
valor_aprovado,nominal,holt_winters,baseline,2024-07,7,2025-01-01,392330621.24,391028056.2173075,1302565.0226925015,0.33200697375484356,-0.33200697375483923
valor_aprovado,nominal,holt_winters,baseline,2024-07,8,2025-02-01,359514022.46,375053035.95479226,-15539013.494792283,4.322227374739236,4.32222737473924
valor_aprovado,nominal,holt_winters,baseline,2024-07,9,2025-03-01,389704865.08,398402711.1291101,-8697846.049110115,2.2319059443419036,2.2319059443419054
valor_aprovado,nominal,holt_winters,baseline,2024-07,10,2025-04-01,390023524.08,389598691.0435966,424833.036403358,0.10892497764217371,-0.10892497764217746
valor_aprovado,nominal,holt_winters,baseline,2024-07,11,2025-05-01,404820750.8,402308298.9944487,2512451.8055512905,0.620633156918519,-0.6206331569185153
valor_aprovado,nominal,holt_winters,baseline,2024-07,12,2025-06-01,377143717.14,394571182.9036329,-17427465.763632894,4.6209084154419635,4.62090841544196
valor_aprovado,nominal,holt_winters,baseline,2024-08,1,2024-08-01,391118763.67,391211576.5613557,-92812.89135569334,0.02373010450452402,0.023730104504515737
valor_aprovado,nominal,holt_winters,baseline,2024-08,2,2024-09-01,366497269.12,384912793.4623722,-18415524.34237218,5.024737124669405,5.024737124669398
valor_aprovado,nominal,holt_winters,baseline,2024-08,3,2024-10-01,396093556.14,393997297.2811759,2096258.8588240743,0.5292332648004877,-0.5292332648004883
valor_aprovado,nominal,holt_winters,baseline,2024-08,4,2024-11-01,383252079.78,390074756.77923644,-6822676.9992364645,1.7802061252095276,1.780206125209527
valor_aprovado,nominal,holt_winters,baseline,2024-08,5,2024-12-01,390807010.08,399284926.23958504,-8477916.159585059,2.1693357439646723,2.169335743964673
valor_aprovado,nominal,holt_winters,baseline,2024-08,6,2025-01-01,392330621.24,402480985.7330762,-10150364.493076205,2.5871965998970374,2.5871965998970348
valor_aprovado,nominal,holt_winters,baseline,2024-08,7,2025-02-01,359514022.46,387066055.2496992,-27552032.789699197,7.663687942176073,7.663687942176067
valor_aprovado,nominal,holt_winters,baseline,2024-08,8,2025-03-01,389704865.08,410975821.77659357,-21270956.696593583,5.458222004035543,5.45822200403554
valor_aprovado,nominal,holt_winters,baseline,2024-08,9,2025-04-01,390023524.08,402731891.71836287,-12708367.638362885,3.25835926649291,3.258359266492916
valor_aprovado,nominal,holt_winters,baseline,2024-08,10,2025-05-01,404820750.8,416001589.60642064,-11180838.806420624,2.7619233412134228,2.7619233412134125
valor_aprovado,nominal,holt_winters,baseline,2024-08,11,2025-06-01,377143717.14,408824563.6452536,-31680846.505253613,8.400205297200623,8.400205297200625
valor_aprovado,nominal,holt_winters,baseline,2024-08,12,2025-07-01,406090370.51,416227019.30892235,-10136648.79892236,2.4961559138159237,2.496155913815934
valor_aprovado,nominal,holt_winters,baseline,2024-09,1,2024-09-01,366497269.12,384860776.9027561,-18363507.78275609,5.010544233207762,5.01054423320777
valor_aprovado,nominal,holt_winters,baseline,2024-09,2,2024-10-01,396093556.14,393942087.9426721,2151468.197327912,0.5431717239468222,-0.5431717239468226
valor_aprovado,nominal,holt_winters,baseline,2024-09,3,2024-11-01,383252079.78,390016354.67705137,-6764274.897051394,1.7649675641510734,1.7649675641510765
valor_aprovado,nominal,holt_winters,baseline,2024-09,4,2024-12-01,390807010.08,399223331.340525,-8416321.260524988,2.1535747935540175,2.153574793554025
valor_aprovado,nominal,holt_winters,baseline,2024-09,5,2025-01-01,392330621.24,402416198.0519068,-10085576.811906815,2.570683058087677,2.570683058087675
valor_aprovado,nominal,holt_winters,baseline,2024-09,6,2025-02-01,359514022.46,386998074.8069084,-27484052.34690845,7.644778959898946,7.644778959898946
valor_aprovado,nominal,holt_winters,baseline,2024-09,7,2025-03-01,389704865.08,410904648.5172561,-21199783.437256098,5.439958629437211,5.439958629437203
valor_aprovado,nominal,holt_winters,baseline,2024-09,8,2025-04-01,390023524.08,402657525.68010664,-12634001.600106657,3.239292201645566,3.2392922016455605
valor_aprovado,nominal,holt_winters,baseline,2024-09,9,2025-05-01,404820750.8,415924030.8044671,-11103280.00446707,2.742764540237859,2.742764540237852
valor_aprovado,nominal,holt_winters,baseline,2024-09,10,2025-06-01,377143717.14,408743812.05962694,-31600094.91962695,8.378793940745046,8.378793940745055
valor_aprovado,nominal,holt_winters,baseline,2024-09,11,2025-07-01,406090370.51,416143074.9460326,-10052704.436032593,2.475484563548656,2.4754845635486467
valor_aprovado,nominal,holt_winters,baseline,2024-09,12,2025-08-01,394232835.81,423487714.30532384,-29254878.495323837,7.420710767335267,7.420710767335259
valor_aprovado,nominal,holt_winters,baseline,2024-10,1,2024-10-01,396093556.14,383569212.13666624,12524344.003333747,3.16196610855921,-3.161966108559211
valor_aprovado,nominal,holt_winters,baseline,2024-10,2,2024-11-01,383252079.78,379050415.75007415,4201664.029925823,1.0963186507266247,-1.0963186507266243
valor_aprovado,nominal,holt_winters,baseline,2024-10,3,2024-12-01,390807010.08,387664328.45174044,3142681.6282595396,0.8041518056741659,-0.8041518056741692
valor_aprovado,nominal,holt_winters,baseline,2024-10,4,2025-01-01,392330621.24,390264131.4152319,2066489.824768126,0.5267215233510907,-0.5267215233510925
valor_aprovado,nominal,holt_winters,baseline,2024-10,5,2025-02-01,359514022.46,374252945.0817095,-14738922.621709526,4.099679484226348,4.0996794842263595
valor_aprovado,nominal,holt_winters,baseline,2024-10,6,2025-03-01,389704865.08,397566453.9917836,-7861588.911783636,2.017318647066359,2.0173186470663573
valor_aprovado,nominal,holt_winters,baseline,2024-10,7,2025-04-01,390023524.08,388726268.0100538,1297256.0699461699,0.3326096991216566,-0.3326096991216554
valor_aprovado,nominal,holt_winters,baseline,2024-10,8,2025-05-01,404820750.8,401399709.79505503,3421041.00494498,0.8450755051919587,-0.8450755051919612
valor_aprovado,nominal,holt_winters,baseline,2024-10,9,2025-06-01,377143717.14,393626427.72256005,-16482710.582560062,4.3704057189534185,4.3704057189534185
valor_aprovado,nominal,holt_winters,baseline,2024-10,10,2025-07-01,406090370.51,400432626.8539807,5657743.65601927,1.3932228062718734,-1.3932228062718766
valor_aprovado,nominal,holt_winters,baseline,2024-10,11,2025-08-01,394232835.81,407184202.67381155,-12951366.863811553,3.2852075442172066,3.285207544217217
valor_aprovado,nominal,holt_winters,baseline,2024-10,12,2025-09-01,395718441.83,400289162.64079523,-4570720.810795248,1.1550436693468085,1.1550436693468003
valor_aprovado,nominal,holt_winters,baseline,2024-11,1,2024-11-01,383252079.78,386004552.086922,-2752472.3069220185,0.7181884853702643,0.7181884853702636
valor_aprovado,nominal,holt_winters,baseline,2024-11,2,2024-12-01,390807010.08,395000210.96117324,-4193200.881173253,1.0729594846097785,1.07295948460977
valor_aprovado,nominal,holt_winters,baseline,2024-11,3,2025-01-01,392330621.24,397981759.9678297,-5651138.727829695,1.4404021562142428,1.4404021562142377
valor_aprovado,nominal,holt_winters,baseline,2024-11,4,2025-02-01,359514022.46,382352319.1003725,-22838296.640372515,6.352546830885723,6.35254683088573
valor_aprovado,nominal,holt_winters,baseline,2024-11,5,2025-03-01,389704865.08,406047574.9456203,-16342709.865620315,4.193611968961544,4.1936119689615525
valor_aprovado,nominal,holt_winters,baseline,2024-11,6,2025-04-01,390023524.08,397589134.3962183,-7565610.316218317,1.9397830769475561,1.9397830769475544
valor_aprovado,nominal,holt_winters,baseline,2024-11,7,2025-05-01,404820750.8,410644321.8922853,-5823571.092285275,1.4385554793762008,1.4385554793761912
valor_aprovado,nominal,holt_winters,baseline,2024-11,8,2025-06-01,377143717.14,403252785.44225836,-26109068.302258372,6.922843233410248,6.922843233410236
valor_aprovado,nominal,holt_winters,baseline,2024-11,9,2025-07-01,406090370.51,410440730.61737555,-4350360.107375562,1.0712788145929293,1.0712788145929242
valor_aprovado,nominal,holt_winters,baseline,2024-11,10,2025-08-01,394232835.81,417574052.194407,-23341216.384406984,5.920667753727204,5.9206677537271934
valor_aprovado,nominal,holt_winters,baseline,2024-11,11,2025-09-01,395718441.83,411060758.69837385,-15342316.86837387,3.8770790659700682,3.877079065970057
valor_aprovado,nominal,holt_winters,baseline,2024-11,12,2025-10-01,411650546.75,419930752.03100646,-8280205.281006455,2.011464662534535,2.0114646625345456
valor_aprovado,nominal,holt_winters,baseline,2024-12,1,2024-12-01,390807010.08,393530105.3285128,-2723095.2485128045,0.6967877183050976,0.696787718305103
valor_aprovado,nominal,holt_winters,baseline,2024-12,2,2025-01-01,392330621.24,396435060.5291744,-4104439.289174378,1.046168478056056,1.0461684780560532
valor_aprovado,nominal,holt_winters,baseline,2024-12,3,2025-02-01,359514022.46,380729026.0181434,-21215003.558143437,5.901022556221392,5.90102255622138
valor_aprovado,nominal,holt_winters,baseline,2024-12,4,2025-03-01,389704865.08,404347687.74678934,-14642822.666789353,3.7574133604371154,3.757413360437112
valor_aprovado,nominal,holt_winters,baseline,2024-12,5,2025-04-01,390023524.08,395812653.39260757,-5789129.312607586,1.4843026010451987,1.4843026010451954
valor_aprovado,nominal,holt_winters,baseline,2024-12,6,2025-05-01,404820750.8,408791247.22838324,-3970496.428383231,0.9808035829529,0.9808035829528938
valor_aprovado,nominal,holt_winters,baseline,2024-12,7,2025-06-01,377143717.14,401323116.9735739,-24179399.833573937,6.411189881919277,6.411189881919288
valor_aprovado,nominal,holt_winters,baseline,2024-12,8,2025-07-01,406090370.51,408434468.3421553,-2344097.8321552873,0.5772355126794527,0.5772355126794526
valor_aprovado,nominal,holt_winters,baseline,2024-12,9,2025-08-01,394232835.81,415491195.9669201,-21258360.156920075,5.392336260687711,5.392336260687713
valor_aprovado,nominal,holt_winters,baseline,2024-12,10,2025-09-01,395718441.83,408901308.8117588,-13182866.981758833,3.3313754397684026,3.3313754397684026
valor_aprovado,nominal,holt_winters,baseline,2024-12,11,2025-10-01,411650546.75,417694708.33778715,-6044161.587787151,1.4682748840019977,1.4682748840020077
valor_aprovado,nominal,holt_winters,baseline,2024-12,12,2025-11-01,382184403.39,413481063.7934148,-31296660.403414786,8.188890003310291,8.18889000331029
valor_aprovado,nominal,holt_winters,baseline,2025-01,1,2025-01-01,392330621.24,394978867.25377274,-2648246.013772726,0.6750036500854001,0.6750036500853929
valor_aprovado,nominal,holt_winters,baseline,2025-01,2,2025-02-01,359514022.46,379199312.7110539,-19685290.25105393,5.475527801768606,5.475527801768609
valor_aprovado,nominal,holt_winters,baseline,2025-01,3,2025-03-01,389704865.08,402744454.5121331,-13039589.432133138,3.346016588593608,3.3460165885936144
valor_aprovado,nominal,holt_winters,baseline,2025-01,4,2025-04-01,390023524.08,394135900.1621884,-4112376.0821884274,1.0543918067221283,1.0543918067221325
valor_aprovado,nominal,holt_winters,baseline,2025-01,5,2025-05-01,404820750.8,407040973.96947944,-2220223.1694794297,0.5484459887720334,0.5484459887720394
valor_aprovado,nominal,holt_winters,baseline,2025-01,6,2025-06-01,377143717.14,399499323.71883965,-22355606.57883966,5.927609439809654,5.927609439809656
valor_aprovado,nominal,holt_winters,baseline,2025-01,7,2025-07-01,406090370.51,406537155.0915724,-446784.58157241344,0.11002097415196191,0.11002097415195866
valor_aprovado,nominal,holt_winters,baseline,2025-01,8,2025-08-01,394232835.81,413520362.7528585,-19287526.942858517,4.892420212342261,4.892420212342263
valor_aprovado,nominal,holt_winters,baseline,2025-01,9,2025-09-01,395718441.83,406856955.5693162,-11138513.739316225,2.8147573026433053,2.8147573026433115
valor_aprovado,nominal,holt_winters,baseline,2025-01,10,2025-10-01,411650546.75,415576835.09947896,-3926288.34947896,0.9537916032122846,0.9537916032122951
valor_aprovado,nominal,holt_winters,baseline,2025-01,11,2025-11-01,382184403.39,411289670.52512383,-29105267.13512385,7.615503635668613,7.615503635668608
valor_aprovado,nominal,holt_winters,baseline,2025-01,12,2025-12-01,417980005.06,420135215.4776419,-2155210.417641878,0.5156252432057135,0.5156252432057196
valor_aprovado,nominal,holt_winters,baseline,2025-02,1,2025-02-01,359514022.46,377783027.61970145,-18269005.159701467,5.08158347613106,5.081583476131057
valor_aprovado,nominal,holt_winters,baseline,2025-02,2,2025-03-01,389704865.08,401260117.0068601,-11555251.926860094,2.9651289892128987,2.9651289892129062
valor_aprovado,nominal,holt_winters,baseline,2025-02,3,2025-04-01,390023524.08,392583493.1543739,-2559969.074373901,0.6563627361740393,0.6563627361740432
valor_aprovado,nominal,holt_winters,baseline,2025-02,4,2025-05-01,404820750.8,405420489.32224256,-599738.5222425461,0.14814915516493482,0.14814915516494498
valor_aprovado,nominal,holt_winters,baseline,2025-02,5,2025-06-01,377143717.14,397810769.5695278,-20667052.42952782,5.479887769641931,5.479887769641922
valor_aprovado,nominal,holt_winters,baseline,2025-02,6,2025-07-01,406090370.51,404780531.4397675,1309839.0702325106,0.3225486653592678,-0.32254866535926796
valor_aprovado,nominal,holt_winters,baseline,2025-02,7,2025-08-01,394232835.81,411695677.7361827,-17462841.926182687,4.429575707539207,4.429575707539213
valor_aprovado,nominal,holt_winters,baseline,2025-02,8,2025-09-01,395718441.83,404964192.9131083,-9245751.083108306,2.3364468535636926,2.3364468535636895
valor_aprovado,nominal,holt_winters,baseline,2025-02,9,2025-10-01,411650546.75,413616002.94058585,-1965456.1905858517,0.47745744688139463,0.4774574468813908
valor_aprovado,nominal,holt_winters,baseline,2025-02,10,2025-11-01,382184403.39,409260760.33919424,-27076356.949194252,7.084631583347003,7.084631583347001
valor_aprovado,nominal,holt_winters,baseline,2025-02,11,2025-12-01,417980005.06,418038244.3140986,-58239.25409859419,0.013933502414842567,0.013933502414853471
valor_aprovado,nominal,holt_winters,baseline,2025-02,12,2026-01-01,407396857.47,420801610.01626366,-13404752.546263635,3.2903426475867548,3.2903426475867636
valor_aprovado,nominal,holt_winters,baseline,2025-03,1,2025-03-01,389704865.08,391298265.63885915,-1593400.5588591695,0.40887366354332544,0.4088736635433188
valor_aprovado,nominal,holt_winters,baseline,2025-03,2,2025-04-01,390023524.08,382192638.85899055,7830885.221009433,2.007798180758757,-2.0077981807587575
valor_aprovado,nominal,holt_winters,baseline,2025-03,3,2025-05-01,404820750.8,394600640.3125456,10220110.487454414,2.5246014358843025,-2.5246014358842994
valor_aprovado,nominal,holt_winters,baseline,2025-03,4,2025-06-01,377143717.14,386561917.63186586,-9418200.491865873,2.4972444359638453,2.4972444359638413
valor_aprovado,nominal,holt_winters,baseline,2025-03,5,2025-07-01,406090370.51,393102676.5779281,12987693.932071865,3.198227506788921,-3.19822750678892
valor_aprovado,nominal,holt_winters,baseline,2025-03,6,2025-08-01,394232835.81,399588811.06281096,-5355975.252810955,1.3585817228558454,1.358581722855856
valor_aprovado,nominal,holt_winters,baseline,2025-03,7,2025-09-01,395718441.83,392428332.2119619,3290109.6180380583,0.8314269112207524,-0.8314269112207562
valor_aprovado,nominal,holt_winters,baseline,2025-03,8,2025-10-01,411650546.75,400651138.0600756,10999408.689924419,2.67202576961582,-2.6720257696158156
valor_aprovado,nominal,holt_winters,baseline,2025-03,9,2025-11-01,382184403.39,395866902.12079453,-13682498.730794549,3.5800777345778414,3.5800777345778467
valor_aprovado,nominal,holt_winters,baseline,2025-03,10,2025-12-01,417980005.06,404215374.4303032,13764630.629696786,3.2931313610853006,-3.2931313610852997
valor_aprovado,nominal,holt_winters,baseline,2025-03,11,2026-01-01,407396857.47,406549736.9320078,847120.537992239,0.20793497113674209,-0.2079349711367473
valor_aprovado,nominal,holt_winters,baseline,2025-03,12,2026-02-01,369527943.05,390273109.92324144,-20745166.873241425,5.613964319454576,5.6139643194545785
valor_aprovado,nominal,holt_winters,baseline,2025-04,1,2025-04-01,390023524.08,381299122.4399462,8724401.640053809,2.236891136408556,-2.2368911364085586
valor_aprovado,nominal,holt_winters,baseline,2025-04,2,2025-05-01,404820750.8,393672860.91376954,11147889.886230469,2.7537842030578212,-2.7537842030578186
valor_aprovado,nominal,holt_winters,baseline,2025-04,3,2025-06-01,377143717.14,385599875.2794588,-8456158.139458835,2.242158030255563,2.242158030255559
valor_aprovado,nominal,holt_winters,baseline,2025-04,4,2025-07-01,406090370.51,392106371.27239186,13983999.237608135,3.4435682924581386,-3.4435682924581434
valor_aprovado,nominal,holt_winters,baseline,2025-04,5,2025-08-01,394232835.81,398558242.69909936,-4325406.8890993595,1.097170630196817,1.0971706301968087
valor_aprovado,nominal,holt_winters,baseline,2025-04,6,2025-09-01,395718441.83,391363501.0020102,4354940.827989757,1.100515004519459,-1.1005150045194645
valor_aprovado,nominal,holt_winters,baseline,2025-04,7,2025-10-01,411650546.75,399552043.6527748,12098503.09722519,2.939022720300854,-2.9390227203008545
valor_aprovado,nominal,holt_winters,baseline,2025-04,8,2025-11-01,382184403.39,394733544.92402834,-12549141.534028351,3.28353052157981,3.283530521579814
valor_aprovado,nominal,holt_winters,baseline,2025-04,9,2025-12-01,417980005.06,403047754.2811886,14932250.778811395,3.572479687555367,-3.5724796875553633
valor_aprovado,nominal,holt_winters,baseline,2025-04,10,2026-01-01,407396857.47,405347853.7758927,2049003.6941073537,0.5029502944210213,-0.5029502944210229
valor_aprovado,nominal,holt_winters,baseline,2025-04,11,2026-02-01,369527943.05,389036963.7617023,-19509020.711702287,5.279443971321694,5.279443971321696
valor_aprovado,nominal,holt_winters,baseline,2025-04,12,2026-03-01,412089732.61,412050768.9263892,38963.68361079693,0.009455145451942622,-0.009455145451942037
valor_aprovado,nominal,holt_winters,baseline,2025-05,1,2025-05-01,404820750.8,398341626.2163802,6479124.583619833,1.6004922106428325,-1.6004922106428343
valor_aprovado,nominal,holt_winters,baseline,2025-05,2,2025-06-01,377143717.14,390437819.09913903,-13294101.959139049,3.524943239132399,3.5249432391323943
valor_aprovado,nominal,holt_winters,baseline,2025-05,3,2025-07-01,406090370.51,397113493.6098294,8976876.900170565,2.2105613804377344,-2.2105613804377366
valor_aprovado,nominal,holt_winters,baseline,2025-05,4,2025-08-01,394232835.81,403734543.3711888,-9501707.561188817,2.410176600755842,2.4101766007558423
valor_aprovado,nominal,holt_winters,baseline,2025-05,5,2025-09-01,395718441.83,396708980.37894404,-990538.548944056,0.2503139718137245,0.2503139718137204
valor_aprovado,nominal,holt_winters,baseline,2025-05,6,2025-10-01,411650546.75,405066701.12153316,6583845.628466845,1.5993773554891664,-1.5993773554891622
valor_aprovado,nominal,holt_winters,baseline,2025-05,7,2025-11-01,382184403.39,400417381.19698566,-18232977.806985676,4.770727859446383,4.770727859446389
valor_aprovado,nominal,holt_winters,baseline,2025-05,8,2025-12-01,417980005.06,408900769.0730515,9079235.98694849,2.172169930866714,-2.1721699308667186
valor_aprovado,nominal,holt_winters,baseline,2025-05,9,2026-01-01,407396857.47,411370046.9918913,-3973189.521891296,0.9752626828212279,0.9752626828212207
valor_aprovado,nominal,holt_winters,baseline,2025-05,10,2026-02-01,369527943.05,395228335.40446454,-25700392.35446453,6.954925287202723,6.954925287202718
valor_aprovado,nominal,holt_winters,baseline,2025-05,11,2026-03-01,412089732.61,418411318.854558,-6321586.244557977,1.5340314849680323,1.5340314849680237
valor_aprovado,nominal,holt_winters,baseline,2025-05,12,2026-04-01,396764540.54,409440607.84270316,-12676067.302703142,3.194858916941243,3.1948589169412456
valor_aprovado,nominal,holt_winters,baseline,2025-06,1,2025-06-01,377143717.14,393848749.51240087,-16705032.37240088,4.42935454396017,4.429354543960162
valor_aprovado,nominal,holt_winters,baseline,2025-06,2,2025-07-01,406090370.51,400646765.6288682,5443604.881131768,1.340491003097479,-1.340491003097477
valor_aprovado,nominal,holt_winters,baseline,2025-06,3,2025-08-01,394232835.81,407390157.3252175,-13157321.515217483,3.337449425840986,3.337449425840977
valor_aprovado,nominal,holt_winters,baseline,2025-06,4,2025-09-01,395718441.83,400486935.6017249,-4768493.771724939,1.2050218710235083,1.205021871023515
valor_aprovado,nominal,holt_winters,baseline,2025-06,5,2025-10-01,411650546.75,408966998.71657676,2683548.033423245,0.651899543097897,-0.6518995430979002
valor_aprovado,nominal,holt_winters,baseline,2025-06,6,2025-11-01,382184403.39,404440019.88233155,-22255616.492331564,5.823266542256259,5.823266542256267
valor_aprovado,nominal,holt_winters,baseline,2025-06,7,2025-12-01,417980005.06,413045749.36162007,4934255.698379934,1.1805004159640684,-1.1805004159640697
valor_aprovado,nominal,holt_winters,baseline,2025-06,8,2026-01-01,407396857.47,415637369.05451864,-8240511.584518611,2.0227234043221425,2.0227234043221465
valor_aprovado,nominal,holt_winters,baseline,2025-06,9,2026-02-01,369527943.05,399617999.2365738,-30090056.186573803,8.142836489770513,8.142836489770522
valor_aprovado,nominal,holt_winters,baseline,2025-06,10,2026-03-01,412089732.61,422923324.71033627,-10833592.100336254,2.6289400688827933,2.62894006888279
valor_aprovado,nominal,holt_winters,baseline,2025-06,11,2026-04-01,396764540.54,414074955.22375524,-17310414.68375522,4.362893584239053,4.362893584239047
valor_aprovado,nominal,holt_winters,baseline,2025-06,12,2026-05-01,426565867.1,426740213.857623,-174346.75762295723,0.0408721773282636,0.04087217732826609
valor_aprovado,nominal,holt_winters,baseline,2025-07,1,2025-07-01,406090370.51,391923153.0923626,14167217.417637408,3.488685880397782,-3.4886858803977794
valor_aprovado,nominal,holt_winters,baseline,2025-07,2,2025-08-01,394232835.81,398364638.275155,-4131802.4651550055,1.0480614727755255,1.0480614727755189
valor_aprovado,nominal,holt_winters,baseline,2025-07,3,2025-09-01,395718441.83,391159510.1177668,4558931.712233186,1.1520645060539523,-1.1520645060539514
valor_aprovado,nominal,holt_winters,baseline,2025-07,4,2025-10-01,411650546.75,399337666.6665785,12312880.083421528,2.991100140794731,-2.9911001407947335
valor_aprovado,nominal,holt_winters,baseline,2025-07,5,2025-11-01,382184403.39,394508781.4196496,-12324378.029649615,3.224720297409208,3.2247202974092115
valor_aprovado,nominal,holt_winters,baseline,2025-07,6,2025-12-01,417980005.06,402812604.4248212,15167400.635178804,3.6287383251745644,-3.628738325174563
valor_aprovado,nominal,holt_winters,baseline,2025-07,7,2026-01-01,407396857.47,405102317.6232048,2294539.8467952013,0.5632198198691719,-0.5632198198691762
valor_aprovado,nominal,holt_winters,baseline,2025-07,8,2026-02-01,369527943.05,388781041.3114852,-19253098.26148516,5.21018738192691,5.210187381926912
valor_aprovado,nominal,holt_winters,baseline,2025-07,9,2026-03-01,412089732.61,411784460.26043475,305272.34956526756,0.07407909622785386,-0.07407909622785258
valor_aprovado,nominal,holt_winters,baseline,2025-07,10,2026-04-01,396764540.54,402634184.30925494,-5869643.769254923,1.4793771039282608,1.47937710392827
valor_aprovado,nominal,holt_winters,baseline,2025-07,11,2026-05-01,426565867.1,414997536.4589851,11568330.641014934,2.711968193719298,-2.711968193719294
valor_aprovado,nominal,holt_winters,baseline,2025-07,12,2026-06-01,409258364.78,406914164.4742141,2344200.3057858944,0.5727922768410703,-0.572792276841072
valor_aprovado_real,real_jun_2026,regressao_linear,aprendizagem,2022-01,1,2022-01-01,376627415.5025755,370664695.8254498,5962719.677125692,1.583187901807142,-1.583187901807137
valor_aprovado_real,real_jun_2026,regressao_linear,aprendizagem,2022-01,2,2022-02-01,345128541.7684927,370977933.2781713,-25849391.509678602,7.4897866682431635,7.489786668243159
valor_aprovado_real,real_jun_2026,regressao_linear,aprendizagem,2022-01,3,2022-03-01,380554639.46775067,371810183.13668096,8744456.331069708,2.2978188738678456,-2.2978188738678407
valor_aprovado_real,real_jun_2026,regressao_linear,aprendizagem,2022-01,4,2022-04-01,364739929.8149265,372978857.52855486,-8238927.713628352,2.258849947634986,2.258849947634989
valor_aprovado_real,real_jun_2026,regressao_linear,aprendizagem,2022-01,5,2022-05-01,365435073.1539744,374211223.89934003,-8776150.74536562,2.401562244592715,2.4015622445927143
valor_aprovado_real,real_jun_2026,regressao_linear,aprendizagem,2022-01,6,2022-06-01,363743552.1431217,375217483.48026997,-11473931.33714825,3.1544012999118722,3.1544012999118687
valor_aprovado_real,real_jun_2026,regressao_linear,aprendizagem,2022-01,7,2022-07-01,368638493.582824,375768422.634323,-7129929.051499009,1.9341249423527958,1.9341249423527884
valor_aprovado_real,real_jun_2026,regressao_linear,aprendizagem,2022-01,8,2022-08-01,387421803.680154,375756830.46515656,11664973.21499747,3.0109232635310805,-3.0109232635310845
valor_aprovado_real,real_jun_2026,regressao_linear,aprendizagem,2022-01,9,2022-09-01,374573280.9595117,375226225.8902019,-652944.9306902289,0.17431700654612547,0.17431700654613191
valor_aprovado_real,real_jun_2026,regressao_linear,aprendizagem,2022-01,10,2022-10-01,373101374.5192903,374359196.78188306,-1257822.262592733,0.33712614010423597,0.337126140104238
valor_aprovado_real,real_jun_2026,regressao_linear,aprendizagem,2022-01,11,2022-11-01,371409370.2333421,373428475.6946529,-2019105.461310804,0.543633419922141,0.5436334199221404
valor_aprovado_real,real_jun_2026,regressao_linear,aprendizagem,2022-01,12,2022-12-01,384096741.9936161,372723861.397278,11372880.596338093,2.960941698518004,-2.960941698518005
valor_aprovado_real,real_jun_2026,regressao_linear,aprendizagem,2022-02,1,2022-02-01,345128541.7684927,371509555.6547326,-26381013.886239886,7.643822719227868,7.643822719227877
valor_aprovado_real,real_jun_2026,regressao_linear,aprendizagem,2022-02,2,2022-03-01,380554639.46775067,372169980.7777942,8384658.689956486,2.2032732807260986,-2.2032732807261035
valor_aprovado_real,real_jun_2026,regressao_linear,aprendizagem,2022-02,3,2022-04-01,364739929.8149265,373213179.2824364,-8473249.467509866,2.323093463281987,2.323093463281989
valor_aprovado_real,real_jun_2026,regressao_linear,aprendizagem,2022-02,4,2022-05-01,365435073.1539744,374383140.12507606,-8948066.971101642,2.4486065045353254,2.4486065045353334
valor_aprovado_real,real_jun_2026,regressao_linear,aprendizagem,2022-02,5,2022-06-01,363743552.1431217,375389886.39603305,-11646334.25291133,3.201798130659059,3.2017981306590615
valor_aprovado_real,real_jun_2026,regressao_linear,aprendizagem,2022-02,6,2022-07-01,368638493.582824,375987174.3983025,-7348680.815478504,1.9934653985958295,1.9934653985958395
valor_aprovado_real,real_jun_2026,regressao_linear,aprendizagem,2022-02,7,2022-08-01,387421803.680154,376038474.4473086,11383329.232845426,2.938226275525583,-2.9382262755255795
valor_aprovado_real,real_jun_2026,regressao_linear,aprendizagem,2022-02,8,2022-09-01,374573280.9595117,375553553.8896296,-980272.9301179051,0.2617039121441939,0.2617039121441955
valor_aprovado_real,real_jun_2026,regressao_linear,aprendizagem,2022-02,9,2022-10-01,373101374.5192903,374685859.95037,-1584485.4310796857,0.4246796016554915,0.42467960165548657
valor_aprovado_real,real_jun_2026,regressao_linear,aprendizagem,2022-02,10,2022-11-01,371409370.2333421,373691403.6731129,-2282033.4397708178,0.614425381442882,0.6144253814428735
valor_aprovado_real,real_jun_2026,regressao_linear,aprendizagem,2022-02,11,2022-12-01,384096741.9936161,372860161.96753854,11236580.026077569,2.925455698414731,-2.925455698414736
valor_aprovado_real,real_jun_2026,regressao_linear,aprendizagem,2022-02,12,2023-01-01,374259433.1719504,371985244.11352026,2274189.0584301353,0.6076504309205422,-0.6076504309205477
valor_aprovado_real,real_jun_2026,regressao_linear,aprendizagem,2022-03,1,2022-03-01,380554639.46775067,370392958.38006765,10161681.087683022,2.670229195443603,-2.6702291954436075
valor_aprovado_real,real_jun_2026,regressao_linear,aprendizagem,2022-03,2,2022-04-01,364739929.8149265,371711693.39879453,-6971763.583868027,1.9114341518367857,1.9114341518367883
valor_aprovado_real,real_jun_2026,regressao_linear,aprendizagem,2022-03,3,2022-05-01,365435073.1539744,373145875.6109297,-7710802.456955314,2.1100334979906,2.1100334979905933
valor_aprovado_real,real_jun_2026,regressao_linear,aprendizagem,2022-03,4,2022-06-01,363743552.1431217,374358589.22887796,-10615037.085756242,2.9182749833540846,2.9182749833540855
valor_aprovado_real,real_jun_2026,regressao_linear,aprendizagem,2022-03,5,2022-07-01,368638493.582824,375072260.7960054,-6433767.213181436,1.74527818585932,1.7452781858593225
valor_aprovado_real,real_jun_2026,regressao_linear,aprendizagem,2022-03,6,2022-08-01,387421803.680154,375143034.7701847,12278768.90996933,3.1693541234210922,-3.1693541234210976
valor_aprovado_real,real_jun_2026,regressao_linear,aprendizagem,2022-03,7,2022-09-01,374573280.9595117,374599319.50013494,-26038.540623247623,0.006951521089957875,0.006951521089959556
valor_aprovado_real,real_jun_2026,regressao_linear,aprendizagem,2022-03,8,2022-10-01,373101374.5192903,373634175.23132396,-532800.7120336294,0.14280320267383045,0.14280320267383573
valor_aprovado_real,real_jun_2026,regressao_linear,aprendizagem,2022-03,9,2022-11-01,371409370.2333421,372553583.7691047,-1144213.535762608,0.30807341641481556,0.30807341641481134
valor_aprovado_real,real_jun_2026,regressao_linear,aprendizagem,2022-03,10,2022-12-01,384096741.9936161,371694460.9010724,12402281.092543721,3.228947225162835,-3.228947225162837
valor_aprovado_real,real_jun_2026,regressao_linear,aprendizagem,2022-03,11,2023-01-01,374259433.1719504,369548507.190034,4710925.981916428,1.2587327303924045,-1.258732730392409
valor_aprovado_real,real_jun_2026,regressao_linear,aprendizagem,2022-03,12,2023-02-01,343845742.32525706,369831323.96577066,-25985581.6405136,7.557337038634268,7.55733703863426
valor_aprovado_real,real_jun_2026,regressao_linear,aprendizagem,2022-04,1,2022-04-01,364739929.8149265,372412137.3384745,-7672207.523548007,2.1034734330954605,2.1034734330954707
valor_aprovado_real,real_jun_2026,regressao_linear,aprendizagem,2022-04,2,2022-05-01,365435073.1539744,373777597.8950311,-8342524.741056681,2.2829020403144487,2.2829020403144495
valor_aprovado_real,real_jun_2026,regressao_linear,aprendizagem,2022-04,3,2022-06-01,363743552.1431217,374878755.06102526,-11135202.917903543,3.0612784342970807,3.061278434297088
valor_aprovado_real,real_jun_2026,regressao_linear,aprendizagem,2022-04,4,2022-07-01,368638493.582824,375471962.7735939,-6833469.190769911,1.8537047296268312,1.853704729626826
valor_aprovado_real,real_jun_2026,regressao_linear,aprendizagem,2022-04,5,2022-08-01,387421803.680154,375449679.61571515,11972124.06443888,3.0902039974814564,-3.0902039974814555
valor_aprovado_real,real_jun_2026,regressao_linear,aprendizagem,2022-04,6,2022-09-01,374573280.9595117,374869284.4520521,-296003.4925404191,0.07902418767888963,0.07902418767888886
valor_aprovado_real,real_jun_2026,regressao_linear,aprendizagem,2022-04,7,2022-10-01,373101374.5192903,373937701.80850405,-836327.289213717,0.2241555100919299,0.22415551009193901
valor_aprovado_real,real_jun_2026,regressao_linear,aprendizagem,2022-04,8,2022-11-01,371409370.2333421,372955956.6125972,-1546586.379255116,0.4164101671111463,0.41641016711113643
valor_aprovado_real,real_jun_2026,regressao_linear,aprendizagem,2022-04,9,2022-12-01,384096741.9936161,372238514.8072528,11858227.18636328,3.0873022053804275,-3.0873022053804267
valor_aprovado_real,real_jun_2026,regressao_linear,aprendizagem,2022-04,10,2023-01-01,374259433.1719504,370161292.7182534,4098140.453697026,1.0949999092779499,-1.0949999092779494
valor_aprovado_real,real_jun_2026,regressao_linear,aprendizagem,2022-04,11,2023-02-01,343845742.32525706,370567291.2367819,-26721548.911524832,7.771376993305294,7.771376993305301
valor_aprovado_real,real_jun_2026,regressao_linear,aprendizagem,2022-04,12,2023-03-01,385752047.0654128,371531401.7610947,14220645.30431813,3.6864730628135085,-3.686473062813511
valor_aprovado_real,real_jun_2026,regressao_linear,aprendizagem,2022-05,1,2022-05-01,365435073.1539744,373240347.1921654,-7805274.038190961,2.1358853081138833,2.135885308113883
valor_aprovado_real,real_jun_2026,regressao_linear,aprendizagem,2022-05,2,2022-06-01,363743552.1431217,374411570.4911341,-10668018.348012388,2.9328405370096724,2.932840537009662
valor_aprovado_real,real_jun_2026,regressao_linear,aprendizagem,2022-05,3,2022-07-01,368638493.582824,375107332.37515014,-6468838.792326152,1.7547919994613268,1.754791999461336
valor_aprovado_real,real_jun_2026,regressao_linear,aprendizagem,2022-05,4,2022-08-01,387421803.680154,375185234.56015015,12236569.12000388,3.1584616569763564,-3.1584616569763524
valor_aprovado_real,real_jun_2026,regressao_linear,aprendizagem,2022-05,5,2022-09-01,374573280.9595117,374668433.7694577,-95152.80994600058,0.025402989156689426,0.025402989156697586
valor_aprovado_real,real_jun_2026,regressao_linear,aprendizagem,2022-05,6,2022-10-01,373101374.5192903,373739436.9084697,-638062.389179349,0.17101582378286292,0.17101582378287183
valor_aprovado_real,real_jun_2026,regressao_linear,aprendizagem,2022-05,7,2022-11-01,371409370.2333421,372691198.48674184,-1281828.2533997297,0.34512544812598744,0.34512544812599355
valor_aprovado_real,real_jun_2026,regressao_linear,aprendizagem,2022-05,8,2022-12-01,384096741.9936161,371848623.6937346,12248118.299881518,3.188810776240609,-3.1888107762406137
valor_aprovado_real,real_jun_2026,regressao_linear,aprendizagem,2022-05,9,2023-01-01,374259433.1719504,369872240.8520606,4387192.319889784,1.1722329301648156,-1.1722329301648182
valor_aprovado_real,real_jun_2026,regressao_linear,aprendizagem,2022-05,10,2023-02-01,343845742.32525706,370122987.1730221,-26277244.84776503,7.642160891702524,7.642160891702532
valor_aprovado_real,real_jun_2026,regressao_linear,aprendizagem,2022-05,11,2023-03-01,385752047.0654128,370968436.46967596,14783610.595736861,3.8324127397903274,-3.832412739790325
valor_aprovado_real,real_jun_2026,regressao_linear,aprendizagem,2022-05,12,2023-04-01,354703652.6513935,372226081.8366254,-17522429.185231924,4.940019380757027,4.9400193807570325
valor_aprovado_real,real_jun_2026,regressao_linear,aprendizagem,2022-06,1,2022-06-01,363743552.1431217,373897003.04444015,-10153450.90131843,2.791376188387627,2.7913761883876287
valor_aprovado_real,real_jun_2026,regressao_linear,aprendizagem,2022-06,2,2022-07-01,368638493.582824,374667140.0546607,-6028646.471836686,1.635381702340371,1.635381702340366
valor_aprovado_real,real_jun_2026,regressao_linear,aprendizagem,2022-06,3,2022-08-01,387421803.680154,374839668.37803316,12582135.302120864,3.247658026110572,-3.247658026110567
valor_aprovado_real,real_jun_2026,regressao_linear,aprendizagem,2022-06,4,2022-09-01,374573280.9595117,374405689.6001319,167591.35937976837,0.044741941803874585,-0.04474194180387192
valor_aprovado_real,real_jun_2026,regressao_linear,aprendizagem,2022-06,5,2022-10-01,373101374.5192903,373518818.3945213,-417443.875230968,0.11188483981566921,0.1118848398156791
valor_aprovado_real,real_jun_2026,regressao_linear,aprendizagem,2022-06,6,2022-11-01,371409370.2333421,372454021.5950285,-1044651.3616864085,0.28126682992141383,0.2812668299214227
valor_aprovado_real,real_jun_2026,regressao_linear,aprendizagem,2022-06,7,2022-12-01,384096741.9936161,371533941.05467445,12562800.938941658,3.270738739864255,-3.270738739864254
valor_aprovado_real,real_jun_2026,regressao_linear,aprendizagem,2022-06,8,2023-01-01,374259433.1719504,369662813.353913,4596619.818037391,1.228190771059473,-1.2281907710594675
valor_aprovado_real,real_jun_2026,regressao_linear,aprendizagem,2022-06,9,2023-02-01,343845742.32525706,369768923.0077986,-25923180.68254155,7.539189087302935,7.539189087302933
valor_aprovado_real,real_jun_2026,regressao_linear,aprendizagem,2022-06,10,2023-03-01,385752047.0654128,370481539.762958,15270507.30245483,3.9586328623851412,-3.9586328623851363
valor_aprovado_real,real_jun_2026,regressao_linear,aprendizagem,2022-06,11,2023-04-01,354703652.6513935,371647048.9458267,-16943396.294433236,4.776775251053134,4.776775251053134
valor_aprovado_real,real_jun_2026,regressao_linear,aprendizagem,2022-06,12,2023-05-01,383837561.6060568,372990483.7225776,10847077.883479238,2.8259552916324266,-2.8259552916324315
valor_aprovado_real,real_jun_2026,regressao_linear,aprendizagem,2022-07,1,2022-07-01,368638493.582824,374026332.0401541,-5387838.457330108,1.4615506929201338,1.4615506929201327
valor_aprovado_real,real_jun_2026,regressao_linear,aprendizagem,2022-07,2,2022-08-01,387421803.680154,374272789.21575195,13149014.46440208,3.3939789499451054,-3.393978949945109
valor_aprovado_real,real_jun_2026,regressao_linear,aprendizagem,2022-07,3,2022-09-01,374573280.9595117,373940895.45740956,632385.5021021366,0.1688282465001801,-0.16882824650018557
valor_aprovado_real,real_jun_2026,regressao_linear,aprendizagem,2022-07,4,2022-10-01,373101374.5192903,373153647.55741197,-52273.03812164068,0.014010411564146633,0.014010411564147063
valor_aprovado_real,real_jun_2026,regressao_linear,aprendizagem,2022-07,5,2022-11-01,371409370.2333421,372156054.08257085,-746683.8492287397,0.2010406600026346,0.2010406600026382
valor_aprovado_real,real_jun_2026,regressao_linear,aprendizagem,2022-07,6,2022-12-01,384096741.9936161,371249485.5266085,12847256.467007577,3.344797042621389,-3.3447970426213836
valor_aprovado_real,real_jun_2026,regressao_linear,aprendizagem,2022-07,7,2023-01-01,374259433.1719504,369388778.24754465,4870654.924405754,1.3014113988058043,-1.3014113988058074
valor_aprovado_real,real_jun_2026,regressao_linear,aprendizagem,2022-07,8,2023-02-01,343845742.32525706,369396594.111213,-25550851.785955966,7.43090538599324,7.430905385993247
valor_aprovado_real,real_jun_2026,regressao_linear,aprendizagem,2022-07,9,2023-03-01,385752047.0654128,369982760.90882164,15769286.156591177,4.087933240161689,-4.087933240161689
valor_aprovado_real,real_jun_2026,regressao_linear,aprendizagem,2022-07,10,2023-04-01,354703652.6513935,371024281.84808546,-16320629.19669199,4.601201333760179,4.601201333760185
valor_aprovado_real,real_jun_2026,regressao_linear,aprendizagem,2022-07,11,2023-05-01,383837561.6060568,372276148.36219287,11561413.24386394,3.01205884996991,-3.012058849969912
valor_aprovado_real,real_jun_2026,regressao_linear,aprendizagem,2022-07,12,2023-06-01,370095657.3152356,373436989.95742136,-3341332.6421857476,0.9028294647996119,0.9028294647996038
valor_aprovado_real,real_jun_2026,regressao_linear,aprendizagem,2022-08,1,2022-08-01,387421803.680154,373924889.4985992,13496914.181554854,3.4837776432163783,-3.483777643216379
valor_aprovado_real,real_jun_2026,regressao_linear,aprendizagem,2022-08,2,2022-09-01,374573280.9595117,373629368.9328517,943912.0266600251,0.2519966251308924,-0.2519966251308903
valor_aprovado_real,real_jun_2026,regressao_linear,aprendizagem,2022-08,3,2022-10-01,373101374.5192903,372905140.78286576,196233.73642456532,0.052595286382258966,-0.052595286382262074
valor_aprovado_real,real_jun_2026,regressao_linear,aprendizagem,2022-08,4,2022-11-01,371409370.2333421,371982069.31603503,-572699.0826929212,0.15419618582404546,0.15419618582404038
valor_aprovado_real,real_jun_2026,regressao_linear,aprendizagem,2022-08,5,2022-12-01,384096741.9936161,371143298.705922,12953443.287694097,3.37244289562586,-3.37244289562586
valor_aprovado_real,real_jun_2026,regressao_linear,aprendizagem,2022-08,6,2023-01-01,374259433.1719504,369203568.96449363,5055864.207456768,1.3508982698463856,-1.35089826984639
valor_aprovado_real,real_jun_2026,regressao_linear,aprendizagem,2022-08,7,2023-02-01,343845742.32525706,369222663.47913826,-25376921.153881192,7.380321472724876,7.380321472724871
valor_aprovado_real,real_jun_2026,regressao_linear,aprendizagem,2022-08,8,2023-03-01,385752047.0654128,369785457.9944292,15966589.070983648,4.139080840256995,-4.139080840256993
valor_aprovado_real,real_jun_2026,regressao_linear,aprendizagem,2022-08,9,2023-04-01,354703652.6513935,370776960.0939585,-16073307.442565024,4.531475027792297,4.531475027792298
valor_aprovado_real,real_jun_2026,regressao_linear,aprendizagem,2022-08,10,2023-05-01,383837561.6060568,371967305.51033264,11870256.095724165,3.0925207126828664,-3.092520712682867
valor_aprovado_real,real_jun_2026,regressao_linear,aprendizagem,2022-08,11,2023-06-01,370095657.3152356,373073350.0699891,-2977692.7547534704,0.8045738164977081,0.8045738164977001
valor_aprovado_real,real_jun_2026,regressao_linear,aprendizagem,2022-08,12,2023-07-01,393992620.0391848,373834537.945844,20158082.093340814,5.116360324550237,-5.116360324550239
valor_aprovado_real,real_jun_2026,regressao_linear,aprendizagem,2022-09,1,2022-09-01,374573280.9595117,374508146.2051242,65134.7543874979,0.017389055145804282,-0.017389055145800025
valor_aprovado_real,real_jun_2026,regressao_linear,aprendizagem,2022-09,2,2022-10-01,373101374.5192903,373650608.10197884,-549233.5826885104,0.14720760098945002,0.14720760098945185
valor_aprovado_real,real_jun_2026,regressao_linear,aprendizagem,2022-09,3,2022-11-01,371409370.2333421,372508019.88436085,-1098649.6510187387,0.2958055824839583,0.2958055824839656
valor_aprovado_real,real_jun_2026,regressao_linear,aprendizagem,2022-09,4,2022-12-01,384096741.9936161,371412476.1352098,12684265.858406305,3.3023622623222155,-3.3023622623222115
valor_aprovado_real,real_jun_2026,regressao_linear,aprendizagem,2022-09,5,2023-01-01,374259433.1719504,369790155.8955404,4469277.276409984,1.194165565455931,-1.1941655654559291
valor_aprovado_real,real_jun_2026,regressao_linear,aprendizagem,2022-09,6,2023-02-01,343845742.32525706,369648955.8883659,-25803213.56310886,7.504299279268259,7.504299279268256
valor_aprovado_real,real_jun_2026,regressao_linear,aprendizagem,2022-09,7,2023-03-01,385752047.0654128,370159339.5197367,15592707.545676112,4.042158081673646,-4.042158081673641
valor_aprovado_real,real_jun_2026,regressao_linear,aprendizagem,2022-09,8,2023-04-01,354703652.6513935,371210488.90054446,-16506836.249150991,4.653697847699946,4.653697847699956
valor_aprovado_real,real_jun_2026,regressao_linear,aprendizagem,2022-09,9,2023-05-01,383837561.6060568,372546688.39582485,11290873.21023196,2.941575900750458,-2.9415759007504594
valor_aprovado_real,real_jun_2026,regressao_linear,aprendizagem,2022-09,10,2023-06-01,370095657.3152356,373835843.4226383,-3740186.1074026823,1.0105998364138902,1.0105998364138946
valor_aprovado_real,real_jun_2026,regressao_linear,aprendizagem,2022-09,11,2023-07-01,393992620.0391848,374758464.92537916,19234155.11380565,4.881856698709916,-4.881856698709919
valor_aprovado_real,real_jun_2026,regressao_linear,aprendizagem,2022-09,12,2023-08-01,409567640.7760836,375093276.2102161,34474364.56586748,8.41725789189364,-8.417257891893637
valor_aprovado_real,real_jun_2026,regressao_linear,aprendizagem,2022-10,1,2022-10-01,373101374.5192903,373654558.03733504,-553183.5180447102,0.1482662771632617,0.148266277163267
valor_aprovado_real,real_jun_2026,regressao_linear,aprendizagem,2022-10,2,2022-11-01,371409370.2333421,372511175.1333344,-1101804.8999922872,0.2966551165093293,0.29665511650933674
valor_aprovado_real,real_jun_2026,regressao_linear,aprendizagem,2022-10,3,2022-12-01,384096741.9936161,371414494.53390944,12682247.459706664,3.3018367700493148,-3.3018367700493156
valor_aprovado_real,real_jun_2026,regressao_linear,aprendizagem,2022-10,4,2023-01-01,374259433.1719504,369793340.9279764,4466092.24397397,1.1933145428353336,-1.1933145428353331
valor_aprovado_real,real_jun_2026,regressao_linear,aprendizagem,2022-10,5,2023-02-01,343845742.32525706,369651129.7603362,-25805387.435079157,7.504931502298155,7.504931502298162
valor_aprovado_real,real_jun_2026,regressao_linear,aprendizagem,2022-10,6,2023-03-01,385752047.0654128,370160936.4064582,15591110.65895462,4.041744114532412,-4.041744114532408
valor_aprovado_real,real_jun_2026,regressao_linear,aprendizagem,2022-10,7,2023-04-01,354703652.6513935,371212055.89073044,-16508403.239336967,4.654139622171188,4.654139622171183
valor_aprovado_real,real_jun_2026,regressao_linear,aprendizagem,2022-10,8,2023-05-01,383837561.6060568,372548738.89970595,11288822.706350863,2.941041689384453,-2.9410416893844493
valor_aprovado_real,real_jun_2026,regressao_linear,aprendizagem,2022-10,9,2023-06-01,370095657.3152356,373838719.6041058,-3743062.288870156,1.0113769818384915,1.0113769818384855
valor_aprovado_real,real_jun_2026,regressao_linear,aprendizagem,2022-10,10,2023-07-01,393992620.0391848,374762246.0194467,19230374.019738138,4.880897012189103,-4.8808970121891
valor_aprovado_real,real_jun_2026,regressao_linear,aprendizagem,2022-10,11,2023-08-01,409567640.7760836,375097757.29206175,34469883.48402184,8.416163791335023,-8.416163791335018
valor_aprovado_real,real_jun_2026,regressao_linear,aprendizagem,2022-10,12,2023-09-01,414783083.95888,374781250.75091463,40001833.207965374,9.644036788137436,-9.644036788137434
valor_aprovado_real,real_jun_2026,regressao_linear,aprendizagem,2022-11,1,2022-11-01,371409370.2333421,372478391.156376,-1069020.923033893,0.28782820486253985,0.28782820486255023
valor_aprovado_real,real_jun_2026,regressao_linear,aprendizagem,2022-11,2,2022-12-01,384096741.9936161,371385557.3238803,12711184.66973579,3.309370603811853,-3.3093706038118564
valor_aprovado_real,real_jun_2026,regressao_linear,aprendizagem,2022-11,3,2023-01-01,374259433.1719504,369767485.9784528,4491947.193497598,1.2002228388546214,-1.2002228388546254
valor_aprovado_real,real_jun_2026,regressao_linear,aprendizagem,2022-11,4,2023-02-01,343845742.32525706,369631217.0134061,-25785474.688149035,7.499140316170486,7.499140316170494
valor_aprovado_real,real_jun_2026,regressao_linear,aprendizagem,2022-11,5,2023-03-01,385752047.0654128,370145605.05213183,15606442.013280988,4.045718521004911,-4.045718521004915
valor_aprovado_real,real_jun_2026,regressao_linear,aprendizagem,2022-11,6,2023-04-01,354703652.6513935,371198680.0453071,-16495027.393913627,4.65036863043672,4.65036863043673
valor_aprovado_real,real_jun_2026,regressao_linear,aprendizagem,2022-11,7,2023-05-01,383837561.6060568,372534131.2091909,11303430.396865904,2.944847385328831,-2.9448473853288304
valor_aprovado_real,real_jun_2026,regressao_linear,aprendizagem,2022-11,8,2023-06-01,370095657.3152356,373819985.2931391,-3724327.9779034853,1.0063149632504935,1.0063149632504986
valor_aprovado_real,real_jun_2026,regressao_linear,aprendizagem,2022-11,9,2023-07-01,393992620.0391848,374737558.5440234,19255061.495161414,4.887162986262633,-4.887162986262639
valor_aprovado_real,real_jun_2026,regressao_linear,aprendizagem,2022-11,10,2023-08-01,409567640.7760836,375066847.76052266,34500793.015560925,8.423710659901229,-8.423710659901229
valor_aprovado_real,real_jun_2026,regressao_linear,aprendizagem,2022-11,11,2023-09-01,414783083.95888,374745479.97324944,40037603.98563057,9.652660760292662,-9.652660760292664
valor_aprovado_real,real_jun_2026,regressao_linear,aprendizagem,2022-11,12,2023-10-01,415687803.60620886,373885425.23152673,41802378.37468213,10.056195541951126,-10.05619554195113
valor_aprovado_real,real_jun_2026,regressao_linear,aprendizagem,2022-12,1,2022-12-01,384096741.9936161,371300499.04133755,12796242.952278554,3.331515619179929,-3.3315156191799256
valor_aprovado_real,real_jun_2026,regressao_linear,aprendizagem,2022-12,2,2023-01-01,374259433.1719504,369730655.6274987,4528777.544451714,1.2100636999498164,-1.2100636999498149
valor_aprovado_real,real_jun_2026,regressao_linear,aprendizagem,2022-12,3,2023-02-01,343845742.32525706,369591644.56369495,-25745902.23843789,7.48763153626135,7.487631536261352
valor_aprovado_real,real_jun_2026,regressao_linear,aprendizagem,2022-12,4,2023-03-01,385752047.0654128,370107420.23617923,15644626.829233587,4.055617319013395,-4.055617319013393
valor_aprovado_real,real_jun_2026,regressao_linear,aprendizagem,2022-12,5,2023-04-01,354703652.6513935,371164216.0911271,-16460563.439733624,4.640652363371978,4.640652363371989
valor_aprovado_real,real_jun_2026,regressao_linear,aprendizagem,2022-12,6,2023-05-01,383837561.6060568,372503299.65373427,11334261.952322543,2.95287983408857,-2.952879834088573
valor_aprovado_real,real_jun_2026,regressao_linear,aprendizagem,2022-12,7,2023-06-01,370095657.3152356,373790299.68589574,-3694642.370660126,0.9982938998695542,0.9982938998695623
valor_aprovado_real,real_jun_2026,regressao_linear,aprendizagem,2022-12,8,2023-07-01,393992620.0391848,374704800.68942845,19287819.34975636,4.895477318290398,-4.895477318290398
valor_aprovado_real,real_jun_2026,regressao_linear,aprendizagem,2022-12,9,2023-08-01,409567640.7760836,375026197.9800518,34541442.79603177,8.433635706810165,-8.433635706810161
valor_aprovado_real,real_jun_2026,regressao_linear,aprendizagem,2022-12,10,2023-09-01,414783083.95888,374692808.5343872,40090275.424492836,9.665359310667364,-9.665359310667366
valor_aprovado_real,real_jun_2026,regressao_linear,aprendizagem,2022-12,11,2023-10-01,415687803.60620886,373818398.9062589,41869404.69994998,10.07231974013216,-10.072319740132162
valor_aprovado_real,real_jun_2026,regressao_linear,aprendizagem,2022-12,12,2023-11-01,414908900.7723528,372661701.5704713,42247199.20188153,10.18228317667767,-10.182283176677664
valor_aprovado_real,real_jun_2026,regressao_linear,aprendizagem,2023-01,1,2023-01-01,374259433.1719504,369888490.6883455,4370942.483604908,1.1678910659806174,-1.1678910659806196
valor_aprovado_real,real_jun_2026,regressao_linear,aprendizagem,2023-01,2,2023-02-01,343845742.32525706,370019947.63032365,-26174205.305066586,7.612194098453425,7.6121940984534175
valor_aprovado_real,real_jun_2026,regressao_linear,aprendizagem,2023-01,3,2023-03-01,385752047.0654128,370671857.57255113,15080189.492861688,3.909296038111369,-3.909296038111365
valor_aprovado_real,real_jun_2026,regressao_linear,aprendizagem,2023-01,4,2023-04-01,354703652.6513935,371730073.4636609,-17026420.812267423,4.800181978673101,4.80018197867309
valor_aprovado_real,real_jun_2026,regressao_linear,aprendizagem,2023-01,5,2023-05-01,383837561.6060568,372971578.90140283,10865982.704653978,2.830880505594197,-2.830880505594202
valor_aprovado_real,real_jun_2026,regressao_linear,aprendizagem,2023-01,6,2023-06-01,370095657.3152356,374124245.1975257,-4028587.8822900653,1.088526115522248,1.0885261155222592
valor_aprovado_real,real_jun_2026,regressao_linear,aprendizagem,2023-01,7,2023-07-01,393992620.0391848,374939748.0400313,19052871.999153495,4.835844894063899,-4.835844894063901
valor_aprovado_real,real_jun_2026,regressao_linear,aprendizagem,2023-01,8,2023-08-01,409567640.7760836,375260105.7920356,34307534.98404801,8.376524795523196,-8.3765247955232
valor_aprovado_real,real_jun_2026,regressao_linear,aprendizagem,2023-01,9,2023-09-01,414783083.95888,375060010.5437905,39723073.41508949,9.576830625770524,-9.576830625770526
valor_aprovado_real,real_jun_2026,regressao_linear,aprendizagem,2023-01,10,2023-10-01,415687803.60620886,374453609.3466632,41234194.259545684,9.919510243463346,-9.919510243463348
valor_aprovado_real,real_jun_2026,regressao_linear,aprendizagem,2023-01,11,2023-11-01,414908900.7723528,373663918.60290366,41244982.16944915,9.940732072190213,-9.940732072190217
valor_aprovado_real,real_jun_2026,regressao_linear,aprendizagem,2023-01,12,2023-12-01,423652032.5119792,372963067.00076324,50688965.511215985,11.964763915013839,-11.964763915013844
valor_aprovado_real,real_jun_2026,regressao_linear,aprendizagem,2023-02,1,2023-02-01,343845742.32525706,370360815.25900024,-26515072.93374318,7.711327979353469,7.711327979353477
valor_aprovado_real,real_jun_2026,regressao_linear,aprendizagem,2023-02,2,2023-03-01,385752047.0654128,370900674.9390723,14851372.126340508,3.8499788243047552,-3.849978824304756
valor_aprovado_real,real_jun_2026,regressao_linear,aprendizagem,2023-02,3,2023-04-01,354703652.6513935,371877065.5561792,-17173412.904785752,4.841622795935503,4.841622795935496
valor_aprovado_real,real_jun_2026,regressao_linear,aprendizagem,2023-02,4,2023-05-01,383837561.6060568,373077875.13153315,10759686.474523664,2.8031874810539334,-2.803187481053937
valor_aprovado_real,real_jun_2026,regressao_linear,aprendizagem,2023-02,5,2023-06-01,370095657.3152356,374230858.80771756,-4135201.492481947,1.117333157184202,1.1173331571842082
valor_aprovado_real,real_jun_2026,regressao_linear,aprendizagem,2023-02,6,2023-07-01,393992620.0391848,375076586.6383759,18916033.40080893,4.801113634800475,-4.80111363480048
valor_aprovado_real,real_jun_2026,regressao_linear,aprendizagem,2023-02,7,2023-08-01,409567640.7760836,375437957.6328298,34129683.1432538,8.333100505348025,-8.333100505348023
valor_aprovado_real,real_jun_2026,regressao_linear,aprendizagem,2023-02,8,2023-09-01,414783083.95888,375267653.8235106,39515430.13536942,9.526769934351236,-9.52676993435123
valor_aprovado_real,real_jun_2026,regressao_linear,aprendizagem,2023-02,9,2023-10-01,415687803.60620886,374660819.0771564,41026984.52905244,9.869662802981416,-9.869662802981416
valor_aprovado_real,real_jun_2026,regressao_linear,aprendizagem,2023-02,10,2023-11-01,414908900.7723528,373829565.3725553,41079335.3997975,9.900808424048828,-9.900808424048824
valor_aprovado_real,real_jun_2026,regressao_linear,aprendizagem,2023-02,11,2023-12-01,423652032.5119792,373046137.56712365,50605894.94485557,11.945155708281568,-11.945155708281563
valor_aprovado_real,real_jun_2026,regressao_linear,aprendizagem,2023-02,12,2024-01-01,422852714.1768064,370732964.07253414,52119750.10427225,12.325745669088821,-12.325745669088818
valor_aprovado_real,real_jun_2026,regressao_linear,aprendizagem,2023-03,1,2023-03-01,385752047.0654128,369339602.9540435,16412444.111369312,4.254661572433916,-4.254661572433916
valor_aprovado_real,real_jun_2026,regressao_linear,aprendizagem,2023-03,2,2023-04-01,354703652.6513935,370566522.9249683,-15862870.27357483,4.472147426450392,4.47214742645039
valor_aprovado_real,real_jun_2026,regressao_linear,aprendizagem,2023-03,3,2023-05-01,383837561.6060568,372004901.8694182,11832659.736638606,3.0827258507813244,-3.0827258507813204
valor_aprovado_real,real_jun_2026,regressao_linear,aprendizagem,2023-03,4,2023-06-01,370095657.3152356,373340810.413413,-3245153.0981773734,0.8768417121450458,0.8768417121450378
valor_aprovado_real,real_jun_2026,regressao_linear,aprendizagem,2023-03,5,2023-07-01,393992620.0391848,374287776.04402256,19704843.99516225,5.0013231195047485,-5.001323119504752
valor_aprovado_real,real_jun_2026,regressao_linear,aprendizagem,2023-03,6,2023-08-01,409567640.7760836,374663543.1878601,34904097.58822352,8.522181469728483,-8.522181469728485
valor_aprovado_real,real_jun_2026,regressao_linear,aprendizagem,2023-03,7,2023-09-01,414783083.95888,374438908.4447872,40344175.5140928,9.726572050390649,-9.726572050390647
valor_aprovado_real,real_jun_2026,regressao_linear,aprendizagem,2023-03,8,2023-10-01,415687803.60620886,373745545.61539745,41942257.99081141,10.089845703181691,-10.089845703181687
valor_aprovado_real,real_jun_2026,regressao_linear,aprendizagem,2023-03,9,2023-11-01,414908900.7723528,372840723.81248254,42068176.95987028,10.139135815491155,-10.139135815491152
valor_aprovado_real,real_jun_2026,regressao_linear,aprendizagem,2023-03,10,2023-12-01,423652032.5119792,372038372.41002274,51613660.10195649,12.183031389209033,-12.183031389209031
valor_aprovado_real,real_jun_2026,regressao_linear,aprendizagem,2023-03,11,2024-01-01,422852714.1768064,368600323.87377435,54252390.30303204,12.830091538763924,-12.830091538763922
valor_aprovado_real,real_jun_2026,regressao_linear,aprendizagem,2023-03,12,2024-02-01,397566184.64715,368758113.8714718,28808070.775678158,7.246106909531566,-7.246106909531569
valor_aprovado_real,real_jun_2026,regressao_linear,aprendizagem,2023-04,1,2023-04-01,354703652.6513935,371556371.19282025,-16852718.541426778,4.751210881380409,4.751210881380419
valor_aprovado_real,real_jun_2026,regressao_linear,aprendizagem,2023-04,2,2023-05-01,383837561.6060568,372894331.30843055,10943230.297626257,2.851005579505426,-2.851005579505428
valor_aprovado_real,real_jun_2026,regressao_linear,aprendizagem,2023-04,3,2023-06-01,370095657.3152356,374070196.8378551,-3974539.522619486,1.073922226337852,1.0739222263378423
valor_aprovado_real,real_jun_2026,regressao_linear,aprendizagem,2023-04,4,2023-07-01,393992620.0391848,374845703.1671157,19146916.87206912,4.8597145982492895,-4.859714598249287
valor_aprovado_real,real_jun_2026,regressao_linear,aprendizagem,2023-04,5,2023-08-01,409567640.7760836,375089861.6066004,34477779.169483185,8.418091601219217,-8.418091601219214
valor_aprovado_real,real_jun_2026,regressao_linear,aprendizagem,2023-04,6,2023-09-01,414783083.95888,374814057.70466286,39969026.25421715,9.636127363906558,-9.636127363906555
valor_aprovado_real,real_jun_2026,regressao_linear,aprendizagem,2023-04,7,2023-10-01,415687803.60620886,374169000.4991353,41518803.107073545,9.987977214362854,-9.987977214362854
valor_aprovado_real,real_jun_2026,regressao_linear,aprendizagem,2023-04,8,2023-11-01,414908900.7723528,373404340.1523495,41504560.62000334,10.003294829959689,-10.003294829959685
valor_aprovado_real,real_jun_2026,regressao_linear,aprendizagem,2023-04,9,2023-12-01,423652032.5119792,372801774.3917494,50850258.12022984,12.002835869503823,-12.002835869503825
valor_aprovado_real,real_jun_2026,regressao_linear,aprendizagem,2023-04,10,2024-01-01,422852714.1768064,369459421.88845676,53393292.28834963,12.626924339907255,-12.626924339907253
valor_aprovado_real,real_jun_2026,regressao_linear,aprendizagem,2023-04,11,2024-02-01,397566184.64715,369788563.21779644,27777621.429353535,6.986917525193164,-6.986917525193159
valor_aprovado_real,real_jun_2026,regressao_linear,aprendizagem,2023-04,12,2024-03-01,412314480.556508,370637666.88855845,41676813.66794956,10.108016000722952,-10.108016000722952
valor_aprovado_real,real_jun_2026,regressao_linear,aprendizagem,2023-05,1,2023-05-01,383837561.6060568,371857646.48176676,11979915.12429005,3.1210898365870117,-3.12108983658701
valor_aprovado_real,real_jun_2026,regressao_linear,aprendizagem,2023-05,2,2023-06-01,370095657.3152356,373171630.7505222,-3075973.4352865815,0.8311292971121156,0.8311292971121098
valor_aprovado_real,real_jun_2026,regressao_linear,aprendizagem,2023-05,3,2023-07-01,393992620.0391848,374147464.5837314,19845155.455453396,5.0369358323208395,-5.036935832320843
valor_aprovado_real,real_jun_2026,regressao_linear,aprendizagem,2023-05,4,2023-08-01,409567640.7760836,374586423.4494641,34981217.326619506,8.54101101843254,-8.541011018432542
valor_aprovado_real,real_jun_2026,regressao_linear,aprendizagem,2023-05,5,2023-09-01,414783083.95888,374433638.0297617,40349445.929118335,9.727842694066672,-9.727842694066668
valor_aprovado_real,real_jun_2026,regressao_linear,aprendizagem,2023-05,6,2023-10-01,415687803.60620886,373792796.41007364,41895007.19613522,10.07847880853954,-10.078478808539536
valor_aprovado_real,real_jun_2026,regressao_linear,aprendizagem,2023-05,7,2023-11-01,414908900.7723528,372898360.94049674,42010539.83185607,10.125244301496899,-10.125244301496894
valor_aprovado_real,real_jun_2026,regressao_linear,aprendizagem,2023-05,8,2023-12-01,423652032.5119792,372052744.2384108,51599288.27356845,12.1796390230016,-12.179639023001599
valor_aprovado_real,real_jun_2026,regressao_linear,aprendizagem,2023-05,9,2024-01-01,422852714.1768064,368912495.91236055,53940218.26444584,12.756266296990576,-12.756266296990571
valor_aprovado_real,real_jun_2026,regressao_linear,aprendizagem,2023-05,10,2024-02-01,397566184.64715,368941904.61329734,28624280.033852637,7.199877942148778,-7.19987794214878
valor_aprovado_real,real_jun_2026,regressao_linear,aprendizagem,2023-05,11,2024-03-01,412314480.556508,369563057.5996692,42751422.95683879,10.36864455964206,-10.36864455964206
valor_aprovado_real,real_jun_2026,regressao_linear,aprendizagem,2023-05,12,2024-04-01,414900864.9981269,370672266.7860267,44228598.21210021,10.660040010352805,-10.6600400103528
valor_aprovado_real,real_jun_2026,regressao_linear,aprendizagem,2023-06,1,2023-06-01,370095657.3152356,373867602.9067741,-3771945.591538489,1.0191812621907277,1.0191812621907381
valor_aprovado_real,real_jun_2026,regressao_linear,aprendizagem,2023-06,2,2023-07-01,393992620.0391848,374740580.3912331,19252039.647951722,4.886396005599545,-4.886396005599547
valor_aprovado_real,real_jun_2026,regressao_linear,aprendizagem,2023-06,3,2023-08-01,409567640.7760836,375049812.10150015,34517828.674583435,8.427870084945216,-8.427870084945221
valor_aprovado_real,real_jun_2026,regressao_linear,aprendizagem,2023-06,4,2023-09-01,414783083.95888,374784222.72309446,39998861.235785544,9.643320275749451,-9.643320275749456
valor_aprovado_real,real_jun_2026,regressao_linear,aprendizagem,2023-06,5,2023-10-01,415687803.60620886,374086759.7880376,41601043.81817126,10.007761463596113,-10.00776146359611
valor_aprovado_real,real_jun_2026,regressao_linear,aprendizagem,2023-06,6,2023-11-01,414908900.7723528,373216090.99908805,41692809.773264766,10.048666031423672,-10.04866603142367
valor_aprovado_real,real_jun_2026,regressao_linear,aprendizagem,2023-06,7,2023-12-01,423652032.5119792,372477294.4276792,51174738.08430004,12.079427019591371,-12.079427019591371
valor_aprovado_real,real_jun_2026,regressao_linear,aprendizagem,2023-06,8,2024-01-01,422852714.1768064,369186755.21157146,53665958.965234935,12.691406999647569,-12.691406999647569
valor_aprovado_real,real_jun_2026,regressao_linear,aprendizagem,2023-06,9,2024-02-01,397566184.64715,369413319.6491346,28152864.998015404,7.081302707623833,-7.081302707623838
valor_aprovado_real,real_jun_2026,regressao_linear,aprendizagem,2023-06,10,2024-03-01,412314480.556508,370214705.1753704,42099775.38113761,10.210598309405677,-10.210598309405682
valor_aprovado_real,real_jun_2026,regressao_linear,aprendizagem,2023-06,11,2024-04-01,414900864.9981269,371447964.25825745,43452900.739869475,10.473080295955913,-10.473080295955917
valor_aprovado_real,real_jun_2026,regressao_linear,aprendizagem,2023-06,12,2024-05-01,428186217.42614233,372854429.1950372,55331788.23110515,12.922365545464878,-12.922365545464876
valor_aprovado_real,real_jun_2026,regressao_linear,aprendizagem,2023-07,1,2023-07-01,393992620.0391848,374530565.19444644,19462054.844738364,4.939700353474325,-4.93970035347433
valor_aprovado_real,real_jun_2026,regressao_linear,aprendizagem,2023-07,2,2023-08-01,409567640.7760836,374864711.8130509,34702928.96303266,8.473064155477372,-8.473064155477372
valor_aprovado_real,real_jun_2026,regressao_linear,aprendizagem,2023-07,3,2023-09-01,414783083.95888,374632991.8644316,40150092.09444839,9.679780503881087,-9.679780503881085
valor_aprovado_real,real_jun_2026,regressao_linear,aprendizagem,2023-07,4,2023-10-01,415687803.60620886,373968202.3764345,41719601.229774356,10.036282245436372,-10.036282245436368
valor_aprovado_real,real_jun_2026,regressao_linear,aprendizagem,2023-07,5,2023-11-01,414908900.7723528,373119181.01024854,41789719.76210427,10.072022963188479,-10.072022963188477
valor_aprovado_real,real_jun_2026,regressao_linear,aprendizagem,2023-07,6,2023-12-01,423652032.5119792,372384130.2100433,51267902.30193591,12.101417759747502,-12.101417759747502
valor_aprovado_real,real_jun_2026,regressao_linear,aprendizagem,2023-07,7,2024-01-01,422852714.1768064,369099804.2987669,53752909.87803948,12.71196993087383,-12.711969930873824
valor_aprovado_real,real_jun_2026,regressao_linear,aprendizagem,2023-07,8,2024-02-01,397566184.64715,369293428.292955,28272756.354195,7.111459033993996,-7.111459033993994
valor_aprovado_real,real_jun_2026,regressao_linear,aprendizagem,2023-07,9,2024-03-01,412314480.556508,370052918.85436684,42261561.702141166,10.249836883026763,-10.249836883026763
valor_aprovado_real,real_jun_2026,regressao_linear,aprendizagem,2023-07,10,2024-04-01,414900864.9981269,371245478.95515645,43655386.04297048,10.521883593365745,-10.521883593365743
valor_aprovado_real,real_jun_2026,regressao_linear,aprendizagem,2023-07,11,2024-05-01,428186217.42614233,372622270.93413496,55563946.492007375,12.976584539784161,-12.976584539784163
valor_aprovado_real,real_jun_2026,regressao_linear,aprendizagem,2023-07,12,2024-06-01,397949486.3841517,373885092.34713274,24064394.037018955,6.047097649420994,-6.047097649420996
valor_aprovado_real,real_jun_2026,regressao_linear,aprendizagem,2023-08,1,2023-08-01,409567640.7760836,375974844.6900063,33592796.08607727,8.20201420757333,-8.202014207573328
valor_aprovado_real,real_jun_2026,regressao_linear,aprendizagem,2023-08,2,2023-09-01,414783083.95888,375624506.3697569,39158577.58912313,9.440736400186744,-9.440736400186744
valor_aprovado_real,real_jun_2026,regressao_linear,aprendizagem,2023-08,3,2023-10-01,415687803.60620886,374757553.3619213,40930250.24428755,9.846391904984003,-9.846391904983998
valor_aprovado_real,real_jun_2026,regressao_linear,aprendizagem,2023-08,4,2023-11-01,414908900.7723528,373671417.65522754,41237483.11712527,9.938924674877233,-9.938924674877237
valor_aprovado_real,real_jun_2026,regressao_linear,aprendizagem,2023-08,5,2023-12-01,423652032.5119792,372722261.0655576,50929771.44642162,12.021604415407007,-12.021604415407005
valor_aprovado_real,real_jun_2026,regressao_linear,aprendizagem,2023-08,6,2024-01-01,422852714.1768064,369677446.52600604,53175267.65080035,12.575363919401566,-12.575363919401571
valor_aprovado_real,real_jun_2026,regressao_linear,aprendizagem,2023-08,7,2024-02-01,397566184.64715,369838321.2300651,27727863.417084873,6.974401870142464,-6.974401870142466
valor_aprovado_real,real_jun_2026,regressao_linear,aprendizagem,2023-08,8,2024-03-01,412314480.556508,370674816.1221016,41639664.4344064,10.099006073763071,-10.099006073763073
valor_aprovado_real,real_jun_2026,regressao_linear,aprendizagem,2023-08,9,2024-04-01,414900864.9981269,372027925.70172423,42872939.29640269,10.33329715921326,-10.333297159213261
valor_aprovado_real,real_jun_2026,regressao_linear,aprendizagem,2023-08,10,2024-05-01,428186217.42614233,373600217.980205,54585999.445937335,12.748191610196526,-12.748191610196525
valor_aprovado_real,real_jun_2026,regressao_linear,aprendizagem,2023-08,11,2024-06-01,397949486.3841517,375035531.141662,22913955.242489696,5.758005984802357,-5.758005984802361
valor_aprovado_real,real_jun_2026,regressao_linear,aprendizagem,2023-08,12,2024-07-01,428926715.2871956,376014406.81399983,52912308.47319579,12.335978755197702,-12.335978755197708
valor_aprovado_real,real_jun_2026,regressao_linear,aprendizagem,2023-09,1,2023-09-01,414783083.95888,377562380.7598019,37220703.19907808,8.97353451443261,-8.973534514432613
valor_aprovado_real,real_jun_2026,regressao_linear,aprendizagem,2023-09,2,2023-10-01,415687803.60620886,376398216.0718323,39289587.53437656,9.451705629447945,-9.451705629447948
valor_aprovado_real,real_jun_2026,regressao_linear,aprendizagem,2023-09,3,2023-11-01,414908900.7723528,374826568.0362569,40082332.736095905,9.66051406983139,-9.660514069831393
valor_aprovado_real,real_jun_2026,regressao_linear,aprendizagem,2023-09,4,2023-12-01,423652032.5119792,373311702.7461701,50340329.76580912,11.88247096734646,-11.882470967346459
valor_aprovado_real,real_jun_2026,regressao_linear,aprendizagem,2023-09,5,2024-01-01,422852714.1768064,370951515.63528883,51901198.541517556,12.274060636587574,-12.274060636587569
valor_aprovado_real,real_jun_2026,regressao_linear,aprendizagem,2023-09,6,2024-02-01,397566184.64715,370761831.64525586,26804353.001894116,6.742110882917182,-6.742110882917185
valor_aprovado_real,real_jun_2026,regressao_linear,aprendizagem,2023-09,7,2024-03-01,412314480.556508,371485464.9506139,40829015.60589409,9.902396721741729,-9.902396721741724
valor_aprovado_real,real_jun_2026,regressao_linear,aprendizagem,2023-09,8,2024-04-01,414900864.9981269,372971662.86275196,41929202.13537496,10.105836278640743,-10.105836278640744
valor_aprovado_real,real_jun_2026,regressao_linear,aprendizagem,2023-09,9,2024-05-01,428186217.42614233,374865344.1224958,53320873.303646564,12.452729941697354,-12.45272994169736
valor_aprovado_real,real_jun_2026,regressao_linear,aprendizagem,2023-09,10,2024-06-01,397949486.3841517,376702242.636751,21247243.7474007,5.339181095685634,-5.33918109568563
valor_aprovado_real,real_jun_2026,regressao_linear,aprendizagem,2023-09,11,2024-07-01,428926715.2871956,378033307.20322096,50893408.08397466,11.86529219796861,-11.865292197968614
valor_aprovado_real,real_jun_2026,regressao_linear,aprendizagem,2023-09,12,2024-08-01,429625420.7342852,378545024.41742235,51080396.31686282,11.889519067461103,-11.889519067461107
valor_aprovado_real,real_jun_2026,regressao_linear,aprendizagem,2023-10,1,2023-10-01,415687803.60620886,378403197.2561755,37284606.35003334,8.969377024434893,-8.969377024434898
valor_aprovado_real,real_jun_2026,regressao_linear,aprendizagem,2023-10,2,2023-11-01,414908900.7723528,376423221.7420984,38485679.03025442,9.275693762802712,-9.275693762802717
valor_aprovado_real,real_jun_2026,regressao_linear,aprendizagem,2023-10,3,2023-12-01,423652032.5119792,374327517.59501433,49324514.91696489,11.642695214868391,-11.642695214868393
valor_aprovado_real,real_jun_2026,regressao_linear,aprendizagem,2023-10,4,2024-01-01,422852714.1768064,372551810.2438582,50300903.93294817,11.895608623648558,-11.895608623648556
valor_aprovado_real,real_jun_2026,regressao_linear,aprendizagem,2023-10,5,2024-02-01,397566184.64715,371848429.7837827,25717754.86336726,6.468798367796904,-6.468798367796902
valor_aprovado_real,real_jun_2026,regressao_linear,aprendizagem,2023-10,6,2024-03-01,412314480.556508,372280029.6361861,40034450.92032188,9.709688310312723,-9.709688310312725
valor_aprovado_real,real_jun_2026,regressao_linear,aprendizagem,2023-10,7,2024-04-01,414900864.9981269,373752415.58849496,41148449.40963197,9.917658139810754,-9.917658139810758
valor_aprovado_real,real_jun_2026,regressao_linear,aprendizagem,2023-10,8,2024-05-01,428186217.42614233,375892515.6331725,52293701.79296982,12.212840970760565,-12.212840970760563
valor_aprovado_real,real_jun_2026,regressao_linear,aprendizagem,2023-10,9,2024-06-01,397949486.3841517,378148344.310857,19801142.0732947,4.975792845773422,-4.9757928457734195
valor_aprovado_real,real_jun_2026,regressao_linear,aprendizagem,2023-10,10,2024-07-01,428926715.2871956,379936906.7684313,48989808.51876432,11.42148688173044,-11.421486881730436
valor_aprovado_real,real_jun_2026,regressao_linear,aprendizagem,2023-10,11,2024-08-01,429625420.7342852,380800411.7591072,48825008.975178,11.364553077825278,-11.36455307782528
valor_aprovado_real,real_jun_2026,regressao_linear,aprendizagem,2023-10,12,2024-09-01,400816433.4473056,380528936.4373042,20287497.01000142,5.061543219551792,-5.0615432195517895
valor_aprovado_real,real_jun_2026,regressao_linear,aprendizagem,2023-11,1,2023-11-01,414908900.7723528,378384276.0538835,36524624.71846932,8.803046801473466,-8.803046801473469
valor_aprovado_real,real_jun_2026,regressao_linear,aprendizagem,2023-11,2,2023-12-01,423652032.5119792,376049831.0640444,47602201.44793481,11.23615556986353,-11.236155569863527
valor_aprovado_real,real_jun_2026,regressao_linear,aprendizagem,2023-11,3,2024-01-01,422852714.1768064,374090914.14804566,48761800.02876073,11.53162753695181,-11.531627536951806
valor_aprovado_real,real_jun_2026,regressao_linear,aprendizagem,2023-11,4,2024-02-01,397566184.64715,373027049.4653702,24539135.1817798,6.172339632848529,-6.172339632848534
valor_aprovado_real,real_jun_2026,regressao_linear,aprendizagem,2023-11,5,2024-03-01,412314480.556508,373182489.9646339,39131990.59187412,9.490811610365222,-9.490811610365224
valor_aprovado_real,real_jun_2026,regressao_linear,aprendizagem,2023-11,6,2024-04-01,414900864.9981269,374538467.6474225,40362397.35070443,9.728202748115903,-9.7282027481159
valor_aprovado_real,real_jun_2026,regressao_linear,aprendizagem,2023-11,7,2024-05-01,428186217.42614233,376754531.5465126,51431685.87962973,12.011522974464063,-12.01152297446406
valor_aprovado_real,real_jun_2026,regressao_linear,aprendizagem,2023-11,8,2024-06-01,397949486.3841517,379259771.2876017,18689715.096549988,4.696504389632077,-4.696504389632072
valor_aprovado_real,real_jun_2026,regressao_linear,aprendizagem,2023-11,9,2024-07-01,428926715.2871956,381405792.0630531,47520923.22414255,11.079030876480626,-11.079030876480623
valor_aprovado_real,real_jun_2026,regressao_linear,aprendizagem,2023-11,10,2024-08-01,429625420.7342852,382640451.4969786,46984969.237306595,10.936263770659387,-10.936263770659382
valor_aprovado_real,real_jun_2026,regressao_linear,aprendizagem,2023-11,11,2024-09-01,400816433.4473056,382655805.7489649,18160627.698340714,4.530908960529994,-4.530908960530001
valor_aprovado_real,real_jun_2026,regressao_linear,aprendizagem,2023-11,12,2024-10-01,430772070.9800495,381470622.8174263,49301448.16262317,11.444903577536364,-11.444903577536358
valor_aprovado_real,real_jun_2026,regressao_linear,aprendizagem,2023-12,1,2023-12-01,423652032.5119792,378627113.3816591,45024919.13032013,10.627806708102364,-10.62780670810236
valor_aprovado_real,real_jun_2026,regressao_linear,aprendizagem,2023-12,2,2024-01-01,422852714.1768064,375205852.11820924,47646862.05859715,11.26795701225526,-11.267957012255259
valor_aprovado_real,real_jun_2026,regressao_linear,aprendizagem,2023-12,3,2024-02-01,397566184.64715,374219086.8677123,23347097.77943766,5.872505932605611,-5.872505932605609
valor_aprovado_real,real_jun_2026,regressao_linear,aprendizagem,2023-12,4,2024-03-01,412314480.556508,374329274.87797815,37985205.67852986,9.212678057598309,-9.21267805759831
valor_aprovado_real,real_jun_2026,regressao_linear,aprendizagem,2023-12,5,2024-04-01,414900864.9981269,375572216.96607447,39328648.03205246,9.479047008549864,-9.479047008549868
valor_aprovado_real,real_jun_2026,regressao_linear,aprendizagem,2023-12,6,2024-05-01,428186217.42614233,377680193.40869135,50506024.01745099,11.795340896548767,-11.795340896548767
valor_aprovado_real,real_jun_2026,regressao_linear,aprendizagem,2023-12,7,2024-06-01,397949486.3841517,380153699.2257999,17795787.15835178,4.471870869855329,-4.471870869855332
valor_aprovado_real,real_jun_2026,regressao_linear,aprendizagem,2023-12,8,2024-07-01,428926715.2871956,382395286.1366663,46531429.150529325,10.848340169106363,-10.848340169106363
valor_aprovado_real,real_jun_2026,regressao_linear,aprendizagem,2023-12,9,2024-08-01,429625420.7342852,383869648.3441939,45755772.3900913,10.650154805059904,-10.650154805059909
valor_aprovado_real,real_jun_2026,regressao_linear,aprendizagem,2023-12,10,2024-09-01,400816433.4473056,384247057.2909587,16569376.156346917,4.133906390473696,-4.133906390473696
valor_aprovado_real,real_jun_2026,regressao_linear,aprendizagem,2023-12,11,2024-10-01,430772070.9800495,383491712.15989304,47280358.820156455,10.975725216490687,-10.975725216490684
valor_aprovado_real,real_jun_2026,regressao_linear,aprendizagem,2023-12,12,2024-11-01,415187175.93382543,381871332.6743068,33315843.259518623,8.02429487003921,-8.024294870039206
valor_aprovado_real,real_jun_2026,regressao_linear,aprendizagem,2024-01,1,2024-01-01,422852714.1768064,375699504.7127547,47153209.464051664,11.151213621945821,-11.151213621945821
valor_aprovado_real,real_jun_2026,regressao_linear,aprendizagem,2024-01,2,2024-02-01,397566184.64715,375558668.32039267,22007516.32675731,5.535560411479548,-5.535560411479546
valor_aprovado_real,real_jun_2026,regressao_linear,aprendizagem,2024-01,3,2024-03-01,412314480.556508,376094636.47801465,36219844.07849336,8.784519047113456,-8.78451904711346
valor_aprovado_real,real_jun_2026,regressao_linear,aprendizagem,2024-01,4,2024-04-01,414900864.9981269,377342019.94011164,37558845.05801529,9.05248656403376,-9.052486564033757
valor_aprovado_real,real_jun_2026,regressao_linear,aprendizagem,2024-01,5,2024-05-01,428186217.42614233,379144806.3048575,49041411.12128484,11.453290443600972,-11.453290443600972
valor_aprovado_real,real_jun_2026,regressao_linear,aprendizagem,2024-01,6,2024-06-01,397949486.3841517,381198163.4111873,16751322.972964406,4.209409371317516,-4.209409371317518
valor_aprovado_real,real_jun_2026,regressao_linear,aprendizagem,2024-01,7,2024-07-01,428926715.2871956,383130118.870182,45796596.417013645,10.677021221760391,-10.677021221760386
valor_aprovado_real,real_jun_2026,regressao_linear,aprendizagem,2024-01,8,2024-08-01,429625420.7342852,384601229.76628566,45024190.96799952,10.479871254137471,-10.479871254137475
valor_aprovado_real,real_jun_2026,regressao_linear,aprendizagem,2024-01,9,2024-09-01,400816433.4473056,385395536.1124053,15420897.33490032,3.847371526728499,-3.8473715267284936
valor_aprovado_real,real_jun_2026,regressao_linear,aprendizagem,2024-01,10,2024-10-01,430772070.9800495,385478427.15404993,45293643.82599956,10.514526562261103,-10.514526562261107
valor_aprovado_real,real_jun_2026,regressao_linear,aprendizagem,2024-01,11,2024-11-01,415187175.93382543,385005915.29304576,30181260.640779674,7.269314273230373,-7.269314273230377
valor_aprovado_real,real_jun_2026,regressao_linear,aprendizagem,2024-01,12,2024-12-01,421181584.3568608,384282832.6904575,36898751.66640329,8.760770422274573,-8.760770422274577
valor_aprovado_real,real_jun_2026,regressao_linear,aprendizagem,2024-02,1,2024-02-01,397566184.64715,378826973.64159155,18739211.00555843,4.713482114227083,-4.7134821142270855
valor_aprovado_real,real_jun_2026,regressao_linear,aprendizagem,2024-02,2,2024-03-01,412314480.556508,378274661.0836284,34039819.47287959,8.255790441057382,-8.255790441057387
valor_aprovado_real,real_jun_2026,regressao_linear,aprendizagem,2024-02,3,2024-04-01,414900864.9981269,378727322.0164628,36173542.98166412,8.718599075908754,-8.71859907590875
valor_aprovado_real,real_jun_2026,regressao_linear,aprendizagem,2024-02,4,2024-05-01,428186217.42614233,380134852.52558625,48051364.90055609,11.222071833464478,-11.222071833464476
valor_aprovado_real,real_jun_2026,regressao_linear,aprendizagem,2024-02,5,2024-06-01,397949486.3841517,382191292.1646465,15758194.21950519,3.9598478597591074,-3.9598478597591025
valor_aprovado_real,real_jun_2026,regressao_linear,aprendizagem,2024-02,6,2024-07-01,428926715.2871956,384416805.8099637,44509909.47723192,10.377042951831411,-10.377042951831417
valor_aprovado_real,real_jun_2026,regressao_linear,aprendizagem,2024-02,7,2024-08-01,429625420.7342852,386286255.0944202,43339165.63986498,10.087663240641758,-10.087663240641753
valor_aprovado_real,real_jun_2026,regressao_linear,aprendizagem,2024-02,8,2024-09-01,400816433.4473056,387369908.80884457,13446524.638461053,3.3547837654288286,-3.354783765428826
valor_aprovado_real,real_jun_2026,regressao_linear,aprendizagem,2024-02,9,2024-10-01,430772070.9800495,387448589.0324714,43323481.94757807,10.05717057027695,-10.057170570276952
valor_aprovado_real,real_jun_2026,regressao_linear,aprendizagem,2024-02,10,2024-11-01,415187175.93382543,386572399.6798092,28614776.25401622,6.892018326350471,-6.892018326350469
valor_aprovado_real,real_jun_2026,regressao_linear,aprendizagem,2024-02,11,2024-12-01,421181584.3568608,385047301.1972102,36134283.159650624,8.579264740367801,-8.579264740367798
valor_aprovado_real,real_jun_2026,regressao_linear,aprendizagem,2024-02,12,2025-01-01,422148225.0857496,381969972.53348637,40178252.55226326,9.517569935086657,-9.517569935086655
valor_aprovado_real,real_jun_2026,regressao_linear,aprendizagem,2024-03,1,2024-03-01,412314480.556508,379254633.1801434,33059847.37636459,8.018114554633913,-8.018114554633915
valor_aprovado_real,real_jun_2026,regressao_linear,aprendizagem,2024-03,2,2024-04-01,414900864.9981269,379545844.5203995,35355020.47772741,8.521317611108625,-8.521317611108625
valor_aprovado_real,real_jun_2026,regressao_linear,aprendizagem,2024-03,3,2024-05-01,428186217.42614233,380801559.8831015,47384657.54304081,11.066366831672758,-11.066366831672758
valor_aprovado_real,real_jun_2026,regressao_linear,aprendizagem,2024-03,4,2024-06-01,397949486.3841517,382742204.428927,15207281.955224693,3.821410122526124,-3.8214101225261254
valor_aprovado_real,real_jun_2026,regressao_linear,aprendizagem,2024-03,5,2024-07-01,428926715.2871956,384904677.0970628,44022038.1901328,10.263300610841423,-10.26330061084142
valor_aprovado_real,real_jun_2026,regressao_linear,aprendizagem,2024-03,6,2024-08-01,429625420.7342852,386766438.16046464,42858982.57382053,9.975895397569587,-9.97589539756959
valor_aprovado_real,real_jun_2026,regressao_linear,aprendizagem,2024-03,7,2024-09-01,400816433.4473056,387885523.3237309,12930910.123574734,3.226142703870631,-3.226142703870627
valor_aprovado_real,real_jun_2026,regressao_linear,aprendizagem,2024-03,8,2024-10-01,430772070.9800495,388018967.6991396,42753103.280909896,9.924762109958131,-9.92476210995813
valor_aprovado_real,real_jun_2026,regressao_linear,aprendizagem,2024-03,9,2024-11-01,415187175.93382543,387187908.0521024,27999267.881723046,6.743769919855547,-6.743769919855547
valor_aprovado_real,real_jun_2026,regressao_linear,aprendizagem,2024-03,10,2024-12-01,421181584.3568608,385671919.2219418,35509665.13491899,8.43096337869136,-8.43096337869136
valor_aprovado_real,real_jun_2026,regressao_linear,aprendizagem,2024-03,11,2025-01-01,422148225.0857496,383304920.0991973,38843304.9865523,9.2013427223725,-9.201342722372496
valor_aprovado_real,real_jun_2026,regressao_linear,aprendizagem,2024-03,12,2025-02-01,381835234.55866665,381867814.75146043,-32580.192793786526,0.008532526557284167,0.008532526557281095
valor_aprovado_real,real_jun_2026,regressao_linear,aprendizagem,2024-04,1,2024-04-01,414900864.9981269,381318162.41666317,33582702.581463754,8.094151016439882,-8.094151016439888
valor_aprovado_real,real_jun_2026,regressao_linear,aprendizagem,2024-04,2,2024-05-01,428186217.42614233,382389418.039372,45796799.38677031,10.695533280369956,-10.69553328036995
valor_aprovado_real,real_jun_2026,regressao_linear,aprendizagem,2024-04,3,2024-06-01,397949486.3841517,384040151.6240149,13909334.760136783,3.4952513411990473,-3.495251341199046
valor_aprovado_real,real_jun_2026,regressao_linear,aprendizagem,2024-04,4,2024-07-01,428926715.2871956,385893937.6155927,43032777.671602905,10.032664354513225,-10.032664354513221
valor_aprovado_real,real_jun_2026,regressao_linear,aprendizagem,2024-04,5,2024-08-01,429625420.7342852,387519942.73064685,42105478.00363833,9.800508994946027,-9.800508994946021
valor_aprovado_real,real_jun_2026,regressao_linear,aprendizagem,2024-04,6,2024-09-01,400816433.4473056,388548367.3876346,12268066.059671044,3.0607692289851927,-3.060769228985194
valor_aprovado_real,real_jun_2026,regressao_linear,aprendizagem,2024-04,7,2024-10-01,430772070.9800495,388769533.2061647,42002537.77388477,9.75052483749116,-9.75052483749116
valor_aprovado_real,real_jun_2026,regressao_linear,aprendizagem,2024-04,8,2024-11-01,415187175.93382543,388190066.1596936,26997109.774131835,6.50239490499937,-6.502394904999365
valor_aprovado_real,real_jun_2026,regressao_linear,aprendizagem,2024-04,9,2024-12-01,421181584.3568608,387031121.1512885,34150463.20557231,8.108251755052313,-8.10825175505231
valor_aprovado_real,real_jun_2026,regressao_linear,aprendizagem,2024-04,10,2025-01-01,422148225.0857496,384833669.42642194,37314555.659327686,8.8392070467069,-8.839207046706898
valor_aprovado_real,real_jun_2026,regressao_linear,aprendizagem,2024-04,11,2025-02-01,381835234.55866665,383699452.88760555,-1864218.3289389014,0.4882258524658168,0.48822585246581784
valor_aprovado_real,real_jun_2026,regressao_linear,aprendizagem,2024-04,12,2025-03-01,411595502.0153863,383162816.8068555,28432685.208530784,6.907919321107622,-6.9079193211076255
valor_aprovado_real,real_jun_2026,regressao_linear,aprendizagem,2024-05,1,2024-05-01,428186217.42614233,384231357.5840975,43954859.84204483,10.265360736331171,-10.265360736331175
valor_aprovado_real,real_jun_2026,regressao_linear,aprendizagem,2024-05,2,2024-06-01,397949486.3841517,385632613.2473263,12316873.136825383,3.0950845668225244,-3.0950845668225258
valor_aprovado_real,real_jun_2026,regressao_linear,aprendizagem,2024-05,3,2024-07-01,428926715.2871956,387127073.1318386,41799642.155357,9.745171066663287,-9.745171066663282
valor_aprovado_real,real_jun_2026,regressao_linear,aprendizagem,2024-05,4,2024-08-01,429625420.7342852,388404911.52227503,41220509.212010145,9.594522861696356,-9.594522861696353
valor_aprovado_real,real_jun_2026,regressao_linear,aprendizagem,2024-05,5,2024-09-01,400816433.4473056,389214346.2576768,11602087.18962884,2.894613648907222,-2.8946136489072183
valor_aprovado_real,real_jun_2026,regressao_linear,aprendizagem,2024-05,6,2024-10-01,430772070.9800495,389429103.5581837,41342967.42186576,9.597411301017353,-9.597411301017356
valor_aprovado_real,real_jun_2026,regressao_linear,aprendizagem,2024-05,7,2024-11-01,415187175.93382543,389082252.9823725,26104922.95145291,6.287507048535054,-6.287507048535057
valor_aprovado_real,real_jun_2026,regressao_linear,aprendizagem,2024-05,8,2024-12-01,421181584.3568608,388357346.46574235,32824237.891118467,7.79336967955061,-7.79336967955061
valor_aprovado_real,real_jun_2026,regressao_linear,aprendizagem,2024-05,9,2025-01-01,422148225.0857496,385790414.2207576,36357810.86499202,8.612569875807669,-8.612569875807663
valor_aprovado_real,real_jun_2026,regressao_linear,aprendizagem,2024-05,10,2025-02-01,381835234.55866665,385188924.9769199,-3353690.418253243,0.8783082635444868,0.8783082635444917
valor_aprovado_real,real_jun_2026,regressao_linear,aprendizagem,2024-05,11,2025-03-01,411595502.0153863,385055839.3881167,26539662.627269566,6.44799627238819,-6.44799627238819
valor_aprovado_real,real_jun_2026,regressao_linear,aprendizagem,2024-05,12,2025-04-01,410168062.7006887,385517431.23420846,24650631.466480255,6.009885631799793,-6.0098856317997935
valor_aprovado_real,real_jun_2026,regressao_linear,aprendizagem,2024-06,1,2024-06-01,397949486.3841517,387915068.34402,10034418.040131688,2.5215305920624274,-2.5215305920624265
valor_aprovado_real,real_jun_2026,regressao_linear,aprendizagem,2024-06,2,2024-07-01,428926715.2871956,389066370.89503795,39860344.392157674,9.293043070415528,-9.29304307041553
valor_aprovado_real,real_jun_2026,regressao_linear,aprendizagem,2024-06,3,2024-08-01,429625420.7342852,389914273.1135373,39711147.620747864,9.243202497858809,-9.243202497858805
valor_aprovado_real,real_jun_2026,regressao_linear,aprendizagem,2024-06,4,2024-09-01,400816433.4473056,390351744.3010209,10464689.1462847,2.610843337006158,-2.6108433370061523
valor_aprovado_real,real_jun_2026,regressao_linear,aprendizagem,2024-06,5,2024-10-01,430772070.9800495,390381728.422301,40390342.5577485,9.376267701352232,-9.376267701352237
valor_aprovado_real,real_jun_2026,regressao_linear,aprendizagem,2024-06,6,2024-11-01,415187175.93382543,390116355.27250504,25070820.66132039,6.038438110457511,-6.038438110457511
valor_aprovado_real,real_jun_2026,regressao_linear,aprendizagem,2024-06,7,2024-12-01,421181584.3568608,389746895.38902414,31434688.967836678,7.463452851538385,-7.463452851538388
valor_aprovado_real,real_jun_2026,regressao_linear,aprendizagem,2024-06,8,2025-01-01,422148225.0857496,386666646.1113888,35481578.97436082,8.405004893045225,-8.40500489304522
valor_aprovado_real,real_jun_2026,regressao_linear,aprendizagem,2024-06,9,2025-02-01,381835234.55866665,386715660.32036626,-4880425.761699617,1.2781496624690798,1.2781496624690858
valor_aprovado_real,real_jun_2026,regressao_linear,aprendizagem,2024-06,10,2025-03-01,411595502.0153863,387175105.5603594,24420396.455026865,5.933105764142675,-5.9331057641426765
valor_aprovado_real,real_jun_2026,regressao_linear,aprendizagem,2024-06,11,2025-04-01,410168062.7006887,388042037.8665561,22126024.83413261,5.394380217817837,-5.39438021781784
valor_aprovado_real,real_jun_2026,regressao_linear,aprendizagem,2024-06,12,2025-05-01,424625475.1310262,389204327.4438288,35421147.68719739,8.341738723110648,-8.341738723110648
valor_aprovado_real,real_jun_2026,regressao_linear,aprendizagem,2024-07,1,2024-07-01,428926715.2871956,389566201.48715335,39360513.80004227,9.176512536340322,-9.17651253634032
valor_aprovado_real,real_jun_2026,regressao_linear,aprendizagem,2024-07,2,2024-08-01,429625420.7342852,390353514.627936,39271906.10634917,9.140964247233887,-9.140964247233885
valor_aprovado_real,real_jun_2026,regressao_linear,aprendizagem,2024-07,3,2024-09-01,400816433.4473056,390709600.2981692,10106833.149136424,2.5215615692726194,-2.5215615692726234
valor_aprovado_real,real_jun_2026,regressao_linear,aprendizagem,2024-07,4,2024-10-01,430772070.9800495,390661778.6639701,40110292.31607938,9.311256466749215,-9.311256466749217
valor_aprovado_real,real_jun_2026,regressao_linear,aprendizagem,2024-07,5,2024-11-01,415187175.93382543,390345596.5274956,24841579.40632981,5.983224156781081,-5.983224156781086
valor_aprovado_real,real_jun_2026,regressao_linear,aprendizagem,2024-07,6,2024-12-01,421181584.3568608,389968507.6707676,31213076.68609321,7.410836049196027,-7.410836049196023
valor_aprovado_real,real_jun_2026,regressao_linear,aprendizagem,2024-07,7,2025-01-01,422148225.0857496,386868198.58277255,35280026.50297707,8.357260413877318,-8.35726041387732
valor_aprovado_real,real_jun_2026,regressao_linear,aprendizagem,2024-07,8,2025-02-01,381835234.55866665,386996977.2784974,-5161742.719830751,1.3518246229415691,1.3518246229415665
valor_aprovado_real,real_jun_2026,regressao_linear,aprendizagem,2024-07,9,2025-03-01,411595502.0153863,387556983.4447717,24038518.570614576,5.840325866757399,-5.840325866757401
valor_aprovado_real,real_jun_2026,regressao_linear,aprendizagem,2024-07,10,2025-04-01,410168062.7006887,388520896.9154783,21647165.78521043,5.27763318349995,-5.277633183499953
valor_aprovado_real,real_jun_2026,regressao_linear,aprendizagem,2024-07,11,2025-05-01,424625475.1310262,389753170.8884603,34872304.24256593,8.212485186341075,-8.212485186341079
valor_aprovado_real,real_jun_2026,regressao_linear,aprendizagem,2024-07,12,2025-06-01,394647218.1248688,391046351.58169574,3600866.5431730747,0.9124266883933129,-0.9124266883933085
valor_aprovado_real,real_jun_2026,regressao_linear,aprendizagem,2024-08,1,2024-08-01,429625420.7342852,392364193.40740734,37261227.32687783,8.672956843008404,-8.672956843008405
valor_aprovado_real,real_jun_2026,regressao_linear,aprendizagem,2024-08,2,2024-09-01,400816433.4473056,392501760.4180394,8314673.029266238,2.0744341637278074,-2.074434163727812
valor_aprovado_real,real_jun_2026,regressao_linear,aprendizagem,2024-08,3,2024-10-01,430772070.9800495,392086243.1942532,38685827.785796285,8.98057938105926,-8.980579381059261
valor_aprovado_real,real_jun_2026,regressao_linear,aprendizagem,2024-08,4,2024-11-01,415187175.93382543,391341590.3448147,23845585.589010715,5.743333843435313,-5.743333843435316
valor_aprovado_real,real_jun_2026,regressao_linear,aprendizagem,2024-08,5,2024-12-01,421181584.3568608,390579942.1035836,30601642.253277242,7.265664831952607,-7.265664831952612
valor_aprovado_real,real_jun_2026,regressao_linear,aprendizagem,2024-08,6,2025-01-01,422148225.0857496,387895190.46502495,34253034.62072468,8.113982858453797,-8.113982858453795
valor_aprovado_real,real_jun_2026,regressao_linear,aprendizagem,2024-08,7,2025-02-01,381835234.55866665,387969329.8099924,-6134095.2513257265,1.606477007920876,1.6064770079208701
valor_aprovado_real,real_jun_2026,regressao_linear,aprendizagem,2024-08,8,2025-03-01,411595502.0153863,388672303.5241851,22923198.491201162,5.569351068939584,-5.5693510689395875
valor_aprovado_real,real_jun_2026,regressao_linear,aprendizagem,2024-08,9,2025-04-01,410168062.7006887,389928361.47279614,20239701.227892578,4.934489802698769,-4.934489802698772
valor_aprovado_real,real_jun_2026,regressao_linear,aprendizagem,2024-08,10,2025-05-01,424625475.1310262,391513555.0470594,33111920.08396679,7.797911812462378,-7.797911812462377
valor_aprovado_real,real_jun_2026,regressao_linear,aprendizagem,2024-08,11,2025-06-01,394647218.1248688,393115744.01311535,1531474.1117534637,0.3880615500167787,-0.3880615500167828
valor_aprovado_real,real_jun_2026,regressao_linear,aprendizagem,2024-08,12,2025-07-01,423835549.0030809,394418234.2355983,29417314.76748258,6.9407379434490855,-6.940737943449083
valor_aprovado_real,real_jun_2026,regressao_linear,aprendizagem,2024-09,1,2024-09-01,400816433.4473056,394431299.51221347,6385133.935092151,1.5930319723109831,-1.5930319723109876
valor_aprovado_real,real_jun_2026,regressao_linear,aprendizagem,2024-09,2,2024-10-01,430772070.9800495,393717296.6462579,37054774.33379161,8.601944469029364,-8.601944469029366
valor_aprovado_real,real_jun_2026,regressao_linear,aprendizagem,2024-09,3,2024-11-01,415187175.93382543,392488105.0577868,22699070.87603861,5.467189786145153,-5.467189786145155
valor_aprovado_real,real_jun_2026,regressao_linear,aprendizagem,2024-09,4,2024-12-01,421181584.3568608,391163626.2658769,30017958.090983927,7.12708228609306,-7.1270822860930565
valor_aprovado_real,real_jun_2026,regressao_linear,aprendizagem,2024-09,5,2025-01-01,422148225.0857496,389148327.81512475,32999897.270624876,7.817135145817968,-7.817135145817966
valor_aprovado_real,real_jun_2026,regressao_linear,aprendizagem,2024-09,6,2025-02-01,381835234.55866665,388875754.10406846,-7040519.545401812,1.8438632447158512,1.8438632447158598
valor_aprovado_real,real_jun_2026,regressao_linear,aprendizagem,2024-09,7,2025-03-01,411595502.0153863,389468515.5603757,22126986.455010593,5.375905797479643,-5.375905797479641
valor_aprovado_real,real_jun_2026,regressao_linear,aprendizagem,2024-09,8,2025-04-01,410168062.7006887,390858322.8561274,19309739.84456134,4.707762890513542,-4.7077628905135445
valor_aprovado_real,real_jun_2026,regressao_linear,aprendizagem,2024-09,9,2025-05-01,424625475.1310262,392763318.8743945,31862156.256631732,7.5035903690893875,-7.503590369089386
valor_aprovado_real,real_jun_2026,regressao_linear,aprendizagem,2024-09,10,2025-06-01,394647218.1248688,394763602.0961005,-116383.97123169899,0.02949063515123383,0.029490635151230293
valor_aprovado_real,real_jun_2026,regressao_linear,aprendizagem,2024-09,11,2025-07-01,423835549.0030809,396413738.87295836,27421810.130122542,6.469917446665903,-6.469917446665907
valor_aprovado_real,real_jun_2026,regressao_linear,aprendizagem,2024-09,12,2025-08-01,411913243.8502616,397362117.0138108,14551126.836450815,3.532570766707474,-3.532570766707477
valor_aprovado_real,real_jun_2026,regressao_linear,aprendizagem,2024-10,1,2024-10-01,430772070.9800495,394026693.95163184,36745377.02841765,8.530120568127419,-8.530120568127419
valor_aprovado_real,real_jun_2026,regressao_linear,aprendizagem,2024-10,2,2024-11-01,415187175.93382543,392733891.88778746,22453284.046037972,5.407990744303887,-5.407990744303881
valor_aprovado_real,real_jun_2026,regressao_linear,aprendizagem,2024-10,3,2024-12-01,421181584.3568608,391319327.47825235,29862256.878608465,7.090114569991888,-7.09011456999189
valor_aprovado_real,real_jun_2026,regressao_linear,aprendizagem,2024-10,4,2025-01-01,422148225.0857496,389393247.00777704,32754978.07797259,7.759117800701206,-7.75911780070121
valor_aprovado_real,real_jun_2026,regressao_linear,aprendizagem,2024-10,5,2025-02-01,381835234.55866665,389041357.3379588,-7206122.779292166,1.887233583255133,1.8872335832551324
valor_aprovado_real,real_jun_2026,regressao_linear,aprendizagem,2024-10,6,2025-03-01,411595502.0153863,389589161.915224,22006340.100162268,5.3465939235020175,-5.346593923502018
valor_aprovado_real,real_jun_2026,regressao_linear,aprendizagem,2024-10,7,2025-04-01,410168062.7006887,390977005.7389475,19191056.96174121,4.678827706716276,-4.678827706716271
valor_aprovado_real,real_jun_2026,regressao_linear,aprendizagem,2024-10,8,2025-05-01,424625475.1310262,392920145.97080517,31705329.16022104,7.466657329129338,-7.466657329129333
valor_aprovado_real,real_jun_2026,regressao_linear,aprendizagem,2024-10,9,2025-06-01,394647218.1248688,394985048.5483535,-337830.42348468304,0.08560314325534948,0.08560314325534168
valor_aprovado_real,real_jun_2026,regressao_linear,aprendizagem,2024-10,10,2025-07-01,423835549.0030809,396705553.2869526,27129995.71612829,6.401066588194819,-6.401066588194815
valor_aprovado_real,real_jun_2026,regressao_linear,aprendizagem,2024-10,11,2025-08-01,411913243.8502616,397707781.12478405,14205462.725477576,3.4486540400341035,-3.448654040034105
valor_aprovado_real,real_jun_2026,regressao_linear,aprendizagem,2024-10,12,2025-09-01,411490588.8396937,397810314.7155321,13680274.124161601,3.324565493159089,-3.324565493159093
valor_aprovado_real,real_jun_2026,regressao_linear,aprendizagem,2024-11,1,2024-11-01,415187175.93382543,394471333.75573254,20715842.178092897,4.989518795107171,-4.989518795107173
valor_aprovado_real,real_jun_2026,regressao_linear,aprendizagem,2024-11,2,2024-12-01,421181584.3568608,392839199.6515982,28342384.7052626,6.72925544656495,-6.729255446564952
valor_aprovado_real,real_jun_2026,regressao_linear,aprendizagem,2024-11,3,2025-01-01,422148225.0857496,390751427.1306151,31396797.95513451,7.437387175738327,-7.43738717573833
valor_aprovado_real,real_jun_2026,regressao_linear,aprendizagem,2024-11,4,2025-02-01,381835234.55866665,390076653.91622907,-8241419.357562423,2.1583705775838187,2.1583705775838125
valor_aprovado_real,real_jun_2026,regressao_linear,aprendizagem,2024-11,5,2025-03-01,411595502.0153863,390378333.65664387,21217168.358742416,5.154859140795294,-5.154859140795298
valor_aprovado_real,real_jun_2026,regressao_linear,aprendizagem,2024-11,6,2025-04-01,410168062.7006887,391663454.5326793,18504608.1680094,4.511469773187274,-4.511469773187271
valor_aprovado_real,real_jun_2026,regressao_linear,aprendizagem,2024-11,7,2025-05-01,424625475.1310262,393675492.46706223,30949982.663963974,7.2887719829842466,-7.288771982984244
valor_aprovado_real,real_jun_2026,regressao_linear,aprendizagem,2024-11,8,2025-06-01,394647218.1248688,395963146.54377085,-1315928.4189020395,0.33344424044202225,0.3334442404420157
valor_aprovado_real,real_jun_2026,regressao_linear,aprendizagem,2024-11,9,2025-07-01,423835549.0030809,398001264.7240261,25834284.27905482,6.0953556962884745,-6.095355696288474
valor_aprovado_real,real_jun_2026,regressao_linear,aprendizagem,2024-11,10,2025-08-01,411913243.8502616,399331557.9109863,12581685.939275324,3.054450452156136,-3.054450452156132
valor_aprovado_real,real_jun_2026,regressao_linear,aprendizagem,2024-11,11,2025-09-01,411490588.8396937,399685398.14314574,11805190.696547985,2.868884736789688,-2.8688847367896897
valor_aprovado_real,real_jun_2026,regressao_linear,aprendizagem,2024-11,12,2025-10-01,427672977.16345227,399055797.2396845,28617179.923767745,6.691369680069954,-6.6913696800699585
valor_aprovado_real,real_jun_2026,regressao_linear,aprendizagem,2024-12,1,2024-12-01,421181584.3568608,394152496.9840012,27029087.372859597,6.417442826740083,-6.417442826740083
valor_aprovado_real,real_jun_2026,regressao_linear,aprendizagem,2024-12,2,2025-01-01,422148225.0857496,391319090.19427544,30829134.891474187,7.302917093921682,-7.302917093921679
valor_aprovado_real,real_jun_2026,regressao_linear,aprendizagem,2024-12,3,2025-02-01,381835234.55866665,390681162.3972124,-8845927.83854574,2.3166871566397096,2.3166871566397074
valor_aprovado_real,real_jun_2026,regressao_linear,aprendizagem,2024-12,4,2025-03-01,411595502.0153863,390958479.050173,20637022.9652133,5.013908768235724,-5.013908768235719
valor_aprovado_real,real_jun_2026,regressao_linear,aprendizagem,2024-12,5,2025-04-01,410168062.7006887,392185886.9110389,17982175.789649844,4.384099452124323,-4.384099452124324
valor_aprovado_real,real_jun_2026,regressao_linear,aprendizagem,2024-12,6,2025-05-01,424625475.1310262,394143656.56579757,30481818.56522864,7.178518565289306,-7.178518565289305
valor_aprovado_real,real_jun_2026,regressao_linear,aprendizagem,2024-12,7,2025-06-01,394647218.1248688,396416358.7475803,-1769140.6227114797,0.44828407282772553,0.44828407282773153
valor_aprovado_real,real_jun_2026,regressao_linear,aprendizagem,2024-12,8,2025-07-01,423835549.0030809,398504178.2732321,25331370.729848802,5.976697988036078,-5.976697988036072
valor_aprovado_real,real_jun_2026,regressao_linear,aprendizagem,2024-12,9,2025-08-01,411913243.8502616,399956839.11800265,11956404.732258976,2.902651204049501,-2.9026512040495
valor_aprovado_real,real_jun_2026,regressao_linear,aprendizagem,2024-12,10,2025-09-01,411490588.8396937,400494255.51274955,10996333.326944172,2.672317089426331,-2.672317089426335
valor_aprovado_real,real_jun_2026,regressao_linear,aprendizagem,2024-12,11,2025-10-01,427672977.16345227,400081580.69959116,27591396.463861108,6.451517382945604,-6.451517382945604
valor_aprovado_real,real_jun_2026,regressao_linear,aprendizagem,2024-12,12,2025-11-01,396346421.4330967,398938544.0925401,-2592122.6594433784,0.6540043051406556,0.6540043051406652
valor_aprovado_real,real_jun_2026,regressao_linear,aprendizagem,2025-01,1,2025-01-01,422148225.0857496,391585802.08250946,30562423.003240168,7.239737416172274,-7.239737416172276
valor_aprovado_real,real_jun_2026,regressao_linear,aprendizagem,2025-01,2,2025-02-01,381835234.55866665,391404914.89570075,-9569680.337034106,2.5062329169530275,2.5062329169530217
valor_aprovado_real,real_jun_2026,regressao_linear,aprendizagem,2025-01,3,2025-03-01,411595502.0153863,391912273.13727784,19683228.87810844,4.7821778376413455,-4.782177837641344
valor_aprovado_real,real_jun_2026,regressao_linear,aprendizagem,2025-01,4,2025-04-01,410168062.7006887,393142080.59506506,17025982.105623662,4.150977039391779,-4.150977039391779
valor_aprovado_real,real_jun_2026,regressao_linear,aprendizagem,2025-01,5,2025-05-01,424625475.1310262,394934961.3728308,29690513.7581954,6.992164977627363,-6.992164977627358
valor_aprovado_real,real_jun_2026,regressao_linear,aprendizagem,2025-01,6,2025-06-01,394647218.1248688,396980664.5329756,-2333446.408106804,0.5912740039557272,0.5912740039557329
valor_aprovado_real,real_jun_2026,regressao_linear,aprendizagem,2025-01,7,2025-07-01,423835549.0030809,398901195.58471316,24934353.418367743,5.883025498219002,-5.883025498218997
valor_aprovado_real,real_jun_2026,regressao_linear,aprendizagem,2025-01,8,2025-08-01,411913243.8502616,400352099.80261964,11561144.047641993,2.806693938650026,-2.806693938650029
valor_aprovado_real,real_jun_2026,regressao_linear,aprendizagem,2025-01,9,2025-09-01,411490588.8396937,401114758.5921404,10375830.247553349,2.5215230989390887,-2.5215230989390935
valor_aprovado_real,real_jun_2026,regressao_linear,aprendizagem,2025-01,10,2025-10-01,427672977.16345227,401154968.16545093,26518008.998001337,6.200534149686625,-6.200534149686621
valor_aprovado_real,real_jun_2026,regressao_linear,aprendizagem,2025-01,11,2025-11-01,396346421.4330967,400632104.41878307,-4285682.985686362,1.0812972576339472,1.0812972576339508
valor_aprovado_real,real_jun_2026,regressao_linear,aprendizagem,2025-01,12,2025-12-01,432042733.88196224,399856418.28973603,32186315.592226207,7.449799074972936,-7.44979907497294
valor_aprovado_real,real_jun_2026,regressao_linear,aprendizagem,2025-02,1,2025-02-01,381835234.55866665,393311476.67295724,-11476242.114290595,3.005548224892101,3.005548224892096
valor_aprovado_real,real_jun_2026,regressao_linear,aprendizagem,2025-02,2,2025-03-01,411595502.0153863,393177524.6082983,18417977.40708798,4.474776161766578,-4.474776161766581
valor_aprovado_real,real_jun_2026,regressao_linear,aprendizagem,2025-02,3,2025-04-01,410168062.7006887,393939011.9522443,16229050.748444438,3.9566831804472393,-3.95668318044724
valor_aprovado_real,real_jun_2026,regressao_linear,aprendizagem,2025-02,4,2025-05-01,424625475.1310262,395498973.3644633,29126501.76656288,6.859339223011843,-6.85933922301184
valor_aprovado_real,real_jun_2026,regressao_linear,aprendizagem,2025-02,5,2025-06-01,394647218.1248688,397546493.0228526,-2899274.8979837894,0.73464977448959,0.7346497744895819
valor_aprovado_real,real_jun_2026,regressao_linear,aprendizagem,2025-02,6,2025-07-01,423835549.0030809,399640014.2669849,24195534.736096025,5.7087081989718005,-5.708708198971801
valor_aprovado_real,real_jun_2026,regressao_linear,aprendizagem,2025-02,7,2025-08-01,411913243.8502616,401325654.3486825,10587589.501579106,2.570344522699517,-2.570344522699519
valor_aprovado_real,real_jun_2026,regressao_linear,aprendizagem,2025-02,8,2025-09-01,411490588.8396937,402258821.94785017,9231766.891843557,2.243494053624643,-2.2434940536246395
valor_aprovado_real,real_jun_2026,regressao_linear,aprendizagem,2025-02,9,2025-10-01,427672977.16345227,402296550.1384129,25376427.025039375,5.933605436880517,-5.933605436880518
valor_aprovado_real,real_jun_2026,regressao_linear,aprendizagem,2025-02,10,2025-11-01,396346421.4330967,401535804.26070255,-5189382.827605844,1.3093048270354604,1.3093048270354624
valor_aprovado_real,real_jun_2026,regressao_linear,aprendizagem,2025-02,11,2025-12-01,432042733.88196224,400287500.136822,31755233.745140254,7.350021480471433,-7.350021480471436
valor_aprovado_real,real_jun_2026,regressao_linear,aprendizagem,2025-02,12,2026-01-01,419718499.1084349,397804118.25969946,21914380.84873545,5.22120919027537,-5.221209190275367
valor_aprovado_real,real_jun_2026,regressao_linear,aprendizagem,2025-03,1,2025-03-01,411595502.0153863,392637654.46335804,18957847.55202824,4.6059413815750485,-4.605941381575052
valor_aprovado_real,real_jun_2026,regressao_linear,aprendizagem,2025-03,2,2025-04-01,410168062.7006887,393489940.34596056,16678122.354728162,4.066167961716381,-4.066167961716383
valor_aprovado_real,real_jun_2026,regressao_linear,aprendizagem,2025-03,3,2025-05-01,424625475.1310262,395134723.5516311,29490751.579395115,6.945120654924246,-6.945120654924242
valor_aprovado_real,real_jun_2026,regressao_linear,aprendizagem,2025-03,4,2025-06-01,394647218.1248688,397246456.9036876,-2599238.778818786,0.6586233627007022,0.6586233627007054
valor_aprovado_real,real_jun_2026,regressao_linear,aprendizagem,2025-03,5,2025-07-01,423835549.0030809,399374474.3108184,24461074.69226253,5.771359846949677,-5.771359846949675
valor_aprovado_real,real_jun_2026,regressao_linear,aprendizagem,2025-03,6,2025-08-01,411913243.8502616,401063746.38230515,10849497.467956483,2.6339278063854836,-2.633927806385483
valor_aprovado_real,real_jun_2026,regressao_linear,aprendizagem,2025-03,7,2025-09-01,411490588.8396937,401976805.18579817,9513783.653895557,2.312029463595311,-2.312029463595311
valor_aprovado_real,real_jun_2026,regressao_linear,aprendizagem,2025-03,8,2025-10-01,427672977.16345227,401984168.5072611,25688808.65619117,6.006647608781035,-6.006647608781035
valor_aprovado_real,real_jun_2026,regressao_linear,aprendizagem,2025-03,9,2025-11-01,396346421.4330967,401199034.50565606,-4852613.072559357,1.2243362902113344,1.2243362902113253
valor_aprovado_real,real_jun_2026,regressao_linear,aprendizagem,2025-03,10,2025-12-01,432042733.88196224,399946950.357665,32095783.524297237,7.428844650600253,-7.428844650600253
valor_aprovado_real,real_jun_2026,regressao_linear,aprendizagem,2025-03,11,2026-01-01,419718499.1084349,397070356.10745907,22648143.000975847,5.396031637653566,-5.396031637653564
valor_aprovado_real,real_jun_2026,regressao_linear,aprendizagem,2025-03,12,2026-02-01,378058045.77417153,396240733.24003786,-18182687.465866327,4.809496231890152,4.8094962318901535
valor_aprovado_real,real_jun_2026,regressao_linear,aprendizagem,2025-04,1,2025-04-01,410168062.7006887,394404642.6084797,15763420.092209041,3.8431612613661867,-3.8431612613661903
valor_aprovado_real,real_jun_2026,regressao_linear,aprendizagem,2025-04,2,2025-05-01,424625475.1310262,395952280.8564558,28673194.274570405,6.752584560717359,-6.752584560717356
valor_aprovado_real,real_jun_2026,regressao_linear,aprendizagem,2025-04,3,2025-06-01,394647218.1248688,397912997.81659514,-3265779.691726327,0.8275187412300508,0.82751874123006
valor_aprovado_real,real_jun_2026,regressao_linear,aprendizagem,2025-04,4,2025-07-01,423835549.0030809,399881007.4035044,23954541.599576533,5.651848141554168,-5.651848141554172
valor_aprovado_real,real_jun_2026,regressao_linear,aprendizagem,2025-04,5,2025-08-01,411913243.8502616,401448569.47833663,10464674.371924996,2.5405044698512067,-2.5405044698512014
valor_aprovado_real,real_jun_2026,regressao_linear,aprendizagem,2025-04,6,2025-09-01,411490588.8396937,402315243.4897168,9175345.349976897,2.2297825512484266,-2.229782551248427
valor_aprovado_real,real_jun_2026,regressao_linear,aprendizagem,2025-04,7,2025-10-01,427672977.16345227,402368391.2768567,25304585.886595547,5.916807289164868,-5.916807289164872
valor_aprovado_real,real_jun_2026,regressao_linear,aprendizagem,2025-04,8,2025-11-01,396346421.4330967,401713358.37377465,-5366936.940677941,1.3541025351691942,1.3541025351691882
valor_aprovado_real,real_jun_2026,regressao_linear,aprendizagem,2025-04,9,2025-12-01,432042733.88196224,400645246.75852937,31397487.123432875,7.2672179534932155,-7.26721795349321
valor_aprovado_real,real_jun_2026,regressao_linear,aprendizagem,2025-04,10,2026-01-01,419718499.1084349,397855482.9788094,21863016.1296255,5.208971292918198,-5.208971292918196
valor_aprovado_real,real_jun_2026,regressao_linear,aprendizagem,2025-04,11,2026-02-01,378058045.77417153,397180526.2488712,-19122480.474699676,5.058080548329942,5.058080548329946
valor_aprovado_real,real_jun_2026,regressao_linear,aprendizagem,2025-04,12,2026-03-01,417924666.2769595,397206457.582385,20718208.694574475,4.95740270109936,-4.957402701099356
valor_aprovado_real,real_jun_2026,regressao_linear,aprendizagem,2025-05,1,2025-05-01,424625475.1310262,396732332.8792725,27893142.251753688,6.5688810223048275,-6.568881022304829
valor_aprovado_real,real_jun_2026,regressao_linear,aprendizagem,2025-05,2,2025-06-01,394647218.1248688,398586005.67620015,-3938787.5513313413,0.9980527849774643,0.9980527849774656
valor_aprovado_real,real_jun_2026,regressao_linear,aprendizagem,2025-05,3,2025-07-01,423835549.0030809,400400686.8756739,23434862.127407014,5.529234671921459,-5.529234671921457
valor_aprovado_real,real_jun_2026,regressao_linear,aprendizagem,2025-05,4,2025-08-01,411913243.8502616,401820105.0532214,10093138.797040224,2.450306939077024,-2.4503069390770293
valor_aprovado_real,real_jun_2026,regressao_linear,aprendizagem,2025-05,5,2025-09-01,411490588.8396937,402593899.19189346,8896689.647800267,2.1620639424310606,-2.1620639424310584
valor_aprovado_real,real_jun_2026,regressao_linear,aprendizagem,2025-05,6,2025-10-01,427672977.16345227,402644702.71457165,25028274.448880613,5.852199176782465,-5.852199176782468
valor_aprovado_real,real_jun_2026,regressao_linear,aprendizagem,2025-05,7,2025-11-01,396346421.4330967,402088873.7958283,-5742452.362731576,1.4488467795339746,1.4488467795339854
valor_aprovado_real,real_jun_2026,regressao_linear,aprendizagem,2025-05,8,2025-12-01,432042733.88196224,401205317.28301716,30837416.59894508,7.1375848221926415,-7.137584822192644
valor_aprovado_real,real_jun_2026,regressao_linear,aprendizagem,2025-05,9,2026-01-01,419718499.1084349,398255562.9829087,21462936.12552619,5.11365026109588,-5.113650261095881
valor_aprovado_real,real_jun_2026,regressao_linear,aprendizagem,2025-05,10,2026-02-01,378058045.77417153,397806261.08947766,-19748215.315306127,5.223593449748319,5.2235934497483205
valor_aprovado_real,real_jun_2026,regressao_linear,aprendizagem,2025-05,11,2026-03-01,417924666.2769595,398002583.23492205,19922083.042037427,4.766907686859293,-4.766907686859289
valor_aprovado_real,real_jun_2026,regressao_linear,aprendizagem,2025-05,12,2026-04-01,399704198.75121015,398921895.9963604,782302.7548497319,0.19572042457744218,-0.1957204245774391
valor_aprovado_real,real_jun_2026,regressao_linear,aprendizagem,2025-06,1,2025-06-01,394647218.1248688,399895411.1828654,-5248193.057996571,1.3298441790449946,1.3298441790450033
valor_aprovado_real,real_jun_2026,regressao_linear,aprendizagem,2025-06,2,2025-07-01,423835549.0030809,401510523.8029463,22325025.200134575,5.267379117359571,-5.267379117359572
valor_aprovado_real,real_jun_2026,regressao_linear,aprendizagem,2025-06,3,2025-08-01,411913243.8502616,402681214.1586943,9232029.691567302,2.2412558540903147,-2.2412558540903182
valor_aprovado_real,real_jun_2026,regressao_linear,aprendizagem,2025-06,4,2025-09-01,411490588.8396937,403240684.20174617,8249904.637947559,2.0048829454910115,-2.0048829454910155
valor_aprovado_real,real_jun_2026,regressao_linear,aprendizagem,2025-06,5,2025-10-01,427672977.16345227,403185911.87292314,24487065.290529132,5.725651747496411,-5.725651747496407
valor_aprovado_real,real_jun_2026,regressao_linear,aprendizagem,2025-06,6,2025-11-01,396346421.4330967,402678460.8605474,-6332039.4274507165,1.5976022703965715,1.5976022703965809
valor_aprovado_real,real_jun_2026,regressao_linear,aprendizagem,2025-06,7,2025-12-01,432042733.88196224,402001189.7406298,30041544.141332448,6.953373309025504,-6.953373309025501
valor_aprovado_real,real_jun_2026,regressao_linear,aprendizagem,2025-06,8,2026-01-01,419718499.1084349,398747499.14048445,20970999.967950463,4.996444048212555,-4.996444048212556
valor_aprovado_real,real_jun_2026,regressao_linear,aprendizagem,2025-06,9,2026-02-01,378058045.77417153,398673191.91404325,-20615146.139871716,5.452905015592745,5.452905015592746
valor_aprovado_real,real_jun_2026,regressao_linear,aprendizagem,2025-06,10,2026-03-01,417924666.2769595,399210105.00029814,18714561.276661336,4.477974809043494,-4.477974809043495
valor_aprovado_real,real_jun_2026,regressao_linear,aprendizagem,2025-06,11,2026-04-01,399704198.75121015,400361260.4584279,-657061.7072177529,0.16438699149786293,0.16438699149785574
valor_aprovado_real,real_jun_2026,regressao_linear,aprendizagem,2025-06,12,2026-05-01,427248135.7591183,401965094.60011035,25283041.159007967,5.917648093206075,-5.917648093206074
valor_aprovado_real,real_jun_2026,regressao_linear,aprendizagem,2025-07,1,2025-07-01,423835549.0030809,401274019.86995876,22561529.133122146,5.323179989547819,-5.323179989547821
valor_aprovado_real,real_jun_2026,regressao_linear,aprendizagem,2025-07,2,2025-08-01,411913243.8502616,402473875.1501084,9439368.700153232,2.2915914555018833,-2.2915914555018846
valor_aprovado_real,real_jun_2026,regressao_linear,aprendizagem,2025-07,3,2025-09-01,411490588.8396937,403072152.5141668,8418436.325526953,2.04583933481078,-2.045839334810784
valor_aprovado_real,real_jun_2026,regressao_linear,aprendizagem,2025-07,4,2025-10-01,427672977.16345227,403054212.13033974,24618765.033112526,5.7564462446041995,-5.756446244604197
valor_aprovado_real,real_jun_2026,regressao_linear,aprendizagem,2025-07,5,2025-11-01,396346421.4330967,402570529.21474075,-6224107.781644046,1.570370626569332,1.5703706265693285
valor_aprovado_real,real_jun_2026,regressao_linear,aprendizagem,2025-07,6,2025-12-01,432042733.88196224,401896374.3187526,30146359.563209653,6.977633738297262,-6.977633738297262
valor_aprovado_real,real_jun_2026,regressao_linear,aprendizagem,2025-07,7,2026-01-01,419718499.1084349,398654199.41489756,21064299.693537354,5.018673167440104,-5.018673167440102
valor_aprovado_real,real_jun_2026,regressao_linear,aprendizagem,2025-07,8,2026-02-01,378058045.77417153,398541625.670725,-20483579.896553457,5.418104475096683,5.4181044750966745
valor_aprovado_real,real_jun_2026,regressao_linear,aprendizagem,2025-07,9,2026-03-01,417924666.2769595,399030629.8426437,18894036.4343158,4.520919189248017,-4.520919189248018
valor_aprovado_real,real_jun_2026,regressao_linear,aprendizagem,2025-07,10,2026-04-01,399704198.75121015,400135851.7624478,-431653.0112376213,0.10799311405440032,0.10799311405440548
valor_aprovado_real,real_jun_2026,regressao_linear,aprendizagem,2025-07,11,2026-05-01,427248135.7591183,401706816.21402377,25541319.54509455,5.978099705388697,-5.978099705388695
valor_aprovado_real,real_jun_2026,regressao_linear,aprendizagem,2025-07,12,2026-06-01,409258364.78,403468252.64598906,5790112.134010911,1.4147816226367007,-1.414781622636696
valor_aprovado_real,real_jun_2026,ridge,aprendizagem,2022-01,1,2022-01-01,376627415.5025755,370665481.38499993,5961934.117575586,1.5829793244392258,-1.5829793244392265
valor_aprovado_real,real_jun_2026,ridge,aprendizagem,2022-01,2,2022-02-01,345128541.7684927,370962165.2545853,-25833623.486092627,7.485217928867052,7.4852179288670495
valor_aprovado_real,real_jun_2026,ridge,aprendizagem,2022-01,3,2022-03-01,380554639.46775067,371722461.39825463,8832178.069496036,2.320869897118808,-2.3208698971188046
valor_aprovado_real,real_jun_2026,ridge,aprendizagem,2022-01,4,2022-04-01,364739929.8149265,372783138.0877754,-8043208.272848904,2.205189949159152,2.2051899491591476
valor_aprovado_real,real_jun_2026,ridge,aprendizagem,2022-01,5,2022-05-01,365435073.1539744,373900476.8702322,-8465403.71625781,2.3165274321359273,2.3165274321359286
valor_aprovado_real,real_jun_2026,ridge,aprendizagem,2022-01,6,2022-06-01,363743552.1431217,374815576.73066604,-11072024.587544322,3.0439095132572485,3.043909513257259
valor_aprovado_real,real_jun_2026,ridge,aprendizagem,2022-01,7,2022-07-01,368638493.582824,375323726.409952,-6685232.827127993,1.8134928781185424,1.8134928781185389
valor_aprovado_real,real_jun_2026,ridge,aprendizagem,2022-01,8,2022-08-01,387421803.680154,375329256.62136346,12092547.058790565,3.1212871717395325,-3.1212871717395285
valor_aprovado_real,real_jun_2026,ridge,aprendizagem,2022-01,9,2022-09-01,374573280.9595117,374871174.5586911,-297893.5991793871,0.07952879031208501,0.07952879031207782
valor_aprovado_real,real_jun_2026,ridge,aprendizagem,2022-01,10,2022-10-01,373101374.5192903,374112711.9501673,-1011337.4308769703,0.2710623706975064,0.2710623706975168
valor_aprovado_real,real_jun_2026,ridge,aprendizagem,2022-01,11,2022-11-01,371409370.2333421,373297587.2487074,-1888217.0153653026,0.5083924011338241,0.5083924011338281
valor_aprovado_real,real_jun_2026,ridge,aprendizagem,2022-01,12,2022-12-01,384096741.9936161,372684701.4692705,11412040.524345577,2.9711370279040925,-2.9711370279040916
valor_aprovado_real,real_jun_2026,ridge,aprendizagem,2022-02,1,2022-02-01,345128541.7684927,371431850.59847176,-26303308.829979062,7.62130790319363,7.621307903193619
valor_aprovado_real,real_jun_2026,ridge,aprendizagem,2022-02,2,2022-03-01,380554639.46775067,372067111.57552457,8487527.8922261,2.2303046690212165,-2.2303046690212214
valor_aprovado_real,real_jun_2026,ridge,aprendizagem,2022-02,3,2022-04-01,364739929.8149265,373026708.29434365,-8286778.479417145,2.2719690941493456,2.271969094149351
valor_aprovado_real,real_jun_2026,ridge,aprendizagem,2022-02,4,2022-05-01,365435073.1539744,374082299.61948746,-8647226.46551305,2.3662825767874724,2.3662825767874818
valor_aprovado_real,real_jun_2026,ridge,aprendizagem,2022-02,5,2022-06-01,363743552.1431217,374979822.7382719,-11236270.595150173,3.089063855275997,3.0890638552759864
valor_aprovado_real,real_jun_2026,ridge,aprendizagem,2022-02,6,2022-07-01,368638493.582824,375507569.0862559,-6869075.503431916,1.8633635995717317,1.8633635995717324
valor_aprovado_real,real_jun_2026,ridge,aprendizagem,2022-02,7,2022-08-01,387421803.680154,375552911.48611426,11868892.194039762,3.0635581377444696,-3.063558137744471
valor_aprovado_real,real_jun_2026,ridge,aprendizagem,2022-02,8,2022-09-01,374573280.9595117,375132482.50884753,-559201.5493358374,0.14929029318465523,0.14929029318464515
valor_aprovado_real,real_jun_2026,ridge,aprendizagem,2022-02,9,2022-10-01,373101374.5192903,374387717.7898145,-1286343.2705241442,0.34477044534651985,0.34477044534650947
valor_aprovado_real,real_jun_2026,ridge,aprendizagem,2022-02,10,2022-11-01,371409370.2333421,373546958.46445674,-2137588.231114626,0.5755342763085546,0.5755342763085647
valor_aprovado_real,real_jun_2026,ridge,aprendizagem,2022-02,11,2022-12-01,384096741.9936161,372864267.3454583,11232474.648157775,2.9243868588566326,-2.9243868588566313
valor_aprovado_real,real_jun_2026,ridge,aprendizagem,2022-02,12,2023-01-01,374259433.1719504,371798853.3233943,2460579.8485561013,0.6574529939571645,-0.6574529939571638
valor_aprovado_real,real_jun_2026,ridge,aprendizagem,2022-03,1,2022-03-01,380554639.46775067,370411232.4259612,10143407.041789472,2.6654272448172462,-2.6654272448172422
valor_aprovado_real,real_jun_2026,ridge,aprendizagem,2022-03,2,2022-04-01,364739929.8149265,371610438.6340585,-6870508.81913197,1.8836733402394827,1.883673340239489
valor_aprovado_real,real_jun_2026,ridge,aprendizagem,2022-03,3,2022-05-01,365435073.1539744,372913034.3208536,-7477961.166879177,2.046317312221526,2.046317312221535
valor_aprovado_real,real_jun_2026,ridge,aprendizagem,2022-03,4,2022-06-01,363743552.1431217,374017376.819747,-10273824.676625252,2.8244692218167,2.8244692218166945
valor_aprovado_real,real_jun_2026,ridge,aprendizagem,2022-03,5,2022-07-01,368638493.582824,374674945.2457341,-6036451.662910104,1.6374990045780073,1.6374990045780136
valor_aprovado_real,real_jun_2026,ridge,aprendizagem,2022-03,6,2022-08-01,387421803.680154,374756931.4658449,12664872.214309096,3.269013796849933,-3.269013796849929
valor_aprovado_real,real_jun_2026,ridge,aprendizagem,2022-03,7,2022-09-01,374573280.9595117,374288754.1343516,284526.82516008615,0.07596025654345623,-0.07596025654346139
valor_aprovado_real,real_jun_2026,ridge,aprendizagem,2022-03,8,2022-10-01,373101374.5192903,373443247.7848838,-341873.26559346914,0.09163012761181703,0.09163012761181921
valor_aprovado_real,real_jun_2026,ridge,aprendizagem,2022-03,9,2022-11-01,371409370.2333421,372494351.95671815,-1084981.7233760357,0.2921255655705142,0.2921255655705224
valor_aprovado_real,real_jun_2026,ridge,aprendizagem,2022-03,10,2022-12-01,384096741.9936161,371743709.31645423,12353032.677161872,3.2161253472353555,-3.2161253472353546
valor_aprovado_real,real_jun_2026,ridge,aprendizagem,2022-03,11,2023-01-01,374259433.1719504,369617374.40756094,4642058.764389455,1.2403318000689378,-1.240331800068939
valor_aprovado_real,real_jun_2026,ridge,aprendizagem,2022-03,12,2023-02-01,343845742.32525706,369889088.0460796,-26043345.720822513,7.574136455697945,7.574136455697955
valor_aprovado_real,real_jun_2026,ridge,aprendizagem,2022-04,1,2022-04-01,364739929.8149265,372237259.4936974,-7497329.6787709,2.055527532336571,2.0555275323365763
valor_aprovado_real,real_jun_2026,ridge,aprendizagem,2022-04,2,2022-05-01,365435073.1539744,373478347.570492,-8043274.416517615,2.2010132599200785,2.2010132599200816
valor_aprovado_real,real_jun_2026,ridge,aprendizagem,2022-04,3,2022-06-01,363743552.1431217,374488294.879207,-10744742.736085296,2.9539335261831874,2.9539335261831834
valor_aprovado_real,real_jun_2026,ridge,aprendizagem,2022-04,4,2022-07-01,368638493.582824,375045386.940113,-6406893.357289016,1.7379881560983932,1.7379881560984023
valor_aprovado_real,real_jun_2026,ridge,aprendizagem,2022-04,5,2022-08-01,387421803.680154,375049251.47141904,12372552.20873499,3.1935611499422647,-3.193561149942259
valor_aprovado_real,real_jun_2026,ridge,aprendizagem,2022-04,6,2022-09-01,374573280.9595117,374547753.0611213,25527.89839041233,0.0068151946996912694,-0.00681519469969416
valor_aprovado_real,real_jun_2026,ridge,aprendizagem,2022-04,7,2022-10-01,373101374.5192903,373724167.8893032,-622793.3700128794,0.16692336521549836,0.16692336521548778
valor_aprovado_real,real_jun_2026,ridge,aprendizagem,2022-04,8,2022-11-01,371409370.2333421,372848075.0236904,-1438704.7903482914,0.3873636223675264,0.3873636223675314
valor_aprovado_real,real_jun_2026,ridge,aprendizagem,2022-04,9,2022-12-01,384096741.9936161,372203122.9261572,11893619.067458928,3.0965165196992492,-3.096516519699255
valor_aprovado_real,real_jun_2026,ridge,aprendizagem,2022-04,10,2023-01-01,374259433.1719504,370208520.3612357,4050912.8107147217,1.0823809506635904,-1.0823809506635862
valor_aprovado_real,real_jun_2026,ridge,aprendizagem,2022-04,11,2023-02-01,343845742.32525706,370569651.04111147,-26723908.715854406,7.77206329068784,7.772063290687847
valor_aprovado_real,real_jun_2026,ridge,aprendizagem,2022-04,12,2023-03-01,385752047.0654128,371436144.662591,14315902.402821839,3.7111669300861183,-3.7111669300861183
valor_aprovado_real,real_jun_2026,ridge,aprendizagem,2022-05,1,2022-05-01,365435073.1539744,373010365.82520354,-7575292.671229124,2.0729517300703395,2.072951730070338
valor_aprovado_real,real_jun_2026,ridge,aprendizagem,2022-05,2,2022-06-01,363743552.1431217,374072357.42532754,-10328805.28220582,2.8395844328648767,2.8395844328648723
valor_aprovado_real,real_jun_2026,ridge,aprendizagem,2022-05,3,2022-07-01,368638493.582824,374706993.29309684,-6068499.710272849,1.6461926293406486,1.6461926293406481
valor_aprovado_real,real_jun_2026,ridge,aprendizagem,2022-05,4,2022-08-01,387421803.680154,374789230.46913517,12632573.21101886,3.2606768878315386,-3.2606768878315373
valor_aprovado_real,real_jun_2026,ridge,aprendizagem,2022-05,5,2022-09-01,374573280.9595117,374342040.7774156,231240.1820961237,0.06173429709235424,-0.0617342970923529
valor_aprovado_real,real_jun_2026,ridge,aprendizagem,2022-05,6,2022-10-01,373101374.5192903,373530255.5435782,-428881.02428787947,0.11495026649002742,0.11495026649002149
valor_aprovado_real,real_jun_2026,ridge,aprendizagem,2022-05,7,2022-11-01,371409370.2333421,372616399.1743376,-1207028.9409955144,0.3249861305968627,0.32498613059686043
valor_aprovado_real,real_jun_2026,ridge,aprendizagem,2022-05,8,2022-12-01,384096741.9936161,371890345.9547102,12206396.038905919,3.1779483407096425,-3.1779483407096465
valor_aprovado_real,real_jun_2026,ridge,aprendizagem,2022-05,9,2023-01-01,374259433.1719504,369899294.05850667,4360139.113443732,1.1650044666851462,-1.165004466685149
valor_aprovado_real,real_jun_2026,ridge,aprendizagem,2022-05,10,2023-02-01,343845742.32525706,370152995.26296484,-26307252.93770778,7.650888087141916,7.650888087141916
valor_aprovado_real,real_jun_2026,ridge,aprendizagem,2022-05,11,2023-03-01,385752047.0654128,370936123.3351809,14815923.73023194,3.8407893990306095,-3.8407893990306086
valor_aprovado_real,real_jun_2026,ridge,aprendizagem,2022-05,12,2023-04-01,354703652.6513935,372083846.94951475,-17380194.298121274,4.899919740945751,4.899919740945746
valor_aprovado_real,real_jun_2026,ridge,aprendizagem,2022-06,1,2022-06-01,363743552.1431217,373613845.9610041,-9870293.817882359,2.713530936762477,2.713530936762476
valor_aprovado_real,real_jun_2026,ridge,aprendizagem,2022-06,2,2022-07-01,368638493.582824,374304819.30168706,-5666325.71886307,1.5370955061669345,1.5370955061669411
valor_aprovado_real,real_jun_2026,ridge,aprendizagem,2022-06,3,2022-08-01,387421803.680154,374463549.2271203,12958254.453033745,3.3447406237703037,-3.3447406237703037
valor_aprovado_real,real_jun_2026,ridge,aprendizagem,2022-06,4,2022-09-01,374573280.9595117,374088534.4450859,484746.51442581415,0.12941299848832818,-0.12941299848833188
valor_aprovado_real,real_jun_2026,ridge,aprendizagem,2022-06,5,2022-10-01,373101374.5192903,373321290.1266963,-219915.60740596056,0.05894258837542566,0.05894258837542132
valor_aprovado_real,real_jun_2026,ridge,aprendizagem,2022-06,6,2022-11-01,371409370.2333421,372408429.0305779,-999058.7972357869,0.26899127413186075,0.26899127413186896
valor_aprovado_real,real_jun_2026,ridge,aprendizagem,2022-06,7,2022-12-01,384096741.9936161,371635581.8133541,12461160.18026203,3.2442764589940576,-3.2442764589940554
valor_aprovado_real,real_jun_2026,ridge,aprendizagem,2022-06,8,2023-01-01,374259433.1719504,369674149.0676538,4585284.104296625,1.2251619325757792,-1.22516193257578
valor_aprovado_real,real_jun_2026,ridge,aprendizagem,2022-06,9,2023-02-01,343845742.32525706,369821673.19541854,-25975930.870161474,7.554530323539627,7.554530323539632
valor_aprovado_real,real_jun_2026,ridge,aprendizagem,2022-06,10,2023-03-01,385752047.0654128,370502942.03065085,15249105.034761965,3.9530846694835917,-3.9530846694835975
valor_aprovado_real,real_jun_2026,ridge,aprendizagem,2022-06,11,2023-04-01,354703652.6513935,371576440.4022384,-16872787.750844955,4.756868903018518,4.7568689030185185
valor_aprovado_real,real_jun_2026,ridge,aprendizagem,2022-06,12,2023-05-01,383837561.6060568,372795555.55155474,11042006.05450207,2.876739318658654,-2.87673931865865
valor_aprovado_real,real_jun_2026,ridge,aprendizagem,2022-07,1,2022-07-01,368638493.582824,373728660.73886395,-5090167.156039953,1.380801854567127,1.3808018545671263
valor_aprovado_real,real_jun_2026,ridge,aprendizagem,2022-07,2,2022-08-01,387421803.680154,373951679.82774293,13470123.852411091,3.4768626144572123,-3.47686261445721
valor_aprovado_real,real_jun_2026,ridge,aprendizagem,2022-07,3,2022-09-01,374573280.9595117,373666851.96726704,906428.9922446609,0.24198976230305078,-0.24198976230305203
valor_aprovado_real,real_jun_2026,ridge,aprendizagem,2022-07,4,2022-10-01,373101374.5192903,372989081.08577234,112293.4335179925,0.030097298264492624,-0.030097298264497585
valor_aprovado_real,real_jun_2026,ridge,aprendizagem,2022-07,5,2022-11-01,371409370.2333421,372138559.87674844,-729189.6434063315,0.19633043801458483,0.19633043801459138
valor_aprovado_real,real_jun_2026,ridge,aprendizagem,2022-07,6,2022-12-01,384096741.9936161,371381769.34443843,12714972.64917767,3.3103568083347605,-3.310356808334758
valor_aprovado_real,real_jun_2026,ridge,aprendizagem,2022-07,7,2023-01-01,374259433.1719504,369414587.60138243,4844845.5705679655,1.2945152856954287,-1.29451528569543
valor_aprovado_real,real_jun_2026,ridge,aprendizagem,2022-07,8,2023-02-01,343845742.32525706,369479567.3886308,-25633825.063373744,7.455036345666224,7.455036345666222
valor_aprovado_real,real_jun_2026,ridge,aprendizagem,2022-07,9,2023-03-01,385752047.0654128,370052394.1252341,15699652.940178692,4.069881951272307,-4.069881951272302
valor_aprovado_real,real_jun_2026,ridge,aprendizagem,2022-07,10,2023-04-01,354703652.6513935,371018163.8828562,-16314511.231462717,4.599476523433716,4.59947652343371
valor_aprovado_real,real_jun_2026,ridge,aprendizagem,2022-07,11,2023-05-01,383837561.6060568,372156683.9680075,11680877.638049304,3.043182535126074,-3.0431825351260766
valor_aprovado_real,real_jun_2026,ridge,aprendizagem,2022-07,12,2023-06-01,370095657.3152356,373201473.3764449,-3105816.0612092614,0.8391927870052869,0.8391927870052829
valor_aprovado_real,real_jun_2026,ridge,aprendizagem,2022-08,1,2022-08-01,387421803.680154,373654520.99997425,13767282.680179775,3.553564241713589,-3.5535642417135915
valor_aprovado_real,real_jun_2026,ridge,aprendizagem,2022-08,2,2022-09-01,374573280.9595117,373401462.1619766,1171818.7975351214,0.31284099990618003,-0.3128409999061832
valor_aprovado_real,real_jun_2026,ridge,aprendizagem,2022-08,3,2022-10-01,373101374.5192903,372774194.3415228,327180.1777675152,0.08769203227649838,-0.08769203227649847
valor_aprovado_real,real_jun_2026,ridge,aprendizagem,2022-08,4,2022-11-01,371409370.2333421,371979980.9639692,-570610.7306270599,0.1536339081236877,0.15363390812368483
valor_aprovado_real,real_jun_2026,ridge,aprendizagem,2022-08,5,2022-12-01,384096741.9936161,371270818.3818764,12825923.611739695,3.3392430108019164,-3.3392430108019178
valor_aprovado_real,real_jun_2026,ridge,aprendizagem,2022-08,6,2023-01-01,374259433.1719504,369264229.6326989,4995203.539251506,1.3346900830035997,-1.334690083003598
valor_aprovado_real,real_jun_2026,ridge,aprendizagem,2022-08,7,2023-02-01,343845742.32525706,369328584.68458563,-25482842.359328568,7.411126334443123,7.411126334443119
valor_aprovado_real,real_jun_2026,ridge,aprendizagem,2022-08,8,2023-03-01,385752047.0654128,369874143.14963484,15877903.915777981,4.116090643346744,-4.116090643346748
valor_aprovado_real,real_jun_2026,ridge,aprendizagem,2022-08,9,2023-04-01,354703652.6513935,370793910.5971401,-16090257.9457466,4.536253806655968,4.5362538066559654
valor_aprovado_real,real_jun_2026,ridge,aprendizagem,2022-08,10,2023-05-01,383837561.6060568,371880623.60174525,11956938.004311562,3.1151036793484272,-3.11510367934843
valor_aprovado_real,real_jun_2026,ridge,aprendizagem,2022-08,11,2023-06-01,370095657.3152356,372882285.81088954,-2786628.4956539273,0.752948174498672,0.7529481744986688
valor_aprovado_real,real_jun_2026,ridge,aprendizagem,2022-08,12,2023-07-01,393992620.0391848,373569690.1639713,20422929.875213504,5.183581832873501,-5.183581832873497
valor_aprovado_real,real_jun_2026,ridge,aprendizagem,2022-09,1,2022-09-01,374573280.9595117,374193131.67185587,380149.2876558304,0.10148862905598474,-0.10148862905599021
valor_aprovado_real,real_jun_2026,ridge,aprendizagem,2022-09,2,2022-10-01,373101374.5192903,373460510.00377494,-359135.48448461294,0.09625681088613751,0.09625681088614169
valor_aprovado_real,real_jun_2026,ridge,aprendizagem,2022-09,3,2022-11-01,371409370.2333421,372501358.64356995,-1091988.4102278352,0.29401207878567553,0.29401207878567703
valor_aprovado_real,real_jun_2026,ridge,aprendizagem,2022-09,4,2022-12-01,384096741.9936161,371607431.29678,12489310.696836114,3.2516054762692295,-3.251605476269226
valor_aprovado_real,real_jun_2026,ridge,aprendizagem,2022-09,5,2023-01-01,374259433.1719504,369741249.9496567,4518183.222293675,1.2072329570963234,-1.207232957096327
valor_aprovado_real,real_jun_2026,ridge,aprendizagem,2022-09,6,2023-02-01,343845742.32525706,369709632.56311065,-25863890.237853587,7.521945760604454,7.521945760604454
valor_aprovado_real,real_jun_2026,ridge,aprendizagem,2022-09,7,2023-03-01,385752047.0654128,370244045.86592084,15508001.199491978,4.020199326865076,-4.0201993268650815
valor_aprovado_real,real_jun_2026,ridge,aprendizagem,2022-09,8,2023-04-01,354703652.6513935,371236044.11832774,-16532391.466934264,4.660902514917847,4.660902514917842
valor_aprovado_real,real_jun_2026,ridge,aprendizagem,2022-09,9,2023-05-01,383837561.6060568,372454572.06285864,11382989.543198168,2.9655746810107257,-2.9655746810107297
valor_aprovado_real,real_jun_2026,ridge,aprendizagem,2022-09,10,2023-06-01,370095657.3152356,373607875.9939746,-3512218.6787390113,0.9490029427033821,0.9490029427033919
valor_aprovado_real,real_jun_2026,ridge,aprendizagem,2022-09,11,2023-07-01,393992620.0391848,374421678.9278583,19570941.111326516,4.967336979403339,-4.967336979403337
valor_aprovado_real,real_jun_2026,ridge,aprendizagem,2022-09,12,2023-08-01,409567640.7760836,374712672.89873034,34854967.87735325,8.510185963741446,-8.510185963741446
valor_aprovado_real,real_jun_2026,ridge,aprendizagem,2022-10,1,2022-10-01,373101374.5192903,373477362.7919175,-375988.27262717485,0.10077375702826183,0.10077375702826075
valor_aprovado_real,real_jun_2026,ridge,aprendizagem,2022-10,2,2022-11-01,371409370.2333421,372516619.6341477,-1107249.4008055925,0.29812101943199515,0.298121019431985
valor_aprovado_real,real_jun_2026,ridge,aprendizagem,2022-10,3,2022-12-01,384096741.9936161,371620732.9571301,12476009.03648603,3.2481423746867883,-3.248142374686791
valor_aprovado_real,real_jun_2026,ridge,aprendizagem,2022-10,4,2023-01-01,374259433.1719504,369750484.4799592,4508948.69199121,1.2047655429220967,-1.2047655429220927
valor_aprovado_real,real_jun_2026,ridge,aprendizagem,2022-10,5,2023-02-01,343845742.32525706,369717984.83025557,-25872242.504998505,7.524374834493354,7.5243748344933525
valor_aprovado_real,real_jun_2026,ridge,aprendizagem,2022-10,6,2023-03-01,385752047.0654128,370252671.8703894,15499375.195023417,4.017963174255082,-4.01796317425508
valor_aprovado_real,real_jun_2026,ridge,aprendizagem,2022-10,7,2023-04-01,354703652.6513935,371246128.7522349,-16542476.100841403,4.663745630242924,4.663745630242921
valor_aprovado_real,real_jun_2026,ridge,aprendizagem,2022-10,8,2023-05-01,383837561.6060568,372467011.61906767,11370549.98698914,2.962333842319229,-2.9623338423192314
valor_aprovado_real,real_jun_2026,ridge,aprendizagem,2022-10,9,2023-06-01,370095657.3152356,373623038.0051483,-3527380.689912677,0.9530997244067004,0.9530997244066919
valor_aprovado_real,real_jun_2026,ridge,aprendizagem,2022-10,10,2023-07-01,393992620.0391848,374439303.6863787,19553316.35280609,4.962863606648623,-4.962863606648627
valor_aprovado_real,real_jun_2026,ridge,aprendizagem,2022-10,11,2023-08-01,409567640.7760836,374731943.04514533,34835697.730938256,8.505480966447596,-8.505480966447598
valor_aprovado_real,real_jun_2026,ridge,aprendizagem,2022-10,12,2023-09-01,414783083.95888,374457395.7140745,40325688.244805515,9.722114957032154,-9.722114957032158
valor_aprovado_real,real_jun_2026,ridge,aprendizagem,2022-11,1,2022-11-01,371409370.2333421,372493301.0975684,-1083930.8642262816,0.2918426273266315,0.2918426273266217
valor_aprovado_real,real_jun_2026,ridge,aprendizagem,2022-11,2,2022-12-01,384096741.9936161,371600185.2391265,12496556.7544896,3.253491995174825,-3.2534919951748287
valor_aprovado_real,real_jun_2026,ridge,aprendizagem,2022-11,3,2023-01-01,374259433.1719504,369731818.46436167,4527614.707588732,1.209752996528629,-1.2097529965286347
valor_aprovado_real,real_jun_2026,ridge,aprendizagem,2022-11,4,2023-02-01,343845742.32525706,369703560.4338671,-25857818.108610034,7.520179814863061,7.520179814863059
valor_aprovado_real,real_jun_2026,ridge,aprendizagem,2022-11,5,2023-03-01,385752047.0654128,370241512.3237242,15510534.74168861,4.020856106839649,-4.020856106839654
valor_aprovado_real,real_jun_2026,ridge,aprendizagem,2022-11,6,2023-04-01,354703652.6513935,371236361.41296583,-16532708.761572361,4.660991968363202,4.660991968363204
valor_aprovado_real,real_jun_2026,ridge,aprendizagem,2022-11,7,2023-05-01,383837561.6060568,372456369.7450258,11381191.861030996,2.965106336495497,-2.9651063364954933
valor_aprovado_real,real_jun_2026,ridge,aprendizagem,2022-11,8,2023-06-01,370095657.3152356,373609468.1260564,-3513810.8108207583,0.9494331374517608,0.9494331374517717
valor_aprovado_real,real_jun_2026,ridge,aprendizagem,2022-11,9,2023-07-01,393992620.0391848,374421515.82955354,19571104.209631264,4.967378375687546,-4.967378375687548
valor_aprovado_real,real_jun_2026,ridge,aprendizagem,2022-11,10,2023-08-01,409567640.7760836,374709756.3826367,34857884.39344686,8.510898060060404,-8.510898060060402
valor_aprovado_real,real_jun_2026,ridge,aprendizagem,2022-11,11,2023-09-01,414783083.95888,374431787.0153683,40351296.943511724,9.728288954887079,-9.728288954887077
valor_aprovado_real,real_jun_2026,ridge,aprendizagem,2022-11,12,2023-10-01,415687803.60620886,373696920.4487152,41990883.15749365,10.10154322383551,-10.101543223835508
valor_aprovado_real,real_jun_2026,ridge,aprendizagem,2022-12,1,2022-12-01,384096741.9936161,371519990.5200507,12576751.4735654,3.27437077656192,-3.274370776561919
valor_aprovado_real,real_jun_2026,ridge,aprendizagem,2022-12,2,2023-01-01,374259433.1719504,369695002.27618444,4564430.89576596,1.2195900734100855,-1.2195900734100817
valor_aprovado_real,real_jun_2026,ridge,aprendizagem,2022-12,3,2023-02-01,343845742.32525706,369664630.80936664,-25818888.48410958,7.50885798658123,7.50885798658123
valor_aprovado_real,real_jun_2026,ridge,aprendizagem,2022-12,4,2023-03-01,385752047.0654128,370203956.54648966,15548090.518923163,4.030591836700387,-4.030591836700392
valor_aprovado_real,real_jun_2026,ridge,aprendizagem,2022-12,5,2023-04-01,354703652.6513935,371202013.4068414,-16498360.755447924,4.651308390010488,4.651308390010489
valor_aprovado_real,real_jun_2026,ridge,aprendizagem,2022-12,6,2023-05-01,383837561.6060568,372424918.67569774,11412642.930359066,2.97330018526748,-2.97330018526748
valor_aprovado_real,real_jun_2026,ridge,aprendizagem,2022-12,7,2023-06-01,370095657.3152356,373578541.6888563,-3482884.373620689,0.9410768013022319,0.9410768013022208
valor_aprovado_real,real_jun_2026,ridge,aprendizagem,2022-12,8,2023-07-01,393992620.0391848,374387315.9065787,19605304.13260609,4.976058721774086,-4.97605872177409
valor_aprovado_real,real_jun_2026,ridge,aprendizagem,2022-12,9,2023-08-01,409567640.7760836,374668076.74537456,34899564.03070903,8.521074556715067,-8.52107455671507
valor_aprovado_real,real_jun_2026,ridge,aprendizagem,2022-12,10,2023-09-01,414783083.95888,374379140.38022965,40403943.578650355,9.740981525335263,-9.740981525335268
valor_aprovado_real,real_jun_2026,ridge,aprendizagem,2022-12,11,2023-10-01,415687803.60620886,373631472.891856,42056330.714352846,10.117287625353047,-10.117287625353043
valor_aprovado_real,real_jun_2026,ridge,aprendizagem,2022-12,12,2023-11-01,414908900.7723528,372658956.99497783,42249943.77737498,10.182944665377562,-10.182944665377558
valor_aprovado_real,real_jun_2026,ridge,aprendizagem,2023-01,1,2023-01-01,374259433.1719504,369958419.9403608,4301013.231589615,1.1492063660593295,-1.14920636605933
valor_aprovado_real,real_jun_2026,ridge,aprendizagem,2023-01,2,2023-02-01,343845742.32525706,370082661.4662456,-26236919.14098853,7.630433043480878,7.630433043480878
valor_aprovado_real,real_jun_2026,ridge,aprendizagem,2023-01,3,2023-03-01,385752047.0654128,370682418.8610964,15069628.204316437,3.906558194300663,-3.906558194300669
valor_aprovado_real,real_jun_2026,ridge,aprendizagem,2023-01,4,2023-04-01,354703652.6513935,371655837.13729423,-16952184.48590076,4.779252866212107,4.7792528662121025
valor_aprovado_real,real_jun_2026,ridge,aprendizagem,2023-01,5,2023-05-01,383837561.6060568,372800939.1758202,11036622.430236638,2.8753367398586778,-2.8753367398586804
valor_aprovado_real,real_jun_2026,ridge,aprendizagem,2023-01,6,2023-06-01,370095657.3152356,373869745.3321859,-3774088.0169503093,1.019760146424972,1.019760146424975
valor_aprovado_real,real_jun_2026,ridge,aprendizagem,2023-01,7,2023-07-01,393992620.0391848,374634719.3819139,19357900.65727091,4.913264785351983,-4.913264785351979
valor_aprovado_real,real_jun_2026,ridge,aprendizagem,2023-01,8,2023-08-01,409567640.7760836,374949736.66813457,34617904.10794902,8.452304494161714,-8.45230449416171
valor_aprovado_real,real_jun_2026,ridge,aprendizagem,2023-01,9,2023-09-01,414783083.95888,374789238.08538926,39993845.87349075,9.642111122703255,-9.642111122703255
valor_aprovado_real,real_jun_2026,ridge,aprendizagem,2023-01,10,2023-10-01,415687803.60620886,374255078.62129694,41432724.98491192,9.96726981775057,-9.967269817750568
valor_aprovado_real,real_jun_2026,ridge,aprendizagem,2023-01,11,2023-11-01,414908900.7723528,373549235.3948765,41359665.377476335,9.968372647702985,-9.968372647702983
valor_aprovado_real,real_jun_2026,ridge,aprendizagem,2023-01,12,2023-12-01,423652032.5119792,372919688.05061615,50732344.46136308,11.97500320264097,-11.975003202640966
valor_aprovado_real,real_jun_2026,ridge,aprendizagem,2023-02,1,2023-02-01,343845742.32525706,370383532.05995256,-26537789.734695494,7.717934663152631,7.717934663152626
valor_aprovado_real,real_jun_2026,ridge,aprendizagem,2023-02,2,2023-03-01,385752047.0654128,370899660.98001295,14852386.085399866,3.850241676846193,-3.850241676846189
valor_aprovado_real,real_jun_2026,ridge,aprendizagem,2023-02,3,2023-04-01,354703652.6513935,371806484.5658161,-17102831.91442263,4.821724215857308,4.821724215857315
valor_aprovado_real,real_jun_2026,ridge,aprendizagem,2023-02,4,2023-05-01,383837561.6060568,372911959.65860486,10925601.94745195,2.846412920542987,-2.8464129205429844
valor_aprovado_real,real_jun_2026,ridge,aprendizagem,2023-02,5,2023-06-01,370095657.3152356,373970814.58875006,-3875157.2735144496,1.0470691014387437,1.0470691014387468
valor_aprovado_real,real_jun_2026,ridge,aprendizagem,2023-02,6,2023-07-01,393992620.0391848,374750269.5215539,19242350.517630935,4.883936789404119,-4.883936789404119
valor_aprovado_real,real_jun_2026,ridge,aprendizagem,2023-02,7,2023-08-01,409567640.7760836,375092409.62597144,34475231.15011215,8.417469477028398,-8.417469477028394
valor_aprovado_real,real_jun_2026,ridge,aprendizagem,2023-02,8,2023-09-01,414783083.95888,374956498.2260621,39826585.73281789,9.601786397047508,-9.601786397047507
valor_aprovado_real,real_jun_2026,ridge,aprendizagem,2023-02,9,2023-10-01,415687803.60620886,374429892.16041005,41257911.445798814,9.925215771998793,-9.925215771998797
valor_aprovado_real,real_jun_2026,ridge,aprendizagem,2023-02,10,2023-11-01,414908900.7723528,373704634.58777237,41204266.184580445,9.930918837334826,-9.930918837334824
valor_aprovado_real,real_jun_2026,ridge,aprendizagem,2023-02,11,2023-12-01,423652032.5119792,373025997.1777782,50626035.33420104,11.949909701606243,-11.949909701606243
valor_aprovado_real,real_jun_2026,ridge,aprendizagem,2023-02,12,2024-01-01,422852714.1768064,370691678.5311229,52161035.64568347,12.335509243976023,-12.335509243976029
valor_aprovado_real,real_jun_2026,ridge,aprendizagem,2023-03,1,2023-03-01,385752047.0654128,369427432.6302407,16324614.43517214,4.2318931446665635,-4.231893144666565
valor_aprovado_real,real_jun_2026,ridge,aprendizagem,2023-03,2,2023-04-01,354703652.6513935,370555498.1708293,-15851845.519435823,4.469039267271145,4.469039267271135
valor_aprovado_real,real_jun_2026,ridge,aprendizagem,2023-03,3,2023-05-01,383837561.6060568,371885417.5452662,11952144.060790598,3.1138547282293905,-3.1138547282293927
valor_aprovado_real,real_jun_2026,ridge,aprendizagem,2023-03,4,2023-06-01,370095657.3152356,373129379.7203439,-3033722.405108273,0.8197130512461662,0.8197130512461737
valor_aprovado_real,real_jun_2026,ridge,aprendizagem,2023-03,5,2023-07-01,393992620.0391848,374022605.8250068,19970014.214178026,5.068626466199263,-5.068626466199266
valor_aprovado_real,real_jun_2026,ridge,aprendizagem,2023-03,6,2023-08-01,409567640.7760836,374394296.4350235,35173344.3410601,8.587920733779324,-8.58792073377932
valor_aprovado_real,real_jun_2026,ridge,aprendizagem,2023-03,7,2023-09-01,414783083.95888,374213397.14077723,40569686.81810278,9.780940541472201,-9.780940541472205
valor_aprovado_real,real_jun_2026,ridge,aprendizagem,2023-03,8,2023-10-01,415687803.60620886,373596919.5512439,42090884.05496496,10.125599955017847,-10.12559995501785
valor_aprovado_real,real_jun_2026,ridge,aprendizagem,2023-03,9,2023-11-01,414908900.7723528,372778588.1278624,42130312.64449042,10.154111557034533,-10.154111557034529
valor_aprovado_real,real_jun_2026,ridge,aprendizagem,2023-03,10,2023-12-01,423652032.5119792,372046213.90384007,51605818.60813916,12.181180461273945,-12.181180461273943
valor_aprovado_real,real_jun_2026,ridge,aprendizagem,2023-03,11,2024-01-01,422852714.1768064,368755984.6019115,54096729.574894905,12.793279494541821,-12.793279494541821
valor_aprovado_real,real_jun_2026,ridge,aprendizagem,2023-03,12,2024-02-01,397566184.64715,368895881.94295007,28670302.70419991,7.211454044977575,-7.211454044977572
valor_aprovado_real,real_jun_2026,ridge,aprendizagem,2023-04,1,2023-04-01,354703652.6513935,371449726.15581346,-16746073.504419982,4.721144927390472,4.721144927390464
valor_aprovado_real,real_jun_2026,ridge,aprendizagem,2023-04,2,2023-05-01,383837561.6060568,372688818.65844506,11148742.94761175,2.904547147747363,-2.9045471477473606
valor_aprovado_real,real_jun_2026,ridge,aprendizagem,2023-04,3,2023-06-01,370095657.3152356,373795742.00484085,-3700084.689605236,0.9997644167041988,0.9997644167041964
valor_aprovado_real,real_jun_2026,ridge,aprendizagem,2023-04,4,2023-07-01,393992620.0391848,374544443.7717393,19448176.267445505,4.936177805947551,-4.93617780594755
valor_aprovado_real,real_jun_2026,ridge,aprendizagem,2023-04,5,2023-08-01,409567640.7760836,374804856.7188166,34762784.05726701,8.487678370145535,-8.487678370145535
valor_aprovado_real,real_jun_2026,ridge,aprendizagem,2023-04,6,2023-09-01,414783083.95888,374577750.200693,40205333.758186996,9.6930987094384,-9.693098709438397
valor_aprovado_real,real_jun_2026,ridge,aprendizagem,2023-04,7,2023-10-01,415687803.60620886,373994524.018984,41693279.58722484,10.02995017547397,-10.029950175473967
valor_aprovado_real,real_jun_2026,ridge,aprendizagem,2023-04,8,2023-11-01,414908900.7723528,373281999.9515716,41626900.82078123,10.032780869075781,-10.032780869075786
valor_aprovado_real,real_jun_2026,ridge,aprendizagem,2023-04,9,2023-12-01,423652032.5119792,372701645.04039484,50950387.47158438,12.026470679128325,-12.02647067912832
valor_aprovado_real,real_jun_2026,ridge,aprendizagem,2023-04,10,2024-01-01,422852714.1768064,369591715.1434639,53260999.03334248,12.595638445180368,-12.595638445180368
valor_aprovado_real,real_jun_2026,ridge,aprendizagem,2023-04,11,2024-02-01,397566184.64715,369857870.63160574,27708314.015544236,6.969484600441072,-6.969484600441067
valor_aprovado_real,real_jun_2026,ridge,aprendizagem,2023-04,12,2024-03-01,412314480.556508,370611545.58494836,41702934.971559644,10.11435128721952,-10.114351287219526
valor_aprovado_real,real_jun_2026,ridge,aprendizagem,2023-05,1,2023-05-01,383837561.6060568,371762367.9606258,12075193.645430982,3.1459124518470367,-3.1459124518470327
valor_aprovado_real,real_jun_2026,ridge,aprendizagem,2023-05,2,2023-06-01,370095657.3152356,372976955.32279384,-2881298.0075582266,0.7785279158528546,0.7785279158528446
valor_aprovado_real,real_jun_2026,ridge,aprendizagem,2023-05,3,2023-07-01,393992620.0391848,373884273.8672481,20108346.17193669,5.103736757794295,-5.103736757794297
valor_aprovado_real,real_jun_2026,ridge,aprendizagem,2023-05,4,2023-08-01,409567640.7760836,374303753.18140423,35263887.594679356,8.610027766807539,-8.610027766807537
valor_aprovado_real,real_jun_2026,ridge,aprendizagem,2023-05,5,2023-09-01,414783083.95888,374185538.9804725,40597544.9784075,9.787656861732621,-9.787656861732618
valor_aprovado_real,real_jun_2026,ridge,aprendizagem,2023-05,6,2023-10-01,415687803.60620886,373623851.5228063,42063952.083402574,10.119121061163193,-10.119121061163195
valor_aprovado_real,real_jun_2026,ridge,aprendizagem,2023-05,7,2023-11-01,414908900.7723528,372831739.3677659,42077161.40458691,10.14130121726969,-10.141301217269694
valor_aprovado_real,real_jun_2026,ridge,aprendizagem,2023-05,8,2023-12-01,423652032.5119792,372083993.1862892,51568039.32569003,12.172262934730966,-12.17226293473097
valor_aprovado_real,real_jun_2026,ridge,aprendizagem,2023-05,9,2024-01-01,422852714.1768064,369002922.781871,53849791.39493537,12.734881340366492,-12.734881340366488
valor_aprovado_real,real_jun_2026,ridge,aprendizagem,2023-05,10,2024-02-01,397566184.64715,369050284.64840615,28515899.998743832,7.172617063509165,-7.172617063509168
valor_aprovado_real,real_jun_2026,ridge,aprendizagem,2023-05,11,2024-03-01,412314480.556508,369635340.0300291,42679140.52647889,10.351113661803513,-10.351113661803513
valor_aprovado_real,real_jun_2026,ridge,aprendizagem,2023-05,12,2024-04-01,414900864.9981269,370663868.6683866,44236996.329740345,10.662064136679989,-10.662064136679984
valor_aprovado_real,real_jun_2026,ridge,aprendizagem,2023-06,1,2023-06-01,370095657.3152356,373620255.6297541,-3524598.3145185113,0.9523479254219867,0.9523479254219813
valor_aprovado_real,real_jun_2026,ridge,aprendizagem,2023-06,2,2023-07-01,393992620.0391848,374445944.2359932,19546675.803191602,4.9611781563948005,-4.961178156394796
valor_aprovado_real,real_jun_2026,ridge,aprendizagem,2023-06,3,2023-08-01,409567640.7760836,374756017.18900526,34811623.58707833,8.499603025550142,-8.49960302555014
valor_aprovado_real,real_jun_2026,ridge,aprendizagem,2023-06,4,2023-09-01,414783083.95888,374535695.85750157,40247388.10137844,9.70323758559267,-9.703237585592673
valor_aprovado_real,real_jun_2026,ridge,aprendizagem,2023-06,5,2023-10-01,415687803.60620886,373912320.33039945,41775483.27580941,10.049725518380697,-10.049725518380692
valor_aprovado_real,real_jun_2026,ridge,aprendizagem,2023-06,6,2023-11-01,414908900.7723528,373121228.74283284,41787672.029519975,10.071529425310528,-10.071529425310533
valor_aprovado_real,real_jun_2026,ridge,aprendizagem,2023-06,7,2023-12-01,423652032.5119792,372442698.6128949,51209333.89908433,12.087593111603054,-12.087593111603056
valor_aprovado_real,real_jun_2026,ridge,aprendizagem,2023-06,8,2024-01-01,422852714.1768064,369305328.3855231,53547385.79128331,12.663365752665753,-12.663365752665756
valor_aprovado_real,real_jun_2026,ridge,aprendizagem,2023-06,9,2024-02-01,397566184.64715,369505092.13286346,28061092.514286518,7.058219133800689,-7.058219133800692
valor_aprovado_real,real_jun_2026,ridge,aprendizagem,2023-06,10,2024-03-01,412314480.556508,370235250.16471964,42079230.39178836,10.205615464922138,-10.205615464922136
valor_aprovado_real,real_jun_2026,ridge,aprendizagem,2023-06,11,2024-04-01,414900864.9981269,371368462.39217424,43532402.60595268,10.492241949447179,-10.492241949447179
valor_aprovado_real,real_jun_2026,ridge,aprendizagem,2023-06,12,2024-05-01,428186217.42614233,372669390.6800933,55516826.74604905,12.965580041264435,-12.965580041264435
valor_aprovado_real,real_jun_2026,ridge,aprendizagem,2023-07,1,2023-07-01,393992620.0391848,374261437.1912084,19731182.847976387,5.008008232746595,-5.008008232746597
valor_aprovado_real,real_jun_2026,ridge,aprendizagem,2023-07,2,2023-08-01,409567640.7760836,374593031.1469163,34974609.62916732,8.539397683590055,-8.539397683590055
valor_aprovado_real,real_jun_2026,ridge,aprendizagem,2023-07,3,2023-09-01,414783083.95888,374402222.37908214,40380861.579797864,9.735416689220882,-9.735416689220877
valor_aprovado_real,real_jun_2026,ridge,aprendizagem,2023-07,4,2023-10-01,415687803.60620886,373807677.0979664,41880126.50824249,10.074899033582556,-10.074899033582552
valor_aprovado_real,real_jun_2026,ridge,aprendizagem,2023-07,5,2023-11-01,414908900.7723528,373036242.38651794,41872658.38583487,10.092012561766914,-10.092012561766916
valor_aprovado_real,real_jun_2026,ridge,aprendizagem,2023-07,6,2023-12-01,423652032.5119792,372362162.7076933,51289869.80428594,12.106603029890023,-12.106603029890028
valor_aprovado_real,real_jun_2026,ridge,aprendizagem,2023-07,7,2024-01-01,422852714.1768064,369224062.79517365,53628651.381632745,12.682584167878636,-12.68258416787863
valor_aprovado_real,real_jun_2026,ridge,aprendizagem,2023-07,8,2024-02-01,397566184.64715,369396587.95546377,28169596.691686213,7.0855112380061795,-7.085511238006181
valor_aprovado_real,real_jun_2026,ridge,aprendizagem,2023-07,9,2024-03-01,412314480.556508,370091515.8392959,42222964.71721208,10.240475828116203,-10.240475828116203
valor_aprovado_real,real_jun_2026,ridge,aprendizagem,2023-07,10,2024-04-01,414900864.9981269,371190180.2364097,43710684.7617172,10.535211769663226,-10.535211769663222
valor_aprovado_real,real_jun_2026,ridge,aprendizagem,2023-07,11,2024-05-01,428186217.42614233,372465734.0638561,55720483.36228621,13.01314266891307,-13.01314266891307
valor_aprovado_real,real_jun_2026,ridge,aprendizagem,2023-07,12,2024-06-01,397949486.3841517,373643932.85867876,24305553.52547294,6.107698177052077,-6.107698177052079
valor_aprovado_real,real_jun_2026,ridge,aprendizagem,2023-08,1,2023-08-01,409567640.7760836,375616691.72836226,33950949.04772133,8.289460803931723,-8.289460803931725
valor_aprovado_real,real_jun_2026,ridge,aprendizagem,2023-08,2,2023-09-01,414783083.95888,375315152.24447006,39467931.71440995,9.515318546192844,-9.515318546192841
valor_aprovado_real,real_jun_2026,ridge,aprendizagem,2023-08,3,2023-10-01,415687803.60620886,374544439.7258341,41143363.88037479,9.897659619417388,-9.897659619417388
valor_aprovado_real,real_jun_2026,ridge,aprendizagem,2023-08,4,2023-11-01,414908900.7723528,373576217.3711731,41332683.40117973,9.961869539129903,-9.961869539129909
valor_aprovado_real,real_jun_2026,ridge,aprendizagem,2023-08,5,2023-12-01,423652032.5119792,372735070.9802659,50916961.53171331,12.018580727633728,-12.018580727633733
valor_aprovado_real,real_jun_2026,ridge,aprendizagem,2023-08,6,2024-01-01,422852714.1768064,369727710.8853482,53125003.29145819,12.563476953170309,-12.563476953170305
valor_aprovado_real,real_jun_2026,ridge,aprendizagem,2023-08,7,2024-02-01,397566184.64715,369900425.35460615,27665759.29254383,6.958780791957417,-6.95878079195742
valor_aprovado_real,real_jun_2026,ridge,aprendizagem,2023-08,8,2024-03-01,412314480.556508,370688261.5215566,41626219.03495139,10.095745116389741,-10.095745116389743
valor_aprovado_real,real_jun_2026,ridge,aprendizagem,2023-08,9,2024-04-01,414900864.9981269,371945270.7232508,42955594.27487612,10.353218780363363,-10.35321878036336
valor_aprovado_real,real_jun_2026,ridge,aprendizagem,2023-08,10,2024-05-01,428186217.42614233,373399789.7609701,54786427.66517222,12.795000267523163,-12.79500026752316
valor_aprovado_real,real_jun_2026,ridge,aprendizagem,2023-08,11,2024-06-01,397949486.3841517,374727232.83493555,23222253.54921615,5.8354777035191505,-5.835477703519154
valor_aprovado_real,real_jun_2026,ridge,aprendizagem,2023-08,12,2024-07-01,428926715.2871956,375637064.0472335,53289651.2399621,12.423952470361062,-12.423952470361066
valor_aprovado_real,real_jun_2026,ridge,aprendizagem,2023-09,1,2023-09-01,414783083.95888,377067834.2834108,37715249.67546922,9.092764660385273,-9.092764660385278
valor_aprovado_real,real_jun_2026,ridge,aprendizagem,2023-09,2,2023-10-01,415687803.60620886,376057500.1246666,39630303.48154229,9.53367001334613,-9.533670013346129
valor_aprovado_real,real_jun_2026,ridge,aprendizagem,2023-09,3,2023-11-01,414908900.7723528,374715104.19400334,40193796.57834947,9.687378724228072,-9.687378724228068
valor_aprovado_real,real_jun_2026,ridge,aprendizagem,2023-09,4,2023-12-01,423652032.5119792,373454407.9346137,50197624.57736552,11.84878643912705,-11.848786439127046
valor_aprovado_real,real_jun_2026,ridge,aprendizagem,2023-09,5,2024-01-01,422852714.1768064,370778312.48358774,52074401.69321865,12.315021270371911,-12.315021270371906
valor_aprovado_real,real_jun_2026,ridge,aprendizagem,2023-09,6,2024-02-01,397566184.64715,370729733.1804872,26836451.466662765,6.750184624097442,-6.750184624097444
valor_aprovado_real,real_jun_2026,ridge,aprendizagem,2023-09,7,2024-03-01,412314480.556508,371486785.4028324,40827695.153675616,9.902076468080812,-9.90207646808081
valor_aprovado_real,real_jun_2026,ridge,aprendizagem,2023-09,8,2024-04-01,414900864.9981269,372900685.1566663,42000179.841460645,10.122943426895544,-10.122943426895548
valor_aprovado_real,real_jun_2026,ridge,aprendizagem,2023-09,9,2024-05-01,428186217.42614233,374646646.6824192,53539570.743723154,12.503805252199218,-12.503805252199218
valor_aprovado_real,real_jun_2026,ridge,aprendizagem,2023-09,10,2024-06-01,397949486.3841517,376310908.5368985,21638577.847253203,5.437518727280096,-5.4375187272801
valor_aprovado_real,real_jun_2026,ridge,aprendizagem,2023-09,11,2024-07-01,428926715.2871956,377501600.6378511,51425114.649344504,11.989254298350685,-11.989254298350682
valor_aprovado_real,real_jun_2026,ridge,aprendizagem,2023-09,12,2024-08-01,429625420.7342852,377953745.5360413,51671675.19824386,12.027145672602499,-12.0271456726025
valor_aprovado_real,real_jun_2026,ridge,aprendizagem,2023-10,1,2023-10-01,415687803.60620886,377918255.4119668,37769548.19424206,9.086037133295848,-9.086037133295854
valor_aprovado_real,real_jun_2026,ridge,aprendizagem,2023-10,2,2023-11-01,414908900.7723528,376282020.5690186,38626880.20333421,9.309725612400767,-9.309725612400765
valor_aprovado_real,real_jun_2026,ridge,aprendizagem,2023-10,3,2023-12-01,423652032.5119792,374600208.257939,49051824.25404024,11.578328554968811,-11.57832855496881
valor_aprovado_real,real_jun_2026,ridge,aprendizagem,2023-10,4,2024-01-01,422852714.1768064,372112161.14624906,50740553.030557334,11.999580782953496,-11.999580782953501
valor_aprovado_real,real_jun_2026,ridge,aprendizagem,2023-10,5,2024-02-01,397566184.64715,371704756.17171293,25861428.475437045,6.504936655613634,-6.504936655613635
valor_aprovado_real,real_jun_2026,ridge,aprendizagem,2023-10,6,2024-03-01,412314480.556508,372275859.58519655,40038620.97131145,9.710699686625274,-9.71069968662528
valor_aprovado_real,real_jun_2026,ridge,aprendizagem,2023-10,7,2024-04-01,414900864.9981269,373717164.8545872,41183700.14353973,9.926154322123587,-9.926154322123592
valor_aprovado_real,real_jun_2026,ridge,aprendizagem,2023-10,8,2024-05-01,428186217.42614233,375687195.5632297,52499021.862912655,12.260792086790648,-12.260792086790651
valor_aprovado_real,real_jun_2026,ridge,aprendizagem,2023-10,9,2024-06-01,397949486.3841517,377702803.7400036,20246682.64414811,5.087751922514966,-5.087751922514972
valor_aprovado_real,real_jun_2026,ridge,aprendizagem,2023-10,10,2024-07-01,428926715.2871956,379268628.9680096,49658086.31918603,11.577289208002949,-11.57728920800295
valor_aprovado_real,real_jun_2026,ridge,aprendizagem,2023-10,11,2024-08-01,429625420.7342852,380009829.80824006,49615590.92604512,11.548569644981828,-11.548569644981832
valor_aprovado_real,real_jun_2026,ridge,aprendizagem,2023-10,12,2024-09-01,400816433.4473056,379772522.2604507,21043911.1868549,5.250261573823792,-5.2502615738237886
valor_aprovado_real,real_jun_2026,ridge,aprendizagem,2023-11,1,2023-11-01,414908900.7723528,378166314.06474155,36742586.70761126,8.85557929444631,-8.855579294446315
valor_aprovado_real,real_jun_2026,ridge,aprendizagem,2023-11,2,2023-12-01,423652032.5119792,376317711.77044773,47334320.74153149,11.17292426543311,-11.172924265433103
valor_aprovado_real,real_jun_2026,ridge,aprendizagem,2023-11,3,2024-01-01,422852714.1768064,373467227.15614283,49385487.02066356,11.679122627084315,-11.679122627084315
valor_aprovado_real,real_jun_2026,ridge,aprendizagem,2023-11,4,2024-02-01,397566184.64715,372780843.55908924,24785341.088060737,6.2342679144249535,-6.234267914424951
valor_aprovado_real,real_jun_2026,ridge,aprendizagem,2023-11,5,2024-03-01,412314480.556508,373137053.5983003,39177426.95820773,9.501831443156998,-9.501831443156995
valor_aprovado_real,real_jun_2026,ridge,aprendizagem,2023-11,6,2024-04-01,414900864.9981269,374492071.4625296,40408793.535597324,9.739385222968805,-9.73938522296881
valor_aprovado_real,real_jun_2026,ridge,aprendizagem,2023-11,7,2024-05-01,428186217.42614233,376534481.5904232,51651735.83571911,12.062914155948631,-12.062914155948635
valor_aprovado_real,real_jun_2026,ridge,aprendizagem,2023-11,8,2024-06-01,397949486.3841517,378768682.21869504,19180804.165456653,4.819909265303308,-4.819909265303313
valor_aprovado_real,real_jun_2026,ridge,aprendizagem,2023-11,9,2024-07-01,428926715.2871956,380647681.47436666,48279033.81282896,11.255776824370303,-11.255776824370301
valor_aprovado_real,real_jun_2026,ridge,aprendizagem,2023-11,10,2024-08-01,429625420.7342852,381719663.40539825,47905757.328886926,11.150587236437225,-11.150587236437225
valor_aprovado_real,real_jun_2026,ridge,aprendizagem,2023-11,11,2024-09-01,400816433.4473056,381749051.7001652,19067381.747140408,4.757135724986973,-4.757135724986972
valor_aprovado_real,real_jun_2026,ridge,aprendizagem,2023-11,12,2024-10-01,430772070.9800495,380779632.16991395,49992438.81013554,11.605311063086738,-11.605311063086743
valor_aprovado_real,real_jun_2026,ridge,aprendizagem,2023-12,1,2023-12-01,423652032.5119792,378642446.90397763,45009585.60800159,10.624187340994025,-10.624187340994029
valor_aprovado_real,real_jun_2026,ridge,aprendizagem,2023-12,2,2024-01-01,422852714.1768064,374579081.1815771,48273632.995229304,11.416181421279648,-11.416181421279648
valor_aprovado_real,real_jun_2026,ridge,aprendizagem,2023-12,3,2024-02-01,397566184.64715,373897912.12702996,23668272.520120025,5.953291158584379,-5.953291158584384
valor_aprovado_real,real_jun_2026,ridge,aprendizagem,2023-12,4,2024-03-01,412314480.556508,374168269.8119737,38146210.74453431,9.251727150850417,-9.251727150850419
valor_aprovado_real,real_jun_2026,ridge,aprendizagem,2023-12,5,2024-04-01,414900864.9981269,375403777.7531469,39497087.24498004,9.519644468602962,-9.519644468602962
valor_aprovado_real,real_jun_2026,ridge,aprendizagem,2023-12,6,2024-05-01,428186217.42614233,377359448.23555684,50826769.190585494,11.87024876608799,-11.870248766087988
valor_aprovado_real,real_jun_2026,ridge,aprendizagem,2023-12,7,2024-06-01,397949486.3841517,379597326.5728674,18352159.811284304,4.61168073818506,-4.611680738185065
valor_aprovado_real,real_jun_2026,ridge,aprendizagem,2023-12,8,2024-07-01,428926715.2871956,381603840.7119239,47322874.575271726,11.032857802663525,-11.032857802663521
valor_aprovado_real,real_jun_2026,ridge,aprendizagem,2023-12,9,2024-08-01,429625420.7342852,382927412.4496515,46698008.284633696,10.869470480778531,-10.869470480778531
valor_aprovado_real,real_jun_2026,ridge,aprendizagem,2023-12,10,2024-09-01,400816433.4473056,383299457.4478882,17516975.999417424,4.3703238035324565,-4.370323803532461
valor_aprovado_real,real_jun_2026,ridge,aprendizagem,2023-12,11,2024-10-01,430772070.9800495,382706352.18989545,48065718.79015404,11.158039721748843,-11.158039721748846
valor_aprovado_real,real_jun_2026,ridge,aprendizagem,2023-12,12,2024-11-01,415187175.93382543,381393084.3906659,33794091.543159544,8.139483467221977,-8.139483467221975
valor_aprovado_real,real_jun_2026,ridge,aprendizagem,2024-01,1,2024-01-01,422852714.1768064,375383882.4237085,47468831.75309789,11.225854809873553,-11.225854809873558
valor_aprovado_real,real_jun_2026,ridge,aprendizagem,2024-01,2,2024-02-01,397566184.64715,375225361.46843594,22340823.178714037,5.619397232826047,-5.619397232826051
valor_aprovado_real,real_jun_2026,ridge,aprendizagem,2024-01,3,2024-03-01,412314480.556508,375708573.7374829,36605906.8190251,8.878152125440144,-8.878152125440142
valor_aprovado_real,real_jun_2026,ridge,aprendizagem,2024-01,4,2024-04-01,414900864.9981269,376873353.74379605,38027511.25433087,9.16544516109952,-9.165445161099516
valor_aprovado_real,real_jun_2026,ridge,aprendizagem,2024-01,5,2024-05-01,428186217.42614233,378576910.4755345,49609306.950607836,11.585918680151101,-11.585918680151098
valor_aprovado_real,real_jun_2026,ridge,aprendizagem,2024-01,6,2024-06-01,397949486.3841517,380532088.13237894,17417398.25177276,4.376786212247868,-4.376786212247874
valor_aprovado_real,real_jun_2026,ridge,aprendizagem,2024-01,7,2024-07-01,428926715.2871956,382384309.2903291,46542405.996866524,10.850899311716505,-10.8508993117165
valor_aprovado_real,real_jun_2026,ridge,aprendizagem,2024-01,8,2024-08-01,429625420.7342852,383806583.63611907,45818837.09816611,10.664833803329378,-10.664833803329376
valor_aprovado_real,real_jun_2026,ridge,aprendizagem,2024-01,9,2024-09-01,400816433.4473056,384587124.7575895,16229308.6897161,4.049062696889081,-4.049062696889083
valor_aprovado_real,real_jun_2026,ridge,aprendizagem,2024-01,10,2024-10-01,430772070.9800495,384686098.1417937,46085972.83825576,10.69845887023399,-10.698458870233985
valor_aprovado_real,real_jun_2026,ridge,aprendizagem,2024-01,11,2024-11-01,415187175.93382543,384246294.80057263,30940881.1332528,7.4522728366215985,-7.4522728366215985
valor_aprovado_real,real_jun_2026,ridge,aprendizagem,2024-01,12,2024-12-01,421181584.3568608,383554870.5342456,37626713.822615206,8.933608500492904,-8.933608500492907
valor_aprovado_real,real_jun_2026,ridge,aprendizagem,2024-02,1,2024-02-01,397566184.64715,378211787.37682,19354397.270329952,4.868220190182289,-4.868220190182293
valor_aprovado_real,real_jun_2026,ridge,aprendizagem,2024-02,2,2024-03-01,412314480.556508,377857346.11231416,34457134.44419384,8.357003226684265,-8.357003226684267
valor_aprovado_real,real_jun_2026,ridge,aprendizagem,2024-02,3,2024-04-01,414900864.9981269,378356713.3368645,36544151.66126245,8.807923710023461,-8.807923710023458
valor_aprovado_real,real_jun_2026,ridge,aprendizagem,2024-02,4,2024-05-01,428186217.42614233,379666071.4887788,48520145.937363505,11.331552479437928,-11.331552479437923
valor_aprovado_real,real_jun_2026,ridge,aprendizagem,2024-02,5,2024-06-01,397949486.3841517,381524566.59150153,16424919.792650163,4.127388111966234,-4.127388111966235
valor_aprovado_real,real_jun_2026,ridge,aprendizagem,2024-02,6,2024-07-01,428926715.2871956,383524203.86597353,45402511.42122209,10.585144222322926,-10.585144222322928
valor_aprovado_real,real_jun_2026,ridge,aprendizagem,2024-02,7,2024-08-01,429625420.7342852,385219169.60219765,44406251.13208753,10.336039021199333,-10.336039021199339
valor_aprovado_real,real_jun_2026,ridge,aprendizagem,2024-02,8,2024-09-01,400816433.4473056,386245286.582807,14571146.864498615,3.63536662885212,-3.6353666288521214
valor_aprovado_real,real_jun_2026,ridge,aprendizagem,2024-02,9,2024-10-01,430772070.9800495,386417595.0743602,44354475.9056893,10.296506875382713,-10.296506875382716
valor_aprovado_real,real_jun_2026,ridge,aprendizagem,2024-02,10,2024-11-01,415187175.93382543,385779912.6385493,29407263.295276105,7.08289296969114,-7.082892969691135
valor_aprovado_real,real_jun_2026,ridge,aprendizagem,2024-02,11,2024-12-01,421181584.3568608,384593093.2519301,36588491.1049307,8.687106099570066,-8.687106099570062
valor_aprovado_real,real_jun_2026,ridge,aprendizagem,2024-02,12,2025-01-01,422148225.0857496,380891068.9387675,41257156.14698213,9.773144524912238,-9.773144524912237
valor_aprovado_real,real_jun_2026,ridge,aprendizagem,2024-03,1,2024-03-01,412314480.556508,378805673.53362954,33508807.022878468,8.127002228408532,-8.12700222840853
valor_aprovado_real,real_jun_2026,ridge,aprendizagem,2024-03,2,2024-04-01,414900864.9981269,379156008.1571748,35744856.8409521,8.615276529036272,-8.615276529036276
valor_aprovado_real,real_jun_2026,ridge,aprendizagem,2024-03,3,2024-05-01,428186217.42614233,380315751.11385286,47870466.31228948,11.17982418958794,-11.17982418958794
valor_aprovado_real,real_jun_2026,ridge,aprendizagem,2024-03,4,2024-06-01,397949486.3841517,382052081.4160239,15897404.968127787,3.9948298746594135,-3.9948298746594113
valor_aprovado_real,real_jun_2026,ridge,aprendizagem,2024-03,5,2024-07-01,428926715.2871956,383977681.9624576,44949033.324738026,10.479420311845484,-10.47942031184549
valor_aprovado_real,real_jun_2026,ridge,aprendizagem,2024-03,6,2024-08-01,429625420.7342852,385654520.84282196,43970899.89146322,10.234706274203068,-10.234706274203065
valor_aprovado_real,real_jun_2026,ridge,aprendizagem,2024-03,7,2024-09-01,400816433.4473056,386711221.6343162,14105211.812989414,3.5191201347895316,-3.519120134789533
valor_aprovado_real,real_jun_2026,ridge,aprendizagem,2024-03,8,2024-10-01,430772070.9800495,386942573.414248,43829497.5658015,10.174637707148705,-10.174637707148705
valor_aprovado_real,real_jun_2026,ridge,aprendizagem,2024-03,9,2024-11-01,415187175.93382543,386364516.86104715,28822659.072778285,6.942087989098243,-6.942087989098244
valor_aprovado_real,real_jun_2026,ridge,aprendizagem,2024-03,10,2024-12-01,421181584.3568608,385209872.9623531,35971711.394507706,8.540665767577677,-8.540665767577682
valor_aprovado_real,real_jun_2026,ridge,aprendizagem,2024-03,11,2025-01-01,422148225.0857496,382137009.2151157,40011215.8706339,9.478001681164608,-9.478001681164605
valor_aprovado_real,real_jun_2026,ridge,aprendizagem,2024-03,12,2025-02-01,381835234.55866665,381041856.73822844,793377.8204382062,0.20778014929795813,-0.20778014929795363
valor_aprovado_real,real_jun_2026,ridge,aprendizagem,2024-04,1,2024-04-01,414900864.9981269,380791058.7885653,34109806.209561646,8.221194286908906,-8.221194286908906
valor_aprovado_real,real_jun_2026,ridge,aprendizagem,2024-04,2,2024-05-01,428186217.42614233,381778119.9499563,46408097.47618604,10.838297821716074,-10.83829782171607
valor_aprovado_real,real_jun_2026,ridge,aprendizagem,2024-04,3,2024-06-01,397949486.3841517,383257601.93649954,14691884.447652161,3.691896823676178,-3.6918968236761773
valor_aprovado_real,real_jun_2026,ridge,aprendizagem,2024-04,4,2024-07-01,428926715.2871956,384914498.1051572,44012217.18203843,10.261010940428191,-10.261010940428195
valor_aprovado_real,real_jun_2026,ridge,aprendizagem,2024-04,5,2024-08-01,429625420.7342852,386386263.8260681,43239156.90821707,10.06438511816079,-10.06438511816079
valor_aprovado_real,real_jun_2026,ridge,aprendizagem,2024-04,6,2024-09-01,400816433.4473056,387359960.02333915,13456473.423966467,3.3572658955700123,-3.3572658955700163
valor_aprovado_real,real_jun_2026,ridge,aprendizagem,2024-04,7,2024-10-01,430772070.9800495,387656104.9477112,43115966.03233826,10.00899755043198,-10.008997550431975
valor_aprovado_real,real_jun_2026,ridge,aprendizagem,2024-04,8,2024-11-01,415187175.93382543,387276766.1663291,27910409.767496347,6.722367978905217,-6.722367978905219
valor_aprovado_real,real_jun_2026,ridge,aprendizagem,2024-04,9,2024-12-01,421181584.3568608,386405006.55979466,34776577.79706615,8.256908442511694,-8.25690844251169
valor_aprovado_real,real_jun_2026,ridge,aprendizagem,2024-04,10,2025-01-01,422148225.0857496,383650637.47736585,38497587.608383775,9.119447938117917,-9.119447938117919
valor_aprovado_real,real_jun_2026,ridge,aprendizagem,2024-04,11,2025-02-01,381835234.55866665,382786594.1364638,-951359.5777971745,0.24915447598668475,0.24915447598667928
valor_aprovado_real,real_jun_2026,ridge,aprendizagem,2024-04,12,2025-03-01,411595502.0153863,382420620.3192015,29174881.696184754,7.088241138041916,-7.0882411380419175
valor_aprovado_real,real_jun_2026,ridge,aprendizagem,2024-05,1,2024-05-01,428186217.42614233,383462190.78179294,44724026.644349396,10.444994449655267,-10.444994449655265
valor_aprovado_real,real_jun_2026,ridge,aprendizagem,2024-05,2,2024-06-01,397949486.3841517,384736718.833554,13212767.550597668,3.320212238656596,-3.3202122386565946
valor_aprovado_real,real_jun_2026,ridge,aprendizagem,2024-05,3,2024-07-01,428926715.2871956,386094913.3476074,42831801.93958825,9.985808860357286,-9.985808860357281
valor_aprovado_real,real_jun_2026,ridge,aprendizagem,2024-05,4,2024-08-01,429625420.7342852,387269515.41683817,42355905.31744701,9.858798682129962,-9.858798682129965
valor_aprovado_real,real_jun_2026,ridge,aprendizagem,2024-05,5,2024-09-01,400816433.4473056,388042459.5814584,12773973.86584723,3.1869885563278917,-3.1869885563278966
valor_aprovado_real,real_jun_2026,ridge,aprendizagem,2024-05,6,2024-10-01,430772070.9800495,388303304.29285395,42468766.68719554,9.858755835905251,-9.858755835905253
valor_aprovado_real,real_jun_2026,ridge,aprendizagem,2024-05,7,2024-11-01,415187175.93382543,388078824.6373468,27108351.29647863,6.5291880067122525,-6.52918800671225
valor_aprovado_real,real_jun_2026,ridge,aprendizagem,2024-05,8,2024-12-01,421181584.3568608,387525837.9734374,33655746.38342339,7.990792483203012,-7.990792483203013
valor_aprovado_real,real_jun_2026,ridge,aprendizagem,2024-05,9,2025-01-01,422148225.0857496,384679473.28029805,37468751.80545157,8.875733588087611,-8.87573358808761
valor_aprovado_real,real_jun_2026,ridge,aprendizagem,2024-05,10,2025-02-01,381835234.55866665,384226412.59891903,-2391178.0402523875,0.6262329465263107,0.6262329465263061
valor_aprovado_real,real_jun_2026,ridge,aprendizagem,2024-05,11,2025-03-01,411595502.0153863,384175009.8221505,27420492.193235755,6.661999963306382,-6.661999963306386
valor_aprovado_real,real_jun_2026,ridge,aprendizagem,2024-05,12,2025-04-01,410168062.7006887,384635706.4986067,25532356.202082038,6.224852328571892,-6.224852328571895
valor_aprovado_real,real_jun_2026,ridge,aprendizagem,2024-06,1,2024-06-01,397949486.3841517,386874579.13982075,11074907.244330943,2.782993224833573,-2.7829932248335743
valor_aprovado_real,real_jun_2026,ridge,aprendizagem,2024-06,2,2024-07-01,428926715.2871956,387951015.4314458,40975699.855749846,9.553077109760773,-9.553077109760777
valor_aprovado_real,real_jun_2026,ridge,aprendizagem,2024-06,3,2024-08-01,429625420.7342852,388752733.1508044,40872687.583480775,9.513563586070882,-9.513563586070884
valor_aprovado_real,real_jun_2026,ridge,aprendizagem,2024-06,4,2024-09-01,400816433.4473056,389181157.8462434,11635275.601062238,2.9028938511803557,-2.902893851180355
valor_aprovado_real,real_jun_2026,ridge,aprendizagem,2024-06,5,2024-10-01,430772070.9800495,389237738.63040924,41534332.34964025,9.641835009206956,-9.641835009206956
valor_aprovado_real,real_jun_2026,ridge,aprendizagem,2024-06,6,2024-11-01,415187175.93382543,389023559.89168435,26163616.04214108,6.301643586003043,-6.301643586003047
valor_aprovado_real,real_jun_2026,ridge,aprendizagem,2024-06,7,2024-12-01,421181584.3568608,388712255.81395274,32469328.542908072,7.709104516639384,-7.709104516639387
valor_aprovado_real,real_jun_2026,ridge,aprendizagem,2024-06,8,2025-01-01,422148225.0857496,385645050.94359416,36503174.14215547,8.647004055208498,-8.647004055208496
valor_aprovado_real,real_jun_2026,ridge,aprendizagem,2024-06,9,2025-02-01,381835234.55866665,385710998.9391578,-3875764.3804911375,1.015035813803519,1.015035813803511
valor_aprovado_real,real_jun_2026,ridge,aprendizagem,2024-06,10,2025-03-01,411595502.0153863,386150239.95864105,25445262.05674523,6.182104015265462,-6.182104015265466
valor_aprovado_real,real_jun_2026,ridge,aprendizagem,2024-06,11,2025-04-01,410168062.7006887,386961324.88939744,23206737.811291277,5.657860745785538,-5.657860745785537
valor_aprovado_real,real_jun_2026,ridge,aprendizagem,2024-06,12,2025-05-01,424625475.1310262,388043169.3430446,36582305.78798163,8.615193371686772,-8.615193371686768
valor_aprovado_real,real_jun_2026,ridge,aprendizagem,2024-07,1,2024-07-01,428926715.2871956,388452226.88473326,40474488.40246236,9.4362246416295,-9.436224641629497
valor_aprovado_real,real_jun_2026,ridge,aprendizagem,2024-07,2,2024-08-01,429625420.7342852,389194266.63620716,40431154.09807801,9.410791854210107,-9.41079185421011
valor_aprovado_real,real_jun_2026,ridge,aprendizagem,2024-07,3,2024-09-01,400816433.4473056,389540240.57973796,11276192.867567658,2.8133060240530563,-2.8133060240530527
valor_aprovado_real,real_jun_2026,ridge,aprendizagem,2024-07,4,2024-10-01,430772070.9800495,389515781.2101815,41256289.769868016,9.577289835899954,-9.577289835899949
valor_aprovado_real,real_jun_2026,ridge,aprendizagem,2024-07,5,2024-11-01,415187175.93382543,389245778.3294847,25941397.604340732,6.2481211145296545,-6.248121114529659
valor_aprovado_real,real_jun_2026,ridge,aprendizagem,2024-07,6,2024-12-01,421181584.3568608,388920914.92511153,32260669.431749284,7.6595631504190616,-7.659563150419057
valor_aprovado_real,real_jun_2026,ridge,aprendizagem,2024-07,7,2025-01-01,422148225.0857496,385846903.6322482,36301321.4535014,8.599188459486625,-8.599188459486628
valor_aprovado_real,real_jun_2026,ridge,aprendizagem,2024-07,8,2025-02-01,381835234.55866665,385988135.3140889,-4152900.7554222345,1.087615908527207,1.0876159085272175
valor_aprovado_real,real_jun_2026,ridge,aprendizagem,2024-07,9,2025-03-01,411595502.0153863,386525432.80387264,25070069.21151364,6.090948294808253,-6.090948294808252
valor_aprovado_real,real_jun_2026,ridge,aprendizagem,2024-07,10,2025-04-01,410168062.7006887,387433163.6067438,22734899.093944907,5.542825285871954,-5.542825285871955
valor_aprovado_real,real_jun_2026,ridge,aprendizagem,2024-07,11,2025-05-01,424625475.1310262,388586437.92075515,36039037.21027106,8.487252725275264,-8.487252725275262
valor_aprovado_real,real_jun_2026,ridge,aprendizagem,2024-07,12,2025-06-01,394647218.1248688,389794572.7584429,4852645.366425931,1.2296160072995939,-1.2296160072995943
valor_aprovado_real,real_jun_2026,ridge,aprendizagem,2024-08,1,2024-08-01,429625420.7342852,391079356.5364272,38546064.197857976,8.972016630668127,-8.972016630668122
valor_aprovado_real,real_jun_2026,ridge,aprendizagem,2024-08,2,2024-09-01,400816433.4473056,391215959.3672267,9600474.0800789,2.395229656006869,-2.3952296560068698
valor_aprovado_real,real_jun_2026,ridge,aprendizagem,2024-08,3,2024-10-01,430772070.9800495,390860695.3513516,39911375.62869787,9.265079683066617,-9.265079683066613
valor_aprovado_real,real_jun_2026,ridge,aprendizagem,2024-08,4,2024-11-01,415187175.93382543,390222043.66499424,24965132.268831193,6.012982509076884,-6.012982509076881
valor_aprovado_real,real_jun_2026,ridge,aprendizagem,2024-08,5,2024-12-01,421181584.3568608,389584416.9817976,31597167.37506324,7.50202965861191,-7.502029658611908
valor_aprovado_real,real_jun_2026,ridge,aprendizagem,2024-08,6,2025-01-01,422148225.0857496,386753488.43103594,35394736.65471369,8.384433369943476,-8.384433369943478
valor_aprovado_real,real_jun_2026,ridge,aprendizagem,2024-08,7,2025-02-01,381835234.55866665,386893916.6257095,-5058682.067042828,1.32483375267601,1.3248337526760023
valor_aprovado_real,real_jun_2026,ridge,aprendizagem,2024-08,8,2025-03-01,411595502.0153863,387602895.5188999,23992606.496486366,5.829171207898543,-5.8291712078985425
valor_aprovado_real,real_jun_2026,ridge,aprendizagem,2024-08,9,2025-04-01,410168062.7006887,388803741.25876516,21364321.44192356,5.20867502487967,-5.208675024879672
valor_aprovado_real,real_jun_2026,ridge,aprendizagem,2024-08,10,2025-05-01,424625475.1310262,390287974.6691126,34337500.461913586,8.086538013603189,-8.086538013603183
valor_aprovado_real,real_jun_2026,ridge,aprendizagem,2024-08,11,2025-06-01,394647218.1248688,391771183.0762993,2876035.0485695004,0.7287610089422967,-0.7287610089422913
valor_aprovado_real,real_jun_2026,ridge,aprendizagem,2024-08,12,2025-07-01,423835549.0030809,392969228.4554513,30866320.547629595,7.282617189669765,-7.282617189669772
valor_aprovado_real,real_jun_2026,ridge,aprendizagem,2024-09,1,2024-09-01,400816433.4473056,393005811.40626794,7810622.041037679,1.9486780953217886,-1.9486780953217875
valor_aprovado_real,real_jun_2026,ridge,aprendizagem,2024-09,2,2024-10-01,430772070.9800495,392398356.97402084,38373714.00602865,8.908124874188019,-8.908124874188017
valor_aprovado_real,real_jun_2026,ridge,aprendizagem,2024-09,3,2024-11-01,415187175.93382543,391367195.7751806,23819980.158644855,5.737166641785054,-5.737166641785052
valor_aprovado_real,real_jun_2026,ridge,aprendizagem,2024-09,4,2024-12-01,421181584.3568608,390289486.555863,30892097.800997794,7.334626904015676,-7.334626904015673
valor_aprovado_real,real_jun_2026,ridge,aprendizagem,2024-09,5,2025-01-01,422148225.0857496,387813343.4387896,34334881.64696002,8.13337107836606,-8.133371078366059
valor_aprovado_real,real_jun_2026,ridge,aprendizagem,2024-09,6,2025-02-01,381835234.55866665,387719503.0559024,-5884268.497235775,1.5410491135101607,1.5410491135101623
valor_aprovado_real,real_jun_2026,ridge,aprendizagem,2024-09,7,2025-03-01,411595502.0153863,388392452.6697432,23203049.345643103,5.637342787282385,-5.6373427872823845
valor_aprovado_real,real_jun_2026,ridge,aprendizagem,2024-09,8,2025-04-01,410168062.7006887,389752735.91035676,20415326.79033196,4.9773077542679385,-4.977307754267935
valor_aprovado_real,real_jun_2026,ridge,aprendizagem,2024-09,9,2025-05-01,424625475.1310262,391536725.91756356,33088749.21346265,7.792455034228102,-7.792455034228107
valor_aprovado_real,real_jun_2026,ridge,aprendizagem,2024-09,10,2025-06-01,394647218.1248688,393367263.94524753,1279954.1796212792,0.3243286968302647,-0.3243286968302672
valor_aprovado_real,real_jun_2026,ridge,aprendizagem,2024-09,11,2025-07-01,423835549.0030809,394854718.7427968,28980830.260284126,6.837753541072946,-6.837753541072944
valor_aprovado_real,real_jun_2026,ridge,aprendizagem,2024-09,12,2025-08-01,411913243.8502616,395701387.93405044,16211855.916211188,3.9357452469055616,-3.9357452469055643
valor_aprovado_real,real_jun_2026,ridge,aprendizagem,2024-10,1,2024-10-01,430772070.9800495,392728867.9688106,38043203.01123887,8.831399613416623,-8.831399613416623
valor_aprovado_real,real_jun_2026,ridge,aprendizagem,2024-10,2,2024-11-01,415187175.93382543,391641529.0112281,23545646.92259735,5.671092048938951,-5.671092048938952
valor_aprovado_real,real_jun_2026,ridge,aprendizagem,2024-10,3,2024-12-01,421181584.3568608,390484216.8508161,30697367.506044745,7.288392618808169,-7.288392618808171
valor_aprovado_real,real_jun_2026,ridge,aprendizagem,2024-10,4,2025-01-01,422148225.0857496,388041771.14908826,34106453.93666136,8.079260295298749,-8.079260295298752
valor_aprovado_real,real_jun_2026,ridge,aprendizagem,2024-10,5,2025-02-01,381835234.55866665,387880864.1023165,-6045629.543649852,1.5833084525679042,1.5833084525679109
valor_aprovado_real,real_jun_2026,ridge,aprendizagem,2024-10,6,2025-03-01,411595502.0153863,388519349.42648023,23076152.58890605,5.606512334540384,-5.606512334540382
valor_aprovado_real,real_jun_2026,ridge,aprendizagem,2024-10,7,2025-04-01,410168062.7006887,389885115.45288044,20282947.247808278,4.9450332905634635,-4.945033290563461
valor_aprovado_real,real_jun_2026,ridge,aprendizagem,2024-10,8,2025-05-01,424625475.1310262,391711176.2359829,32914298.895043314,7.751371696407755,-7.75137169640775
valor_aprovado_real,real_jun_2026,ridge,aprendizagem,2024-10,9,2025-06-01,394647218.1248688,393607210.2219148,1040007.9029539824,0.26352850221407553,-0.2635285022140721
valor_aprovado_real,real_jun_2026,ridge,aprendizagem,2024-10,10,2025-07-01,423835549.0030809,395164146.5936135,28671402.4094674,6.764746958320616,-6.764746958320611
valor_aprovado_real,real_jun_2026,ridge,aprendizagem,2024-10,11,2025-08-01,411913243.8502616,396063775.46590525,15849468.38435638,3.847768582579968,-3.847768582579969
valor_aprovado_real,real_jun_2026,ridge,aprendizagem,2024-10,12,2025-09-01,411490588.8396937,396164011.9672614,15326576.872432351,3.7246482150781817,-3.7246482150781857
valor_aprovado_real,real_jun_2026,ridge,aprendizagem,2024-11,1,2024-11-01,415187175.93382543,393343229.3371134,21843946.596712053,5.2612286368386405,-5.261228636838644
valor_aprovado_real,real_jun_2026,ridge,aprendizagem,2024-11,2,2024-12-01,421181584.3568608,392024202.22982293,29157382.127037883,6.922758071571636,-6.922758071571633
valor_aprovado_real,real_jun_2026,ridge,aprendizagem,2024-11,3,2025-01-01,422148225.0857496,389263295.80824697,32884929.277502656,7.78990111135084,-7.789901111350838
valor_aprovado_real,real_jun_2026,ridge,aprendizagem,2024-11,4,2025-02-01,381835234.55866665,388840675.1637233,-7005440.6050566435,1.8346763135030433,1.8346763135030475
valor_aprovado_real,real_jun_2026,ridge,aprendizagem,2024-11,5,2025-03-01,411595502.0153863,389278810.9126124,22316691.102773905,5.421995865722474,-5.421995865722473
valor_aprovado_real,real_jun_2026,ridge,aprendizagem,2024-11,6,2025-04-01,410168062.7006887,390564654.2238838,19603408.476804912,4.779360037865765,-4.779360037865765
valor_aprovado_real,real_jun_2026,ridge,aprendizagem,2024-11,7,2025-05-01,424625475.1310262,392458013.70974934,32167461.421276867,7.575490239098583,-7.575490239098581
valor_aprovado_real,real_jun_2026,ridge,aprendizagem,2024-11,8,2025-06-01,394647218.1248688,394555914.5140491,91303.61081969738,0.02313550093005048,-0.023135500930049346
valor_aprovado_real,real_jun_2026,ridge,aprendizagem,2024-11,9,2025-07-01,423835549.0030809,396400575.0995303,27434973.903550625,6.4730233148402565,-6.473023314840254
valor_aprovado_real,real_jun_2026,ridge,aprendizagem,2024-11,10,2025-08-01,411913243.8502616,397602069.4410633,14311174.409198344,3.47431761975605,-3.474317619756051
valor_aprovado_real,real_jun_2026,ridge,aprendizagem,2024-11,11,2025-09-01,411490588.8396937,397942807.38918364,13547781.450510085,3.292367266214187,-3.292367266214191
valor_aprovado_real,real_jun_2026,ridge,aprendizagem,2024-11,12,2025-10-01,427672977.16345227,397435837.77492154,30237139.38853073,7.0701543008583405,-7.070154300858345
valor_aprovado_real,real_jun_2026,ridge,aprendizagem,2024-12,1,2024-12-01,421181584.3568608,393262327.4691786,27919256.8876822,6.62879335769501,-6.628793357695006
valor_aprovado_real,real_jun_2026,ridge,aprendizagem,2024-12,2,2025-01-01,422148225.0857496,389841392.9264232,32306832.159326434,7.652959372922638,-7.652959372922641
valor_aprovado_real,real_jun_2026,ridge,aprendizagem,2024-12,3,2025-02-01,381835234.55866665,389421343.0551399,-7586108.496473253,1.9867492074798807,1.9867492074798765
valor_aprovado_real,real_jun_2026,ridge,aprendizagem,2024-12,4,2025-03-01,411595502.0153863,389813358.62221783,21782143.39316845,5.292123768727237,-5.292123768727242
valor_aprovado_real,real_jun_2026,ridge,aprendizagem,2024-12,5,2025-04-01,410168062.7006887,391035117.0447739,19132945.655914843,4.664660024950966,-4.664660024950962
valor_aprovado_real,real_jun_2026,ridge,aprendizagem,2024-12,6,2025-05-01,424625475.1310262,392881966.81187403,31743508.319152176,7.4756485840509495,-7.475648584050953
valor_aprovado_real,real_jun_2026,ridge,aprendizagem,2024-12,7,2025-06-01,394647218.1248688,394981763.69161797,-334545.5667491555,0.08477079056548759,0.08477079056548043
valor_aprovado_real,real_jun_2026,ridge,aprendizagem,2024-12,8,2025-07-01,423835549.0030809,396894586.47754484,26940962.52553606,6.3564659899116265,-6.35646598991163
valor_aprovado_real,real_jun_2026,ridge,aprendizagem,2024-12,9,2025-08-01,411913243.8502616,398230613.5206374,13682630.329624236,3.3217262454902112,-3.3217262454902086
valor_aprovado_real,real_jun_2026,ridge,aprendizagem,2024-12,10,2025-09-01,411490588.8396937,398754575.1253688,12736013.714324951,3.0950923446967527,-3.095092344696748
valor_aprovado_real,real_jun_2026,ridge,aprendizagem,2024-12,11,2025-10-01,427672977.16345227,398448793.874622,29224183.28883028,6.833301342221838,-6.8333013422218425
valor_aprovado_real,real_jun_2026,ridge,aprendizagem,2024-12,12,2025-11-01,396346421.4330967,397517921.2793311,-1171499.8462343812,0.295574725261429,0.29557472526142714
valor_aprovado_real,real_jun_2026,ridge,aprendizagem,2025-01,1,2025-01-01,422148225.0857496,390264292.4076156,31883932.678134024,7.552781412656075,-7.552781412656073
valor_aprovado_real,real_jun_2026,ridge,aprendizagem,2025-01,2,2025-02-01,381835234.55866665,390147091.7333265,-8311857.174659848,2.1768177534131627,2.1768177534131627
valor_aprovado_real,real_jun_2026,ridge,aprendizagem,2025-01,3,2025-03-01,411595502.0153863,390664953.93544656,20930548.079939723,5.085222743555953,-5.085222743555951
valor_aprovado_real,real_jun_2026,ridge,aprendizagem,2025-01,4,2025-04-01,410168062.7006887,391849363.6769697,18318699.023719013,4.466144658631476,-4.466144658631476
valor_aprovado_real,real_jun_2026,ridge,aprendizagem,2025-01,5,2025-05-01,424625475.1310262,393553204.7459898,31072270.38503641,7.317570943064232,-7.317570943064233
valor_aprovado_real,real_jun_2026,ridge,aprendizagem,2025-01,6,2025-06-01,394647218.1248688,395490179.7258744,-842961.6010056138,0.21359876930360003,0.21359876930360233
valor_aprovado_real,real_jun_2026,ridge,aprendizagem,2025-01,7,2025-07-01,423835549.0030809,397311523.1568468,26524025.846234083,6.258093713144689,-6.258093713144685
valor_aprovado_real,real_jun_2026,ridge,aprendizagem,2025-01,8,2025-08-01,411913243.8502616,398699452.9592807,13213790.8909809,3.2079062978087602,-3.2079062978087602
valor_aprovado_real,real_jun_2026,ridge,aprendizagem,2025-01,9,2025-09-01,411490588.8396937,399452319.8853054,12038268.95438832,2.9255271641408362,-2.92552716414084
valor_aprovado_real,real_jun_2026,ridge,aprendizagem,2025-01,10,2025-10-01,427672977.16345227,399538639.27192706,28134337.89152521,6.5784698575361595,-6.578469857536162
valor_aprovado_real,real_jun_2026,ridge,aprendizagem,2025-01,11,2025-11-01,396346421.4330967,399105527.33105177,-2759105.89795506,0.6961349336721077,0.6961349336721101
valor_aprovado_real,real_jun_2026,ridge,aprendizagem,2025-01,12,2025-12-01,432042733.88196224,398439281.4793119,33603452.40265036,7.777807556377306,-7.777807556377303
valor_aprovado_real,real_jun_2026,ridge,aprendizagem,2025-02,1,2025-02-01,381835234.55866665,391952012.50797623,-10116777.949309587,2.6495139876242106,2.649513987624208
valor_aprovado_real,real_jun_2026,ridge,aprendizagem,2025-02,2,2025-03-01,411595502.0153863,391946191.5876645,19649310.4277218,4.77393711338159,-4.773937113381588
valor_aprovado_real,real_jun_2026,ridge,aprendizagem,2025-02,3,2025-04-01,410168062.7006887,392717777.5073117,17450285.193377018,4.25442319386797,-4.254423193867973
valor_aprovado_real,real_jun_2026,ridge,aprendizagem,2025-02,4,2025-05-01,424625475.1310262,394180491.1530023,30444983.978023887,7.1698439592277206,-7.169843959227718
valor_aprovado_real,real_jun_2026,ridge,aprendizagem,2025-02,5,2025-06-01,394647218.1248688,396062866.2947606,-1415648.1698917747,0.35871231441034884,0.3587123144103588
valor_aprovado_real,real_jun_2026,ridge,aprendizagem,2025-02,6,2025-07-01,423835549.0030809,397980988.7436451,25854560.259435833,6.100139622608176,-6.1001396226081805
valor_aprovado_real,real_jun_2026,ridge,aprendizagem,2025-02,7,2025-08-01,411913243.8502616,399541365.84863824,12371878.001623392,3.003515469903368,-3.003515469903373
valor_aprovado_real,real_jun_2026,ridge,aprendizagem,2025-02,8,2025-09-01,411490588.8396937,400446362.5347143,11044226.304979444,2.6839559893997946,-2.6839559893998
valor_aprovado_real,real_jun_2026,ridge,aprendizagem,2025-02,9,2025-10-01,427672977.16345227,400573952.38083136,27099024.782620907,6.336389304359516,-6.336389304359513
valor_aprovado_real,real_jun_2026,ridge,aprendizagem,2025-02,10,2025-11-01,396346421.4330967,400010414.50090504,-3663993.06780833,0.92444207129717,0.9244420712971602
valor_aprovado_real,real_jun_2026,ridge,aprendizagem,2025-02,11,2025-12-01,432042733.88196224,399027215.12491107,33015518.75705117,7.6417252664805355,-7.641725266480536
valor_aprovado_real,real_jun_2026,ridge,aprendizagem,2025-02,12,2026-01-01,419718499.1084349,395944865.0890895,23773634.019345403,5.66418541709391,-5.664185417093915
valor_aprovado_real,real_jun_2026,ridge,aprendizagem,2025-03,1,2025-03-01,411595502.0153863,391471540.8382527,20123961.17713356,4.889256825838997,-4.889256825838995
valor_aprovado_real,real_jun_2026,ridge,aprendizagem,2025-03,2,2025-04-01,410168062.7006887,392314550.5411715,17853512.15951723,4.352730937158665,-4.352730937158666
valor_aprovado_real,real_jun_2026,ridge,aprendizagem,2025-03,3,2025-05-01,424625475.1310262,393847952.04131925,30777523.089706957,7.248157468698733,-7.248157468698735
valor_aprovado_real,real_jun_2026,ridge,aprendizagem,2025-03,4,2025-06-01,394647218.1248688,395787228.5183507,-1140010.3934819102,0.28886821979857563,0.2888682197985659
valor_aprovado_real,real_jun_2026,ridge,aprendizagem,2025-03,5,2025-07-01,423835549.0030809,397739109.27963644,26096439.72344446,6.157208800636674,-6.1572088006366705
valor_aprovado_real,real_jun_2026,ridge,aprendizagem,2025-03,6,2025-08-01,411913243.8502616,399306946.32476014,12606297.52550149,3.0604253962963424,-3.06042539629634
valor_aprovado_real,real_jun_2026,ridge,aprendizagem,2025-03,7,2025-09-01,411490588.8396937,400196995.85690916,11293592.98278457,2.744556811039065,-2.7445568110390672
valor_aprovado_real,real_jun_2026,ridge,aprendizagem,2025-03,8,2025-10-01,427672977.16345227,400297126.69601244,27375850.46743983,6.401117659808807,-6.401117659808808
valor_aprovado_real,real_jun_2026,ridge,aprendizagem,2025-03,9,2025-11-01,396346421.4330967,399706865.7378868,-3360444.3047900796,0.8478553414559649,0.847855341455972
valor_aprovado_real,real_jun_2026,ridge,aprendizagem,2025-03,10,2025-12-01,432042733.88196224,398710729.8028774,33332004.079084814,7.7149785114060965,-7.714978511406101
valor_aprovado_real,real_jun_2026,ridge,aprendizagem,2025-03,11,2026-01-01,419718499.1084349,395324632.4906516,24393866.617783308,5.81195888901745,-5.811958889017454
valor_aprovado_real,real_jun_2026,ridge,aprendizagem,2025-03,12,2026-02-01,378058045.77417153,394699935.98754996,-16641890.21337843,4.401940495486575,4.401940495486567
valor_aprovado_real,real_jun_2026,ridge,aprendizagem,2025-04,1,2025-04-01,410168062.7006887,393191740.3685846,16976322.332104146,4.13886986235012,-4.138869862350115
valor_aprovado_real,real_jun_2026,ridge,aprendizagem,2025-04,2,2025-05-01,424625475.1310262,394628809.8695397,29996665.26148653,7.064264161784098,-7.064264161784095
valor_aprovado_real,real_jun_2026,ridge,aprendizagem,2025-04,3,2025-06-01,394647218.1248688,396425699.69265765,-1778481.5677888393,0.45065098298149336,0.4506509829814931
valor_aprovado_real,real_jun_2026,ridge,aprendizagem,2025-04,4,2025-07-01,423835549.0030809,398229176.63125813,25606372.371822774,6.0415820315338005,-6.041582031533799
valor_aprovado_real,real_jun_2026,ridge,aprendizagem,2025-04,5,2025-08-01,411913243.8502616,399684242.4663866,12229001.383875012,2.9688293752265196,-2.9688293752265227
valor_aprovado_real,real_jun_2026,ridge,aprendizagem,2025-04,6,2025-09-01,411490588.8396937,400529255.4528981,10961333.38679564,2.6638114416429333,-2.663811441642938
valor_aprovado_real,real_jun_2026,ridge,aprendizagem,2025-04,7,2025-10-01,427672977.16345227,400666037.01377463,27006940.149677634,6.314857751546891,-6.314857751546887
valor_aprovado_real,real_jun_2026,ridge,aprendizagem,2025-04,8,2025-11-01,396346421.4330967,400186178.6105517,-3839757.177455008,0.9687881534470116,0.9687881534470089
valor_aprovado_real,real_jun_2026,ridge,aprendizagem,2025-04,9,2025-12-01,432042733.88196224,399346499.8851659,32696233.99679631,7.567824067544485,-7.567824067544482
valor_aprovado_real,real_jun_2026,ridge,aprendizagem,2025-04,10,2026-01-01,419718499.1084349,396124323.59415686,23594175.514278054,5.621428544225891,-5.621428544225893
valor_aprovado_real,real_jun_2026,ridge,aprendizagem,2025-04,11,2026-02-01,378058045.77417153,395626468.8567605,-17568423.08258897,4.6470173770837455,4.647017377083751
valor_aprovado_real,real_jun_2026,ridge,aprendizagem,2025-04,12,2026-03-01,417924666.2769595,395738666.9679812,22185999.30897826,5.308612077535417,-5.308612077535413
valor_aprovado_real,real_jun_2026,ridge,aprendizagem,2025-05,1,2025-05-01,424625475.1310262,395376281.2054761,29249193.925550103,6.888233428888061,-6.888233428888057
valor_aprovado_real,real_jun_2026,ridge,aprendizagem,2025-05,2,2025-06-01,394647218.1248688,397077678.94675845,-2430460.821889639,0.6158565701888784,0.6158565701888774
valor_aprovado_real,real_jun_2026,ridge,aprendizagem,2025-05,3,2025-07-01,423835549.0030809,398743245.40525436,25092303.59782654,5.920292353212718,-5.920292353212719
valor_aprovado_real,real_jun_2026,ridge,aprendizagem,2025-05,4,2025-08-01,411913243.8502616,400061988.90667593,11851254.943585694,2.877124035345135,-2.8771240353451355
valor_aprovado_real,real_jun_2026,ridge,aprendizagem,2025-05,5,2025-09-01,411490588.8396937,400815848.7079998,10674740.1316939,2.594163857257136,-2.594163857257137
valor_aprovado_real,real_jun_2026,ridge,aprendizagem,2025-05,6,2025-10-01,427672977.16345227,400938124.19746137,26734852.9659909,6.251237369101559,-6.251237369101559
valor_aprovado_real,real_jun_2026,ridge,aprendizagem,2025-05,7,2025-11-01,396346421.4330967,400531347.2696118,-4184925.836515069,1.0558757718521459,1.055875771852155
valor_aprovado_real,real_jun_2026,ridge,aprendizagem,2025-05,8,2025-12-01,432042733.88196224,399839808.98697424,32202924.894988,7.45364344069402,-7.453643440694025
valor_aprovado_real,real_jun_2026,ridge,aprendizagem,2025-05,9,2026-01-01,419718499.1084349,396562357.89514786,23156141.213287055,5.5170647142013705,-5.51706471420137
valor_aprovado_real,real_jun_2026,ridge,aprendizagem,2025-05,10,2026-02-01,378058045.77417153,396253473.85237116,-18195428.078199625,4.812866246753137,4.812866246753145
valor_aprovado_real,real_jun_2026,ridge,aprendizagem,2025-05,11,2026-03-01,417924666.2769595,396509473.5096921,21415192.767267406,5.124175358693836,-5.124175358693838
valor_aprovado_real,real_jun_2026,ridge,aprendizagem,2025-05,12,2026-04-01,399704198.75121015,397397057.4788753,2307141.2723348737,0.5772121682842063,-0.5772121682842024
valor_aprovado_real,real_jun_2026,ridge,aprendizagem,2025-06,1,2025-06-01,394647218.1248688,398336885.04687625,-3689666.9220074415,0.9349278932051177,0.9349278932051286
valor_aprovado_real,real_jun_2026,ridge,aprendizagem,2025-06,2,2025-07-01,423835549.0030809,399830703.1393996,24004845.863681316,5.663716958179651,-5.663716958179654
valor_aprovado_real,real_jun_2026,ridge,aprendizagem,2025-06,3,2025-08-01,411913243.8502616,400924388.9513617,10988854.898899913,2.66775954960423,-2.6677595496042317
valor_aprovado_real,real_jun_2026,ridge,aprendizagem,2025-06,4,2025-09-01,411490588.8396937,401472043.7760772,10018545.063616514,2.434696038095657,-2.434696038095663
valor_aprovado_real,real_jun_2026,ridge,aprendizagem,2025-06,5,2025-10-01,427672977.16345227,401474077.4689357,26198899.69451654,6.125918889774415,-6.125918889774418
valor_aprovado_real,real_jun_2026,ridge,aprendizagem,2025-06,6,2025-11-01,396346421.4330967,401077098.62698144,-4730677.19388473,1.193571314906717,1.1935713149067162
valor_aprovado_real,real_jun_2026,ridge,aprendizagem,2025-06,7,2025-12-01,432042733.88196224,400534630.93373144,31508102.948230803,7.29282093581953,-7.292820935819533
valor_aprovado_real,real_jun_2026,ridge,aprendizagem,2025-06,8,2026-01-01,419718499.1084349,397106791.5786119,22611707.529823005,5.387350707165575,-5.387350707165572
valor_aprovado_real,real_jun_2026,ridge,aprendizagem,2025-06,9,2026-02-01,378058045.77417153,397111474.61835694,-19053428.844185412,5.039815725960439,5.039815725960439
valor_aprovado_real,real_jun_2026,ridge,aprendizagem,2025-06,10,2026-03-01,417924666.2769595,397662188.64534867,20262477.63161081,4.848356478242141,-4.8483564782421436
valor_aprovado_real,real_jun_2026,ridge,aprendizagem,2025-06,11,2026-04-01,399704198.75121015,398758523.80419725,945674.9470129013,0.23659369853192921,-0.23659369853192835
valor_aprovado_real,real_jun_2026,ridge,aprendizagem,2025-06,12,2026-05-01,427248135.7591183,400253871.4978587,26994264.261259615,6.318170169027708,-6.318170169027704
valor_aprovado_real,real_jun_2026,ridge,aprendizagem,2025-07,1,2025-07-01,423835549.0030809,399652421.2085078,24183127.79457313,5.705780898146733,-5.705780898146728
valor_aprovado_real,real_jun_2026,ridge,aprendizagem,2025-07,2,2025-08-01,411913243.8502616,400764723.0262711,11148520.823990524,2.7065215771608515,-2.7065215771608475
valor_aprovado_real,real_jun_2026,ridge,aprendizagem,2025-07,3,2025-09-01,411490588.8396937,401337575.68506587,10153013.15462786,2.4673743288411427,-2.467374328841143
valor_aprovado_real,real_jun_2026,ridge,aprendizagem,2025-07,4,2025-10-01,427672977.16345227,401363921.88068557,26309055.2827667,6.151675856927394,-6.151675856927397
valor_aprovado_real,real_jun_2026,ridge,aprendizagem,2025-07,5,2025-11-01,396346421.4330967,400983140.2743898,-4636718.841293097,1.169865196342078,1.1698651963420792
valor_aprovado_real,real_jun_2026,ridge,aprendizagem,2025-07,6,2025-12-01,432042733.88196224,400443699.0931777,31599034.788784564,7.313867890998414,-7.313867890998416
valor_aprovado_real,real_jun_2026,ridge,aprendizagem,2025-07,7,2026-01-01,419718499.1084349,397016762.7529741,22701736.355460823,5.408800518367382,-5.408800518367385
valor_aprovado_real,real_jun_2026,ridge,aprendizagem,2025-07,8,2026-02-01,378058045.77417153,396997489.8170738,-18939444.04290229,5.009665646479997,5.009665646479999
valor_aprovado_real,real_jun_2026,ridge,aprendizagem,2025-07,9,2026-03-01,417924666.2769595,397517666.0401422,20407000.2368173,4.882937496513676,-4.882937496513673
valor_aprovado_real,real_jun_2026,ridge,aprendizagem,2025-07,10,2026-04-01,399704198.75121015,398584348.7263856,1119850.0248245597,0.280169692568477,-0.2801696925684771
valor_aprovado_real,real_jun_2026,ridge,aprendizagem,2025-07,11,2026-05-01,427248135.7591183,400058159.2145445,27189976.544573843,6.363977807946131,-6.363977807946131
valor_aprovado_real,real_jun_2026,ridge,aprendizagem,2025-07,12,2026-06-01,409258364.78,401690629.27761966,7567735.5023803115,1.8491339832353595,-1.8491339832353626
valor_aprovado_real,real_jun_2026,random_forest,aprendizagem,2022-01,1,2022-01-01,376627415.5025755,348296430.87949586,28330984.623079658,7.522284214300889,-7.522284214300889
valor_aprovado_real,real_jun_2026,random_forest,aprendizagem,2022-01,2,2022-02-01,345128541.7684927,348133633.86528474,-3005092.0967920423,0.870716771610218,0.8707167716102138
valor_aprovado_real,real_jun_2026,random_forest,aprendizagem,2022-01,3,2022-03-01,380554639.46775067,350943769.40251505,29610870.065235615,7.780977287952609,-7.780977287952606
valor_aprovado_real,real_jun_2026,random_forest,aprendizagem,2022-01,4,2022-04-01,364739929.8149265,352743394.07640266,11996535.73852384,3.2890656486694585,-3.2890656486694536
valor_aprovado_real,real_jun_2026,random_forest,aprendizagem,2022-01,5,2022-05-01,365435073.1539744,353146032.4185447,12289040.735429704,3.3628520189280717,-3.3628520189280753
valor_aprovado_real,real_jun_2026,random_forest,aprendizagem,2022-01,6,2022-06-01,363743552.1431217,352926842.6289157,10816709.514205992,2.973718558164285,-2.9737185581642844
valor_aprovado_real,real_jun_2026,random_forest,aprendizagem,2022-01,7,2022-07-01,368638493.582824,351999507.43055755,16638986.152266443,4.513632309678499,-4.513632309678495
valor_aprovado_real,real_jun_2026,random_forest,aprendizagem,2022-01,8,2022-08-01,387421803.680154,350731374.4801679,36690429.1999861,9.470408957745915,-9.470408957745914
valor_aprovado_real,real_jun_2026,random_forest,aprendizagem,2022-01,9,2022-09-01,374573280.9595117,349231936.5059125,25341344.453599215,6.765390309924004,-6.765390309924002
valor_aprovado_real,real_jun_2026,random_forest,aprendizagem,2022-01,10,2022-10-01,373101374.5192903,346096082.25426507,27005292.265025258,7.2380575654054615,-7.238057565405464
valor_aprovado_real,real_jun_2026,random_forest,aprendizagem,2022-01,11,2022-11-01,371409370.2333421,346438417.9081554,24970952.32518673,6.723296267269306,-6.7232962672693075
valor_aprovado_real,real_jun_2026,random_forest,aprendizagem,2022-01,12,2022-12-01,384096741.9936161,347152929.8237181,36943812.16989803,9.618361243614,-9.618361243614004
valor_aprovado_real,real_jun_2026,random_forest,aprendizagem,2022-02,1,2022-02-01,345128541.7684927,355661067.4606714,-10532525.692178726,3.051768954896751,3.051768954896761
valor_aprovado_real,real_jun_2026,random_forest,aprendizagem,2022-02,2,2022-03-01,380554639.46775067,356969929.8800807,23584709.58766997,6.197456854199936,-6.197456854199935
valor_aprovado_real,real_jun_2026,random_forest,aprendizagem,2022-02,3,2022-04-01,364739929.8149265,357157991.4062869,7581938.40863961,2.0787245346257475,-2.0787245346257532
valor_aprovado_real,real_jun_2026,random_forest,aprendizagem,2022-02,4,2022-05-01,365435073.1539744,356163315.15245384,9271758.001520574,2.5371833966286976,-2.537183396628695
valor_aprovado_real,real_jun_2026,random_forest,aprendizagem,2022-02,5,2022-06-01,363743552.1431217,354894918.4206319,8848633.722489834,2.432657203228766,-2.432657203228761
valor_aprovado_real,real_jun_2026,random_forest,aprendizagem,2022-02,6,2022-07-01,368638493.582824,353737063.2462453,14901430.336578667,4.042288202664512,-4.042288202664512
valor_aprovado_real,real_jun_2026,random_forest,aprendizagem,2022-02,7,2022-08-01,387421803.680154,350861429.90786797,36560373.77228606,9.436839492510703,-9.436839492510707
valor_aprovado_real,real_jun_2026,random_forest,aprendizagem,2022-02,8,2022-09-01,374573280.9595117,348851679.12883615,25721601.830675542,6.866907795661975,-6.86690779566198
valor_aprovado_real,real_jun_2026,random_forest,aprendizagem,2022-02,9,2022-10-01,373101374.5192903,347450851.54004073,25650522.979249597,6.8749473282691955,-6.874947328269199
valor_aprovado_real,real_jun_2026,random_forest,aprendizagem,2022-02,10,2022-11-01,371409370.2333421,348486649.88360506,22922720.34973705,6.171820688136003,-6.171820688135998
valor_aprovado_real,real_jun_2026,random_forest,aprendizagem,2022-02,11,2022-12-01,384096741.9936161,349341976.47730035,34754765.51631576,9.048440592316558,-9.048440592316553
valor_aprovado_real,real_jun_2026,random_forest,aprendizagem,2022-02,12,2023-01-01,374259433.1719504,356748837.2858181,17510595.8861323,4.6787320062249975,-4.678732006224995
valor_aprovado_real,real_jun_2026,random_forest,aprendizagem,2022-03,1,2022-03-01,380554639.46775067,355166720.0093853,25387919.45836538,6.671294165240845,-6.671294165240848
valor_aprovado_real,real_jun_2026,random_forest,aprendizagem,2022-03,2,2022-04-01,364739929.8149265,355704294.5205499,9035635.294376612,2.477281634330906,-2.477281634330908
valor_aprovado_real,real_jun_2026,random_forest,aprendizagem,2022-03,3,2022-05-01,365435073.1539744,355614858.68776906,9820214.466205359,2.6872665454494173,-2.6872665454494182
valor_aprovado_real,real_jun_2026,random_forest,aprendizagem,2022-03,4,2022-06-01,363743552.1431217,354727951.16355187,9015600.979569852,2.478559668329872,-2.4785596683298716
valor_aprovado_real,real_jun_2026,random_forest,aprendizagem,2022-03,5,2022-07-01,368638493.582824,353270470.3456741,15368023.237149894,4.168860144741525,-4.168860144741526
valor_aprovado_real,real_jun_2026,random_forest,aprendizagem,2022-03,6,2022-08-01,387421803.680154,350760734.43928033,36661069.240873694,9.462830664827573,-9.462830664827571
valor_aprovado_real,real_jun_2026,random_forest,aprendizagem,2022-03,7,2022-09-01,374573280.9595117,348989816.7547635,25583464.204748213,6.830029130538431,-6.830029130538429
valor_aprovado_real,real_jun_2026,random_forest,aprendizagem,2022-03,8,2022-10-01,373101374.5192903,347409340.19431514,25692034.324975193,6.886073351532734,-6.886073351532729
valor_aprovado_real,real_jun_2026,random_forest,aprendizagem,2022-03,9,2022-11-01,371409370.2333421,348552787.03958774,22856583.193754375,6.154013610209799,-6.154013610209796
valor_aprovado_real,real_jun_2026,random_forest,aprendizagem,2022-03,10,2022-12-01,384096741.9936161,349586053.3482687,34510688.64534742,8.98489491637526,-8.984894916375264
valor_aprovado_real,real_jun_2026,random_forest,aprendizagem,2022-03,11,2023-01-01,374259433.1719504,355640271.61502343,18619161.556926966,4.974934472359056,-4.9749344723590605
valor_aprovado_real,real_jun_2026,random_forest,aprendizagem,2022-03,12,2023-02-01,343845742.32525706,353326359.5382862,-9480617.213029146,2.757229782435713,2.7572297824357106
valor_aprovado_real,real_jun_2026,random_forest,aprendizagem,2022-04,1,2022-04-01,364739929.8149265,361822147.9709198,2917781.844006717,0.7999622759940859,-0.7999622759940817
valor_aprovado_real,real_jun_2026,random_forest,aprendizagem,2022-04,2,2022-05-01,365435073.1539744,359675938.9325118,5759134.221462607,1.57596646970884,-1.575966469708845
valor_aprovado_real,real_jun_2026,random_forest,aprendizagem,2022-04,3,2022-06-01,363743552.1431217,358340657.4724081,5402894.6707136035,1.4853581977963786,-1.4853581977963826
valor_aprovado_real,real_jun_2026,random_forest,aprendizagem,2022-04,4,2022-07-01,368638493.582824,356686567.9033452,11951925.679478765,3.242180588173834,-3.2421805881738375
valor_aprovado_real,real_jun_2026,random_forest,aprendizagem,2022-04,5,2022-08-01,387421803.680154,353855670.2672373,33566133.41291672,8.663976341565974,-8.66397634156597
valor_aprovado_real,real_jun_2026,random_forest,aprendizagem,2022-04,6,2022-09-01,374573280.9595117,352470891.62620795,22102389.33330375,5.900684981236779,-5.900684981236781
valor_aprovado_real,real_jun_2026,random_forest,aprendizagem,2022-04,7,2022-10-01,373101374.5192903,349920818.1034492,23180556.415841103,6.212937823053398,-6.2129378230534
valor_aprovado_real,real_jun_2026,random_forest,aprendizagem,2022-04,8,2022-11-01,371409370.2333421,350791626.63842857,20617743.594913542,5.551217940990615,-5.551217940990616
valor_aprovado_real,real_jun_2026,random_forest,aprendizagem,2022-04,9,2022-12-01,384096741.9936161,351847089.9381185,32249652.055497587,8.396231607721784,-8.396231607721782
valor_aprovado_real,real_jun_2026,random_forest,aprendizagem,2022-04,10,2023-01-01,374259433.1719504,360172996.0990403,14086437.07291007,3.763816172520673,-3.763816172520673
valor_aprovado_real,real_jun_2026,random_forest,aprendizagem,2022-04,11,2023-02-01,343845742.32525706,358432762.44851243,-14587020.123255372,4.242315180234788,4.24231518023479
valor_aprovado_real,real_jun_2026,random_forest,aprendizagem,2022-04,12,2023-03-01,385752047.0654128,362876082.899483,22875964.165929794,5.93022495666774,-5.93022495666774
valor_aprovado_real,real_jun_2026,random_forest,aprendizagem,2022-05,1,2022-05-01,365435073.1539744,361676849.38347596,3758223.7704984546,1.0284244853845608,-1.0284244853845603
valor_aprovado_real,real_jun_2026,random_forest,aprendizagem,2022-05,2,2022-06-01,363743552.1431217,359857465.81169206,3886086.3314296603,1.0683588227292087,-1.0683588227292096
valor_aprovado_real,real_jun_2026,random_forest,aprendizagem,2022-05,3,2022-07-01,368638493.582824,358745773.0139386,9892720.568885386,2.6835831691740397,-2.683583169174042
valor_aprovado_real,real_jun_2026,random_forest,aprendizagem,2022-05,4,2022-08-01,387421803.680154,356562614.6657137,30859189.014440298,7.965269048181112,-7.965269048181112
valor_aprovado_real,real_jun_2026,random_forest,aprendizagem,2022-05,5,2022-09-01,374573280.9595117,355241189.15959877,19332091.79991293,5.16109738270482,-5.161097382704815
valor_aprovado_real,real_jun_2026,random_forest,aprendizagem,2022-05,6,2022-10-01,373101374.5192903,352815285.0823543,20286089.43693602,5.437152158196398,-5.437152158196401
valor_aprovado_real,real_jun_2026,random_forest,aprendizagem,2022-05,7,2022-11-01,371409370.2333421,353554136.9736305,17855233.259711623,4.8074267077575,-4.8074267077575
valor_aprovado_real,real_jun_2026,random_forest,aprendizagem,2022-05,8,2022-12-01,384096741.9936161,354257266.553275,29839475.440341115,7.768739533030734,-7.7687395330307325
valor_aprovado_real,real_jun_2026,random_forest,aprendizagem,2022-05,9,2023-01-01,374259433.1719504,361241193.3536542,13018239.818296194,3.4783999184637975,-3.4783999184637926
valor_aprovado_real,real_jun_2026,random_forest,aprendizagem,2022-05,10,2023-02-01,343845742.32525706,359819792.24385726,-15974049.918600202,4.6457024043908985,4.645702404390906
valor_aprovado_real,real_jun_2026,random_forest,aprendizagem,2022-05,11,2023-03-01,385752047.0654128,364780497.4363478,20971549.629065037,5.436536186549088,-5.43653618654909
valor_aprovado_real,real_jun_2026,random_forest,aprendizagem,2022-05,12,2023-04-01,354703652.6513935,364288749.95453376,-9585097.303140283,2.7022832247404622,2.702283224740465
valor_aprovado_real,real_jun_2026,random_forest,aprendizagem,2022-06,1,2022-06-01,363743552.1431217,362779549.57274365,964002.5703780651,0.26502258657186045,-0.2650225865718614
valor_aprovado_real,real_jun_2026,random_forest,aprendizagem,2022-06,2,2022-07-01,368638493.582824,361696292.15840125,6942201.424422741,1.883200356249014,-1.8832003562490152
valor_aprovado_real,real_jun_2026,random_forest,aprendizagem,2022-06,3,2022-08-01,387421803.680154,359629784.7775071,27792018.9026469,7.17358151726311,-7.173581517263106
valor_aprovado_real,real_jun_2026,random_forest,aprendizagem,2022-06,4,2022-09-01,374573280.9595117,358512570.49267566,16060710.466836035,4.287735213172363,-4.287735213172361
valor_aprovado_real,real_jun_2026,random_forest,aprendizagem,2022-06,5,2022-10-01,373101374.5192903,356646150.70104986,16455223.818240464,4.410389492518389,-4.4103894925183855
valor_aprovado_real,real_jun_2026,random_forest,aprendizagem,2022-06,6,2022-11-01,371409370.2333421,357258414.02688795,14150956.206454158,3.8100697883749297,-3.8100697883749257
valor_aprovado_real,real_jun_2026,random_forest,aprendizagem,2022-06,7,2022-12-01,384096741.9936161,357917681.98224485,26179060.011371255,6.815746438121666,-6.8157464381216615
valor_aprovado_real,real_jun_2026,random_forest,aprendizagem,2022-06,8,2023-01-01,374259433.1719504,363584114.54386157,10675318.628088832,2.8523846513667284,-2.852384651366724
valor_aprovado_real,real_jun_2026,random_forest,aprendizagem,2022-06,9,2023-02-01,343845742.32525706,361895904.0754912,-18050161.750234127,5.249494040022102,5.249494040022107
valor_aprovado_real,real_jun_2026,random_forest,aprendizagem,2022-06,10,2023-03-01,385752047.0654128,366219254.93980753,19532792.125605285,5.063561496095721,-5.063561496095725
valor_aprovado_real,real_jun_2026,random_forest,aprendizagem,2022-06,11,2023-04-01,354703652.6513935,366029705.77790123,-11326053.12650776,3.193103043018033,3.1931030430180307
valor_aprovado_real,real_jun_2026,random_forest,aprendizagem,2022-06,12,2023-05-01,383837561.6060568,364944367.8362011,18893193.769855738,4.922184710324507,-4.922184710324506
valor_aprovado_real,real_jun_2026,random_forest,aprendizagem,2022-07,1,2022-07-01,368638493.582824,363556475.87061983,5082017.712204158,1.3785911674094757,-1.3785911674094709
valor_aprovado_real,real_jun_2026,random_forest,aprendizagem,2022-07,2,2022-08-01,387421803.680154,361056199.3309087,26365604.34924531,6.805400237879257,-6.8054002378792555
valor_aprovado_real,real_jun_2026,random_forest,aprendizagem,2022-07,3,2022-09-01,374573280.9595117,360017023.1411727,14556257.81833899,3.8860908020592113,-3.8860908020592055
valor_aprovado_real,real_jun_2026,random_forest,aprendizagem,2022-07,4,2022-10-01,373101374.5192903,358342818.55951196,14758555.959778368,3.955642344870352,-3.955642344870347
valor_aprovado_real,real_jun_2026,random_forest,aprendizagem,2022-07,5,2022-11-01,371409370.2333421,358887750.15307593,12521620.080266178,3.3713796914707155,-3.3713796914707106
valor_aprovado_real,real_jun_2026,random_forest,aprendizagem,2022-07,6,2022-12-01,384096741.9936161,359563079.4399336,24533662.553682506,6.387365439848034,-6.387365439848036
valor_aprovado_real,real_jun_2026,random_forest,aprendizagem,2022-07,7,2023-01-01,374259433.1719504,364311187.2780917,9948245.893858671,2.6581149363543317,-2.6581149363543277
valor_aprovado_real,real_jun_2026,random_forest,aprendizagem,2022-07,8,2023-02-01,343845742.32525706,362572464.44701785,-18726722.121760786,5.446256799668745,5.446256799668747
valor_aprovado_real,real_jun_2026,random_forest,aprendizagem,2022-07,9,2023-03-01,385752047.0654128,366530871.89302367,19221175.17238915,4.982779824141743,-4.982779824141748
valor_aprovado_real,real_jun_2026,random_forest,aprendizagem,2022-07,10,2023-04-01,354703652.6513935,366074632.92025083,-11370980.26885736,3.205769149502636,3.2057691495026353
valor_aprovado_real,real_jun_2026,random_forest,aprendizagem,2022-07,11,2023-05-01,383837561.6060568,365708017.16290367,18129544.443153143,4.723233538503978,-4.72323353850398
valor_aprovado_real,real_jun_2026,random_forest,aprendizagem,2022-07,12,2023-06-01,370095657.3152356,364332714.21485484,5762943.100380778,1.5571496142879862,-1.5571496142879893
valor_aprovado_real,real_jun_2026,random_forest,aprendizagem,2022-08,1,2022-08-01,387421803.680154,363144497.0388202,24277306.64133382,6.266375926889384,-6.266375926889378
valor_aprovado_real,real_jun_2026,random_forest,aprendizagem,2022-08,2,2022-09-01,374573280.9595117,362055307.05850893,12517973.901002765,3.3419292131399665,-3.3419292131399714
valor_aprovado_real,real_jun_2026,random_forest,aprendizagem,2022-08,3,2022-10-01,373101374.5192903,360389930.82388926,12711443.695401073,3.4069678011180464,-3.4069678011180438
valor_aprovado_real,real_jun_2026,random_forest,aprendizagem,2022-08,4,2022-11-01,371409370.2333421,360928312.7183959,10481057.514946222,2.821969060274753,-2.821969060274754
valor_aprovado_real,real_jun_2026,random_forest,aprendizagem,2022-08,5,2022-12-01,384096741.9936161,361458897.601626,22637844.391990125,5.893787141877495,-5.893787141877493
valor_aprovado_real,real_jun_2026,random_forest,aprendizagem,2022-08,6,2023-01-01,374259433.1719504,365294569.34138715,8964863.830563247,2.39536082085723,-2.3953608208572286
valor_aprovado_real,real_jun_2026,random_forest,aprendizagem,2022-08,7,2023-02-01,343845742.32525706,363702235.6894729,-19856493.36421585,5.774826010622176,5.7748260106221805
valor_aprovado_real,real_jun_2026,random_forest,aprendizagem,2022-08,8,2023-03-01,385752047.0654128,367518678.695742,18233368.36967081,4.726706833672081,-4.726706833672079
valor_aprovado_real,real_jun_2026,random_forest,aprendizagem,2022-08,9,2023-04-01,354703652.6513935,367001645.6138737,-12297992.962480247,3.467117654569756,3.4671176545697513
valor_aprovado_real,real_jun_2026,random_forest,aprendizagem,2022-08,10,2023-05-01,383837561.6060568,366708914.5111091,17128647.094947696,4.462472881308917,-4.462472881308921
valor_aprovado_real,real_jun_2026,random_forest,aprendizagem,2022-08,11,2023-06-01,370095657.3152356,366050101.3562204,4045555.9590151906,1.09311089688613,-1.0931108968861292
valor_aprovado_real,real_jun_2026,random_forest,aprendizagem,2022-08,12,2023-07-01,393992620.0391848,365578112.4290344,28414507.610150397,7.211939047823894,-7.21193904782389
valor_aprovado_real,real_jun_2026,random_forest,aprendizagem,2022-09,1,2022-09-01,374573280.9595117,368509847.1871869,6063433.7723248005,1.618757685223204,-1.6187576852232044
valor_aprovado_real,real_jun_2026,random_forest,aprendizagem,2022-09,2,2022-10-01,373101374.5192903,366755689.5098142,6345685.009476125,1.7007937903343306,-1.7007937903343318
valor_aprovado_real,real_jun_2026,random_forest,aprendizagem,2022-09,3,2022-11-01,371409370.2333421,366980307.05149925,4429063.181842864,1.192501734423193,-1.1925017344231903
valor_aprovado_real,real_jun_2026,random_forest,aprendizagem,2022-09,4,2022-12-01,384096741.9936161,367378963.8457714,16717778.147844732,4.352491526242259,-4.352491526242264
valor_aprovado_real,real_jun_2026,random_forest,aprendizagem,2022-09,5,2023-01-01,374259433.1719504,369660150.12776303,4599283.044187367,1.2289023699969812,-1.2289023699969759
valor_aprovado_real,real_jun_2026,random_forest,aprendizagem,2022-09,6,2023-02-01,343845742.32525706,367691969.73948485,-23846227.414227784,6.935152738250489,6.935152738250494
valor_aprovado_real,real_jun_2026,random_forest,aprendizagem,2022-09,7,2023-03-01,385752047.0654128,371205283.9190297,14546763.146383107,3.7710138564517792,-3.771013856451777
valor_aprovado_real,real_jun_2026,random_forest,aprendizagem,2022-09,8,2023-04-01,354703652.6513935,371046176.01227325,-16342523.360879779,4.607373856660389,4.607373856660391
valor_aprovado_real,real_jun_2026,random_forest,aprendizagem,2022-09,9,2023-05-01,383837561.6060568,370101586.8995768,13735974.706480026,3.578590549868499,-3.578590549868499
valor_aprovado_real,real_jun_2026,random_forest,aprendizagem,2022-09,10,2023-06-01,370095657.3152356,369865575.65792817,230081.657307446,0.062168159166339484,-0.06216815916634255
valor_aprovado_real,real_jun_2026,random_forest,aprendizagem,2022-09,11,2023-07-01,393992620.0391848,369682000.18790764,24310619.851277173,6.170323659580055,-6.170323659580057
valor_aprovado_real,real_jun_2026,random_forest,aprendizagem,2022-09,12,2023-08-01,409567640.7760836,369919093.34598243,39648547.430101156,9.6805859356886,-9.680585935688601
valor_aprovado_real,real_jun_2026,random_forest,aprendizagem,2022-10,1,2022-10-01,373101374.5192903,369798237.5056814,3303137.0136089325,0.8853189077270878,-0.885318907727084
valor_aprovado_real,real_jun_2026,random_forest,aprendizagem,2022-10,2,2022-11-01,371409370.2333421,369888143.72863007,1521226.5047120452,0.4095821556026757,-0.4095821556026724
valor_aprovado_real,real_jun_2026,random_forest,aprendizagem,2022-10,3,2022-12-01,384096741.9936161,370093133.4913139,14003608.50230223,3.645854539046045,-3.645854539046045
valor_aprovado_real,real_jun_2026,random_forest,aprendizagem,2022-10,4,2023-01-01,374259433.1719504,370709777.0842112,3549656.087739229,0.9484479943911979,-0.9484479943911994
valor_aprovado_real,real_jun_2026,random_forest,aprendizagem,2022-10,5,2023-02-01,343845742.32525706,368767584.2813055,-24921841.95604843,7.247971659475687,7.247971659475683
valor_aprovado_real,real_jun_2026,random_forest,aprendizagem,2022-10,6,2023-03-01,385752047.0654128,372746128.0311675,13005919.034245312,3.3715748583026626,-3.3715748583026617
valor_aprovado_real,real_jun_2026,random_forest,aprendizagem,2022-10,7,2023-04-01,354703652.6513935,371779438.5373796,-17075785.88598615,4.8140992511200364,4.814099251120041
valor_aprovado_real,real_jun_2026,random_forest,aprendizagem,2022-10,8,2023-05-01,383837561.6060568,370628105.8654021,13209455.740654707,3.441418209667541,-3.441418209667546
valor_aprovado_real,real_jun_2026,random_forest,aprendizagem,2022-10,9,2023-06-01,370095657.3152356,370554135.44860893,-458478.1333733201,0.12388098166274972,0.12388098166276063
valor_aprovado_real,real_jun_2026,random_forest,aprendizagem,2022-10,10,2023-07-01,393992620.0391848,370743112.23839515,23249507.800789654,5.901000835619043,-5.901000835619041
valor_aprovado_real,real_jun_2026,random_forest,aprendizagem,2022-10,11,2023-08-01,409567640.7760836,371731329.3008019,37836311.475281715,9.238110560586833,-9.238110560586833
valor_aprovado_real,real_jun_2026,random_forest,aprendizagem,2022-10,12,2023-09-01,414783083.95888,371827414.7505245,42955669.20835549,10.356176726969402,-10.356176726969402
valor_aprovado_real,real_jun_2026,random_forest,aprendizagem,2022-11,1,2022-11-01,371409370.2333421,372323183.6833151,-913813.4499729872,0.24603941720664546,0.2460394172066449
valor_aprovado_real,real_jun_2026,random_forest,aprendizagem,2022-11,2,2022-12-01,384096741.9936161,372437809.2579533,11658932.735662818,3.035415680734047,-3.0354156807340438
valor_aprovado_real,real_jun_2026,random_forest,aprendizagem,2022-11,3,2023-01-01,374259433.1719504,372204072.8239133,2055360.3480371237,0.5491806393809199,-0.5491806393809195
valor_aprovado_real,real_jun_2026,random_forest,aprendizagem,2022-11,4,2023-02-01,343845742.32525706,370009712.56749344,-26163970.242236376,7.609217454694221,7.609217454694228
valor_aprovado_real,real_jun_2026,random_forest,aprendizagem,2022-11,5,2023-03-01,385752047.0654128,373282342.6482865,12469704.417126298,3.2325698624255863,-3.2325698624255828
valor_aprovado_real,real_jun_2026,random_forest,aprendizagem,2022-11,6,2023-04-01,354703652.6513935,371723560.0707185,-17019907.419325054,4.798345687196067,4.7983456871960595
valor_aprovado_real,real_jun_2026,random_forest,aprendizagem,2022-11,7,2023-05-01,383837561.6060568,370870311.5443932,12967250.061663628,3.378317121285873,-3.3783171212858676
valor_aprovado_real,real_jun_2026,random_forest,aprendizagem,2022-11,8,2023-06-01,370095657.3152356,370827181.51291317,-731524.1976775527,0.19765814140706434,0.1976581414070644
valor_aprovado_real,real_jun_2026,random_forest,aprendizagem,2022-11,9,2023-07-01,393992620.0391848,371112866.9423138,22879753.09687102,5.807152706209445,-5.80715270620945
valor_aprovado_real,real_jun_2026,random_forest,aprendizagem,2022-11,10,2023-08-01,409567640.7760836,373084696.8978601,36482943.87822348,8.90767244431042,-8.907672444310421
valor_aprovado_real,real_jun_2026,random_forest,aprendizagem,2022-11,11,2023-09-01,414783083.95888,373864060.3312472,40919023.6276328,9.865162107645006,-9.86516210764501
valor_aprovado_real,real_jun_2026,random_forest,aprendizagem,2022-11,12,2023-10-01,415687803.60620886,372805938.83636355,42881864.76984531,10.31588235157083,-10.315882351570826
valor_aprovado_real,real_jun_2026,random_forest,aprendizagem,2022-12,1,2022-12-01,384096741.9936161,373367478.4740721,10729263.519544005,2.7933753001535044,-2.7933753001535
valor_aprovado_real,real_jun_2026,random_forest,aprendizagem,2022-12,2,2023-01-01,374259433.1719504,372694619.173316,1564813.998634398,0.41810943424249164,-0.41810943424248626
valor_aprovado_real,real_jun_2026,random_forest,aprendizagem,2022-12,3,2023-02-01,343845742.32525706,370373546.13753283,-26527803.812275767,7.715030476422792,7.715030476422791
valor_aprovado_real,real_jun_2026,random_forest,aprendizagem,2022-12,4,2023-03-01,385752047.0654128,373372641.43185246,12379405.63356036,3.2091613583741156,-3.209161358374113
valor_aprovado_real,real_jun_2026,random_forest,aprendizagem,2022-12,5,2023-04-01,354703652.6513935,371538835.1799211,-16835182.528527617,4.746267032404488,4.746267032404483
valor_aprovado_real,real_jun_2026,random_forest,aprendizagem,2022-12,6,2023-05-01,383837561.6060568,370742989.0018136,13094572.604243219,3.411488065277609,-3.4114880652776125
valor_aprovado_real,real_jun_2026,random_forest,aprendizagem,2022-12,7,2023-06-01,370095657.3152356,370716949.1506341,-621291.8353984952,0.16787331143129267,0.16787331143128803
valor_aprovado_real,real_jun_2026,random_forest,aprendizagem,2022-12,8,2023-07-01,393992620.0391848,371147325.02643716,22845295.012747645,5.798406835761429,-5.798406835761427
valor_aprovado_real,real_jun_2026,random_forest,aprendizagem,2022-12,9,2023-08-01,409567640.7760836,373456750.8201512,36110889.95593238,8.816831790594197,-8.816831790594193
valor_aprovado_real,real_jun_2026,random_forest,aprendizagem,2022-12,10,2023-09-01,414783083.95888,374623045.50753886,40160038.45134115,9.682178469776376,-9.682178469776382
valor_aprovado_real,real_jun_2026,random_forest,aprendizagem,2022-12,11,2023-10-01,415687803.60620886,373948893.0711262,41738910.53508264,10.04092739141871,-10.040927391418709
valor_aprovado_real,real_jun_2026,random_forest,aprendizagem,2022-12,12,2023-11-01,414908900.7723528,373404670.9339144,41504229.83843839,10.003215106057807,-10.003215106057805
valor_aprovado_real,real_jun_2026,random_forest,aprendizagem,2023-01,1,2023-01-01,374259433.1719504,375488144.429698,-1228711.2577475905,0.32830468622632397,0.3283046862263328
valor_aprovado_real,real_jun_2026,random_forest,aprendizagem,2023-01,2,2023-02-01,343845742.32525706,372758770.4697308,-28913028.14447373,8.408720709743084,8.40872070974308
valor_aprovado_real,real_jun_2026,random_forest,aprendizagem,2023-01,3,2023-03-01,385752047.0654128,375096463.1512266,10655583.91418624,2.7622883650904773,-2.7622883650904817
valor_aprovado_real,real_jun_2026,random_forest,aprendizagem,2023-01,4,2023-04-01,354703652.6513935,373031221.5491468,-18327568.8977533,5.167008786279917,5.167008786279914
valor_aprovado_real,real_jun_2026,random_forest,aprendizagem,2023-01,5,2023-05-01,383837561.6060568,372475483.0294635,11362078.57659328,2.960126812251506,-2.9601268122515068
valor_aprovado_real,real_jun_2026,random_forest,aprendizagem,2023-01,6,2023-06-01,370095657.3152356,372490686.0940828,-2395028.778847158,0.6471377687112793,0.6471377687112811
valor_aprovado_real,real_jun_2026,random_forest,aprendizagem,2023-01,7,2023-07-01,393992620.0391848,372493024.30777025,21499595.731414557,5.456852397203861,-5.45685239720386
valor_aprovado_real,real_jun_2026,random_forest,aprendizagem,2023-01,8,2023-08-01,409567640.7760836,374621939.02406496,34945701.75201863,8.532339538787914,-8.532339538787914
valor_aprovado_real,real_jun_2026,random_forest,aprendizagem,2023-01,9,2023-09-01,414783083.95888,376223061.480926,38560022.47795403,9.296430825943885,-9.29643082594389
valor_aprovado_real,real_jun_2026,random_forest,aprendizagem,2023-01,10,2023-10-01,415687803.60620886,376271360.23108864,39416443.37512022,9.482222724162574,-9.48222272416257
valor_aprovado_real,real_jun_2026,random_forest,aprendizagem,2023-01,11,2023-11-01,414908900.7723528,376408290.57384914,38500610.19850367,9.279292424634612,-9.279292424634612
valor_aprovado_real,real_jun_2026,random_forest,aprendizagem,2023-01,12,2023-12-01,423652032.5119792,376618883.51034874,47033149.001630485,11.101834853182387,-11.10183485318239
valor_aprovado_real,real_jun_2026,random_forest,aprendizagem,2023-02,1,2023-02-01,343845742.32525706,372411229.6900197,-28565487.364762664,8.307646089083011,8.30764608908301
valor_aprovado_real,real_jun_2026,random_forest,aprendizagem,2023-02,2,2023-03-01,385752047.0654128,374799681.2751978,10952365.790215015,2.8392242824204117,-2.839224282420416
valor_aprovado_real,real_jun_2026,random_forest,aprendizagem,2023-02,3,2023-04-01,354703652.6513935,372406796.8508443,-17703144.19945085,4.990967549141562,4.990967549141567
valor_aprovado_real,real_jun_2026,random_forest,aprendizagem,2023-02,4,2023-05-01,383837561.6060568,371894762.99655443,11942798.609502375,3.1114199870203434,-3.1114199870203474
valor_aprovado_real,real_jun_2026,random_forest,aprendizagem,2023-02,5,2023-06-01,370095657.3152356,371988688.539802,-1893031.2245664,0.51149782148186,0.5114978214818544
valor_aprovado_real,real_jun_2026,random_forest,aprendizagem,2023-02,6,2023-07-01,393992620.0391848,372083819.45942324,21908800.579761565,5.560713441176286,-5.56071344117629
valor_aprovado_real,real_jun_2026,random_forest,aprendizagem,2023-02,7,2023-08-01,409567640.7760836,374488393.40519416,35079247.370889425,8.56494602562309,-8.564946025623088
valor_aprovado_real,real_jun_2026,random_forest,aprendizagem,2023-02,8,2023-09-01,414783083.95888,375984690.7850304,38798393.17384958,9.353899586149927,-9.353899586149927
valor_aprovado_real,real_jun_2026,random_forest,aprendizagem,2023-02,9,2023-10-01,415687803.60620886,376064969.92466474,39622833.681544125,9.531873039768037,-9.531873039768035
valor_aprovado_real,real_jun_2026,random_forest,aprendizagem,2023-02,10,2023-11-01,414908900.7723528,376193964.3948367,38714936.37751609,9.330948626420945,-9.330948626420943
valor_aprovado_real,real_jun_2026,random_forest,aprendizagem,2023-02,11,2023-12-01,423652032.5119792,376569168.99058545,47082863.521393776,11.113569606222166,-11.113569606222162
valor_aprovado_real,real_jun_2026,random_forest,aprendizagem,2023-02,12,2024-01-01,422852714.1768064,375355654.8404017,47497059.33640468,11.232530321785957,-11.23253032178596
valor_aprovado_real,real_jun_2026,random_forest,aprendizagem,2023-03,1,2023-03-01,385752047.0654128,368393769.3566446,17358277.70876825,4.499853686019394,-4.499853686019395
valor_aprovado_real,real_jun_2026,random_forest,aprendizagem,2023-03,2,2023-04-01,354703652.6513935,366865815.6702484,-12162163.018854916,3.4288237315695245,3.428823731569519
valor_aprovado_real,real_jun_2026,random_forest,aprendizagem,2023-03,3,2023-05-01,383837561.6060568,368902549.74672025,14935011.859336555,3.8909719509589777,-3.890971950958977
valor_aprovado_real,real_jun_2026,random_forest,aprendizagem,2023-03,4,2023-06-01,370095657.3152356,369229635.13011396,866022.1851216555,0.2339995533597968,-0.23399955335979827
valor_aprovado_real,real_jun_2026,random_forest,aprendizagem,2023-03,5,2023-07-01,393992620.0391848,370007405.8228261,23985214.21635872,6.087731849894359,-6.087731849894363
valor_aprovado_real,real_jun_2026,random_forest,aprendizagem,2023-03,6,2023-08-01,409567640.7760836,373706661.07596487,35860979.70011872,8.75581372399594,-8.755813723995942
valor_aprovado_real,real_jun_2026,random_forest,aprendizagem,2023-03,7,2023-09-01,414783083.95888,374741831.22487783,40041252.73400217,9.653540436565082,-9.653540436565077
valor_aprovado_real,real_jun_2026,random_forest,aprendizagem,2023-03,8,2023-10-01,415687803.60620886,373949130.4643137,41738673.141895175,10.040870282890289,-10.04087028289029
valor_aprovado_real,real_jun_2026,random_forest,aprendizagem,2023-03,9,2023-11-01,414908900.7723528,374978165.9642467,39930734.808106124,9.623976428024337,-9.623976428024339
valor_aprovado_real,real_jun_2026,random_forest,aprendizagem,2023-03,10,2023-12-01,423652032.5119792,375291881.24318576,48360151.26879346,11.415064146405584,-11.415064146405584
valor_aprovado_real,real_jun_2026,random_forest,aprendizagem,2023-03,11,2024-01-01,422852714.1768064,370433227.81205803,52419486.36474836,12.396629986589215,-12.396629986589215
valor_aprovado_real,real_jun_2026,random_forest,aprendizagem,2023-03,12,2024-02-01,397566184.64715,362929818.7495544,34636365.897595584,8.712100584796021,-8.712100584796023
valor_aprovado_real,real_jun_2026,random_forest,aprendizagem,2023-04,1,2023-04-01,354703652.6513935,370626030.91349846,-15922378.262104988,4.4889242450947275,4.4889242450947275
valor_aprovado_real,real_jun_2026,random_forest,aprendizagem,2023-04,2,2023-05-01,383837561.6060568,371423070.6467294,12414490.9593274,3.2343085203497455,-3.234308520349749
valor_aprovado_real,real_jun_2026,random_forest,aprendizagem,2023-04,3,2023-06-01,370095657.3152356,371721170.7877361,-1625513.472500503,0.43921441399566136,0.43921441399565886
valor_aprovado_real,real_jun_2026,random_forest,aprendizagem,2023-04,4,2023-07-01,393992620.0391848,372298838.1009758,21693781.938208997,5.5061391596754845,-5.506139159675483
valor_aprovado_real,real_jun_2026,random_forest,aprendizagem,2023-04,5,2023-08-01,409567640.7760836,375485018.10206693,34082622.674016654,8.32161022522043,-8.321610225220432
valor_aprovado_real,real_jun_2026,random_forest,aprendizagem,2023-04,6,2023-09-01,414783083.95888,377076961.48583066,37706122.47304934,9.090564184335777,-9.090564184335781
valor_aprovado_real,real_jun_2026,random_forest,aprendizagem,2023-04,7,2023-10-01,415687803.60620886,375127585.2180493,40560218.38815957,9.757375134966253,-9.757375134966251
valor_aprovado_real,real_jun_2026,random_forest,aprendizagem,2023-04,8,2023-11-01,414908900.7723528,375365057.95404965,39543842.81830317,9.530728973201663,-9.530728973201663
valor_aprovado_real,real_jun_2026,random_forest,aprendizagem,2023-04,9,2023-12-01,423652032.5119792,375774290.7679854,47877741.74399382,11.301194865066538,-11.301194865066543
valor_aprovado_real,real_jun_2026,random_forest,aprendizagem,2023-04,10,2024-01-01,422852714.1768064,371342061.52583593,51510652.65097046,12.181700843814953,-12.181700843814959
valor_aprovado_real,real_jun_2026,random_forest,aprendizagem,2023-04,11,2024-02-01,397566184.64715,365304615.5146582,32261569.132491767,8.11476689374996,-8.114766893749959
valor_aprovado_real,real_jun_2026,random_forest,aprendizagem,2023-04,12,2024-03-01,412314480.556508,373839141.8067861,38475338.749721885,9.331551658770522,-9.33155165877052
valor_aprovado_real,real_jun_2026,random_forest,aprendizagem,2023-05,1,2023-05-01,383837561.6060568,367922339.48097193,15915222.125084877,4.1463430672319435,-4.146343067231939
valor_aprovado_real,real_jun_2026,random_forest,aprendizagem,2023-05,2,2023-06-01,370095657.3152356,368228381.2873048,1867276.0279307961,0.504538756676172,-0.5045387566761761
valor_aprovado_real,real_jun_2026,random_forest,aprendizagem,2023-05,3,2023-07-01,393992620.0391848,368823363.71925694,25169256.31992787,6.388255779365777,-6.388255779365782
valor_aprovado_real,real_jun_2026,random_forest,aprendizagem,2023-05,4,2023-08-01,409567640.7760836,372410331.5938979,37157309.18218571,9.072325419014275,-9.072325419014271
valor_aprovado_real,real_jun_2026,random_forest,aprendizagem,2023-05,5,2023-09-01,414783083.95888,375157270.96017766,39625812.99870235,9.553382124578324,-9.553382124578324
valor_aprovado_real,real_jun_2026,random_forest,aprendizagem,2023-05,6,2023-10-01,415687803.60620886,373936768.5671005,41751035.039108336,10.04384412458252,-10.043844124582524
valor_aprovado_real,real_jun_2026,random_forest,aprendizagem,2023-05,7,2023-11-01,414908900.7723528,374032383.2308779,40876517.54147494,9.851925920457072,-9.851925920457072
valor_aprovado_real,real_jun_2026,random_forest,aprendizagem,2023-05,8,2023-12-01,423652032.5119792,374645984.2555262,49006048.25645304,11.567523461619965,-11.567523461619967
valor_aprovado_real,real_jun_2026,random_forest,aprendizagem,2023-05,9,2024-01-01,422852714.1768064,370096526.6079117,52756187.568894684,12.476256105296244,-12.476256105296246
valor_aprovado_real,real_jun_2026,random_forest,aprendizagem,2023-05,10,2024-02-01,397566184.64715,363012409.09747475,34553775.549675226,8.69132659769406,-8.69132659769406
valor_aprovado_real,real_jun_2026,random_forest,aprendizagem,2023-05,11,2024-03-01,412314480.556508,370818619.38777435,41495861.16873366,10.064128990261505,-10.064128990261501
valor_aprovado_real,real_jun_2026,random_forest,aprendizagem,2023-05,12,2024-04-01,414900864.9981269,365113219.5089611,49787645.48916584,11.999889537321309,-11.999889537321307
valor_aprovado_real,real_jun_2026,random_forest,aprendizagem,2023-06,1,2023-06-01,370095657.3152356,374012963.74725574,-3917306.432020128,1.0584578215365257,1.0584578215365292
valor_aprovado_real,real_jun_2026,random_forest,aprendizagem,2023-06,2,2023-07-01,393992620.0391848,373928520.1530483,20064099.88613653,5.092506525665644,-5.092506525665641
valor_aprovado_real,real_jun_2026,random_forest,aprendizagem,2023-06,3,2023-08-01,409567640.7760836,375919062.7171761,33648578.05890751,8.215633929269247,-8.21563392926925
valor_aprovado_real,real_jun_2026,random_forest,aprendizagem,2023-06,4,2023-09-01,414783083.95888,377105837.9208292,37677246.03805083,9.083602368361293,-9.083602368361287
valor_aprovado_real,real_jun_2026,random_forest,aprendizagem,2023-06,5,2023-10-01,415687803.60620886,375410745.40838325,40277058.19782561,9.689256660505981,-9.689256660505984
valor_aprovado_real,real_jun_2026,random_forest,aprendizagem,2023-06,6,2023-11-01,414908900.7723528,375323538.10019463,39585362.67215818,9.540735953957613,-9.540735953957613
valor_aprovado_real,real_jun_2026,random_forest,aprendizagem,2023-06,7,2023-12-01,423652032.5119792,376191861.45447326,47460171.057505965,11.202630322837877,-11.20263032283788
valor_aprovado_real,real_jun_2026,random_forest,aprendizagem,2023-06,8,2024-01-01,422852714.1768064,372638195.4205754,50214518.75623101,11.875179482763102,-11.875179482763098
valor_aprovado_real,real_jun_2026,random_forest,aprendizagem,2023-06,9,2024-02-01,397566184.64715,363647579.4611846,33918605.18596536,8.531561912406856,-8.53156191240686
valor_aprovado_real,real_jun_2026,random_forest,aprendizagem,2023-06,10,2024-03-01,412314480.556508,372254410.2953474,40060070.26116061,9.715901854111658,-9.715901854111653
valor_aprovado_real,real_jun_2026,random_forest,aprendizagem,2023-06,11,2024-04-01,414900864.9981269,367961104.0125281,46939760.9855988,11.313488340355885,-11.313488340355882
valor_aprovado_real,real_jun_2026,random_forest,aprendizagem,2023-06,12,2024-05-01,428186217.42614233,373848966.99153155,54337250.434610784,12.690097958135095,-12.690097958135095
valor_aprovado_real,real_jun_2026,random_forest,aprendizagem,2023-07,1,2023-07-01,393992620.0391848,372674732.0358335,21317888.00335133,5.410732820637896,-5.410732820637898
valor_aprovado_real,real_jun_2026,random_forest,aprendizagem,2023-07,2,2023-08-01,409567640.7760836,375304306.73349917,34263334.04258442,8.365732697451229,-8.365732697451234
valor_aprovado_real,real_jun_2026,random_forest,aprendizagem,2023-07,3,2023-09-01,414783083.95888,376348620.36164916,38434463.59723085,9.266159851649373,-9.26615985164937
valor_aprovado_real,real_jun_2026,random_forest,aprendizagem,2023-07,4,2023-10-01,415687803.60620886,374993222.4882183,40694581.11799055,9.789698125601374,-9.789698125601376
valor_aprovado_real,real_jun_2026,random_forest,aprendizagem,2023-07,5,2023-11-01,414908900.7723528,375135663.90356046,39773236.868792355,9.586016784589216,-9.586016784589212
valor_aprovado_real,real_jun_2026,random_forest,aprendizagem,2023-07,6,2023-12-01,423652032.5119792,375819903.3950979,47832129.11688131,11.290428334137358,-11.29042833413736
valor_aprovado_real,real_jun_2026,random_forest,aprendizagem,2023-07,7,2024-01-01,422852714.1768064,372696938.2404746,50155775.93633181,11.861287454184412,-11.86128745418441
valor_aprovado_real,real_jun_2026,random_forest,aprendizagem,2023-07,8,2024-02-01,397566184.64715,364105978.23283994,33460206.414310038,8.416260664625392,-8.416260664625398
valor_aprovado_real,real_jun_2026,random_forest,aprendizagem,2023-07,9,2024-03-01,412314480.556508,371895737.103179,40418743.45332903,9.80289205433075,-9.802892054330748
valor_aprovado_real,real_jun_2026,random_forest,aprendizagem,2023-07,10,2024-04-01,414900864.9981269,367684807.1343592,47216057.86376774,11.380081809176488,-11.38008180917649
valor_aprovado_real,real_jun_2026,random_forest,aprendizagem,2023-07,11,2024-05-01,428186217.42614233,372605099.56331724,55581117.862825096,12.980594797498885,-12.98059479749889
valor_aprovado_real,real_jun_2026,random_forest,aprendizagem,2023-07,12,2024-06-01,397949486.3841517,372632725.4526079,25316760.931543767,6.361802640223738,-6.361802640223734
valor_aprovado_real,real_jun_2026,random_forest,aprendizagem,2023-08,1,2023-08-01,409567640.7760836,380188251.10228926,29379389.67379433,7.173269259779352,-7.173269259779358
valor_aprovado_real,real_jun_2026,random_forest,aprendizagem,2023-08,2,2023-09-01,414783083.95888,379868366.3205625,34914717.638317525,8.417584754198614,-8.417584754198614
valor_aprovado_real,real_jun_2026,random_forest,aprendizagem,2023-08,3,2023-10-01,415687803.60620886,378316425.7789495,37371377.82725936,8.990251218114203,-8.990251218114198
valor_aprovado_real,real_jun_2026,random_forest,aprendizagem,2023-08,4,2023-11-01,414908900.7723528,378176927.41038775,36731973.36196506,8.853021300239282,-8.853021300239284
valor_aprovado_real,real_jun_2026,random_forest,aprendizagem,2023-08,5,2023-12-01,423652032.5119792,378094998.5285553,45557033.98342395,10.753408572903702,-10.7534085729037
valor_aprovado_real,real_jun_2026,random_forest,aprendizagem,2023-08,6,2024-01-01,422852714.1768064,374586925.6380392,48265788.53876722,11.414326293903358,-11.414326293903354
valor_aprovado_real,real_jun_2026,random_forest,aprendizagem,2023-08,7,2024-02-01,397566184.64715,364891860.47568667,32674324.17146331,8.218587353062382,-8.218587353062379
valor_aprovado_real,real_jun_2026,random_forest,aprendizagem,2023-08,8,2024-03-01,412314480.556508,374034028.8278734,38280451.728634596,9.28428506245204,-9.284285062452035
valor_aprovado_real,real_jun_2026,random_forest,aprendizagem,2023-08,9,2024-04-01,414900864.9981269,371002304.88115406,43898560.11697286,10.580493756543758,-10.580493756543763
valor_aprovado_real,real_jun_2026,random_forest,aprendizagem,2023-08,10,2024-05-01,428186217.42614233,376194079.20991164,51992138.21623069,12.142412833546842,-12.142412833546846
valor_aprovado_real,real_jun_2026,random_forest,aprendizagem,2023-08,11,2024-06-01,397949486.3841517,376363280.2838342,21586206.10031748,5.424358326594173,-5.42435832659417
valor_aprovado_real,real_jun_2026,random_forest,aprendizagem,2023-08,12,2024-07-01,428926715.2871956,379418377.68136406,49508337.60583156,11.542376784034625,-11.542376784034625
valor_aprovado_real,real_jun_2026,random_forest,aprendizagem,2023-09,1,2023-09-01,414783083.95888,385312965.0074845,29470118.95139551,7.104947161807849,-7.104947161807851
valor_aprovado_real,real_jun_2026,random_forest,aprendizagem,2023-09,2,2023-10-01,415687803.60620886,384250900.3740842,31436903.232124686,7.562623430228332,-7.562623430228332
valor_aprovado_real,real_jun_2026,random_forest,aprendizagem,2023-09,3,2023-11-01,414908900.7723528,383374947.3292022,31533953.44315064,7.600211367953349,-7.600211367953347
valor_aprovado_real,real_jun_2026,random_forest,aprendizagem,2023-09,4,2023-12-01,423652032.5119792,383094577.3841325,40557455.12784672,9.573294122388026,-9.573294122388031
valor_aprovado_real,real_jun_2026,random_forest,aprendizagem,2023-09,5,2024-01-01,422852714.1768064,379371865.33592767,43480848.840878725,10.282740865344945,-10.282740865344941
valor_aprovado_real,real_jun_2026,random_forest,aprendizagem,2023-09,6,2024-02-01,397566184.64715,368574947.6267773,28991237.02037269,7.292178796872059,-7.2921787968720615
valor_aprovado_real,real_jun_2026,random_forest,aprendizagem,2023-09,7,2024-03-01,412314480.556508,378812863.47999805,33501617.076509953,8.125258426842597,-8.125258426842596
valor_aprovado_real,real_jun_2026,random_forest,aprendizagem,2023-09,8,2024-04-01,414900864.9981269,375959005.2670152,38941859.731111705,9.385822738954163,-9.385822738954165
valor_aprovado_real,real_jun_2026,random_forest,aprendizagem,2023-09,9,2024-05-01,428186217.42614233,381657546.0136322,46528671.41251016,10.866457050438777,-10.866457050438783
valor_aprovado_real,real_jun_2026,random_forest,aprendizagem,2023-09,10,2024-06-01,397949486.3841517,381832139.92611647,16117346.45803523,4.05009857016795,-4.050098570167949
valor_aprovado_real,real_jun_2026,random_forest,aprendizagem,2023-09,11,2024-07-01,428926715.2871956,384618249.1682135,44308466.118982136,10.330078435267106,-10.33007843526711
valor_aprovado_real,real_jun_2026,random_forest,aprendizagem,2023-09,12,2024-08-01,429625420.7342852,386738200.44288874,42887220.29139644,9.982468034153252,-9.982468034153257
valor_aprovado_real,real_jun_2026,random_forest,aprendizagem,2023-10,1,2023-10-01,415687803.60620886,393160644.7741757,22527158.832033157,5.419249407031841,-5.419249407031845
valor_aprovado_real,real_jun_2026,random_forest,aprendizagem,2023-10,2,2023-11-01,414908900.7723528,391968156.8914645,22940743.880888343,5.5291038197021445,-5.529103819702142
valor_aprovado_real,real_jun_2026,random_forest,aprendizagem,2023-10,3,2023-12-01,423652032.5119792,391609125.1347369,32042907.377242327,7.563496671371753,-7.56349667137175
valor_aprovado_real,real_jun_2026,random_forest,aprendizagem,2023-10,4,2024-01-01,422852714.1768064,388331872.06548107,34520842.11132532,8.163798162802193,-8.163798162802195
valor_aprovado_real,real_jun_2026,random_forest,aprendizagem,2023-10,5,2024-02-01,397566184.64715,379036040.00272393,18530144.644426048,4.660895559030509,-4.660895559030509
valor_aprovado_real,real_jun_2026,random_forest,aprendizagem,2023-10,6,2024-03-01,412314480.556508,388745821.42057437,23568659.135933638,5.716185156563652,-5.716185156563657
valor_aprovado_real,real_jun_2026,random_forest,aprendizagem,2023-10,7,2024-04-01,414900864.9981269,386136228.8426949,28764636.155432045,6.932893754165083,-6.9328937541650815
valor_aprovado_real,real_jun_2026,random_forest,aprendizagem,2023-10,8,2024-05-01,428186217.42614233,390479154.9601425,37707062.46599984,8.806229843795455,-8.806229843795455
valor_aprovado_real,real_jun_2026,random_forest,aprendizagem,2023-10,9,2024-06-01,397949486.3841517,390511558.2204224,7437928.16372931,1.8690633907614274,-1.8690633907614274
valor_aprovado_real,real_jun_2026,random_forest,aprendizagem,2023-10,10,2024-07-01,428926715.2871956,392334286.92155427,36592428.365641356,8.531160932967357,-8.531160932967353
valor_aprovado_real,real_jun_2026,random_forest,aprendizagem,2023-10,11,2024-08-01,429625420.7342852,394686102.93704474,34939317.797240436,8.132507088971746,-8.132507088971753
valor_aprovado_real,real_jun_2026,random_forest,aprendizagem,2023-10,12,2024-09-01,400816433.4473056,394491378.8306948,6325054.616610825,1.5780427369733494,-1.5780427369733507
valor_aprovado_real,real_jun_2026,random_forest,aprendizagem,2023-11,1,2023-11-01,414908900.7723528,400269902.903338,14638997.8690148,3.5282438727547922,-3.5282438727547882
valor_aprovado_real,real_jun_2026,random_forest,aprendizagem,2023-11,2,2023-12-01,423652032.5119792,400223407.14309865,23428625.36888057,5.530157669718745,-5.530157669718749
valor_aprovado_real,real_jun_2026,random_forest,aprendizagem,2023-11,3,2024-01-01,422852714.1768064,397732027.804046,25120686.372760415,5.940765077425224,-5.940765077425225
valor_aprovado_real,real_jun_2026,random_forest,aprendizagem,2023-11,4,2024-02-01,397566184.64715,391940927.4832464,5625257.163903594,1.4149234469969199,-1.4149234469969185
valor_aprovado_real,real_jun_2026,random_forest,aprendizagem,2023-11,5,2024-03-01,412314480.556508,397925271.80188936,14389208.754618645,3.4898625765452813,-3.4898625765452773
valor_aprovado_real,real_jun_2026,random_forest,aprendizagem,2023-11,6,2024-04-01,414900864.9981269,396281568.8850586,18619296.113068342,4.487649384185401,-4.487649384185399
valor_aprovado_real,real_jun_2026,random_forest,aprendizagem,2023-11,7,2024-05-01,428186217.42614233,399119352.7596262,29066864.666516125,6.788369985666308,-6.788369985666309
valor_aprovado_real,real_jun_2026,random_forest,aprendizagem,2023-11,8,2024-06-01,397949486.3841517,399166083.4997427,-1216597.1155909896,0.30571646835009975,0.30571646835009236
valor_aprovado_real,real_jun_2026,random_forest,aprendizagem,2023-11,9,2024-07-01,428926715.2871956,399978660.19799304,28948055.089202583,6.748951291089409,-6.748951291089411
valor_aprovado_real,real_jun_2026,random_forest,aprendizagem,2023-11,10,2024-08-01,429625420.7342852,401916270.63527316,27709150.099012017,6.449606741531615,-6.4496067415316105
valor_aprovado_real,real_jun_2026,random_forest,aprendizagem,2023-11,11,2024-09-01,400816433.4473056,401878566.5495741,-1062133.1022684574,0.2649924039125241,0.264992403912534
valor_aprovado_real,real_jun_2026,random_forest,aprendizagem,2023-11,12,2024-10-01,430772070.9800495,401656143.6165625,29115927.363487005,6.759010002028535,-6.759010002028532
valor_aprovado_real,real_jun_2026,random_forest,aprendizagem,2023-12,1,2023-12-01,423652032.5119792,406164068.2098535,17487964.302125752,4.12790756565797,-4.127907565657973
valor_aprovado_real,real_jun_2026,random_forest,aprendizagem,2023-12,2,2024-01-01,422852714.1768064,404801519.80965894,18051194.367147446,4.268908242031467,-4.268908242031467
valor_aprovado_real,real_jun_2026,random_forest,aprendizagem,2023-12,3,2024-02-01,397566184.64715,401771862.4959587,-4205677.848808706,1.057856027806125,1.0578560278061255
valor_aprovado_real,real_jun_2026,random_forest,aprendizagem,2023-12,4,2024-03-01,412314480.556508,404483032.536278,7831448.020229995,1.8993870915374484,-1.8993870915374522
valor_aprovado_real,real_jun_2026,random_forest,aprendizagem,2023-12,5,2024-04-01,414900864.9981269,403722486.87752527,11178378.120601654,2.6942286853637,-2.6942286853636976
valor_aprovado_real,real_jun_2026,random_forest,aprendizagem,2023-12,6,2024-05-01,428186217.42614233,405336527.7624311,22849689.66371125,5.336390741640951,-5.336390741640951
valor_aprovado_real,real_jun_2026,random_forest,aprendizagem,2023-12,7,2024-06-01,397949486.3841517,405373165.34016234,-7423678.95601064,1.8654827333648965,1.8654827333648871
valor_aprovado_real,real_jun_2026,random_forest,aprendizagem,2023-12,8,2024-07-01,428926715.2871956,405674400.61566424,23252314.67153138,5.42104603019711,-5.4210460301971075
valor_aprovado_real,real_jun_2026,random_forest,aprendizagem,2023-12,9,2024-08-01,429625420.7342852,406477527.55719453,23147893.177090645,5.3879244709328225,-5.387924470932825
valor_aprovado_real,real_jun_2026,random_forest,aprendizagem,2023-12,10,2024-09-01,400816433.4473056,406623778.95233816,-5807345.505032539,1.4488790928768187,1.4488790928768092
valor_aprovado_real,real_jun_2026,random_forest,aprendizagem,2023-12,11,2024-10-01,430772070.9800495,406512336.48938775,24259734.49066174,5.63168694652567,-5.631686946525671
valor_aprovado_real,real_jun_2026,random_forest,aprendizagem,2023-12,12,2024-11-01,415187175.93382543,406135727.68554187,9051448.248283565,2.1800885896644915,-2.180088589664486
valor_aprovado_real,real_jun_2026,random_forest,aprendizagem,2024-01,1,2024-01-01,422852714.1768064,409738821.359345,13113892.817461371,3.1012909170965117,-3.101290917096511
valor_aprovado_real,real_jun_2026,random_forest,aprendizagem,2024-01,2,2024-02-01,397566184.64715,408349035.1149832,-10782850.467833221,2.712215194409271,2.712215194409273
valor_aprovado_real,real_jun_2026,random_forest,aprendizagem,2024-01,3,2024-03-01,412314480.556508,409447880.57673043,2866599.9797775745,0.6952460112263035,-0.6952460112263026
valor_aprovado_real,real_jun_2026,random_forest,aprendizagem,2024-01,4,2024-04-01,414900864.9981269,408992168.3043647,5908696.693762243,1.4241225295562876,-1.424122529556282
valor_aprovado_real,real_jun_2026,random_forest,aprendizagem,2024-01,5,2024-05-01,428186217.42614233,409805196.7733369,18381020.652805448,4.292763266247817,-4.292763266247812
valor_aprovado_real,real_jun_2026,random_forest,aprendizagem,2024-01,6,2024-06-01,397949486.3841517,409841834.35106814,-11892347.966916442,2.9884064118219333,2.988406411821942
valor_aprovado_real,real_jun_2026,random_forest,aprendizagem,2024-01,7,2024-07-01,428926715.2871956,409964075.8484055,18962639.438790143,4.4209508904320325,-4.42095089043203
valor_aprovado_real,real_jun_2026,random_forest,aprendizagem,2024-01,8,2024-08-01,429625420.7342852,410309237.55992955,19316183.174355626,4.496052198527215,-4.496052198527211
valor_aprovado_real,real_jun_2026,random_forest,aprendizagem,2024-01,9,2024-09-01,400816433.4473056,410471039.7643053,-9654606.316999674,2.40873514939575,2.4087351493957465
valor_aprovado_real,real_jun_2026,random_forest,aprendizagem,2024-01,10,2024-10-01,430772070.9800495,411086434.96478564,19685636.015263855,4.5698496586552295,-4.569849658655234
valor_aprovado_real,real_jun_2026,random_forest,aprendizagem,2024-01,11,2024-11-01,415187175.93382543,411020554.9487342,4166620.9850912094,1.003552428063266,-1.0035524280632702
valor_aprovado_real,real_jun_2026,random_forest,aprendizagem,2024-01,12,2024-12-01,421181584.3568608,411189020.8993099,9992563.457550943,2.372507210354286,-2.372507210354291
valor_aprovado_real,real_jun_2026,random_forest,aprendizagem,2024-02,1,2024-02-01,397566184.64715,414024425.87198114,-16458241.224831164,4.139748766469731,4.139748766469742
valor_aprovado_real,real_jun_2026,random_forest,aprendizagem,2024-02,2,2024-03-01,412314480.556508,413548850.8403598,-1234370.2838518023,0.2993759234906694,0.29937592349067454
valor_aprovado_real,real_jun_2026,random_forest,aprendizagem,2024-02,3,2024-04-01,414900864.9981269,413431134.07586116,1469730.922265768,0.35423664934330834,-0.3542366493433091
valor_aprovado_real,real_jun_2026,random_forest,aprendizagem,2024-02,4,2024-05-01,428186217.42614233,413631026.4395248,14555190.986617506,3.399266579412525,-3.39926657941253
valor_aprovado_real,real_jun_2026,random_forest,aprendizagem,2024-02,5,2024-06-01,397949486.3841517,413526999.94355565,-15577513.559403956,3.914444946504228,3.9144449465042364
valor_aprovado_real,real_jun_2026,random_forest,aprendizagem,2024-02,6,2024-07-01,428926715.2871956,413683668.4834197,15243046.803775907,3.5537648415230207,-3.5537648415230216
valor_aprovado_real,real_jun_2026,random_forest,aprendizagem,2024-02,7,2024-08-01,429625420.7342852,413577634.15983737,16047786.57444781,3.7352972612793898,-3.735297261279391
valor_aprovado_real,real_jun_2026,random_forest,aprendizagem,2024-02,8,2024-09-01,400816433.4473056,413626230.3615796,-12809796.914273977,3.195926076209161,3.1959260762091546
valor_aprovado_real,real_jun_2026,random_forest,aprendizagem,2024-02,9,2024-10-01,430772070.9800495,414486544.52753747,16285526.452512026,3.7805437143268885,-3.7805437143268894
valor_aprovado_real,real_jun_2026,random_forest,aprendizagem,2024-02,10,2024-11-01,415187175.93382543,414741772.12459826,445403.80922716856,0.10727783396136474,-0.10727783396136115
valor_aprovado_real,real_jun_2026,random_forest,aprendizagem,2024-02,11,2024-12-01,421181584.3568608,414814003.2074008,6367581.149460018,1.5118375033379574,-1.5118375033379539
valor_aprovado_real,real_jun_2026,random_forest,aprendizagem,2024-02,12,2025-01-01,422148225.0857496,414561027.1616186,7587197.924131036,1.7972829146894724,-1.7972829146894687
valor_aprovado_real,real_jun_2026,random_forest,aprendizagem,2024-03,1,2024-03-01,412314480.556508,409373895.62925553,2940584.9272524714,0.7131898261937134,-0.7131898261937164
valor_aprovado_real,real_jun_2026,random_forest,aprendizagem,2024-03,2,2024-04-01,414900864.9981269,409256178.8647568,5644686.133370101,1.360490326621899,-1.3604903266218993
valor_aprovado_real,real_jun_2026,random_forest,aprendizagem,2024-03,3,2024-05-01,428186217.42614233,409456071.22842056,18730146.19772178,4.374299179994632,-4.374299179994634
valor_aprovado_real,real_jun_2026,random_forest,aprendizagem,2024-03,4,2024-06-01,397949486.3841517,409352044.73245144,-11402558.348299742,2.865328072641997,2.8653280726419927
valor_aprovado_real,real_jun_2026,random_forest,aprendizagem,2024-03,5,2024-07-01,428926715.2871956,409508713.27231544,19418002.01488018,4.527114148597274,-4.527114148597278
valor_aprovado_real,real_jun_2026,random_forest,aprendizagem,2024-03,6,2024-08-01,429625420.7342852,409945279.2459405,19680141.48834467,4.580767463598586,-4.5807674635985896
valor_aprovado_real,real_jun_2026,random_forest,aprendizagem,2024-03,7,2024-09-01,400816433.4473056,411399922.82459354,-10583489.377287924,2.6404828979347,2.640482897934704
valor_aprovado_real,real_jun_2026,random_forest,aprendizagem,2024-03,8,2024-10-01,430772070.9800495,412338995.6405162,18433075.33953327,4.27907856180095,-4.279078561800953
valor_aprovado_real,real_jun_2026,random_forest,aprendizagem,2024-03,9,2024-11-01,415187175.93382543,414831863.5948864,355312.3389390111,0.08557883276135737,-0.08557883276135714
valor_aprovado_real,real_jun_2026,random_forest,aprendizagem,2024-03,10,2024-12-01,421181584.3568608,414904094.6776889,6277489.67917192,1.490447330159881,-1.490447330159883
valor_aprovado_real,real_jun_2026,random_forest,aprendizagem,2024-03,11,2025-01-01,422148225.0857496,412118986.85504025,10029238.230709374,2.375762264231282,-2.375762264231285
valor_aprovado_real,real_jun_2026,random_forest,aprendizagem,2024-03,12,2025-02-01,381835234.55866665,409365814.4595849,-27530579.900918245,7.21006795843204,7.210067958432043
valor_aprovado_real,real_jun_2026,random_forest,aprendizagem,2024-04,1,2024-04-01,414900864.9981269,408946133.39229393,5954731.605832994,1.435217929916795,-1.4352179299167989
valor_aprovado_real,real_jun_2026,random_forest,aprendizagem,2024-04,2,2024-05-01,428186217.42614233,409059583.4430093,19126633.983133018,4.466896225222888,-4.466896225222882
valor_aprovado_real,real_jun_2026,random_forest,aprendizagem,2024-04,3,2024-06-01,397949486.3841517,409099675.17039275,-11150188.786241055,2.80191058607812,2.801910586078127
valor_aprovado_real,real_jun_2026,random_forest,aprendizagem,2024-04,4,2024-07-01,428926715.2871956,409078624.8440984,19848090.443097234,4.627384990419071,-4.6273849904190705
valor_aprovado_real,real_jun_2026,random_forest,aprendizagem,2024-04,5,2024-08-01,429625420.7342852,409874949.91593987,19750470.81834531,4.597137381812559,-4.597137381812555
valor_aprovado_real,real_jun_2026,random_forest,aprendizagem,2024-04,6,2024-09-01,400816433.4473056,411622090.60100496,-10805657.153699338,2.6959117072029763,2.6959117072029803
valor_aprovado_real,real_jun_2026,random_forest,aprendizagem,2024-04,7,2024-10-01,430772070.9800495,413009049.1852742,17763021.794775307,4.123531443058195,-4.123531443058193
valor_aprovado_real,real_jun_2026,random_forest,aprendizagem,2024-04,8,2024-11-01,415187175.93382543,415360793.97921664,-173618.04539120197,0.04181681310380214,0.04181681310380103
valor_aprovado_real,real_jun_2026,random_forest,aprendizagem,2024-04,9,2024-12-01,421181584.3568608,415388475.13045603,5793109.226404786,1.3754421944280384,-1.3754421944280337
valor_aprovado_real,real_jun_2026,random_forest,aprendizagem,2024-04,10,2025-01-01,422148225.0857496,412702590.12599194,9445634.959757686,2.237516208397897,-2.237516208397894
valor_aprovado_real,real_jun_2026,random_forest,aprendizagem,2024-04,11,2025-02-01,381835234.55866665,410024501.9838946,-28189267.42522794,7.382573653217126,7.382573653217128
valor_aprovado_real,real_jun_2026,random_forest,aprendizagem,2024-04,12,2025-03-01,411595502.0153863,408946133.39229393,2649368.6230923533,0.643682598599757,-0.6436825985997596
valor_aprovado_real,real_jun_2026,random_forest,aprendizagem,2024-05,1,2024-05-01,428186217.42614233,409614940.37656265,18571277.04957968,4.337196363118117,-4.337196363118112
valor_aprovado_real,real_jun_2026,random_forest,aprendizagem,2024-05,2,2024-06-01,397949486.3841517,409511903.0465005,-11562416.662348807,2.9054985765673997,2.905498576567389
valor_aprovado_real,real_jun_2026,random_forest,aprendizagem,2024-05,3,2024-07-01,428926715.2871956,409452307.86570686,19474407.421488762,4.54026450846022,-4.540264508460224
valor_aprovado_real,real_jun_2026,random_forest,aprendizagem,2024-05,4,2024-08-01,429625420.7342852,410090904.06312424,19534516.671160936,4.546871699950606,-4.546871699950605
valor_aprovado_real,real_jun_2026,random_forest,aprendizagem,2024-05,5,2024-09-01,400816433.4473056,412049956.32659274,-11233522.879287124,2.8026602558859324,2.802660255885936
valor_aprovado_real,real_jun_2026,random_forest,aprendizagem,2024-05,6,2024-10-01,430772070.9800495,413687783.5497254,17084287.430324078,3.965969147316263,-3.9659691473162617
valor_aprovado_real,real_jun_2026,random_forest,aprendizagem,2024-05,7,2024-11-01,415187175.93382543,415877221.2351731,-690045.3013476729,0.16620101519167724,0.1662010151916693
valor_aprovado_real,real_jun_2026,random_forest,aprendizagem,2024-05,8,2024-12-01,421181584.3568608,415937156.5360484,5244427.820812404,1.2451702580540367,-1.2451702580540402
valor_aprovado_real,real_jun_2026,random_forest,aprendizagem,2024-05,9,2025-01-01,422148225.0857496,413654789.7262604,8493435.359489202,2.011955719525756,-2.01195571952576
valor_aprovado_real,real_jun_2026,random_forest,aprendizagem,2024-05,10,2025-02-01,381835234.55866665,411025380.92128456,-29190146.36261791,7.644696906076912,7.64469690607692
valor_aprovado_real,real_jun_2026,random_forest,aprendizagem,2024-05,11,2025-03-01,411595502.0153863,409815604.00480473,1779898.010581553,0.4324386447048726,-0.4324386447048689
valor_aprovado_real,real_jun_2026,random_forest,aprendizagem,2024-05,12,2025-04-01,410168062.7006887,409372393.0217539,795669.6789348125,0.19398625863160762,-0.19398625863160657
valor_aprovado_real,real_jun_2026,random_forest,aprendizagem,2024-06,1,2024-06-01,397949486.3841517,415116657.4783191,-17167171.09416741,4.3139070865882365,4.313907086588231
valor_aprovado_real,real_jun_2026,random_forest,aprendizagem,2024-06,2,2024-07-01,428926715.2871956,414073364.2707318,14853351.016463816,3.462911142412402,-3.462911142412406
valor_aprovado_real,real_jun_2026,random_forest,aprendizagem,2024-06,3,2024-08-01,429625420.7342852,414253571.81580424,15371848.918480933,3.577965403492294,-3.577965403492289
valor_aprovado_real,real_jun_2026,random_forest,aprendizagem,2024-06,4,2024-09-01,400816433.4473056,415101353.79435164,-14284920.347046018,3.5639557550536467,3.5639557550536383
valor_aprovado_real,real_jun_2026,random_forest,aprendizagem,2024-06,5,2024-10-01,430772070.9800495,415545077.0045216,15226993.975527883,3.5348145809186167,-3.5348145809186216
valor_aprovado_real,real_jun_2026,random_forest,aprendizagem,2024-06,6,2024-11-01,415187175.93382543,416787344.64981306,-1600168.7159876227,0.3854089935192665,0.38540899351926505
valor_aprovado_real,real_jun_2026,random_forest,aprendizagem,2024-06,7,2024-12-01,421181584.3568608,417556154.99977,3625429.357090831,0.8607758486465684,-0.8607758486465666
valor_aprovado_real,real_jun_2026,random_forest,aprendizagem,2024-06,8,2025-01-01,422148225.0857496,416267933.68405443,5880291.401695192,1.3929447175813061,-1.3929447175813015
valor_aprovado_real,real_jun_2026,random_forest,aprendizagem,2024-06,9,2025-02-01,381835234.55866665,413858503.5764523,-32023269.01778567,8.386672082475272,8.386672082475277
valor_aprovado_real,real_jun_2026,random_forest,aprendizagem,2024-06,10,2025-03-01,411595502.0153863,413554925.4476192,-1959423.4322329164,0.47605559891654725,0.47605559891654714
valor_aprovado_real,real_jun_2026,random_forest,aprendizagem,2024-06,11,2025-04-01,410168062.7006887,413386856.1778874,-3218793.4771986604,0.7847499037358023,0.7847499037358041
valor_aprovado_real,real_jun_2026,random_forest,aprendizagem,2024-06,12,2025-05-01,424625475.1310262,415158713.4887867,9466761.642239511,2.2294379863380462,-2.2294379863380454
valor_aprovado_real,real_jun_2026,random_forest,aprendizagem,2024-07,1,2024-07-01,428926715.2871956,409130783.0547828,19795932.232412815,4.615224822067352,-4.615224822067354
valor_aprovado_real,real_jun_2026,random_forest,aprendizagem,2024-07,2,2024-08-01,429625420.7342852,410072321.66901726,19553099.06526792,4.551196954744706,-4.551196954744707
valor_aprovado_real,real_jun_2026,random_forest,aprendizagem,2024-07,3,2024-09-01,400816433.4473056,412335771.1650288,-11519337.71772319,2.8739684195702044,2.873968419570194
valor_aprovado_real,real_jun_2026,random_forest,aprendizagem,2024-07,4,2024-10-01,430772070.9800495,413424375.0629712,17347695.917078316,4.0271171428571435,-4.02711714285714
valor_aprovado_real,real_jun_2026,random_forest,aprendizagem,2024-07,5,2024-11-01,415187175.93382543,414879372.95310813,307802.98071730137,0.0741359556746908,-0.07413595567469233
valor_aprovado_real,real_jun_2026,random_forest,aprendizagem,2024-07,6,2024-12-01,421181584.3568608,415162462.7140578,6019121.642803013,1.429103708794424,-1.4291037087944214
valor_aprovado_real,real_jun_2026,random_forest,aprendizagem,2024-07,7,2025-01-01,422148225.0857496,415011911.7201042,7136313.365645409,1.6904757479901358,-1.6904757479901389
valor_aprovado_real,real_jun_2026,random_forest,aprendizagem,2024-07,8,2025-02-01,381835234.55866665,413084336.0504878,-31249101.49182117,8.183922976081439,8.183922976081437
valor_aprovado_real,real_jun_2026,random_forest,aprendizagem,2024-07,9,2025-03-01,411595502.0153863,412510448.6880214,-914946.672635138,0.22229268010828152,0.2222926801082714
valor_aprovado_real,real_jun_2026,random_forest,aprendizagem,2024-07,10,2025-04-01,410168062.7006887,411271728.29472613,-1103665.5940374136,0.26907643339427667,0.26907643339426635
valor_aprovado_real,real_jun_2026,random_forest,aprendizagem,2024-07,11,2025-05-01,424625475.1310262,411569533.2949595,13055941.836066723,3.074695843917058,-3.0746958439170524
valor_aprovado_real,real_jun_2026,random_forest,aprendizagem,2024-07,12,2025-06-01,394647218.1248688,409505040.6262344,-14857822.501365602,3.7648364967479626,3.7648364967479697
valor_aprovado_real,real_jun_2026,random_forest,aprendizagem,2024-08,1,2024-08-01,429625420.7342852,415602017.34053713,14023403.393748045,3.264100008277034,-3.2641000082770377
valor_aprovado_real,real_jun_2026,random_forest,aprendizagem,2024-08,2,2024-09-01,400816433.4473056,416452559.682342,-15636126.235036373,3.901069150422451,3.9010691504224537
valor_aprovado_real,real_jun_2026,random_forest,aprendizagem,2024-08,3,2024-10-01,430772070.9800495,417101011.0615529,13671059.918496609,3.1736179848878274,-3.173617984887822
valor_aprovado_real,real_jun_2026,random_forest,aprendizagem,2024-08,4,2024-11-01,415187175.93382543,418181703.65011793,-2994527.7162925005,0.7212476419960001,0.7212476419959923
valor_aprovado_real,real_jun_2026,random_forest,aprendizagem,2024-08,5,2024-12-01,421181584.3568608,418058075.13823074,3123509.2186300755,0.7416063129634778,-0.7416063129634831
valor_aprovado_real,real_jun_2026,random_forest,aprendizagem,2024-08,6,2025-01-01,422148225.0857496,416051119.30729157,6097105.778458059,1.4443044921530992,-1.4443044921531034
valor_aprovado_real,real_jun_2026,random_forest,aprendizagem,2024-08,7,2025-02-01,381835234.55866665,414174251.47698724,-32339016.918320596,8.469364267993425,8.469364267993429
valor_aprovado_real,real_jun_2026,random_forest,aprendizagem,2024-08,8,2025-03-01,411595502.0153863,413892015.367056,-2296513.3516697288,0.5579539476074936,0.5579539476074924
valor_aprovado_real,real_jun_2026,random_forest,aprendizagem,2024-08,9,2025-04-01,410168062.7006887,413512812.24569374,-3344749.5450050235,0.8154583082315169,0.8154583082315092
valor_aprovado_real,real_jun_2026,random_forest,aprendizagem,2024-08,10,2025-05-01,424625475.1310262,414559559.61642927,10065915.51459694,2.3705397118462828,-2.3705397118462868
valor_aprovado_real,real_jun_2026,random_forest,aprendizagem,2024-08,11,2025-06-01,394647218.1248688,413335257.9381064,-18688039.813237607,4.735378574827454,4.735378574827465
valor_aprovado_real,real_jun_2026,random_forest,aprendizagem,2024-08,12,2025-07-01,423835549.0030809,415214815.2761727,8620733.726908207,2.0339808086380087,-2.033980808638003
valor_aprovado_real,real_jun_2026,random_forest,aprendizagem,2024-09,1,2024-09-01,400816433.4473056,420383780.4480116,-19567347.000705957,4.881872440312113,4.881872440312107
valor_aprovado_real,real_jun_2026,random_forest,aprendizagem,2024-09,2,2024-10-01,430772070.9800495,420753953.9071821,10018117.072867393,2.325618986875165,-2.3256189868751664
valor_aprovado_real,real_jun_2026,random_forest,aprendizagem,2024-09,3,2024-11-01,415187175.93382543,420985659.409981,-5798483.476155579,1.3965950328580885,1.3965950328580945
valor_aprovado_real,real_jun_2026,random_forest,aprendizagem,2024-09,4,2024-12-01,421181584.3568608,420638742.7143747,542841.6424860954,0.12888541727554592,-0.12888541727554825
valor_aprovado_real,real_jun_2026,random_forest,aprendizagem,2024-09,5,2025-01-01,422148225.0857496,416386816.0638646,5761409.021885037,1.3647834290230028,-1.3647834290229977
valor_aprovado_real,real_jun_2026,random_forest,aprendizagem,2024-09,6,2025-02-01,381835234.55866665,415185708.19406706,-33350473.635400414,8.734257767999752,8.734257767999743
valor_aprovado_real,real_jun_2026,random_forest,aprendizagem,2024-09,7,2025-03-01,411595502.0153863,414995520.6616657,-3400018.6462793946,0.8260582609943815,0.8260582609943778
valor_aprovado_real,real_jun_2026,random_forest,aprendizagem,2024-09,8,2025-04-01,410168062.7006887,415042769.15743995,-4874706.456751227,1.1884656315400253,1.1884656315400255
valor_aprovado_real,real_jun_2026,random_forest,aprendizagem,2024-09,9,2025-05-01,424625475.1310262,415686267.14281595,8939207.98821026,2.1051982303821735,-2.105198230382177
valor_aprovado_real,real_jun_2026,random_forest,aprendizagem,2024-09,10,2025-06-01,394647218.1248688,415247953.5203924,-20600735.395523608,5.220038163047537,5.220038163047547
valor_aprovado_real,real_jun_2026,random_forest,aprendizagem,2024-09,11,2025-07-01,423835549.0030809,418393692.39108586,5441856.611995041,1.2839547378210798,-1.2839547378210803
valor_aprovado_real,real_jun_2026,random_forest,aprendizagem,2024-09,12,2025-08-01,411913243.8502616,420337904.9221967,-8424661.071935058,2.0452513236009433,2.0452513236009384
valor_aprovado_real,real_jun_2026,random_forest,aprendizagem,2024-10,1,2024-10-01,430772070.9800495,416118472.2487132,14653598.731336296,3.4017058482918574,-3.4017058482918583
valor_aprovado_real,real_jun_2026,random_forest,aprendizagem,2024-10,2,2024-11-01,415187175.93382543,417501231.7063276,-2314055.772502184,0.5573524199772031,0.5573524199772084
valor_aprovado_real,real_jun_2026,random_forest,aprendizagem,2024-10,3,2024-12-01,421181584.3568608,417594013.4581185,3587570.898742318,0.8517872176725142,-0.8517872176725172
valor_aprovado_real,real_jun_2026,random_forest,aprendizagem,2024-10,4,2025-01-01,422148225.0857496,415252717.1455052,6895507.940244436,1.6334328869542856,-1.6334328869542891
valor_aprovado_real,real_jun_2026,random_forest,aprendizagem,2024-10,5,2025-02-01,381835234.55866665,413920670.9057626,-32085436.347095966,8.402953274906912,8.40295327490692
valor_aprovado_real,real_jun_2026,random_forest,aprendizagem,2024-10,6,2025-03-01,411595502.0153863,413679996.92990965,-2084494.914523363,0.5064425884919996,0.5064425884919954
valor_aprovado_real,real_jun_2026,random_forest,aprendizagem,2024-10,7,2025-04-01,410168062.7006887,415154370.93201727,-4986308.231328547,1.2156744234294998,1.2156744234294914
valor_aprovado_real,real_jun_2026,random_forest,aprendizagem,2024-10,8,2025-05-01,424625475.1310262,415524187.48641,9101287.644616187,2.1433682568875105,-2.1433682568875123
valor_aprovado_real,real_jun_2026,random_forest,aprendizagem,2024-10,9,2025-06-01,394647218.1248688,414826899.7350035,-20179681.61013466,5.113346980124838,5.113346980124844
valor_aprovado_real,real_jun_2026,random_forest,aprendizagem,2024-10,10,2025-07-01,423835549.0030809,416640232.83650434,7195316.166576564,1.6976669803891935,-1.6976669803891897
valor_aprovado_real,real_jun_2026,random_forest,aprendizagem,2024-10,11,2025-08-01,411913243.8502616,417560085.4893027,-5646841.639041066,1.370881301668902,1.3708813016688914
valor_aprovado_real,real_jun_2026,random_forest,aprendizagem,2024-10,12,2025-09-01,411490588.8396937,415559279.19395614,-4068690.3542624116,0.988768750637811,0.9887687506378029
valor_aprovado_real,real_jun_2026,random_forest,aprendizagem,2024-11,1,2024-11-01,415187175.93382543,421498573.0416632,-6311397.107837796,1.5201329601865492,1.5201329601865599
valor_aprovado_real,real_jun_2026,random_forest,aprendizagem,2024-11,2,2024-12-01,421181584.3568608,421361750.24615735,-180165.88929653168,0.04277629791711877,0.042776297917113126
valor_aprovado_real,real_jun_2026,random_forest,aprendizagem,2024-11,3,2025-01-01,422148225.0857496,418559997.71917576,3588227.36657387,0.8499922902305239,-0.8499922902305279
valor_aprovado_real,real_jun_2026,random_forest,aprendizagem,2024-11,4,2025-02-01,381835234.55866665,417442572.0509813,-35607337.49231464,9.325314761344735,9.325314761344728
valor_aprovado_real,real_jun_2026,random_forest,aprendizagem,2024-11,5,2025-03-01,411595502.0153863,416506390.31725436,-4910888.301868081,1.1931345891346747,1.1931345891346812
valor_aprovado_real,real_jun_2026,random_forest,aprendizagem,2024-11,6,2025-04-01,410168062.7006887,417004655.9615068,-6836593.260818064,1.6667785433618514,1.6667785433618576
valor_aprovado_real,real_jun_2026,random_forest,aprendizagem,2024-11,7,2025-05-01,424625475.1310262,417637231.7009028,6988243.430123389,1.645742857977853,-1.64574285797785
valor_aprovado_real,real_jun_2026,random_forest,aprendizagem,2024-11,8,2025-06-01,394647218.1248688,416931214.8252265,-22283996.700357676,5.646561201226277,5.646561201226286
valor_aprovado_real,real_jun_2026,random_forest,aprendizagem,2024-11,9,2025-07-01,423835549.0030809,418222613.2103886,5612935.792692304,1.3243192568189939,-1.3243192568189954
valor_aprovado_real,real_jun_2026,random_forest,aprendizagem,2024-11,10,2025-08-01,411913243.8502616,419313090.0702203,-7399846.219958663,1.7964574653609944,1.79645746536099
valor_aprovado_real,real_jun_2026,random_forest,aprendizagem,2024-11,11,2025-09-01,411490588.8396937,418353394.69665736,-6862805.8569636345,1.667791692712858,1.66779169271285
valor_aprovado_real,real_jun_2026,random_forest,aprendizagem,2024-11,12,2025-10-01,427672977.16345227,420833928.226646,6839048.936806262,1.5991304809965694,-1.599130480996569
valor_aprovado_real,real_jun_2026,random_forest,aprendizagem,2024-12,1,2024-12-01,421181584.3568608,420687955.7825811,493628.57427972555,0.1172008921124817,-0.11720089211247897
valor_aprovado_real,real_jun_2026,random_forest,aprendizagem,2024-12,2,2025-01-01,422148225.0857496,418378048.42555606,3770176.6601935625,0.8930930976738651,-0.8930930976738694
valor_aprovado_real,real_jun_2026,random_forest,aprendizagem,2024-12,3,2025-02-01,381835234.55866665,416895588.95450264,-35060354.395835996,9.182063681566607,9.1820636815666
valor_aprovado_real,real_jun_2026,random_forest,aprendizagem,2024-12,4,2025-03-01,411595502.0153863,416057330.09370327,-4461828.078316987,1.0840322735475847,1.084032273547586
valor_aprovado_real,real_jun_2026,random_forest,aprendizagem,2024-12,5,2025-04-01,410168062.7006887,416997405.67054194,-6829342.969853222,1.665010904283103,1.665010904283104
valor_aprovado_real,real_jun_2026,random_forest,aprendizagem,2024-12,6,2025-05-01,424625475.1310262,417616480.3394156,7008994.791610599,1.6506298378465967,-1.6506298378465956
valor_aprovado_real,real_jun_2026,random_forest,aprendizagem,2024-12,7,2025-06-01,394647218.1248688,416867346.6455438,-22220128.520675004,5.630377587925736,5.630377587925728
valor_aprovado_real,real_jun_2026,random_forest,aprendizagem,2024-12,8,2025-07-01,423835549.0030809,417923903.1960878,5911645.806993127,1.394797067140339,-1.394797067140341
valor_aprovado_real,real_jun_2026,random_forest,aprendizagem,2024-12,9,2025-08-01,411913243.8502616,418852250.55427766,-6939006.70401603,1.6845796554525185,1.6845796554525228
valor_aprovado_real,real_jun_2026,random_forest,aprendizagem,2024-12,10,2025-09-01,411490588.8396937,417499352.8504994,-6008764.010805666,1.4602433624907345,1.4602433624907318
valor_aprovado_real,real_jun_2026,random_forest,aprendizagem,2024-12,11,2025-10-01,427672977.16345227,419833896.0911919,7839081.07226038,1.832961512848721,-1.8329615128487187
valor_aprovado_real,real_jun_2026,random_forest,aprendizagem,2024-12,12,2025-11-01,396346421.4330967,420780048.24498683,-24433626.811890125,6.164714878349046,6.164714878349042
valor_aprovado_real,real_jun_2026,random_forest,aprendizagem,2025-01,1,2025-01-01,422148225.0857496,418514084.1929867,3634140.8927628994,0.86086845254998,-0.8608684525499788
valor_aprovado_real,real_jun_2026,random_forest,aprendizagem,2025-01,2,2025-02-01,381835234.55866665,416921658.2801364,-35086423.72146976,9.1888910571659,9.188891057165893
valor_aprovado_real,real_jun_2026,random_forest,aprendizagem,2025-01,3,2025-03-01,411595502.0153863,416011774.45252645,-4416272.437140167,1.0729642125620404,1.0729642125620442
valor_aprovado_real,real_jun_2026,random_forest,aprendizagem,2025-01,4,2025-04-01,410168062.7006887,417097842.8575702,-6929780.156881452,1.6894977417923223,1.689497741792323
valor_aprovado_real,real_jun_2026,random_forest,aprendizagem,2025-01,5,2025-05-01,424625475.1310262,417772305.5787931,6853169.5522331,1.6139327368708685,-1.6139327368708711
valor_aprovado_real,real_jun_2026,random_forest,aprendizagem,2025-01,6,2025-06-01,394647218.1248688,417074972.57529604,-22427754.450427234,5.6829881018776,5.682988101877595
valor_aprovado_real,real_jun_2026,random_forest,aprendizagem,2025-01,7,2025-07-01,423835549.0030809,418119375.7744033,5716173.22867763,1.3486771560627349,-1.3486771560627386
valor_aprovado_real,real_jun_2026,random_forest,aprendizagem,2025-01,8,2025-08-01,411913243.8502616,418860981.56406957,-6947737.7138079405,1.6866992789223298,1.6866992789223323
valor_aprovado_real,real_jun_2026,random_forest,aprendizagem,2025-01,9,2025-09-01,411490588.8396937,417355667.52611864,-5865078.686424911,1.4253251096126032,1.4253251096125963
valor_aprovado_real,real_jun_2026,random_forest,aprendizagem,2025-01,10,2025-10-01,427672977.16345227,419894298.8528128,7778678.310639441,1.818837926640034,-1.8188379266400378
valor_aprovado_real,real_jun_2026,random_forest,aprendizagem,2025-01,11,2025-11-01,396346421.4330967,421075216.5297819,-24728795.09668517,6.239187175519735,6.239187175519745
valor_aprovado_real,real_jun_2026,random_forest,aprendizagem,2025-01,12,2025-12-01,432042733.88196224,421109475.59197205,10933258.289990187,2.5305964971921613,-2.5305964971921613
valor_aprovado_real,real_jun_2026,random_forest,aprendizagem,2025-02,1,2025-02-01,381835234.55866665,419434011.28037924,-37598776.72171259,9.846858885395966,9.84685888539596
valor_aprovado_real,real_jun_2026,random_forest,aprendizagem,2025-02,2,2025-03-01,411595502.0153863,418457372.6703916,-6861870.655005336,1.6671393689693008,1.6671393689692948
valor_aprovado_real,real_jun_2026,random_forest,aprendizagem,2025-02,3,2025-04-01,410168062.7006887,419464425.44593364,-9296362.74524492,2.2664764984466235,2.2664764984466235
valor_aprovado_real,real_jun_2026,random_forest,aprendizagem,2025-02,4,2025-05-01,424625475.1310262,419940409.7527521,4685065.378274083,1.1033406266612755,-1.1033406266612755
valor_aprovado_real,real_jun_2026,random_forest,aprendizagem,2025-02,5,2025-06-01,394647218.1248688,418931239.7200394,-24284021.595170617,6.153349239493943,6.153349239493933
valor_aprovado_real,real_jun_2026,random_forest,aprendizagem,2025-02,6,2025-07-01,423835549.0030809,419474846.15295625,4360702.850124657,1.0288667055846603,-1.0288667055846634
valor_aprovado_real,real_jun_2026,random_forest,aprendizagem,2025-02,7,2025-08-01,411913243.8502616,419765331.8663104,-7852088.016048789,1.9062480105405823,1.9062480105405788
valor_aprovado_real,real_jun_2026,random_forest,aprendizagem,2025-02,8,2025-09-01,411490588.8396937,417910309.86257595,-6419721.022882223,1.5601136932400619,1.5601136932400728
valor_aprovado_real,real_jun_2026,random_forest,aprendizagem,2025-02,9,2025-10-01,427672977.16345227,419839780.9368917,7833196.226560593,1.8315854975253263,-1.8315854975253232
valor_aprovado_real,real_jun_2026,random_forest,aprendizagem,2025-02,10,2025-11-01,396346421.4330967,421054628.80134195,-24708207.368245244,6.233992798246065,6.2339927982460575
valor_aprovado_real,real_jun_2026,random_forest,aprendizagem,2025-02,11,2025-12-01,432042733.88196224,421136098.60861176,10906635.273350477,2.5244343714226805,-2.524434371422679
valor_aprovado_real,real_jun_2026,random_forest,aprendizagem,2025-02,12,2026-01-01,419718499.1084349,421090244.3718485,-1371745.263413608,0.32682506640223535,0.3268250664022254
valor_aprovado_real,real_jun_2026,random_forest,aprendizagem,2025-03,1,2025-03-01,411595502.0153863,407727727.9940517,3867774.0213345885,0.9397026941246805,-0.9397026941246778
valor_aprovado_real,real_jun_2026,random_forest,aprendizagem,2025-03,2,2025-04-01,410168062.7006887,409197138.8731928,970923.8274959326,0.23671365856791327,-0.23671365856791082
valor_aprovado_real,real_jun_2026,random_forest,aprendizagem,2025-03,3,2025-05-01,424625475.1310262,415741751.86301094,8883723.268015265,2.0921314872297816,-2.092131487229787
valor_aprovado_real,real_jun_2026,random_forest,aprendizagem,2025-03,4,2025-06-01,394647218.1248688,415069350.02839935,-20422131.903530538,5.174781669706044,5.174781669706041
valor_aprovado_real,real_jun_2026,random_forest,aprendizagem,2025-03,5,2025-07-01,423835549.0030809,416218418.5034716,7617130.499609292,1.7971900935459102,-1.7971900935459084
valor_aprovado_real,real_jun_2026,random_forest,aprendizagem,2025-03,6,2025-08-01,411913243.8502616,417558848.458264,-5645604.608002365,1.370580988178824,1.3705809881788156
valor_aprovado_real,real_jun_2026,random_forest,aprendizagem,2025-03,7,2025-09-01,411490588.8396937,416374332.95065594,-4883744.110962212,1.1868422373238758,1.1868422373238818
valor_aprovado_real,real_jun_2026,random_forest,aprendizagem,2025-03,8,2025-10-01,427672977.16345227,418463491.75320756,9209485.410244703,2.153394276001902,-2.1533942760019076
valor_aprovado_real,real_jun_2026,random_forest,aprendizagem,2025-03,9,2025-11-01,396346421.4330967,420162805.4944181,-23816384.061321378,6.008981732497258,6.008981732497265
valor_aprovado_real,real_jun_2026,random_forest,aprendizagem,2025-03,10,2025-12-01,432042733.88196224,420236640.5507991,11806093.331163168,2.7326216610759375,-2.73262166107594
valor_aprovado_real,real_jun_2026,random_forest,aprendizagem,2025-03,11,2026-01-01,419718499.1084349,416521045.36856544,3197453.7398694754,0.7618091045930783,-0.7618091045930808
valor_aprovado_real,real_jun_2026,random_forest,aprendizagem,2025-03,12,2026-02-01,378058045.77417153,407766337.65089065,-29708291.876719117,7.858129778955957,7.858129778955947
valor_aprovado_real,real_jun_2026,random_forest,aprendizagem,2025-04,1,2025-04-01,410168062.7006887,408043463.2761646,2124599.4245241284,0.5179826558252804,-0.5179826558252776
valor_aprovado_real,real_jun_2026,random_forest,aprendizagem,2025-04,2,2025-05-01,424625475.1310262,415160145.67559445,9465329.45543176,2.229100703981798,-2.229100703981801
valor_aprovado_real,real_jun_2026,random_forest,aprendizagem,2025-04,3,2025-06-01,394647218.1248688,414447608.6865248,-19800390.561656,5.017238093235724,5.017238093235732
valor_aprovado_real,real_jun_2026,random_forest,aprendizagem,2025-04,4,2025-07-01,423835549.0030809,415763324.01042366,8072224.992657244,1.9045653465463714,-1.9045653465463719
valor_aprovado_real,real_jun_2026,random_forest,aprendizagem,2025-04,5,2025-08-01,411913243.8502616,416837721.7240902,-4924477.87382859,1.1955133629106454,1.1955133629106385
valor_aprovado_real,real_jun_2026,random_forest,aprendizagem,2025-04,6,2025-09-01,411490588.8396937,415674974.3596005,-4184385.5199067593,1.0168848652664786,1.0168848652664764
valor_aprovado_real,real_jun_2026,random_forest,aprendizagem,2025-04,7,2025-10-01,427672977.16345227,418028610.1169837,9644367.046468556,2.255079830022222,-2.255079830022222
valor_aprovado_real,real_jun_2026,random_forest,aprendizagem,2025-04,8,2025-11-01,396346421.4330967,419643798.72850853,-23297377.295411825,5.87803397118458,5.878033971184582
valor_aprovado_real,real_jun_2026,random_forest,aprendizagem,2025-04,9,2025-12-01,432042733.88196224,419584326.18173504,12458407.700227201,2.883605422150427,-2.883605422150426
valor_aprovado_real,real_jun_2026,random_forest,aprendizagem,2025-04,10,2026-01-01,419718499.1084349,416456939.15654653,3261559.9518883824,0.7770827254020446,-0.7770827254020451
valor_aprovado_real,real_jun_2026,random_forest,aprendizagem,2025-04,11,2026-02-01,378058045.77417153,407031163.95815223,-28973118.183980703,7.663669245459586,7.663669245459581
valor_aprovado_real,real_jun_2026,random_forest,aprendizagem,2025-04,12,2026-03-01,417924666.2769595,406848659.6536831,11076006.623276353,2.6502399874948424,-2.65023998749484
valor_aprovado_real,real_jun_2026,random_forest,aprendizagem,2025-05,1,2025-05-01,424625475.1310262,413818349.1836678,10807125.94735843,2.545095991714507,-2.5450959917145077
valor_aprovado_real,real_jun_2026,random_forest,aprendizagem,2025-05,2,2025-06-01,394647218.1248688,413120797.9955517,-18473579.870682895,4.681036384459636,4.681036384459647
valor_aprovado_real,real_jun_2026,random_forest,aprendizagem,2025-05,3,2025-07-01,423835549.0030809,414372169.55294955,9463379.450131357,2.232795118859312,-2.23279511885931
valor_aprovado_real,real_jun_2026,random_forest,aprendizagem,2025-05,4,2025-08-01,411913243.8502616,415692822.1364076,-3779578.286145985,0.9175665853365798,0.9175665853365711
valor_aprovado_real,real_jun_2026,random_forest,aprendizagem,2025-05,5,2025-09-01,411490588.8396937,415020955.59389013,-3530366.7541964054,0.8579459287638159,0.8579459287638258
valor_aprovado_real,real_jun_2026,random_forest,aprendizagem,2025-05,6,2025-10-01,427672977.16345227,417330142.15738523,10342835.006067038,2.4183980654251416,-2.4183980654251425
valor_aprovado_real,real_jun_2026,random_forest,aprendizagem,2025-05,7,2025-11-01,396346421.4330967,418484841.21526426,-22138419.782167554,5.585623733430004,5.585623733430012
valor_aprovado_real,real_jun_2026,random_forest,aprendizagem,2025-05,8,2025-12-01,432042733.88196224,418414120.1006135,13628613.781348765,3.1544596662681563,-3.154459666268161
valor_aprovado_real,real_jun_2026,random_forest,aprendizagem,2025-05,9,2026-01-01,419718499.1084349,415142455.74459684,4576043.363838077,1.090264873613743,-1.0902648736137444
valor_aprovado_real,real_jun_2026,random_forest,aprendizagem,2025-05,10,2026-02-01,378058045.77417153,406260688.9084458,-28202643.134274244,7.459871162514753,7.459871162514742
valor_aprovado_real,real_jun_2026,random_forest,aprendizagem,2025-05,11,2026-03-01,417924666.2769595,406123258.5236374,11801407.753322065,2.8238122096151295,-2.8238122096151286
valor_aprovado_real,real_jun_2026,random_forest,aprendizagem,2025-05,12,2026-04-01,399704198.75121015,406942667.9477557,-7238469.196545541,1.810956507127166,1.8109565071271705
valor_aprovado_real,real_jun_2026,random_forest,aprendizagem,2025-06,1,2025-06-01,394647218.1248688,417951153.63143015,-23303935.50656134,5.90500437765352,5.905004377653511
valor_aprovado_real,real_jun_2026,random_forest,aprendizagem,2025-06,2,2025-07-01,423835549.0030809,418667535.5172752,5168013.48580569,1.2193440351951514,-1.2193440351951468
valor_aprovado_real,real_jun_2026,random_forest,aprendizagem,2025-06,3,2025-08-01,411913243.8502616,418595350.7708125,-6682106.920550883,1.6222122061654218,1.6222122061654298
valor_aprovado_real,real_jun_2026,random_forest,aprendizagem,2025-06,4,2025-09-01,411490588.8396937,416928220.9435406,-5437632.103846848,1.3214475011882256,1.3214475011882332
valor_aprovado_real,real_jun_2026,random_forest,aprendizagem,2025-06,5,2025-10-01,427672977.16345227,418747903.60488784,8925073.558564425,2.086892096330265,-2.0868920963302617
valor_aprovado_real,real_jun_2026,random_forest,aprendizagem,2025-06,6,2025-11-01,396346421.4330967,419654879.1590824,-23308457.725985706,5.880829614080463,5.880829614080474
valor_aprovado_real,real_jun_2026,random_forest,aprendizagem,2025-06,7,2025-12-01,432042733.88196224,419725131.6475742,12317602.234388053,2.8510147882161414,-2.851014788216144
valor_aprovado_real,real_jun_2026,random_forest,aprendizagem,2025-06,8,2026-01-01,419718499.1084349,417755907.65542394,1962591.4530109763,0.4675970816582802,-0.4675970816582775
valor_aprovado_real,real_jun_2026,random_forest,aprendizagem,2025-06,9,2026-02-01,378058045.77417153,407002099.6742963,-28944053.90012479,7.65598146201448,7.655981462014472
valor_aprovado_real,real_jun_2026,random_forest,aprendizagem,2025-06,10,2026-03-01,417924666.2769595,406918901.1454352,11005765.131524265,2.6334327737982144,-2.6334327737982166
valor_aprovado_real,real_jun_2026,random_forest,aprendizagem,2025-06,11,2026-04-01,399704198.75121015,408664448.649726,-8960249.89851582,2.2417202337404,2.2417202337404074
valor_aprovado_real,real_jun_2026,random_forest,aprendizagem,2025-06,12,2026-05-01,427248135.7591183,419389341.4932202,7858794.2658981085,1.839398140833289,-1.8393981408332927
valor_aprovado_real,real_jun_2026,random_forest,aprendizagem,2025-07,1,2025-07-01,423835549.0030809,411094311.6686504,12741237.334430516,3.006174768586459,-3.006174768586456
valor_aprovado_real,real_jun_2026,random_forest,aprendizagem,2025-07,2,2025-08-01,411913243.8502616,412524121.7856898,-610877.9354281425,0.1483025720945764,0.14830257209457187
valor_aprovado_real,real_jun_2026,random_forest,aprendizagem,2025-07,3,2025-09-01,411490588.8396937,411877742.2874481,-387153.4477543831,0.09408561416825215,0.09408561416826
valor_aprovado_real,real_jun_2026,random_forest,aprendizagem,2025-07,4,2025-10-01,427672977.16345227,414566568.6072025,13106408.556249797,3.0645865547031423,-3.0645865547031415
valor_aprovado_real,real_jun_2026,random_forest,aprendizagem,2025-07,5,2025-11-01,396346421.4330967,415499387.28899586,-19152965.855899155,4.83238016547405,4.832380165474048
valor_aprovado_real,real_jun_2026,random_forest,aprendizagem,2025-07,6,2025-12-01,432042733.88196224,415458743.09835577,16583990.78360647,3.838507046420403,-3.838507046420403
valor_aprovado_real,real_jun_2026,random_forest,aprendizagem,2025-07,7,2026-01-01,419718499.1084349,413166841.0740345,6551658.0344004035,1.5609648010076802,-1.5609648010076804
valor_aprovado_real,real_jun_2026,random_forest,aprendizagem,2025-07,8,2026-02-01,378058045.77417153,406038499.2552431,-27980453.48107159,7.401099855916142,7.401099855916149
valor_aprovado_real,real_jun_2026,random_forest,aprendizagem,2025-07,9,2026-03-01,417924666.2769595,405779223.14842606,12145443.128533423,2.9061321593506073,-2.906132159350605
valor_aprovado_real,real_jun_2026,random_forest,aprendizagem,2025-07,10,2026-04-01,399704198.75121015,406773230.3106647,-7069031.55945456,1.7685657497570026,1.7685657497570118
valor_aprovado_real,real_jun_2026,random_forest,aprendizagem,2025-07,11,2026-05-01,427248135.7591183,412503878.00262934,14744257.756488979,3.4509823501726786,-3.450982350172682
valor_aprovado_real,real_jun_2026,random_forest,aprendizagem,2025-07,12,2026-06-01,409258364.78,409624063.7460643,-365698.9660643339,0.08935650374816853,0.0893565037481725
valor_aprovado_real,real_jun_2026,gradient_boosting,aprendizagem,2022-01,1,2022-01-01,376627415.5025755,348693540.2672613,27933875.23531419,7.41684595584709,-7.416845955847096
valor_aprovado_real,real_jun_2026,gradient_boosting,aprendizagem,2022-01,2,2022-02-01,345128541.7684927,335721092.59224004,9407449.176252663,2.7257812779109547,-2.7257812779109547
valor_aprovado_real,real_jun_2026,gradient_boosting,aprendizagem,2022-01,3,2022-03-01,380554639.46775067,366712788.2761725,13841851.19157815,3.6372835214773804,-3.6372835214773858
valor_aprovado_real,real_jun_2026,gradient_boosting,aprendizagem,2022-01,4,2022-04-01,364739929.8149265,348452475.8915588,16287453.92336768,4.46549790466652,-4.465497904666515
valor_aprovado_real,real_jun_2026,gradient_boosting,aprendizagem,2022-01,5,2022-05-01,365435073.1539744,351361789.9798702,14073283.174104214,3.851103577070857,-3.851103577070858
valor_aprovado_real,real_jun_2026,gradient_boosting,aprendizagem,2022-01,6,2022-06-01,363743552.1431217,347238165.4471152,16505386.696006536,4.537643787431916,-4.5376437874319215
valor_aprovado_real,real_jun_2026,gradient_boosting,aprendizagem,2022-01,7,2022-07-01,368638493.582824,351361789.9798702,17276703.60295379,4.686624946581206,-4.686624946581208
valor_aprovado_real,real_jun_2026,gradient_boosting,aprendizagem,2022-01,8,2022-08-01,387421803.680154,351577148.6068157,35844655.07333833,9.252100613039012,-9.252100613039016
valor_aprovado_real,real_jun_2026,gradient_boosting,aprendizagem,2022-01,9,2022-09-01,374573280.9595117,344103365.5398356,30469915.419676125,8.13456724452529,-8.134567244525293
valor_aprovado_real,real_jun_2026,gradient_boosting,aprendizagem,2022-01,10,2022-10-01,373101374.5192903,349666844.05959666,23434530.45969367,6.281008878588852,-6.281008878588857
valor_aprovado_real,real_jun_2026,gradient_boosting,aprendizagem,2022-01,11,2022-11-01,371409370.2333421,346195613.77181876,25213756.461523354,6.788669991196648,-6.78866999119665
valor_aprovado_real,real_jun_2026,gradient_boosting,aprendizagem,2022-01,12,2022-12-01,384096741.9936161,351504301.60698056,32592440.386635542,8.485476918514776,-8.485476918514777
valor_aprovado_real,real_jun_2026,gradient_boosting,aprendizagem,2022-02,1,2022-02-01,345128541.7684927,349885990.7876471,-4757449.019154429,1.3784571379627182,1.3784571379627186
valor_aprovado_real,real_jun_2026,gradient_boosting,aprendizagem,2022-02,2,2022-03-01,380554639.46775067,376144301.3933778,4410338.074372888,1.1589237436551165,-1.1589237436551159
valor_aprovado_real,real_jun_2026,gradient_boosting,aprendizagem,2022-02,3,2022-04-01,364739929.8149265,359294035.07830346,5445894.736623049,1.4930898131680737,-1.4930898131680692
valor_aprovado_real,real_jun_2026,gradient_boosting,aprendizagem,2022-02,4,2022-05-01,365435073.1539744,363761376.88889724,1673696.2650771737,0.45800099334525823,-0.45800099334525335
valor_aprovado_real,real_jun_2026,gradient_boosting,aprendizagem,2022-02,5,2022-06-01,363743552.1431217,357462706.2646115,6280845.878510237,1.7267236330388396,-1.7267236330388402
valor_aprovado_real,real_jun_2026,gradient_boosting,aprendizagem,2022-02,6,2022-07-01,368638493.582824,359816469.26092696,8822024.32189703,2.3931370368175995,-2.393137036817594
valor_aprovado_real,real_jun_2026,gradient_boosting,aprendizagem,2022-02,7,2022-08-01,387421803.680154,358115745.09570485,29306058.584449172,7.564380297151148,-7.564380297151152
valor_aprovado_real,real_jun_2026,gradient_boosting,aprendizagem,2022-02,8,2022-09-01,374573280.9595117,350467846.5633559,24105434.396155775,6.435438837070008,-6.435438837070007
valor_aprovado_real,real_jun_2026,gradient_boosting,aprendizagem,2022-02,9,2022-10-01,373101374.5192903,358039924.544698,15061449.974592328,4.036825110601036,-4.036825110601039
valor_aprovado_real,real_jun_2026,gradient_boosting,aprendizagem,2022-02,10,2022-11-01,371409370.2333421,354356043.8885417,17053326.344800413,4.591517530666087,-4.591517530666089
valor_aprovado_real,real_jun_2026,gradient_boosting,aprendizagem,2022-02,11,2022-12-01,384096741.9936161,359588068.11572236,24508673.877893746,6.380859611222918,-6.380859611222922
valor_aprovado_real,real_jun_2026,gradient_boosting,aprendizagem,2022-02,12,2023-01-01,374259433.1719504,370219642.60554236,4039790.566408038,1.0794091500031717,-1.0794091500031744
valor_aprovado_real,real_jun_2026,gradient_boosting,aprendizagem,2022-03,1,2022-03-01,380554639.46775067,369396392.9520276,11158246.51572305,2.9321010331996313,-2.93210103319963
valor_aprovado_real,real_jun_2026,gradient_boosting,aprendizagem,2022-03,2,2022-04-01,364739929.8149265,353863277.63930005,10876652.175626457,2.982029464431109,-2.982029464431113
valor_aprovado_real,real_jun_2026,gradient_boosting,aprendizagem,2022-03,3,2022-05-01,365435073.1539744,358234543.1105043,7200530.043470085,1.9703992781328283,-1.9703992781328283
valor_aprovado_real,real_jun_2026,gradient_boosting,aprendizagem,2022-03,4,2022-06-01,363743552.1431217,353396314.53949517,10347237.60362655,2.844651827547787,-2.844651827547784
valor_aprovado_real,real_jun_2026,gradient_boosting,aprendizagem,2022-03,5,2022-07-01,368638493.582824,355794356.64506346,12844136.937760532,3.4842093707923563,-3.484209370792357
valor_aprovado_real,real_jun_2026,gradient_boosting,aprendizagem,2022-03,6,2022-08-01,387421803.680154,354437358.8599732,32984444.820180833,8.513832857846067,-8.51383285784607
valor_aprovado_real,real_jun_2026,gradient_boosting,aprendizagem,2022-03,7,2022-09-01,374573280.9595117,346142423.01932263,28430857.940189064,7.590199137365114,-7.590199137365117
valor_aprovado_real,real_jun_2026,gradient_boosting,aprendizagem,2022-03,8,2022-10-01,373101374.5192903,354292813.6387155,18808560.880574822,5.041139530726219,-5.041139530726213
valor_aprovado_real,real_jun_2026,gradient_boosting,aprendizagem,2022-03,9,2022-11-01,371409370.2333421,350700599.1637356,20708771.069606483,5.575726605011598,-5.5757266050115994
valor_aprovado_real,real_jun_2026,gradient_boosting,aprendizagem,2022-03,10,2022-12-01,384096741.9936161,356311798.4989455,27784943.49467063,7.233839930652791,-7.233839930652797
valor_aprovado_real,real_jun_2026,gradient_boosting,aprendizagem,2022-03,11,2023-01-01,374259433.1719504,369898036.19157666,4361396.98037374,1.1653405616018053,-1.165340561601802
valor_aprovado_real,real_jun_2026,gradient_boosting,aprendizagem,2022-03,12,2023-02-01,343845742.32525706,342679897.9708415,1165844.354415536,0.3390602851533111,-0.3390602851533142
valor_aprovado_real,real_jun_2026,gradient_boosting,aprendizagem,2022-04,1,2022-04-01,364739929.8149265,356992250.2820443,7747679.532882214,2.1241654394169243,-2.124165439416925
valor_aprovado_real,real_jun_2026,gradient_boosting,aprendizagem,2022-04,2,2022-05-01,365435073.1539744,361014110.5808902,4420962.573084235,1.2097805869940355,-1.209780586994036
valor_aprovado_real,real_jun_2026,gradient_boosting,aprendizagem,2022-04,3,2022-06-01,363743552.1431217,356206044.2460477,7537507.897074044,2.072203851494877,-2.0722038514948804
valor_aprovado_real,real_jun_2026,gradient_boosting,aprendizagem,2022-04,4,2022-07-01,368638493.582824,358413712.0840352,10224781.498788774,2.7736608294520164,-2.773660829452018
valor_aprovado_real,real_jun_2026,gradient_boosting,aprendizagem,2022-04,5,2022-08-01,387421803.680154,357088485.20816565,30333318.47198838,7.829533130001848,-7.829533130001853
valor_aprovado_real,real_jun_2026,gradient_boosting,aprendizagem,2022-04,6,2022-09-01,374573280.9595117,349074518.97325397,25498761.986257732,6.807416140558605,-6.807416140558608
valor_aprovado_real,real_jun_2026,gradient_boosting,aprendizagem,2022-04,7,2022-10-01,373101374.5192903,357088485.20816565,16012889.311124682,4.291833374175033,-4.291833374175036
valor_aprovado_real,real_jun_2026,gradient_boosting,aprendizagem,2022-04,8,2022-11-01,371409370.2333421,354042876.3866451,17366493.846697032,4.675836216998601,-4.675836216998597
valor_aprovado_real,real_jun_2026,gradient_boosting,aprendizagem,2022-04,9,2022-12-01,384096741.9936161,358323088.80131185,25773653.192304254,6.710198336629636,-6.710198336629636
valor_aprovado_real,real_jun_2026,gradient_boosting,aprendizagem,2022-04,10,2023-01-01,374259433.1719504,370280196.9311693,3979236.2407811284,1.0632293772947872,-1.0632293772947832
valor_aprovado_real,real_jun_2026,gradient_boosting,aprendizagem,2022-04,11,2023-02-01,343845742.32525706,345227345.18555194,-1381602.8602948785,0.4018089190087939,0.4018089190087837
valor_aprovado_real,real_jun_2026,gradient_boosting,aprendizagem,2022-04,12,2023-03-01,385752047.0654128,375758031.3946309,9994015.67078191,2.5907874622599745,-2.590787462259969
valor_aprovado_real,real_jun_2026,gradient_boosting,aprendizagem,2022-05,1,2022-05-01,365435073.1539744,362852204.3943521,2582868.7596223354,0.7067927928565454,-0.7067927928565476
valor_aprovado_real,real_jun_2026,gradient_boosting,aprendizagem,2022-05,2,2022-06-01,363743552.1431217,358614836.9527825,5128715.190339208,1.4099810594913909,-1.4099810594913942
valor_aprovado_real,real_jun_2026,gradient_boosting,aprendizagem,2022-05,3,2022-07-01,368638493.582824,362437234.9023417,6201258.680482268,1.682205952018681,-1.6822059520186783
valor_aprovado_real,real_jun_2026,gradient_boosting,aprendizagem,2022-05,4,2022-08-01,387421803.680154,360821500.59107536,26600303.089078665,6.865979879397605,-6.86597987939761
valor_aprovado_real,real_jun_2026,gradient_boosting,aprendizagem,2022-05,5,2022-09-01,374573280.9595117,353213229.6266261,21360051.332885623,5.702502666012227,-5.702502666012221
valor_aprovado_real,real_jun_2026,gradient_boosting,aprendizagem,2022-05,6,2022-10-01,373101374.5192903,360821500.59107536,12279873.928214967,3.291296887886449,-3.2912968878864524
valor_aprovado_real,real_jun_2026,gradient_boosting,aprendizagem,2022-05,7,2022-11-01,371409370.2333421,357517384.75381047,13891985.479531646,3.7403432958096476,-3.740343295809645
valor_aprovado_real,real_jun_2026,gradient_boosting,aprendizagem,2022-05,8,2022-12-01,384096741.9936161,360906664.0050569,23190077.988559186,6.037561752852519,-6.0375617528525165
valor_aprovado_real,real_jun_2026,gradient_boosting,aprendizagem,2022-05,9,2023-01-01,374259433.1719504,370376098.08937454,3883335.0825758576,1.0376051311956356,-1.0376051311956402
valor_aprovado_real,real_jun_2026,gradient_boosting,aprendizagem,2022-05,10,2023-02-01,343845742.32525706,347318052.383532,-3472310.0582749248,1.0098452971362757,1.0098452971362804
valor_aprovado_real,real_jun_2026,gradient_boosting,aprendizagem,2022-05,11,2023-03-01,385752047.0654128,376522475.7697726,9229571.29564023,2.39261758060746,-2.392617580607459
valor_aprovado_real,real_jun_2026,gradient_boosting,aprendizagem,2022-05,12,2023-04-01,354703652.6513935,359419845.4759175,-4716192.824524045,1.3296149586480772,1.3296149586480732
valor_aprovado_real,real_jun_2026,gradient_boosting,aprendizagem,2022-06,1,2022-06-01,363743552.1431217,359156904.2036096,4586647.939512134,1.2609564932459425,-1.260956493245946
valor_aprovado_real,real_jun_2026,gradient_boosting,aprendizagem,2022-06,2,2022-07-01,368638493.582824,363135107.1321555,5503386.450668514,1.492895220241572,-1.4928952202415746
valor_aprovado_real,real_jun_2026,gradient_boosting,aprendizagem,2022-06,3,2022-08-01,387421803.680154,360997785.17413795,26424018.506016076,6.82047790160801,-6.8204779016080135
valor_aprovado_real,real_jun_2026,gradient_boosting,aprendizagem,2022-06,4,2022-09-01,374573280.9595117,352930041.9713177,21643238.98819399,5.77810540376836,-5.778105403768363
valor_aprovado_real,real_jun_2026,gradient_boosting,aprendizagem,2022-06,5,2022-10-01,373101374.5192903,360997785.17413795,12103589.345152378,3.244048446818732,-3.244048446818737
valor_aprovado_real,real_jun_2026,gradient_boosting,aprendizagem,2022-06,6,2022-11-01,371409370.2333421,358191242.04010814,13218128.193233967,3.558910801019783,-3.558910801019788
valor_aprovado_real,real_jun_2026,gradient_boosting,aprendizagem,2022-06,7,2022-12-01,384096741.9936161,361305161.1014372,22791580.892178893,5.933812605095646,-5.933812605095645
valor_aprovado_real,real_jun_2026,gradient_boosting,aprendizagem,2022-06,8,2023-01-01,374259433.1719504,370200229.9652644,4059203.20668602,1.0845960974939683,-1.0845960974939728
valor_aprovado_real,real_jun_2026,gradient_boosting,aprendizagem,2022-06,9,2023-02-01,343845742.32525706,347937796.2326976,-4092053.907440543,1.1900842161860217,1.190084216186027
valor_aprovado_real,real_jun_2026,gradient_boosting,aprendizagem,2022-06,10,2023-03-01,385752047.0654128,376034060.10461575,9717986.960797071,2.519231468692419,-2.5192314686924178
valor_aprovado_real,real_jun_2026,gradient_boosting,aprendizagem,2022-06,11,2023-04-01,354703652.6513935,360143864.27180576,-5440211.62041229,1.5337343102465844,1.5337343102465928
valor_aprovado_real,real_jun_2026,gradient_boosting,aprendizagem,2022-06,12,2023-05-01,383837561.6060568,363556686.1031303,20280875.50292653,5.283713094171163,-5.28371309417116
valor_aprovado_real,real_jun_2026,gradient_boosting,aprendizagem,2022-07,1,2022-07-01,368638493.582824,361602065.0771517,7036428.505672276,1.9087611923770418,-1.9087611923770398
valor_aprovado_real,real_jun_2026,gradient_boosting,aprendizagem,2022-07,2,2022-08-01,387421803.680154,357744980.2203201,29676823.45983392,7.660080867398568,-7.660080867398566
valor_aprovado_real,real_jun_2026,gradient_boosting,aprendizagem,2022-07,3,2022-09-01,374573280.9595117,349356519.9001963,25216761.059315383,6.732130224216689,-6.732130224216693
valor_aprovado_real,real_jun_2026,gradient_boosting,aprendizagem,2022-07,4,2022-10-01,373101374.5192903,357157250.10488814,15944124.414402187,4.27340275412945,-4.273402754129451
valor_aprovado_real,real_jun_2026,gradient_boosting,aprendizagem,2022-07,5,2022-11-01,371409370.2333421,353781971.87821907,17627398.355123043,4.746083369961408,-4.746083369961407
valor_aprovado_real,real_jun_2026,gradient_boosting,aprendizagem,2022-07,6,2022-12-01,384096741.9936161,358730787.289511,25365954.70410508,6.604053596613604,-6.604053596613602
valor_aprovado_real,real_jun_2026,gradient_boosting,aprendizagem,2022-07,7,2023-01-01,374259433.1719504,369599329.83052814,4660103.34142226,1.2451532088120312,-1.2451532088120332
valor_aprovado_real,real_jun_2026,gradient_boosting,aprendizagem,2022-07,8,2023-02-01,343845742.32525706,348454975.44524854,-4609233.119991481,1.3404944580152538,1.3404944580152511
valor_aprovado_real,real_jun_2026,gradient_boosting,aprendizagem,2022-07,9,2023-03-01,385752047.0654128,376363449.8344823,9388597.230930507,2.433842490883389,-2.4338424908833867
valor_aprovado_real,real_jun_2026,gradient_boosting,aprendizagem,2022-07,10,2023-04-01,354703652.6513935,361435885.107375,-6732232.455981553,1.8979879134760598,1.8979879134760624
valor_aprovado_real,real_jun_2026,gradient_boosting,aprendizagem,2022-07,11,2023-05-01,383837561.6060568,364671274.98144937,19166286.624607444,4.993332738049836,-4.993332738049839
valor_aprovado_real,real_jun_2026,gradient_boosting,aprendizagem,2022-07,12,2023-06-01,370095657.3152356,361701096.26387453,8394561.051361084,2.268213875368677,-2.2682138753686742
valor_aprovado_real,real_jun_2026,gradient_boosting,aprendizagem,2022-08,1,2022-08-01,387421803.680154,361261507.56138736,26160296.118766665,6.752406774804023,-6.752406774804021
valor_aprovado_real,real_jun_2026,gradient_boosting,aprendizagem,2022-08,2,2022-09-01,374573280.9595117,353284621.85744643,21288659.102065265,5.683443049523437,-5.68344304952344
valor_aprovado_real,real_jun_2026,gradient_boosting,aprendizagem,2022-08,3,2022-10-01,373101374.5192903,361261507.56138736,11839866.957902968,3.1733646045012933,-3.173364604501294
valor_aprovado_real,real_jun_2026,gradient_boosting,aprendizagem,2022-08,4,2022-11-01,371409370.2333421,357564296.78600943,13845073.44733268,3.727712480337897,-3.727712480337897
valor_aprovado_real,real_jun_2026,gradient_boosting,aprendizagem,2022-08,5,2022-12-01,384096741.9936161,360990618.52505714,23106123.468558967,6.0157041032498535,-6.015704103249853
valor_aprovado_real,real_jun_2026,gradient_boosting,aprendizagem,2022-08,6,2023-01-01,374259433.1719504,369763410.5125896,4496022.659360826,1.2013117802417996,-1.2013117802417983
valor_aprovado_real,real_jun_2026,gradient_boosting,aprendizagem,2022-08,7,2023-02-01,343845742.32525706,349416645.9314325,-5570903.606175423,1.6201752473368387,1.6201752473368414
valor_aprovado_real,real_jun_2026,gradient_boosting,aprendizagem,2022-08,8,2023-03-01,385752047.0654128,376877348.13650364,8874698.928909183,2.3006226399634064,-2.300622639963401
valor_aprovado_real,real_jun_2026,gradient_boosting,aprendizagem,2022-08,9,2023-04-01,354703652.6513935,362278170.3370338,-7574517.685640335,2.1354495870062697,2.135449587006266
valor_aprovado_real,real_jun_2026,gradient_boosting,aprendizagem,2022-08,10,2023-05-01,383837561.6060568,365991907.155506,17845654.450550795,4.649272566207651,-4.649272566207651
valor_aprovado_real,real_jun_2026,gradient_boosting,aprendizagem,2022-08,11,2023-06-01,370095657.3152356,362293970.3350618,7801686.980173826,2.1080190556055616,-2.108019055605559
valor_aprovado_real,real_jun_2026,gradient_boosting,aprendizagem,2022-08,12,2023-07-01,393992620.0391848,365729743.1521585,28262876.88702631,7.173453371846255,-7.173453371846261
valor_aprovado_real,real_jun_2026,gradient_boosting,aprendizagem,2022-09,1,2022-09-01,374573280.9595117,371340526.1391345,3232754.820377171,0.8630500317844628,-0.8630500317844625
valor_aprovado_real,real_jun_2026,gradient_boosting,aprendizagem,2022-09,2,2022-10-01,373101374.5192903,379793589.4705982,-6692214.951307893,1.7936720174055236,1.7936720174055232
valor_aprovado_real,real_jun_2026,gradient_boosting,aprendizagem,2022-09,3,2022-11-01,371409370.2333421,375783965.0612705,-4374594.827928364,1.1778364194688937,1.1778364194688917
valor_aprovado_real,real_jun_2026,gradient_boosting,aprendizagem,2022-09,4,2022-12-01,384096741.9936161,378074343.6570937,6022398.3365224,1.5679378859773032,-1.5679378859772997
valor_aprovado_real,real_jun_2026,gradient_boosting,aprendizagem,2022-09,5,2023-01-01,374259433.1719504,383812490.2432915,-9553057.071341097,2.552522722106519,2.5525227221065094
valor_aprovado_real,real_jun_2026,gradient_boosting,aprendizagem,2022-09,6,2023-02-01,343845742.32525706,362420799.2827884,-18575056.957531333,5.4021483098547325,5.402148309854726
valor_aprovado_real,real_jun_2026,gradient_boosting,aprendizagem,2022-09,7,2023-03-01,385752047.0654128,387777101.81497973,-2025054.7495669127,0.5249628005793887,0.5249628005793872
valor_aprovado_real,real_jun_2026,gradient_boosting,aprendizagem,2022-09,8,2023-04-01,354703652.6513935,373874878.33734447,-19171225.685950994,5.404857137119103,5.404857137119112
valor_aprovado_real,real_jun_2026,gradient_boosting,aprendizagem,2022-09,9,2023-05-01,383837561.6060568,378474068.5054053,5363493.100651503,1.3973340905484921,-1.3973340905484966
valor_aprovado_real,real_jun_2026,gradient_boosting,aprendizagem,2022-09,10,2023-06-01,370095657.3152356,374963019.9549676,-4867362.639732003,1.3151634026297532,1.3151634026297598
valor_aprovado_real,real_jun_2026,gradient_boosting,aprendizagem,2022-09,11,2023-07-01,393992620.0391848,378474068.5054053,15518551.533779502,3.938792440385328,-3.9387924403853303
valor_aprovado_real,real_jun_2026,gradient_boosting,aprendizagem,2022-09,12,2023-08-01,409567640.7760836,380496225.4838528,29071415.292230785,7.0980742612242995,-7.098074261224296
valor_aprovado_real,real_jun_2026,gradient_boosting,aprendizagem,2022-10,1,2022-10-01,373101374.5192903,376078076.3158522,-2976701.796561897,0.7978265425575358,0.7978265425575337
valor_aprovado_real,real_jun_2026,gradient_boosting,aprendizagem,2022-10,2,2022-11-01,371409370.2333421,372063630.6155605,-654260.3822183609,0.17615613246572495,0.17615613246573236
valor_aprovado_real,real_jun_2026,gradient_boosting,aprendizagem,2022-10,3,2022-12-01,384096741.9936161,373827020.33731085,10269721.656305254,2.6737330816713727,-2.67373308167137
valor_aprovado_real,real_jun_2026,gradient_boosting,aprendizagem,2022-10,4,2023-01-01,374259433.1719504,380223540.4185408,-5964107.246590376,1.593575663823072,1.593575663823077
valor_aprovado_real,real_jun_2026,gradient_boosting,aprendizagem,2022-10,5,2023-02-01,343845742.32525706,358197171.95119333,-14351429.62593627,4.173798846216538,4.1737988462165365
valor_aprovado_real,real_jun_2026,gradient_boosting,aprendizagem,2022-10,6,2023-03-01,385752047.0654128,383172915.62332875,2579131.442084074,0.6685982515723954,-0.6685982515723943
valor_aprovado_real,real_jun_2026,gradient_boosting,aprendizagem,2022-10,7,2023-04-01,354703652.6513935,371671340.2813611,-16967687.62996763,4.78362359765256,4.783623597652564
valor_aprovado_real,real_jun_2026,gradient_boosting,aprendizagem,2022-10,8,2023-05-01,383837561.6060568,376244241.0505882,7593320.555468619,1.9782640666266675,-1.978264066626667
valor_aprovado_real,real_jun_2026,gradient_boosting,aprendizagem,2022-10,9,2023-06-01,370095657.3152356,372859853.638512,-2764196.3232764006,0.7468869922248093,0.7468869922248045
valor_aprovado_real,real_jun_2026,gradient_boosting,aprendizagem,2022-10,10,2023-07-01,393992620.0391848,376244241.0505882,17748378.98859662,4.504749095765154,-4.50474909576516
valor_aprovado_real,real_jun_2026,gradient_boosting,aprendizagem,2022-10,11,2023-08-01,409567640.7760836,379255514.9520095,30312125.82407409,7.4010060381323335,-7.40100603813233
valor_aprovado_real,real_jun_2026,gradient_boosting,aprendizagem,2022-10,12,2023-09-01,414783083.95888,372105577.5831452,42677506.375734806,10.289114485673116,-10.289114485673112
valor_aprovado_real,real_jun_2026,gradient_boosting,aprendizagem,2022-11,1,2022-11-01,371409370.2333421,370100048.728682,1309321.5046601295,0.3525278599830515,-0.3525278599830539
valor_aprovado_real,real_jun_2026,gradient_boosting,aprendizagem,2022-11,2,2022-12-01,384096741.9936161,371804336.9805488,12292405.013067305,3.200340869663407,-3.2003408696634095
valor_aprovado_real,real_jun_2026,gradient_boosting,aprendizagem,2022-11,3,2023-01-01,374259433.1719504,379464964.4824718,-5205531.310521424,1.390888471775616,1.3908884717756198
valor_aprovado_real,real_jun_2026,gradient_boosting,aprendizagem,2022-11,4,2023-02-01,343845742.32525706,356639691.4631162,-12793949.137859166,3.720839772899346,3.7208397728993425
valor_aprovado_real,real_jun_2026,gradient_boosting,aprendizagem,2022-11,5,2023-03-01,385752047.0654128,380358688.51387197,5393358.551540852,1.3981412652429264,-1.3981412652429248
valor_aprovado_real,real_jun_2026,gradient_boosting,aprendizagem,2022-11,6,2023-04-01,354703652.6513935,368157498.17363167,-13453845.522238195,3.7929819503327127,3.792981950332708
valor_aprovado_real,real_jun_2026,gradient_boosting,aprendizagem,2022-11,7,2023-05-01,383837561.6060568,371601081.7546126,12236479.851444185,3.187931842898383,-3.187931842898384
valor_aprovado_real,real_jun_2026,gradient_boosting,aprendizagem,2022-11,8,2023-06-01,370095657.3152356,368266733.9869502,1828923.328285396,0.4941758413359544,-0.49417584133595316
valor_aprovado_real,real_jun_2026,gradient_boosting,aprendizagem,2022-11,9,2023-07-01,393992620.0391848,371601081.7546126,22391538.284572184,5.683237996271407,-5.683237996271407
valor_aprovado_real,real_jun_2026,gradient_boosting,aprendizagem,2022-11,10,2023-08-01,409567640.7760836,376706981.72116303,32860659.054920554,8.02325569291885,-8.023255692918852
valor_aprovado_real,real_jun_2026,gradient_boosting,aprendizagem,2022-11,11,2023-09-01,414783083.95888,372316112.6414805,42466971.3173995,10.238356615721946,-10.238356615721944
valor_aprovado_real,real_jun_2026,gradient_boosting,aprendizagem,2022-11,12,2023-10-01,415687803.60620886,374724799.73067063,40963003.87553823,9.854271287291237,-9.854271287291239
valor_aprovado_real,real_jun_2026,gradient_boosting,aprendizagem,2022-12,1,2022-12-01,384096741.9936161,369704007.71345276,14392734.280163348,3.7471638539445262,-3.747163853944524
valor_aprovado_real,real_jun_2026,gradient_boosting,aprendizagem,2022-12,2,2023-01-01,374259433.1719504,375383992.18267673,-1124559.0107263327,0.30047579594598045,0.30047579594598695
valor_aprovado_real,real_jun_2026,gradient_boosting,aprendizagem,2022-12,3,2023-02-01,343845742.32525706,353782410.8874696,-9936668.562212527,2.8898623246039925,2.889862324603998
valor_aprovado_real,real_jun_2026,gradient_boosting,aprendizagem,2022-12,4,2023-03-01,385752047.0654128,377249921.91067696,8502125.154735863,2.2040388947810663,-2.2040388947810685
valor_aprovado_real,real_jun_2026,gradient_boosting,aprendizagem,2022-12,5,2023-04-01,354703652.6513935,366597672.66513026,-11894020.013736784,3.3532273842768556,3.353227384276858
valor_aprovado_real,real_jun_2026,gradient_boosting,aprendizagem,2022-12,6,2023-05-01,383837561.6060568,369822381.52848184,14015180.077574968,3.651331052368225,-3.651331052368223
valor_aprovado_real,real_jun_2026,gradient_boosting,aprendizagem,2022-12,7,2023-06-01,370095657.3152356,366507590.78922826,3588066.5260073543,0.9694970624719204,-0.9694970624719246
valor_aprovado_real,real_jun_2026,gradient_boosting,aprendizagem,2022-12,8,2023-07-01,393992620.0391848,369822381.52848184,24170238.510702968,6.134693210319295,-6.1346932103192975
valor_aprovado_real,real_jun_2026,gradient_boosting,aprendizagem,2022-12,9,2023-08-01,409567640.7760836,376512940.3933817,33054700.382701874,8.070632806846511,-8.070632806846511
valor_aprovado_real,real_jun_2026,gradient_boosting,aprendizagem,2022-12,10,2023-09-01,414783083.95888,372305381.86017495,42477702.09870505,10.240943698397336,-10.24094369839733
valor_aprovado_real,real_jun_2026,gradient_boosting,aprendizagem,2022-12,11,2023-10-01,415687803.60620886,374993043.4962853,40694760.10992354,9.789741184823088,-9.789741184823086
valor_aprovado_real,real_jun_2026,gradient_boosting,aprendizagem,2022-12,12,2023-11-01,414908900.7723528,368200597.7695676,46708303.002785206,11.257483971984623,-11.257483971984627
valor_aprovado_real,real_jun_2026,gradient_boosting,aprendizagem,2023-01,1,2023-01-01,374259433.1719504,380259270.58714265,-5999837.415192246,1.60312256242735,1.6031225624273393
valor_aprovado_real,real_jun_2026,gradient_boosting,aprendizagem,2023-01,2,2023-02-01,343845742.32525706,357973595.51903516,-14127853.193778098,4.10877653980488,4.1087765398048814
valor_aprovado_real,real_jun_2026,gradient_boosting,aprendizagem,2023-01,3,2023-03-01,385752047.0654128,381204219.2521204,4547827.813292444,1.1789510510416705,-1.1789510510416656
valor_aprovado_real,real_jun_2026,gradient_boosting,aprendizagem,2023-01,4,2023-04-01,354703652.6513935,370363641.316053,-15659988.6646595,4.4149499300618436,4.41494993006184
valor_aprovado_real,real_jun_2026,gradient_boosting,aprendizagem,2023-01,5,2023-05-01,383837561.6060568,373809268.5861844,10028293.019872427,2.61263983074297,-2.612639830742969
valor_aprovado_real,real_jun_2026,gradient_boosting,aprendizagem,2023-01,6,2023-06-01,370095657.3152356,370372243.92006826,-276586.60483264923,0.07473381526253944,0.07473381526252876
valor_aprovado_real,real_jun_2026,gradient_boosting,aprendizagem,2023-01,7,2023-07-01,393992620.0391848,373521327.6067174,20471292.4324674,5.1958568235190326,-5.19585682351903
valor_aprovado_real,real_jun_2026,gradient_boosting,aprendizagem,2023-01,8,2023-08-01,409567640.7760836,377988830.6597025,31578810.11638111,7.710279566164674,-7.7102795661646795
valor_aprovado_real,real_jun_2026,gradient_boosting,aprendizagem,2023-01,9,2023-09-01,414783083.95888,372911609.7607718,41871474.198108196,10.094788292344914,-10.094788292344914
valor_aprovado_real,real_jun_2026,gradient_boosting,aprendizagem,2023-01,10,2023-10-01,415687803.60620886,375930383.59780115,39757420.00840771,9.564249820057476,-9.56424982005748
valor_aprovado_real,real_jun_2026,gradient_boosting,aprendizagem,2023-01,11,2023-11-01,414908900.7723528,371553039.10915595,43355861.66319686,10.449489413818295,-10.449489413818291
valor_aprovado_real,real_jun_2026,gradient_boosting,aprendizagem,2023-01,12,2023-12-01,423652032.5119792,379078660.9023478,44573371.60963142,10.521222179754574,-10.521222179754574
valor_aprovado_real,real_jun_2026,gradient_boosting,aprendizagem,2023-02,1,2023-02-01,343845742.32525706,355983547.57868654,-12137805.253429472,3.5300147011702276,3.5300147011702254
valor_aprovado_real,real_jun_2026,gradient_boosting,aprendizagem,2023-02,2,2023-03-01,385752047.0654128,378983840.69768226,6768206.367730558,1.7545483994755984,-1.7545483994755973
valor_aprovado_real,real_jun_2026,gradient_boosting,aprendizagem,2023-02,3,2023-04-01,354703652.6513935,367677165.328548,-12973512.677154541,3.657563879079939,3.657563879079939
valor_aprovado_real,real_jun_2026,gradient_boosting,aprendizagem,2023-02,4,2023-05-01,383837561.6060568,372250141.46437156,11587420.141685247,3.018834345758412,-3.0188343457584144
valor_aprovado_real,real_jun_2026,gradient_boosting,aprendizagem,2023-02,5,2023-06-01,370095657.3152356,368665503.2339292,1430154.081306398,0.3864282255244726,-0.3864282255244711
valor_aprovado_real,real_jun_2026,gradient_boosting,aprendizagem,2023-02,6,2023-07-01,393992620.0391848,372250141.46437156,21742478.574813247,5.518498943622556,-5.518498943622552
valor_aprovado_real,real_jun_2026,gradient_boosting,aprendizagem,2023-02,7,2023-08-01,409567640.7760836,376160142.6190443,33407498.157039285,8.156771881131995,-8.156771881131997
valor_aprovado_real,real_jun_2026,gradient_boosting,aprendizagem,2023-02,8,2023-09-01,414783083.95888,372595604.84524655,42187479.113633454,10.170973876508366,-10.170973876508372
valor_aprovado_real,real_jun_2026,gradient_boosting,aprendizagem,2023-02,9,2023-10-01,415687803.60620886,374659321.7838507,41028481.82235813,9.870022999574317,-9.870022999574314
valor_aprovado_real,real_jun_2026,gradient_boosting,aprendizagem,2023-02,10,2023-11-01,414908900.7723528,370167126.28029734,44741774.492055476,10.78351763694842,-10.783517636948414
valor_aprovado_real,real_jun_2026,gradient_boosting,aprendizagem,2023-02,11,2023-12-01,423652032.5119792,379000661.54606456,44651370.96591467,10.539633364004244,-10.539633364004242
valor_aprovado_real,real_jun_2026,gradient_boosting,aprendizagem,2023-02,12,2024-01-01,422852714.1768064,374966328.6738843,47886385.50292212,11.324601663287302,-11.324601663287304
valor_aprovado_real,real_jun_2026,gradient_boosting,aprendizagem,2023-03,1,2023-03-01,385752047.0654128,371406632.27835685,14345414.78705597,3.7188175399684624,-3.7188175399684664
valor_aprovado_real,real_jun_2026,gradient_boosting,aprendizagem,2023-03,2,2023-04-01,354703652.6513935,358970977.35768676,-4267324.706293285,1.2030675958353485,1.2030675958353498
valor_aprovado_real,real_jun_2026,gradient_boosting,aprendizagem,2023-03,3,2023-05-01,383837561.6060568,365671918.5647176,18165643.04133922,4.732638193440569,-4.732638193440564
valor_aprovado_real,real_jun_2026,gradient_boosting,aprendizagem,2023-03,4,2023-06-01,370095657.3152356,361704247.15320224,8391410.16203338,2.267362503766383,-2.267362503766379
valor_aprovado_real,real_jun_2026,gradient_boosting,aprendizagem,2023-03,5,2023-07-01,393992620.0391848,365671918.5647176,28320701.474467218,7.188129937979691,-7.188129937979692
valor_aprovado_real,real_jun_2026,gradient_boosting,aprendizagem,2023-03,6,2023-08-01,409567640.7760836,369761981.99168795,39805658.784395635,9.7189462304611,-9.7189462304611
valor_aprovado_real,real_jun_2026,gradient_boosting,aprendizagem,2023-03,7,2023-09-01,414783083.95888,367082238.34446377,47700845.61441624,11.500190692237853,-11.500190692237855
valor_aprovado_real,real_jun_2026,gradient_boosting,aprendizagem,2023-03,8,2023-10-01,415687803.60620886,369617210.45008725,46070593.15612161,11.082979283117337,-11.082979283117334
valor_aprovado_real,real_jun_2026,gradient_boosting,aprendizagem,2023-03,9,2023-11-01,414908900.7723528,364881447.18483543,50027453.58751738,12.057454900194065,-12.057454900194065
valor_aprovado_real,real_jun_2026,gradient_boosting,aprendizagem,2023-03,10,2023-12-01,423652032.5119792,373436050.65049577,50215981.861483455,11.853119543351546,-11.853119543351543
valor_aprovado_real,real_jun_2026,gradient_boosting,aprendizagem,2023-03,11,2024-01-01,422852714.1768064,368008142.47418,54844571.70262641,12.970135904033567,-12.970135904033564
valor_aprovado_real,real_jun_2026,gradient_boosting,aprendizagem,2023-03,12,2024-02-01,397566184.64715,346774394.05103374,50791790.596116245,12.775681775147763,-12.775681775147763
valor_aprovado_real,real_jun_2026,gradient_boosting,aprendizagem,2023-04,1,2023-04-01,354703652.6513935,365862256.7025593,-11158604.05116582,3.145894880911366,3.1458948809113707
valor_aprovado_real,real_jun_2026,gradient_boosting,aprendizagem,2023-04,2,2023-05-01,383837561.6060568,371621455.27601296,12216106.330043852,3.182623993058184,-3.1826239930581868
valor_aprovado_real,real_jun_2026,gradient_boosting,aprendizagem,2023-04,3,2023-06-01,370095657.3152356,368112525.05007637,1983132.2651592493,0.535843159994196,-0.5358431599941982
valor_aprovado_real,real_jun_2026,gradient_boosting,aprendizagem,2023-04,4,2023-07-01,393992620.0391848,371621455.27601296,22371164.76317185,5.678066954895478,-5.678066954895478
valor_aprovado_real,real_jun_2026,gradient_boosting,aprendizagem,2023-04,5,2023-08-01,409567640.7760836,375386287.87000865,34181352.90607494,8.345716190201259,-8.345716190201259
valor_aprovado_real,real_jun_2026,gradient_boosting,aprendizagem,2023-04,6,2023-09-01,414783083.95888,372816641.6691219,41966442.289758086,10.117684137263051,-10.11768413726305
valor_aprovado_real,real_jun_2026,gradient_boosting,aprendizagem,2023-04,7,2023-10-01,415687803.60620886,375226005.68701273,40461797.91919613,9.733698599809431,-9.733698599809426
valor_aprovado_real,real_jun_2026,gradient_boosting,aprendizagem,2023-04,8,2023-11-01,414908900.7723528,370836149.56502193,44072751.20733088,10.622271810821477,-10.62227181082147
valor_aprovado_real,real_jun_2026,gradient_boosting,aprendizagem,2023-04,9,2023-12-01,423652032.5119792,378927359.74272704,44724672.76925218,10.556935724836288,-10.556935724836292
valor_aprovado_real,real_jun_2026,gradient_boosting,aprendizagem,2023-04,10,2024-01-01,422852714.1768064,371613642.5625476,51239071.614258766,12.117474925993806,-12.11747492599381
valor_aprovado_real,real_jun_2026,gradient_boosting,aprendizagem,2023-04,11,2024-02-01,397566184.64715,350258293.93683326,47307890.71031672,11.899374880764485,-11.89937488076449
valor_aprovado_real,real_jun_2026,gradient_boosting,aprendizagem,2023-04,12,2024-03-01,412314480.556508,380410186.04112315,31904294.515384853,7.737854482414266,-7.737854482414264
valor_aprovado_real,real_jun_2026,gradient_boosting,aprendizagem,2023-05,1,2023-05-01,383837561.6060568,365868061.56642425,17969500.03963256,4.681537670374,-4.681537670374003
valor_aprovado_real,real_jun_2026,gradient_boosting,aprendizagem,2023-05,2,2023-06-01,370095657.3152356,362101728.42069995,7993928.894535661,2.1599629005445715,-2.1599629005445764
valor_aprovado_real,real_jun_2026,gradient_boosting,aprendizagem,2023-05,3,2023-07-01,393992620.0391848,365868061.56642425,28124558.472760558,7.13834651775036,-7.13834651775036
valor_aprovado_real,real_jun_2026,gradient_boosting,aprendizagem,2023-05,4,2023-08-01,409567640.7760836,371341796.75983506,38225844.016248524,9.333218792337926,-9.333218792337927
valor_aprovado_real,real_jun_2026,gradient_boosting,aprendizagem,2023-05,5,2023-09-01,414783083.95888,369547372.33290166,45235711.62597835,10.905871858183794,-10.90587185818379
valor_aprovado_real,real_jun_2026,gradient_boosting,aprendizagem,2023-05,6,2023-10-01,415687803.60620886,371341796.75983506,44346006.8463738,10.668103913961316,-10.668103913961314
valor_aprovado_real,real_jun_2026,gradient_boosting,aprendizagem,2023-05,7,2023-11-01,414908900.7723528,366550826.46198213,48358074.31037068,11.655106511417841,-11.655106511417845
valor_aprovado_real,real_jun_2026,gradient_boosting,aprendizagem,2023-05,8,2023-12-01,423652032.5119792,375526749.1056734,48125283.40630585,11.359625285155467,-11.359625285155461
valor_aprovado_real,real_jun_2026,gradient_boosting,aprendizagem,2023-05,9,2024-01-01,422852714.1768064,368587468.3069478,54265245.86985856,12.833131738435233,-12.833131738435233
valor_aprovado_real,real_jun_2026,gradient_boosting,aprendizagem,2023-05,10,2024-02-01,397566184.64715,347921249.88594806,49644934.76120192,12.487212614740626,-12.487212614740628
valor_aprovado_real,real_jun_2026,gradient_boosting,aprendizagem,2023-05,11,2024-03-01,412314480.556508,374979014.1337485,37335466.42275953,9.055094638531056,-9.055094638531058
valor_aprovado_real,real_jun_2026,gradient_boosting,aprendizagem,2023-05,12,2024-04-01,414900864.9981269,358852397.6378492,56048467.36027771,13.50888178083956,-13.508881780839566
valor_aprovado_real,real_jun_2026,gradient_boosting,aprendizagem,2023-06,1,2023-06-01,370095657.3152356,372370131.8725984,-2274474.557362795,0.6145639681001365,0.6145639681001347
valor_aprovado_real,real_jun_2026,gradient_boosting,aprendizagem,2023-06,2,2023-07-01,393992620.0391848,376476115.0209543,17516505.018230498,4.445896731895227,-4.4458967318952265
valor_aprovado_real,real_jun_2026,gradient_boosting,aprendizagem,2023-06,3,2023-08-01,409567640.7760836,377728560.54112476,31839080.234958827,7.773827095965744,-7.773827095965746
valor_aprovado_real,real_jun_2026,gradient_boosting,aprendizagem,2023-06,4,2023-09-01,414783083.95888,375547506.36231256,39235577.59656745,9.459300322010508,-9.459300322010511
valor_aprovado_real,real_jun_2026,gradient_boosting,aprendizagem,2023-06,5,2023-10-01,415687803.60620886,377572245.7257054,38115557.880503476,9.16927500634858,-9.169275006348576
valor_aprovado_real,real_jun_2026,gradient_boosting,aprendizagem,2023-06,6,2023-11-01,414908900.7723528,373385046.1677133,41523854.60463953,10.007945003672585,-10.00794500367258
valor_aprovado_real,real_jun_2026,gradient_boosting,aprendizagem,2023-06,7,2023-12-01,423652032.5119792,381287268.3217513,42364764.190227926,9.999896362831686,-9.999896362831684
valor_aprovado_real,real_jun_2026,gradient_boosting,aprendizagem,2023-06,8,2024-01-01,422852714.1768064,377566338.12164056,45286376.05516583,10.709728124443432,-10.70972812444343
valor_aprovado_real,real_jun_2026,gradient_boosting,aprendizagem,2023-06,9,2024-02-01,397566184.64715,353117588.1704361,44448596.476713896,11.180175325062706,-11.180175325062702
valor_aprovado_real,real_jun_2026,gradient_boosting,aprendizagem,2023-06,10,2024-03-01,412314480.556508,381190245.0787164,31124235.477791607,7.548664173953504,-7.548664173953501
valor_aprovado_real,real_jun_2026,gradient_boosting,aprendizagem,2023-06,11,2024-04-01,414900864.9981269,364697561.88865995,50203303.10946697,12.100071931566982,-12.10007193156698
valor_aprovado_real,real_jun_2026,gradient_boosting,aprendizagem,2023-06,12,2024-05-01,428186217.42614233,376476115.0209543,51710102.405188024,12.07654527416158,-12.076545274161576
valor_aprovado_real,real_jun_2026,gradient_boosting,aprendizagem,2023-07,1,2023-07-01,393992620.0391848,374618621.63310313,19373998.406081676,4.917350584930962,-4.917350584930958
valor_aprovado_real,real_jun_2026,gradient_boosting,aprendizagem,2023-07,2,2023-08-01,409567640.7760836,376702722.277759,32864918.498324573,8.024295678254594,-8.024295678254589
valor_aprovado_real,real_jun_2026,gradient_boosting,aprendizagem,2023-07,3,2023-09-01,414783083.95888,374976907.49392027,39806176.46495974,9.596865929302451,-9.596865929302457
valor_aprovado_real,real_jun_2026,gradient_boosting,aprendizagem,2023-07,4,2023-10-01,415687803.60620886,376623562.6737671,39064240.93244177,9.397495089716001,-9.397495089716001
valor_aprovado_real,real_jun_2026,gradient_boosting,aprendizagem,2023-07,5,2023-11-01,414908900.7723528,372174612.3383874,42734288.433965385,10.299679846447141,-10.299679846447141
valor_aprovado_real,real_jun_2026,gradient_boosting,aprendizagem,2023-07,6,2023-12-01,423652032.5119792,380675115.61128014,42976916.90069908,10.144390585328741,-10.144390585328743
valor_aprovado_real,real_jun_2026,gradient_boosting,aprendizagem,2023-07,7,2024-01-01,422852714.1768064,376041155.15387785,46811559.022928536,11.07041706331707,-11.070417063317073
valor_aprovado_real,real_jun_2026,gradient_boosting,aprendizagem,2023-07,8,2024-02-01,397566184.64715,352863644.99139166,44702539.65575832,11.244049766313237,-11.244049766313235
valor_aprovado_real,real_jun_2026,gradient_boosting,aprendizagem,2023-07,9,2024-03-01,412314480.556508,380646785.798055,31667694.75845301,7.680471157770295,-7.680471157770297
valor_aprovado_real,real_jun_2026,gradient_boosting,aprendizagem,2023-07,10,2024-04-01,414900864.9981269,363502282.72872096,51398582.26940596,12.388159824549414,-12.388159824549415
valor_aprovado_real,real_jun_2026,gradient_boosting,aprendizagem,2023-07,11,2024-05-01,428186217.42614233,374618621.63310313,53567595.7930392,12.51035031324404,-12.510350313244045
valor_aprovado_real,real_jun_2026,gradient_boosting,aprendizagem,2023-07,12,2024-06-01,397949486.3841517,369158909.8765185,28790576.50763321,7.234731415092434,-7.2347314150924324
valor_aprovado_real,real_jun_2026,gradient_boosting,aprendizagem,2023-08,1,2023-08-01,409567640.7760836,387599360.54360354,21968280.23248005,5.36377341502192,-5.363773415021922
valor_aprovado_real,real_jun_2026,gradient_boosting,aprendizagem,2023-08,2,2023-09-01,414783083.95888,385489922.70175683,29293161.257123172,7.062284454210572,-7.062284454210577
valor_aprovado_real,real_jun_2026,gradient_boosting,aprendizagem,2023-08,3,2023-10-01,415687803.60620886,387599360.54360354,28088443.06260532,6.757100597835722,-6.757100597835719
valor_aprovado_real,real_jun_2026,gradient_boosting,aprendizagem,2023-08,4,2023-11-01,414908900.7723528,383586846.2777019,31322054.4946509,7.549140169407044,-7.549140169407043
valor_aprovado_real,real_jun_2026,gradient_boosting,aprendizagem,2023-08,5,2023-12-01,423652032.5119792,390553389.8798101,33098642.632169127,7.812695347149839,-7.812695347149845
valor_aprovado_real,real_jun_2026,gradient_boosting,aprendizagem,2023-08,6,2024-01-01,422852714.1768064,387085148.28280586,35767565.89400053,8.458634577675934,-8.458634577675939
valor_aprovado_real,real_jun_2026,gradient_boosting,aprendizagem,2023-08,7,2024-02-01,397566184.64715,363194906.15333164,34371278.49381834,8.6454230317208,-8.6454230317208
valor_aprovado_real,real_jun_2026,gradient_boosting,aprendizagem,2023-08,8,2024-03-01,412314480.556508,390626488.1333152,21687992.4231928,5.260060814240659,-5.2600608142406635
valor_aprovado_real,real_jun_2026,gradient_boosting,aprendizagem,2023-08,9,2024-04-01,414900864.9981269,375286530.20830816,39614334.789818764,9.547903639583302,-9.5479036395833
valor_aprovado_real,real_jun_2026,gradient_boosting,aprendizagem,2023-08,10,2024-05-01,428186217.42614233,386143256.1536857,42042961.272456646,9.818849734393568,-9.818849734393565
valor_aprovado_real,real_jun_2026,gradient_boosting,aprendizagem,2023-08,11,2024-06-01,397949486.3841517,378251601.72998875,19697884.654162943,4.949845477410173,-4.949845477410175
valor_aprovado_real,real_jun_2026,gradient_boosting,aprendizagem,2023-08,12,2024-07-01,428926715.2871956,386749657.1758077,42177058.11138791,9.833161845176162,-9.833161845176164
valor_aprovado_real,real_jun_2026,gradient_boosting,aprendizagem,2023-09,1,2023-09-01,414783083.95888,398820932.0031202,15962151.955759823,3.848313148021786,-3.848313148021787
valor_aprovado_real,real_jun_2026,gradient_boosting,aprendizagem,2023-09,2,2023-10-01,415687803.60620886,401730808.88849926,13956994.7177096,3.357566567175832,-3.3575665671758292
valor_aprovado_real,real_jun_2026,gradient_boosting,aprendizagem,2023-09,3,2023-11-01,414908900.7723528,396440103.7267002,18468797.045652628,4.451289671364718,-4.451289671364722
valor_aprovado_real,real_jun_2026,gradient_boosting,aprendizagem,2023-09,4,2023-12-01,423652032.5119792,402000236.4047926,21651796.107186615,5.110749965910853,-5.110749965910855
valor_aprovado_real,real_jun_2026,gradient_boosting,aprendizagem,2023-09,5,2024-01-01,422852714.1768064,397695995.89133954,25156718.28546685,5.949286227106522,-5.949286227106521
valor_aprovado_real,real_jun_2026,gradient_boosting,aprendizagem,2023-09,6,2024-02-01,397566184.64715,375310410.7718257,22255773.87532431,5.598004743556565,-5.598004743556562
valor_aprovado_real,real_jun_2026,gradient_boosting,aprendizagem,2023-09,7,2024-03-01,412314480.556508,401970211.8278109,10344268.728697121,2.5088298414198995,-2.5088298414199017
valor_aprovado_real,real_jun_2026,gradient_boosting,aprendizagem,2023-09,8,2024-04-01,414900864.9981269,386958439.7809289,27942425.217198014,6.734723297654287,-6.734723297654288
valor_aprovado_real,real_jun_2026,gradient_boosting,aprendizagem,2023-09,9,2024-05-01,428186217.42614233,395087912.44125116,33098304.984891176,7.729885652052845,-7.7298856520528485
valor_aprovado_real,real_jun_2026,gradient_boosting,aprendizagem,2023-09,10,2024-06-01,397949486.3841517,388403035.1054352,9546451.278716505,2.398910315341141,-2.3989103153411406
valor_aprovado_real,real_jun_2026,gradient_boosting,aprendizagem,2023-09,11,2024-07-01,428926715.2871956,395087912.44125116,33838802.845944464,7.88918051497144,-7.889180514971439
valor_aprovado_real,real_jun_2026,gradient_boosting,aprendizagem,2023-09,12,2024-08-01,429625420.7342852,401929783.09618926,27695637.638095915,6.446461568954766,-6.446461568954764
valor_aprovado_real,real_jun_2026,gradient_boosting,aprendizagem,2023-10,1,2023-10-01,415687803.60620886,408239835.57227427,7447968.033934593,1.791721568283065,-1.7917215682830667
valor_aprovado_real,real_jun_2026,gradient_boosting,aprendizagem,2023-10,2,2023-11-01,414908900.7723528,401970402.18248343,12938498.58986938,3.118395041847588,-3.118395041847588
valor_aprovado_real,real_jun_2026,gradient_boosting,aprendizagem,2023-10,3,2023-12-01,423652032.5119792,407629110.65667665,16022921.855302572,3.782094885818707,-3.78209488581871
valor_aprovado_real,real_jun_2026,gradient_boosting,aprendizagem,2023-10,4,2024-01-01,422852714.1768064,402552965.4963203,20299748.680486083,4.800666520493989,-4.800666520493991
valor_aprovado_real,real_jun_2026,gradient_boosting,aprendizagem,2023-10,5,2024-02-01,397566184.64715,376457285.05737907,21108899.589770913,5.309530942251941,-5.309530942251939
valor_aprovado_real,real_jun_2026,gradient_boosting,aprendizagem,2023-10,6,2024-03-01,412314480.556508,404538656.4962985,7775824.060209513,1.8858964278223624,-1.8858964278223644
valor_aprovado_real,real_jun_2026,gradient_boosting,aprendizagem,2023-10,7,2024-04-01,414900864.9981269,388823707.015361,26077157.982765913,6.285153920535605,-6.285153920535603
valor_aprovado_real,real_jun_2026,gradient_boosting,aprendizagem,2023-10,8,2024-05-01,428186217.42614233,398740437.56125635,29445779.864885986,6.876863071839784,-6.876863071839779
valor_aprovado_real,real_jun_2026,gradient_boosting,aprendizagem,2023-10,9,2024-06-01,397949486.3841517,391696785.0021356,6252701.382016122,1.5712299163467738,-1.5712299163467724
valor_aprovado_real,real_jun_2026,gradient_boosting,aprendizagem,2023-10,10,2024-07-01,428926715.2871956,398740437.56125635,30186277.725939274,7.037630590514164,-7.037630590514166
valor_aprovado_real,real_jun_2026,gradient_boosting,aprendizagem,2023-10,11,2024-08-01,429625420.7342852,407268821.29103774,22356599.443247437,5.203742228529478,-5.203742228529473
valor_aprovado_real,real_jun_2026,gradient_boosting,aprendizagem,2023-10,12,2024-09-01,400816433.4473056,407060248.8978241,-6243815.450518489,1.5577743149943348,1.5577743149943313
valor_aprovado_real,real_jun_2026,gradient_boosting,aprendizagem,2023-11,1,2023-11-01,414908900.7723528,404029383.75118726,10879517.02116555,2.622145970094479,-2.6221459700944805
valor_aprovado_real,real_jun_2026,gradient_boosting,aprendizagem,2023-11,2,2023-12-01,423652032.5119792,408968419.60709494,14683612.904884279,3.4659606889692154,-3.4659606889692163
valor_aprovado_real,real_jun_2026,gradient_boosting,aprendizagem,2023-11,3,2024-01-01,422852714.1768064,403949700.25615454,18903013.920651853,4.470354165149802,-4.4703541651498035
valor_aprovado_real,real_jun_2026,gradient_boosting,aprendizagem,2023-11,4,2024-02-01,397566184.64715,379003076.68088174,18563107.96626824,4.669186838096773,-4.669186838096772
valor_aprovado_real,real_jun_2026,gradient_boosting,aprendizagem,2023-11,5,2024-03-01,412314480.556508,406773215.2411304,5541265.315377593,1.3439414759089836,-1.343941475908983
valor_aprovado_real,real_jun_2026,gradient_boosting,aprendizagem,2023-11,6,2024-04-01,414900864.9981269,390996398.4241535,23904466.573973417,5.761488729140474,-5.761488729140474
valor_aprovado_real,real_jun_2026,gradient_boosting,aprendizagem,2023-11,7,2024-05-01,428186217.42614233,399498387.17262465,28687830.253517687,6.699849057721257,-6.699849057721252
valor_aprovado_real,real_jun_2026,gradient_boosting,aprendizagem,2023-11,8,2024-06-01,397949486.3841517,392444085.707599,5505400.676552713,1.3834420862245307,-1.383442086224529
valor_aprovado_real,real_jun_2026,gradient_boosting,aprendizagem,2023-11,9,2024-07-01,428926715.2871956,399498387.17262465,29428328.114570975,6.860922172886038,-6.860922172886042
valor_aprovado_real,real_jun_2026,gradient_boosting,aprendizagem,2023-11,10,2024-08-01,429625420.7342852,409490304.95533246,20135115.778952718,4.6866676893884005,-4.686667689388402
valor_aprovado_real,real_jun_2026,gradient_boosting,aprendizagem,2023-11,11,2024-09-01,400816433.4473056,408947324.4207847,-8130890.973479092,2.028582237396721,2.0285822373967255
valor_aprovado_real,real_jun_2026,gradient_boosting,aprendizagem,2023-11,12,2024-10-01,430772070.9800495,410635709.79843074,20136361.18161875,4.6744815966844175,-4.674481596684421
valor_aprovado_real,real_jun_2026,gradient_boosting,aprendizagem,2023-12,1,2023-12-01,423652032.5119792,413582054.67401874,10069977.837960482,2.3769454800563814,-2.3769454800563805
valor_aprovado_real,real_jun_2026,gradient_boosting,aprendizagem,2023-12,2,2024-01-01,422852714.1768064,406781862.248708,16070851.92809838,3.8005791116617296,-3.8005791116617282
valor_aprovado_real,real_jun_2026,gradient_boosting,aprendizagem,2023-12,3,2024-02-01,397566184.64715,382643288.70144874,14922895.945701241,3.7535626826375306,-3.7535626826375346
valor_aprovado_real,real_jun_2026,gradient_boosting,aprendizagem,2023-12,4,2024-03-01,412314480.556508,409458627.2965673,2855853.259940684,0.6926395735813327,-0.6926395735813329
valor_aprovado_real,real_jun_2026,gradient_boosting,aprendizagem,2023-12,5,2024-04-01,414900864.9981269,394711660.9570458,20189204.04108113,4.866030838757657,-4.866030838757663
valor_aprovado_real,real_jun_2026,gradient_boosting,aprendizagem,2023-12,6,2024-05-01,428186217.42614233,400696183.2083504,27490034.217791915,6.420111881002723,-6.420111881002722
valor_aprovado_real,real_jun_2026,gradient_boosting,aprendizagem,2023-12,7,2024-06-01,397949486.3841517,393801232.57480377,4148253.8093479276,1.0424071273567377,-1.042407127356737
valor_aprovado_real,real_jun_2026,gradient_boosting,aprendizagem,2023-12,8,2024-07-01,428926715.2871956,400696183.2083504,28230532.078845203,6.58166793363359,-6.581667933633595
valor_aprovado_real,real_jun_2026,gradient_boosting,aprendizagem,2023-12,9,2024-08-01,429625420.7342852,410099354.8941835,19526065.84010166,4.544904676899495,-4.544904676899497
valor_aprovado_real,real_jun_2026,gradient_boosting,aprendizagem,2023-12,10,2024-09-01,400816433.4473056,410853687.14033604,-10037253.693030417,2.5042021372983427,2.504202137298339
valor_aprovado_real,real_jun_2026,gradient_boosting,aprendizagem,2023-12,11,2024-10-01,430772070.9800495,411446764.10341233,19325306.87663716,4.486202374418136,-4.486202374418136
valor_aprovado_real,real_jun_2026,gradient_boosting,aprendizagem,2023-12,12,2024-11-01,415187175.93382543,409047700.24014574,6139475.69367969,1.4787247895773712,-1.478724789577368
valor_aprovado_real,real_jun_2026,gradient_boosting,aprendizagem,2024-01,1,2024-01-01,422852714.1768064,410210825.5820255,12641888.594780862,2.989667127806336,-2.989667127806339
valor_aprovado_real,real_jun_2026,gradient_boosting,aprendizagem,2024-01,2,2024-02-01,397566184.64715,386765351.2009873,10800833.4461627,2.7167384609807077,-2.7167384609807055
valor_aprovado_real,real_jun_2026,gradient_boosting,aprendizagem,2024-01,3,2024-03-01,412314480.556508,414463309.93129,-2148829.374781966,0.5211627231431828,0.5211627231431759
valor_aprovado_real,real_jun_2026,gradient_boosting,aprendizagem,2024-01,4,2024-04-01,414900864.9981269,399192002.47908306,15708862.519043863,3.786172515961079,-3.7861725159610837
valor_aprovado_real,real_jun_2026,gradient_boosting,aprendizagem,2024-01,5,2024-05-01,428186217.42614233,404854833.21457267,23331384.211569667,5.448887250929343,-5.448887250929346
valor_aprovado_real,real_jun_2026,gradient_boosting,aprendizagem,2024-01,6,2024-06-01,397949486.3841517,398225726.831779,-276240.447627306,0.06941595782351215,0.06941595782350429
valor_aprovado_real,real_jun_2026,gradient_boosting,aprendizagem,2024-01,7,2024-07-01,428926715.2871956,404241388.91406167,24685326.373133957,5.755138463829526,-5.755138463829523
valor_aprovado_real,real_jun_2026,gradient_boosting,aprendizagem,2024-01,8,2024-08-01,429625420.7342852,413216977.05559814,16408443.678687036,3.819244133795177,-3.8192441337951744
valor_aprovado_real,real_jun_2026,gradient_boosting,aprendizagem,2024-01,9,2024-09-01,400816433.4473056,412311785.2742784,-11495351.826972783,2.8679841612542187,2.8679841612542223
valor_aprovado_real,real_jun_2026,gradient_boosting,aprendizagem,2024-01,10,2024-10-01,430772070.9800495,414118711.6994207,16653359.2806288,3.865932914996263,-3.865932914996262
valor_aprovado_real,real_jun_2026,gradient_boosting,aprendizagem,2024-01,11,2024-11-01,415187175.93382543,411386654.277142,3800521.656683445,0.9153754925439197,-0.9153754925439239
valor_aprovado_real,real_jun_2026,gradient_boosting,aprendizagem,2024-01,12,2024-12-01,421181584.3568608,419494812.29112196,1686772.0657388568,0.40048571171850667,-0.4004857117185012
valor_aprovado_real,real_jun_2026,gradient_boosting,aprendizagem,2024-02,1,2024-02-01,397566184.64715,393556482.2717911,4009702.3753588796,1.0085622294354817,-1.0085622294354835
valor_aprovado_real,real_jun_2026,gradient_boosting,aprendizagem,2024-02,2,2024-03-01,412314480.556508,419220355.76841474,-6905875.211906731,1.6749048451040944,1.674904845104086
valor_aprovado_real,real_jun_2026,gradient_boosting,aprendizagem,2024-02,3,2024-04-01,414900864.9981269,400734821.1895545,14166043.808572412,3.414320143351922,-3.4143201433519232
valor_aprovado_real,real_jun_2026,gradient_boosting,aprendizagem,2024-02,4,2024-05-01,428186217.42614233,409782533.28258246,18403684.143559873,4.298056171491395,-4.298056171491393
valor_aprovado_real,real_jun_2026,gradient_boosting,aprendizagem,2024-02,5,2024-06-01,397949486.3841517,404343988.68172824,-6394502.297576547,1.6068628095686888,1.6068628095686988
valor_aprovado_real,real_jun_2026,gradient_boosting,aprendizagem,2024-02,6,2024-07-01,428926715.2871956,407946112.3518521,20980602.935343504,4.891419020448648,-4.891419020448651
valor_aprovado_real,real_jun_2026,gradient_boosting,aprendizagem,2024-02,7,2024-08-01,429625420.7342852,413441188.5781948,16184232.156090379,3.7670564577928007,-3.7670564577928056
valor_aprovado_real,real_jun_2026,gradient_boosting,aprendizagem,2024-02,8,2024-09-01,400816433.4473056,414852188.7001881,-14035755.25288248,3.5017913642325067,3.5017913642324983
valor_aprovado_real,real_jun_2026,gradient_boosting,aprendizagem,2024-02,9,2024-10-01,430772070.9800495,415671734.00681305,15100336.973236442,3.505412256389247,-3.505412256389251
valor_aprovado_real,real_jun_2026,gradient_boosting,aprendizagem,2024-02,10,2024-11-01,415187175.93382543,412857243.47536063,2329932.4584648013,0.5611764027211085,-0.5611764027211086
valor_aprovado_real,real_jun_2026,gradient_boosting,aprendizagem,2024-02,11,2024-12-01,421181584.3568608,419985693.696699,1195890.6601617932,0.28393707241210553,-0.2839370724121104
valor_aprovado_real,real_jun_2026,gradient_boosting,aprendizagem,2024-02,12,2025-01-01,422148225.0857496,417951088.6895089,4197136.396240711,0.9942328658110929,-0.9942328658110955
valor_aprovado_real,real_jun_2026,gradient_boosting,aprendizagem,2024-03,1,2024-03-01,412314480.556508,412157353.21153265,157127.3449753523,0.03810861669550746,-0.038108616695509134
valor_aprovado_real,real_jun_2026,gradient_boosting,aprendizagem,2024-03,2,2024-04-01,414900864.9981269,399440703.1117156,15460161.88641131,3.726230333716249,-3.7262303337162517
valor_aprovado_real,real_jun_2026,gradient_boosting,aprendizagem,2024-03,3,2024-05-01,428186217.42614233,409611787.128113,18574430.298029363,4.337932783003054,-4.337932783003051
valor_aprovado_real,real_jun_2026,gradient_boosting,aprendizagem,2024-03,4,2024-06-01,397949486.3841517,402879796.64496,-4930310.260808289,1.2389286654459768,1.2389286654459708
valor_aprovado_real,real_jun_2026,gradient_boosting,aprendizagem,2024-03,5,2024-07-01,428926715.2871956,408893426.5693994,20033288.717796206,4.670562127234849,-4.670562127234845
valor_aprovado_real,real_jun_2026,gradient_boosting,aprendizagem,2024-03,6,2024-08-01,429625420.7342852,411312978.05166423,18312442.682620943,4.262420657353705,-4.2624206573537045
valor_aprovado_real,real_jun_2026,gradient_boosting,aprendizagem,2024-03,7,2024-09-01,400816433.4473056,409685616.23286945,-8869182.785563827,2.2127792289559,2.212779228955908
valor_aprovado_real,real_jun_2026,gradient_boosting,aprendizagem,2024-03,8,2024-10-01,430772070.9800495,411312978.05166423,19459092.928385258,4.517259645945448,-4.517259645945448
valor_aprovado_real,real_jun_2026,gradient_boosting,aprendizagem,2024-03,9,2024-11-01,415187175.93382543,413417735.2514627,1769440.6823627353,0.42617903079086367,-0.42617903079086306
valor_aprovado_real,real_jun_2026,gradient_boosting,aprendizagem,2024-03,10,2024-12-01,421181584.3568608,419639610.7273975,1541973.629463315,0.36610661214399726,-0.36610661214400153
valor_aprovado_real,real_jun_2026,gradient_boosting,aprendizagem,2024-03,11,2025-01-01,422148225.0857496,417837680.48156923,4310544.604180396,1.0210974127167793,-1.021097412716776
valor_aprovado_real,real_jun_2026,gradient_boosting,aprendizagem,2024-03,12,2025-02-01,381835234.55866665,389169868.4710998,-7334633.912433147,1.9208897578325046,1.9208897578325113
valor_aprovado_real,real_jun_2026,gradient_boosting,aprendizagem,2024-04,1,2024-04-01,414900864.9981269,398499324.3506365,16401540.647490442,3.95312278935945,-3.9531227893594534
valor_aprovado_real,real_jun_2026,gradient_boosting,aprendizagem,2024-04,2,2024-05-01,428186217.42614233,407031246.4503268,21154970.975815535,4.940600634691037,-4.940600634691039
valor_aprovado_real,real_jun_2026,gradient_boosting,aprendizagem,2024-04,3,2024-06-01,397949486.3841517,400769356.7285804,-2819870.344428718,0.7086000713433812,0.7086000713433904
valor_aprovado_real,real_jun_2026,gradient_boosting,aprendizagem,2024-04,4,2024-07-01,428926715.2871956,406939983.1108371,21986732.17635852,5.125988051743737,-5.125988051743735
valor_aprovado_real,real_jun_2026,gradient_boosting,aprendizagem,2024-04,5,2024-08-01,429625420.7342852,409924680.970069,19700739.764216185,4.585561936848402,-4.5855619368484035
valor_aprovado_real,real_jun_2026,gradient_boosting,aprendizagem,2024-04,6,2024-09-01,400816433.4473056,409610563.74133354,-8794130.294027925,2.1940543251663027,2.194054325166306
valor_aprovado_real,real_jun_2026,gradient_boosting,aprendizagem,2024-04,7,2024-10-01,430772070.9800495,409924680.970069,20847390.0099805,4.839540772118908,-4.8395407721189105
valor_aprovado_real,real_jun_2026,gradient_boosting,aprendizagem,2024-04,8,2024-11-01,415187175.93382543,411534050.6128129,3653125.3210125566,0.8798743151919532,-0.879874315191953
valor_aprovado_real,real_jun_2026,gradient_boosting,aprendizagem,2024-04,9,2024-12-01,421181584.3568608,418456126.4846984,2725457.8721624017,0.6470980625432954,-0.6470980625432943
valor_aprovado_real,real_jun_2026,gradient_boosting,aprendizagem,2024-04,10,2025-01-01,422148225.0857496,415650196.64280915,6498028.442940474,1.539276504507522,-1.5392765045075252
valor_aprovado_real,real_jun_2026,gradient_boosting,aprendizagem,2024-04,11,2025-02-01,381835234.55866665,390626926.84377587,-8791692.285109222,2.3024832413045506,2.3024832413045537
valor_aprovado_real,real_jun_2026,gradient_boosting,aprendizagem,2024-04,12,2025-03-01,411595502.0153863,410770231.98094803,825270.0344382524,0.20050511494836554,-0.2005051149483683
valor_aprovado_real,real_jun_2026,gradient_boosting,aprendizagem,2024-05,1,2024-05-01,428186217.42614233,411688269.42640376,16497947.999738574,3.8529843624834323,-3.852984362483436
valor_aprovado_real,real_jun_2026,gradient_boosting,aprendizagem,2024-05,2,2024-06-01,397949486.3841517,405637962.20153415,-7688475.817382455,1.9320230532878628,1.9320230532878568
valor_aprovado_real,real_jun_2026,gradient_boosting,aprendizagem,2024-05,3,2024-07-01,428926715.2871956,411688269.42640376,17238445.860791862,4.0189722967592605,-4.0189722967592605
valor_aprovado_real,real_jun_2026,gradient_boosting,aprendizagem,2024-05,4,2024-08-01,429625420.7342852,415814713.3251724,13810707.409112751,3.214592699265438,-3.2145926992654394
valor_aprovado_real,real_jun_2026,gradient_boosting,aprendizagem,2024-05,5,2024-09-01,400816433.4473056,413965094.7393007,-13148661.291995108,3.2804696102171493,3.2804696102171516
valor_aprovado_real,real_jun_2026,gradient_boosting,aprendizagem,2024-05,6,2024-10-01,430772070.9800495,414610546.6994012,16161524.280648291,3.7517576856547845,-3.7517576856547885
valor_aprovado_real,real_jun_2026,gradient_boosting,aprendizagem,2024-05,7,2024-11-01,415187175.93382543,415956720.4034962,-769544.4696707726,0.18534880513588559,0.18534880513587648
valor_aprovado_real,real_jun_2026,gradient_boosting,aprendizagem,2024-05,8,2024-12-01,421181584.3568608,421797413.5061274,-615829.1492666006,0.1462146428379494,0.1462146428379496
valor_aprovado_real,real_jun_2026,gradient_boosting,aprendizagem,2024-05,9,2025-01-01,422148225.0857496,419202428.0060954,2945797.0796542168,0.6978110778639058,-0.697811077863908
valor_aprovado_real,real_jun_2026,gradient_boosting,aprendizagem,2024-05,10,2025-02-01,381835234.55866665,395810551.6356209,-13975317.076954246,3.660038627160015,3.6600386271600227
valor_aprovado_real,real_jun_2026,gradient_boosting,aprendizagem,2024-05,11,2025-03-01,411595502.0153863,415117644.8302593,-3522142.8148730397,0.8557291801360294,0.8557291801360334
valor_aprovado_real,real_jun_2026,gradient_boosting,aprendizagem,2024-05,12,2025-04-01,410168062.7006887,406537283.0611224,3630779.6395663023,0.885193160983815,-0.8851931609838104
valor_aprovado_real,real_jun_2026,gradient_boosting,aprendizagem,2024-06,1,2024-06-01,397949486.3841517,417655089.89602846,-19705603.511876762,4.951785135074756,4.951785135074749
valor_aprovado_real,real_jun_2026,gradient_boosting,aprendizagem,2024-06,2,2024-07-01,428926715.2871956,423193011.1840062,5733704.103189409,1.3367561167996505,-1.3367561167996533
valor_aprovado_real,real_jun_2026,gradient_boosting,aprendizagem,2024-06,3,2024-08-01,429625420.7342852,423862482.83138955,5762937.902895629,1.3413866183816654,-1.341386618381668
valor_aprovado_real,real_jun_2026,gradient_boosting,aprendizagem,2024-06,4,2024-09-01,400816433.4473056,422137802.6096837,-21321369.162378073,5.319484777357848,5.319484777357841
valor_aprovado_real,real_jun_2026,gradient_boosting,aprendizagem,2024-06,5,2024-10-01,430772070.9800495,422806610.9800848,7965459.999964714,1.8491124510097643,-1.84911245100976
valor_aprovado_real,real_jun_2026,gradient_boosting,aprendizagem,2024-06,6,2024-11-01,415187175.93382543,420730105.8745768,-5542929.940751374,1.3350436290052545,1.3350436290052503
valor_aprovado_real,real_jun_2026,gradient_boosting,aprendizagem,2024-06,7,2024-12-01,421181584.3568608,426239554.6312486,-5057970.274387777,1.2009001490678268,1.2009001490678184
valor_aprovado_real,real_jun_2026,gradient_boosting,aprendizagem,2024-06,8,2025-01-01,422148225.0857496,424053702.47697055,-1905477.3912209272,0.4513763834572261,0.45137638345722486
valor_aprovado_real,real_jun_2026,gradient_boosting,aprendizagem,2024-06,9,2025-02-01,381835234.55866665,400762873.21628565,-18927638.657619,4.957017306036718,4.957017306036726
valor_aprovado_real,real_jun_2026,gradient_boosting,aprendizagem,2024-06,10,2025-03-01,411595502.0153863,418625938.6685376,-7030436.653151333,1.7080936547475976,1.7080936547476
valor_aprovado_real,real_jun_2026,gradient_boosting,aprendizagem,2024-06,11,2025-04-01,410168062.7006887,411105529.7409878,-937467.040299058,0.22855681013447268,0.2285568101344726
valor_aprovado_real,real_jun_2026,gradient_boosting,aprendizagem,2024-06,12,2025-05-01,424625475.1310262,423193011.1840062,1432463.9470199943,0.33734762300306653,-0.3373476230030703
valor_aprovado_real,real_jun_2026,gradient_boosting,aprendizagem,2024-07,1,2024-07-01,428926715.2871956,414771632.2278038,14155083.059391797,3.3001169092286555,-3.3001169092286564
valor_aprovado_real,real_jun_2026,gradient_boosting,aprendizagem,2024-07,2,2024-08-01,429625420.7342852,415449048.9478261,14176371.786459088,3.2997050691809258,-3.299705069180925
valor_aprovado_real,real_jun_2026,gradient_boosting,aprendizagem,2024-07,3,2024-09-01,400816433.4473056,414476338.15884507,-13659904.711539447,3.408020123839379,3.4080201238393837
valor_aprovado_real,real_jun_2026,gradient_boosting,aprendizagem,2024-07,4,2024-10-01,430772070.9800495,415449048.9478261,15323022.032223403,3.55710666138638,-3.5571066613863778
valor_aprovado_real,real_jun_2026,gradient_boosting,aprendizagem,2024-07,5,2024-11-01,415187175.93382543,415229264.75229484,-42088.818469405174,0.010137311773837998,0.01013731177383903
valor_aprovado_real,real_jun_2026,gradient_boosting,aprendizagem,2024-07,6,2024-12-01,421181584.3568608,420521247.1337571,660337.2231037021,0.15678207396271351,-0.1567820739627135
valor_aprovado_real,real_jun_2026,gradient_boosting,aprendizagem,2024-07,7,2025-01-01,422148225.0857496,418984335.6998466,3163889.385903001,0.7494735729992303,-0.7494735729992263
valor_aprovado_real,real_jun_2026,gradient_boosting,aprendizagem,2024-07,8,2025-02-01,381835234.55866665,394858075.2633424,-13022840.704675734,3.410591670443355,3.4105916704433525
valor_aprovado_real,real_jun_2026,gradient_boosting,aprendizagem,2024-07,9,2025-03-01,411595502.0153863,413696292.8496706,-2100790.8342843056,0.5104017959374526,0.510401795937443
valor_aprovado_real,real_jun_2026,gradient_boosting,aprendizagem,2024-07,10,2025-04-01,410168062.7006887,405557489.5547208,4610573.145967901,1.1240692694624463,-1.1240692694624466
valor_aprovado_real,real_jun_2026,gradient_boosting,aprendizagem,2024-07,11,2025-05-01,424625475.1310262,415081184.68046707,9544290.45055914,2.2476961486152165,-2.247696148615219
valor_aprovado_real,real_jun_2026,gradient_boosting,aprendizagem,2024-07,12,2025-06-01,394647218.1248688,399426495.76207775,-4779277.637208939,1.2110252949247309,1.211025294924739
valor_aprovado_real,real_jun_2026,gradient_boosting,aprendizagem,2024-08,1,2024-08-01,429625420.7342852,424113460.8474609,5511959.88682425,1.2829687492429103,-1.2829687492429076
valor_aprovado_real,real_jun_2026,gradient_boosting,aprendizagem,2024-08,2,2024-09-01,400816433.4473056,423180404.1247897,-22363970.677484095,5.579604230579591,5.579604230579593
valor_aprovado_real,real_jun_2026,gradient_boosting,aprendizagem,2024-08,3,2024-10-01,430772070.9800495,424113460.8474609,6658610.132588565,1.5457385891893043,-1.545738589189305
valor_aprovado_real,real_jun_2026,gradient_boosting,aprendizagem,2024-08,4,2024-11-01,415187175.93382543,421670774.4925465,-6483598.5587210655,1.561608579103718,1.5616085791037237
valor_aprovado_real,real_jun_2026,gradient_boosting,aprendizagem,2024-08,5,2024-12-01,421181584.3568608,426477601.81465673,-5296017.457795918,1.2574190454891025,1.2574190454891054
valor_aprovado_real,real_jun_2026,gradient_boosting,aprendizagem,2024-08,6,2025-01-01,422148225.0857496,425367446.38973343,-3219221.3039838076,0.7625807980905042,0.7625807980905064
valor_aprovado_real,real_jun_2026,gradient_boosting,aprendizagem,2024-08,7,2025-02-01,381835234.55866665,401517485.6392925,-19682251.080625832,5.15464506657564,5.154645066575636
valor_aprovado_real,real_jun_2026,gradient_boosting,aprendizagem,2024-08,8,2025-03-01,411595502.0153863,420302031.43681586,-8706529.421429574,2.115312091312433,2.115312091312438
valor_aprovado_real,real_jun_2026,gradient_boosting,aprendizagem,2024-08,9,2025-04-01,410168062.7006887,411955003.5770408,-1786940.8763520718,0.43566065689908506,0.43566065689908395
valor_aprovado_real,real_jun_2026,gradient_boosting,aprendizagem,2024-08,10,2025-05-01,424625475.1310262,423740174.9197997,885300.2112265229,0.20848966043625783,-0.20848966043626183
valor_aprovado_real,real_jun_2026,gradient_boosting,aprendizagem,2024-08,11,2025-06-01,394647218.1248688,402337511.8123962,-7690293.687527418,1.9486501701613825,1.9486501701613923
valor_aprovado_real,real_jun_2026,gradient_boosting,aprendizagem,2024-08,12,2025-07-01,423835549.0030809,423740174.9197997,95374.083281219,0.022502615343510442,-0.0225026153435115
valor_aprovado_real,real_jun_2026,gradient_boosting,aprendizagem,2024-09,1,2024-09-01,400816433.4473056,425470063.1739953,-24653629.726689696,6.150853026322048,6.150853026322056
valor_aprovado_real,real_jun_2026,gradient_boosting,aprendizagem,2024-09,2,2024-10-01,430772070.9800495,426731860.47187114,4040210.5081783533,0.9378998269285357,-0.9378998269285344
valor_aprovado_real,real_jun_2026,gradient_boosting,aprendizagem,2024-09,3,2024-11-01,415187175.93382543,424147513.185854,-8960337.252028584,2.158144030310013,2.1581440303100052
valor_aprovado_real,real_jun_2026,gradient_boosting,aprendizagem,2024-09,4,2024-12-01,421181584.3568608,428728040.82623684,-7546456.469376028,1.7917346697148155,1.7917346697148062
valor_aprovado_real,real_jun_2026,gradient_boosting,aprendizagem,2024-09,5,2025-01-01,422148225.0857496,427604662.1113042,-5456437.025554597,1.2925405583420961,1.2925405583420924
valor_aprovado_real,real_jun_2026,gradient_boosting,aprendizagem,2024-09,6,2025-02-01,381835234.55866665,404041638.68948555,-22206404.130818903,5.815703246057305,5.815703246057313
valor_aprovado_real,real_jun_2026,gradient_boosting,aprendizagem,2024-09,7,2025-03-01,411595502.0153863,422530699.9118994,-10935197.896513104,2.656782652621001,2.6567826526209926
valor_aprovado_real,real_jun_2026,gradient_boosting,aprendizagem,2024-09,8,2025-04-01,410168062.7006887,414396224.6303484,-4228161.929659665,1.0308364580655014,1.0308364580654983
valor_aprovado_real,real_jun_2026,gradient_boosting,aprendizagem,2024-09,9,2025-05-01,424625475.1310262,426228029.1785571,-1602554.0475308895,0.3774041223118776,0.37740412231188625
valor_aprovado_real,real_jun_2026,gradient_boosting,aprendizagem,2024-09,10,2025-06-01,394647218.1248688,405809351.86833024,-11162133.74346143,2.828382725335634,2.828382725335632
valor_aprovado_real,real_jun_2026,gradient_boosting,aprendizagem,2024-09,11,2025-07-01,423835549.0030809,426228029.1785571,-2392480.1754761934,0.5644831305688335,0.5644831305688269
valor_aprovado_real,real_jun_2026,gradient_boosting,aprendizagem,2024-09,12,2025-08-01,411913243.8502616,426731860.47187114,-14818616.621609509,3.5975091461240707,3.597509146124067
valor_aprovado_real,real_jun_2026,gradient_boosting,aprendizagem,2024-10,1,2024-10-01,430772070.9800495,411373870.12143165,19398200.858617842,4.503124080092983,-4.503124080092979
valor_aprovado_real,real_jun_2026,gradient_boosting,aprendizagem,2024-10,2,2024-11-01,415187175.93382543,409345339.9803703,5841835.95345515,1.40703670346173,-1.4070367034617282
valor_aprovado_real,real_jun_2026,gradient_boosting,aprendizagem,2024-10,3,2024-12-01,421181584.3568608,413783858.7931712,7397725.5636895895,1.7564218946053465,-1.7564218946053423
valor_aprovado_real,real_jun_2026,gradient_boosting,aprendizagem,2024-10,4,2025-01-01,422148225.0857496,412053591.50031024,10094633.585439384,2.3912533526319795,-2.3912533526319835
valor_aprovado_real,real_jun_2026,gradient_boosting,aprendizagem,2024-10,5,2025-02-01,381835234.55866665,388795621.64701146,-6960387.088344812,1.8228771099109742,1.8228771099109808
valor_aprovado_real,real_jun_2026,gradient_boosting,aprendizagem,2024-10,6,2025-03-01,411595502.0153863,408205252.3532698,3390249.662116468,0.8236848181080787,-0.8236848181080836
valor_aprovado_real,real_jun_2026,gradient_boosting,aprendizagem,2024-10,7,2025-04-01,410168062.7006887,402145079.1300433,8022983.570645392,1.9560234694576868,-1.9560234694576906
valor_aprovado_real,real_jun_2026,gradient_boosting,aprendizagem,2024-10,8,2025-05-01,424625475.1310262,412826875.44619274,11798599.684833467,2.7785896927622598,-2.7785896927622566
valor_aprovado_real,real_jun_2026,gradient_boosting,aprendizagem,2024-10,9,2025-06-01,394647218.1248688,396363441.2710708,-1716223.1462019682,0.4348752676774082,0.4348752676774037
valor_aprovado_real,real_jun_2026,gradient_boosting,aprendizagem,2024-10,10,2025-07-01,423835549.0030809,412826875.44619274,11008673.556888163,2.5973926875133686,-2.597392687513367
valor_aprovado_real,real_jun_2026,gradient_boosting,aprendizagem,2024-10,11,2025-08-01,411913243.8502616,412978188.24709904,-1064944.3968374133,0.25853609048427223,0.25853609048427373
valor_aprovado_real,real_jun_2026,gradient_boosting,aprendizagem,2024-10,12,2025-09-01,411490588.8396937,405469221.05089486,6021367.788798869,1.4633063190528133,-1.463306319052815
valor_aprovado_real,real_jun_2026,gradient_boosting,aprendizagem,2024-11,1,2024-11-01,415187175.93382543,421515531.7852134,-6328355.851387978,1.5242175621524068,1.5242175621523968
valor_aprovado_real,real_jun_2026,gradient_boosting,aprendizagem,2024-11,2,2024-12-01,421181584.3568608,425223329.5585314,-4041745.201670587,0.9596205892625347,0.9596205892625331
valor_aprovado_real,real_jun_2026,gradient_boosting,aprendizagem,2024-11,3,2025-01-01,422148225.0857496,423753491.7082097,-1605266.6224600673,0.3802613696016357,0.38026136960163104
valor_aprovado_real,real_jun_2026,gradient_boosting,aprendizagem,2024-11,4,2025-02-01,381835234.55866665,399042068.120679,-17206833.562012374,4.506350384846072,4.506350384846081
valor_aprovado_real,real_jun_2026,gradient_boosting,aprendizagem,2024-11,5,2025-03-01,411595502.0153863,419541090.1223636,-7945588.106977344,1.930436087875499,1.930436087875509
valor_aprovado_real,real_jun_2026,gradient_boosting,aprendizagem,2024-11,6,2025-04-01,410168062.7006887,411433561.53054,-1265498.8298512697,0.30853178122128444,0.30853178122127733
valor_aprovado_real,real_jun_2026,gradient_boosting,aprendizagem,2024-11,7,2025-05-01,424625475.1310262,423469768.412099,1155706.7189272046,0.272170839154337,-0.2721708391543398
valor_aprovado_real,real_jun_2026,gradient_boosting,aprendizagem,2024-11,8,2025-06-01,394647218.1248688,406820653.2581805,-12173435.133311689,3.084637259361078,3.0846372593610782
valor_aprovado_real,real_jun_2026,gradient_boosting,aprendizagem,2024-11,9,2025-07-01,423835549.0030809,423469768.412099,365780.5909819007,0.08630248025260424,-0.08630248025260912
valor_aprovado_real,real_jun_2026,gradient_boosting,aprendizagem,2024-11,10,2025-08-01,411913243.8502616,423772211.4266259,-11858967.576364279,2.8789964278680102,2.878996427868019
valor_aprovado_real,real_jun_2026,gradient_boosting,aprendizagem,2024-11,11,2025-09-01,411490588.8396937,410366647.6681792,1123941.171514511,0.27313897376942686,-0.27313897376942675
valor_aprovado_real,real_jun_2026,gradient_boosting,aprendizagem,2024-11,12,2025-10-01,427672977.16345227,423772211.4266259,3900765.73682636,0.912090766804639,-0.9120907668046407
valor_aprovado_real,real_jun_2026,gradient_boosting,aprendizagem,2024-12,1,2024-12-01,421181584.3568608,422131048.5326234,-949464.1757625937,0.22542870130763526,0.22542870130763948
valor_aprovado_real,real_jun_2026,gradient_boosting,aprendizagem,2024-12,2,2025-01-01,422148225.0857496,420866055.75871235,1282169.3270372748,0.3037249124467672,-0.3037249124467678
valor_aprovado_real,real_jun_2026,gradient_boosting,aprendizagem,2024-12,3,2025-02-01,381835234.55866665,396280347.5122614,-14445112.953594744,3.783074909336409,3.7830749093364036
valor_aprovado_real,real_jun_2026,gradient_boosting,aprendizagem,2024-12,4,2025-03-01,411595502.0153863,416545236.01289093,-4949733.997504652,1.2025724220182612,1.2025724220182665
valor_aprovado_real,real_jun_2026,gradient_boosting,aprendizagem,2024-12,5,2025-04-01,410168062.7006887,408866804.78474116,1301257.9159475565,0.3172499358871637,-0.317249935887165
valor_aprovado_real,real_jun_2026,gradient_boosting,aprendizagem,2024-12,6,2025-05-01,424625475.1310262,420973194.0739516,3652281.0570746064,0.8601182149864245,-0.8601182149864273
valor_aprovado_real,real_jun_2026,gradient_boosting,aprendizagem,2024-12,7,2025-06-01,394647218.1248688,404354484.2279624,-9707266.103093565,2.4597325553735754,2.4597325553735727
valor_aprovado_real,real_jun_2026,gradient_boosting,aprendizagem,2024-12,8,2025-07-01,423835549.0030809,420973194.0739516,2862354.9291293025,0.6753456466457219,-0.6753456466457197
valor_aprovado_real,real_jun_2026,gradient_boosting,aprendizagem,2024-12,9,2025-08-01,411913243.8502616,421283158.9143635,-9369915.064101875,2.274730226326012,2.274730226326005
valor_aprovado_real,real_jun_2026,gradient_boosting,aprendizagem,2024-12,10,2025-09-01,411490588.8396937,408014043.36880136,3476545.4708923697,0.8448663384247516,-0.8448663384247546
valor_aprovado_real,real_jun_2026,gradient_boosting,aprendizagem,2024-12,11,2025-10-01,427672977.16345227,420711270.20275027,6961706.960702002,1.627810811633607,-1.627810811633612
valor_aprovado_real,real_jun_2026,gradient_boosting,aprendizagem,2024-12,12,2025-11-01,396346421.4330967,418498675.88453496,-22152254.45143825,5.589114283242632,5.589114283242624
valor_aprovado_real,real_jun_2026,gradient_boosting,aprendizagem,2025-01,1,2025-01-01,422148225.0857496,420731533.277061,1416691.8086886406,0.3355910849562076,-0.3355910849562105
valor_aprovado_real,real_jun_2026,gradient_boosting,aprendizagem,2025-01,2,2025-02-01,381835234.55866665,396137871.5943832,-14302637.035716534,3.7457614544786124,3.745761454478602
valor_aprovado_real,real_jun_2026,gradient_boosting,aprendizagem,2025-01,3,2025-03-01,411595502.0153863,416501199.0663982,-4905697.05101192,1.1918733385061469,1.1918733385061442
valor_aprovado_real,real_jun_2026,gradient_boosting,aprendizagem,2025-01,4,2025-04-01,410168062.7006887,408514019.174955,1654043.5257337093,0.40325995028547895,-0.4032599502854839
valor_aprovado_real,real_jun_2026,gradient_boosting,aprendizagem,2025-01,5,2025-05-01,424625475.1310262,420706196.889843,3919278.2411832213,0.922996492373392,-0.9229964923733958
valor_aprovado_real,real_jun_2026,gradient_boosting,aprendizagem,2025-01,6,2025-06-01,394647218.1248688,403837272.96639085,-9190054.841522038,2.3286759463775693,2.3286759463775786
valor_aprovado_real,real_jun_2026,gradient_boosting,aprendizagem,2025-01,7,2025-07-01,423835549.0030809,420706196.889843,3129352.1132379174,0.7383411138113782,-0.7383411138113805
valor_aprovado_real,real_jun_2026,gradient_boosting,aprendizagem,2025-01,8,2025-08-01,411913243.8502616,421163491.3907734,-9250247.540511787,2.245678593396825,2.245678593396816
valor_aprovado_real,real_jun_2026,gradient_boosting,aprendizagem,2025-01,9,2025-09-01,411490588.8396937,407286324.80502903,4204264.0346646905,1.021715720527102,-1.0217157205271055
valor_aprovado_real,real_jun_2026,gradient_boosting,aprendizagem,2025-01,10,2025-10-01,427672977.16345227,420969787.83341265,6703189.33003962,1.56736330981177,-1.5673633098117645
valor_aprovado_real,real_jun_2026,gradient_boosting,aprendizagem,2025-01,11,2025-11-01,396346421.4330967,418827838.5388846,-22481417.105787873,5.672163514054267,5.672163514054263
valor_aprovado_real,real_jun_2026,gradient_boosting,aprendizagem,2025-01,12,2025-12-01,432042733.88196224,421227578.3194603,10815155.562501967,2.503260606960412,-2.5032606069604113
valor_aprovado_real,real_jun_2026,gradient_boosting,aprendizagem,2025-02,1,2025-02-01,381835234.55866665,396927458.5685471,-15092224.009880483,3.952548807425904,3.952548807425904
valor_aprovado_real,real_jun_2026,gradient_boosting,aprendizagem,2025-02,2,2025-03-01,411595502.0153863,416236774.36813074,-4641272.35274446,1.1276295124748374,1.127629512474848
valor_aprovado_real,real_jun_2026,gradient_boosting,aprendizagem,2025-02,3,2025-04-01,410168062.7006887,408723974.5303662,1444088.1703225374,0.35207230929052846,-0.3520723092905298
valor_aprovado_real,real_jun_2026,gradient_boosting,aprendizagem,2025-02,4,2025-05-01,424625475.1310262,420439366.65612286,4186108.474903345,0.9858354526684114,-0.9858354526684154
valor_aprovado_real,real_jun_2026,gradient_boosting,aprendizagem,2025-02,5,2025-06-01,394647218.1248688,404344361.94458646,-9697143.819717646,2.45716766123242,2.457167661232429
valor_aprovado_real,real_jun_2026,gradient_boosting,aprendizagem,2025-02,6,2025-07-01,423835549.0030809,420439366.65612286,3396182.346958041,0.8012971906076133,-0.8012971906076083
valor_aprovado_real,real_jun_2026,gradient_boosting,aprendizagem,2025-02,7,2025-08-01,411913243.8502616,421067999.01961213,-9154755.169350505,2.222495951763676,2.22249595176367
valor_aprovado_real,real_jun_2026,gradient_boosting,aprendizagem,2025-02,8,2025-09-01,411490588.8396937,408036143.7735274,3454445.0661663413,0.8394955218555692,-0.8394955218555711
valor_aprovado_real,real_jun_2026,gradient_boosting,aprendizagem,2025-02,9,2025-10-01,427672977.16345227,421067999.01961213,6604978.143840134,1.5443992247646217,-1.5443992247646254
valor_aprovado_real,real_jun_2026,gradient_boosting,aprendizagem,2025-02,10,2025-11-01,396346421.4330967,418770259.45816255,-22423838.02506584,5.657636050802842,5.65763605080285
valor_aprovado_real,real_jun_2026,gradient_boosting,aprendizagem,2025-02,11,2025-12-01,432042733.88196224,421195517.5553129,10847216.326649368,2.5106813460755757,-2.5106813460755717
valor_aprovado_real,real_jun_2026,gradient_boosting,aprendizagem,2025-02,12,2026-01-01,419718499.1084349,421502411.67969114,-1783912.5712562203,0.4250259578850118,0.42502595788500575
valor_aprovado_real,real_jun_2026,gradient_boosting,aprendizagem,2025-03,1,2025-03-01,411595502.0153863,398890437.19294685,12705064.822439432,3.0867841752956013,-3.0867841752955982
valor_aprovado_real,real_jun_2026,gradient_boosting,aprendizagem,2025-03,2,2025-04-01,410168062.7006887,390961455.59903085,19206607.101657867,4.682618869737178,-4.682618869737176
valor_aprovado_real,real_jun_2026,gradient_boosting,aprendizagem,2025-03,3,2025-05-01,424625475.1310262,404602492.50127,20022982.629756212,4.715445446031645,-4.715445446031641
valor_aprovado_real,real_jun_2026,gradient_boosting,aprendizagem,2025-03,4,2025-06-01,394647218.1248688,388650206.0696509,5997012.055217922,1.5195880725353117,-1.5195880725353161
valor_aprovado_real,real_jun_2026,gradient_boosting,aprendizagem,2025-03,5,2025-07-01,423835549.0030809,404602492.50127,19233056.50181091,4.537858267681813,-4.537858267681816
valor_aprovado_real,real_jun_2026,gradient_boosting,aprendizagem,2025-03,6,2025-08-01,411913243.8502616,404760981.7027737,7152262.147487938,1.7363515872016784,-1.7363515872016788
valor_aprovado_real,real_jun_2026,gradient_boosting,aprendizagem,2025-03,7,2025-09-01,411490588.8396937,391684054.4353151,19806534.404378653,4.813362672577373,-4.81336267257737
valor_aprovado_real,real_jun_2026,gradient_boosting,aprendizagem,2025-03,8,2025-10-01,427672977.16345227,404760981.7027737,22911995.460678577,5.3573633790572295,-5.357363379057234
valor_aprovado_real,real_jun_2026,gradient_boosting,aprendizagem,2025-03,9,2025-11-01,396346421.4330967,403117462.3966974,-6771040.963600695,1.708364349328091,1.7083643493280842
valor_aprovado_real,real_jun_2026,gradient_boosting,aprendizagem,2025-03,10,2025-12-01,432042733.88196224,405280794.8917482,26761938.99021405,6.194280540203609,-6.194280540203612
valor_aprovado_real,real_jun_2026,gradient_boosting,aprendizagem,2025-03,11,2026-01-01,419718499.1084349,405034471.6426371,14684027.465797842,3.498541879137951,-3.498541879137951
valor_aprovado_real,real_jun_2026,gradient_boosting,aprendizagem,2025-03,12,2026-02-01,378058045.77417153,379690954.3309649,-1632908.5567933917,0.4319200649333066,0.43192006493331103
valor_aprovado_real,real_jun_2026,gradient_boosting,aprendizagem,2025-04,1,2025-04-01,410168062.7006887,399922749.22155815,10245313.479130566,2.4978330618117535,-2.4978330618117495
valor_aprovado_real,real_jun_2026,gradient_boosting,aprendizagem,2025-04,2,2025-05-01,424625475.1310262,415095556.857205,9529918.273821235,2.2443114772802075,-2.244311477280203
valor_aprovado_real,real_jun_2026,gradient_boosting,aprendizagem,2025-04,3,2025-06-01,394647218.1248688,400585381.07092184,-5938162.946053028,1.5046762458551415,1.5046762458551521
valor_aprovado_real,real_jun_2026,gradient_boosting,aprendizagem,2025-04,4,2025-07-01,423835549.0030809,415095556.857205,8739992.14587593,2.062118707700094,-2.062118707700089
valor_aprovado_real,real_jun_2026,gradient_boosting,aprendizagem,2025-04,5,2025-08-01,411913243.8502616,415993733.22675735,-4080489.376495719,0.990618640555062,0.9906186405550521
valor_aprovado_real,real_jun_2026,gradient_boosting,aprendizagem,2025-04,6,2025-09-01,411490588.8396937,403970075.89480954,7520512.944884181,1.8276269613091884,-1.8276269613091922
valor_aprovado_real,real_jun_2026,gradient_boosting,aprendizagem,2025-04,7,2025-10-01,427672977.16345227,415787936.6803978,11885040.48305446,2.779001975266751,-2.7790019752667483
valor_aprovado_real,real_jun_2026,gradient_boosting,aprendizagem,2025-04,8,2025-11-01,396346421.4330967,413249667.92391324,-16903246.490816534,4.264765764680886,4.264765764680889
valor_aprovado_real,real_jun_2026,gradient_boosting,aprendizagem,2025-04,9,2025-12-01,432042733.88196224,415700967.0888211,16341766.793141127,3.782442224246696,-3.782442224246696
valor_aprovado_real,real_jun_2026,gradient_boosting,aprendizagem,2025-04,10,2026-01-01,419718499.1084349,414712994.9674304,5005504.141004503,1.1925860193527764,-1.1925860193527815
valor_aprovado_real,real_jun_2026,gradient_boosting,aprendizagem,2025-04,11,2026-02-01,378058045.77417153,389226642.0473991,-11168596.273227572,2.9542014508266807,2.9542014508266767
valor_aprovado_real,real_jun_2026,gradient_boosting,aprendizagem,2025-04,12,2026-03-01,417924666.2769595,409007097.4542584,8917568.822701097,2.133774228293911,-2.1337742282939165
valor_aprovado_real,real_jun_2026,gradient_boosting,aprendizagem,2025-05,1,2025-05-01,424625475.1310262,418974668.4173633,5650806.713662922,1.3307743045608036,-1.3307743045608
valor_aprovado_real,real_jun_2026,gradient_boosting,aprendizagem,2025-05,2,2025-06-01,394647218.1248688,403362513.14780134,-8715295.02293253,2.208376145242447,2.208376145242452
valor_aprovado_real,real_jun_2026,gradient_boosting,aprendizagem,2025-05,3,2025-07-01,423835549.0030809,418974668.4173633,4860880.585717618,1.1468789244203497,-1.146878924420347
valor_aprovado_real,real_jun_2026,gradient_boosting,aprendizagem,2025-05,4,2025-08-01,411913243.8502616,419366033.1693647,-7452789.319103062,1.8093104386350576,1.809310438635059
valor_aprovado_real,real_jun_2026,gradient_boosting,aprendizagem,2025-05,5,2025-09-01,411490588.8396937,405954649.8374408,5535939.002252936,1.3453379378281716,-1.3453379378281727
valor_aprovado_real,real_jun_2026,gradient_boosting,aprendizagem,2025-05,6,2025-10-01,427672977.16345227,419169146.0226878,8503831.140764475,1.988395712342236,-1.988395712342239
valor_aprovado_real,real_jun_2026,gradient_boosting,aprendizagem,2025-05,7,2025-11-01,396346421.4330967,417300913.7629461,-20954492.329849422,5.286913466780611,5.286913466780607
valor_aprovado_real,real_jun_2026,gradient_boosting,aprendizagem,2025-05,8,2025-12-01,432042733.88196224,419410097.1252236,12632636.756738663,2.9239322330994244,-2.9239322330994244
valor_aprovado_real,real_jun_2026,gradient_boosting,aprendizagem,2025-05,9,2026-01-01,419718499.1084349,417991423.70334077,1727075.4050941467,0.41148422305969273,-0.41148422305968824
valor_aprovado_real,real_jun_2026,gradient_boosting,aprendizagem,2025-05,10,2026-02-01,378058045.77417153,390206199.3621464,-12148153.587974846,3.2133038097624302,3.2133038097624356
valor_aprovado_real,real_jun_2026,gradient_boosting,aprendizagem,2025-05,11,2026-03-01,417924666.2769595,411313936.04508,6610730.231879473,1.5817994881160065,-1.5817994881160091
valor_aprovado_real,real_jun_2026,gradient_boosting,aprendizagem,2025-05,12,2026-04-01,399704198.75121015,405088558.644837,-5384359.893626869,1.3470861478185978,1.3470861478185991
valor_aprovado_real,real_jun_2026,gradient_boosting,aprendizagem,2025-06,1,2025-06-01,394647218.1248688,404829517.2753944,-10182299.15052557,2.580101590201461,2.5801015902014557
valor_aprovado_real,real_jun_2026,gradient_boosting,aprendizagem,2025-06,2,2025-07-01,423835549.0030809,421077818.1248971,2757730.878183782,0.6506605886812331,-0.6506605886812289
valor_aprovado_real,real_jun_2026,gradient_boosting,aprendizagem,2025-06,3,2025-08-01,411913243.8502616,421247817.1639483,-9334573.313686669,2.2661503248679145,2.2661503248679216
valor_aprovado_real,real_jun_2026,gradient_boosting,aprendizagem,2025-06,4,2025-09-01,411490588.8396937,407979763.7030798,3510825.1366139054,0.8531969458921534,-0.853196945892154
valor_aprovado_real,real_jun_2026,gradient_boosting,aprendizagem,2025-06,5,2025-10-01,427672977.16345227,421063452.5131159,6609524.650336385,1.5454623049073992,-1.5454623049073968
valor_aprovado_real,real_jun_2026,gradient_boosting,aprendizagem,2025-06,6,2025-11-01,396346421.4330967,419602511.23322046,-23256089.80012375,5.867616948838626,5.8676169488386165
valor_aprovado_real,real_jun_2026,gradient_boosting,aprendizagem,2025-06,7,2025-12-01,432042733.88196224,421370215.51946115,10672518.362501085,2.470246002428294,-2.470246002428289
valor_aprovado_real,real_jun_2026,gradient_boosting,aprendizagem,2025-06,8,2026-01-01,419718499.1084349,419701706.2267256,16792.881709337234,0.004000986791148981,-0.004000986791152794
valor_aprovado_real,real_jun_2026,gradient_boosting,aprendizagem,2025-06,9,2026-02-01,378058045.77417153,390333910.7761426,-12275865.001971066,3.2470847107176524,3.2470847107176626
valor_aprovado_real,real_jun_2026,gradient_boosting,aprendizagem,2025-06,10,2026-03-01,417924666.2769595,412755451.94051737,5169214.336442113,1.2368770626753254,-1.2368770626753234
valor_aprovado_real,real_jun_2026,gradient_boosting,aprendizagem,2025-06,11,2026-04-01,399704198.75121015,406008203.9469678,-6304005.1957576275,1.5771676193177697,1.5771676193177653
valor_aprovado_real,real_jun_2026,gradient_boosting,aprendizagem,2025-06,12,2026-05-01,427248135.7591183,421077818.1248971,6170317.634221196,1.4442000134788204,-1.4442000134788247
valor_aprovado_real,real_jun_2026,gradient_boosting,aprendizagem,2025-07,1,2025-07-01,423835549.0030809,419131231.8451307,4704317.1579502225,1.1099392604078206,-1.1099392604078218
valor_aprovado_real,real_jun_2026,gradient_boosting,aprendizagem,2025-07,2,2025-08-01,411913243.8502616,420006196.7350125,-8092952.884750843,1.9647226705079641,1.9647226705079568
valor_aprovado_real,real_jun_2026,gradient_boosting,aprendizagem,2025-07,3,2025-09-01,411490588.8396937,408023538.6029409,3467050.236752808,0.8425588168441642,-0.8425588168441633
valor_aprovado_real,real_jun_2026,gradient_boosting,aprendizagem,2025-07,4,2025-10-01,427672977.16345227,419901797.8711887,7771179.292263567,1.8170844797831363,-1.8170844797831376
valor_aprovado_real,real_jun_2026,gradient_boosting,aprendizagem,2025-07,5,2025-11-01,396346421.4330967,417579441.72885424,-21233020.295757532,5.357187336013746,5.357187336013758
valor_aprovado_real,real_jun_2026,gradient_boosting,aprendizagem,2025-07,6,2025-12-01,432042733.88196224,419576941.0698027,12465792.812159538,2.885314769711021,-2.8853147697110226
valor_aprovado_real,real_jun_2026,gradient_boosting,aprendizagem,2025-07,7,2026-01-01,419718499.1084349,418590036.04588014,1128463.0625547767,0.2688618836081458,-0.26886188360815133
valor_aprovado_real,real_jun_2026,gradient_boosting,aprendizagem,2025-07,8,2026-02-01,378058045.77417153,392596822.9710884,-14538777.196916878,3.845646815198702,3.8456468151987
valor_aprovado_real,real_jun_2026,gradient_boosting,aprendizagem,2025-07,9,2026-03-01,417924666.2769595,411611961.05513066,6312705.221828818,1.510488786906245,-1.51048878690625
valor_aprovado_real,real_jun_2026,gradient_boosting,aprendizagem,2025-07,10,2026-04-01,399704198.75121015,405030363.98914653,-5326165.2379363775,1.3325267171515425,1.3325267171515387
valor_aprovado_real,real_jun_2026,gradient_boosting,aprendizagem,2025-07,11,2026-05-01,427248135.7591183,419131231.8451307,8116903.913987637,1.8998102588711894,-1.899810258871193
valor_aprovado_real,real_jun_2026,gradient_boosting,aprendizagem,2025-07,12,2026-06-01,409258364.78,400092464.67903745,9165900.10096252,2.23963659383962,-2.2396365938396223
valor_aprovado_real,real_jun_2026,holt_winters,baseline,2022-01,1,2022-01-01,376627415.5025755,345196838.67906415,31430576.823511362,8.345270559120099,-8.345270559120099
valor_aprovado_real,real_jun_2026,holt_winters,baseline,2022-01,2,2022-02-01,345128541.7684927,314618717.97081536,30509823.797677338,8.840133488044838,-8.840133488044833
valor_aprovado_real,real_jun_2026,holt_winters,baseline,2022-01,3,2022-03-01,380554639.46775067,345701966.1932168,34852673.27453387,9.158388746299174,-9.158388746299174
valor_aprovado_real,real_jun_2026,holt_winters,baseline,2022-01,4,2022-04-01,364739929.8149265,326205908.5083685,38534021.30655801,10.564793749373875,-10.56479374937388
valor_aprovado_real,real_jun_2026,holt_winters,baseline,2022-01,5,2022-05-01,365435073.1539744,340200845.8983539,25234227.25562054,6.9052559837320855,-6.905255983732084
valor_aprovado_real,real_jun_2026,holt_winters,baseline,2022-01,6,2022-06-01,363743552.1431217,323109427.6470589,40634124.496062815,11.171091351764927,-11.171091351764929
valor_aprovado_real,real_jun_2026,holt_winters,baseline,2022-01,7,2022-07-01,368638493.582824,328447798.0380323,40190695.5447917,10.902468473700464,-10.902468473700466
valor_aprovado_real,real_jun_2026,holt_winters,baseline,2022-01,8,2022-08-01,387421803.680154,334150853.8904294,53270949.78972465,13.750116612874955,-13.750116612874951
valor_aprovado_real,real_jun_2026,holt_winters,baseline,2022-01,9,2022-09-01,374573280.9595117,318410932.1472911,56162348.81222057,14.993687928929255,-14.993687928929255
valor_aprovado_real,real_jun_2026,holt_winters,baseline,2022-01,10,2022-10-01,373101374.5192903,326044794.3095192,47056580.20977116,12.612277365742647,-12.612277365742642
valor_aprovado_real,real_jun_2026,holt_winters,baseline,2022-01,11,2022-11-01,371409370.2333421,313481531.02315027,57927839.210191846,15.596762993297133,-15.59676299329713
valor_aprovado_real,real_jun_2026,holt_winters,baseline,2022-01,12,2022-12-01,384096741.9936161,321844113.02227265,62252628.97134346,16.207538925799618,-16.207538925799614
valor_aprovado_real,real_jun_2026,holt_winters,baseline,2022-02,1,2022-02-01,345128541.7684927,330719322.1431847,14409219.625307977,4.1750298458287105,-4.175029845828715
valor_aprovado_real,real_jun_2026,holt_winters,baseline,2022-02,2,2022-03-01,380554639.46775067,363181303.2571025,17373336.21064818,4.565267220220146,-4.565267220220148
valor_aprovado_real,real_jun_2026,holt_winters,baseline,2022-02,3,2022-04-01,364739929.8149265,345063979.26511645,19675950.549810052,5.394515089092074,-5.394515089092078
valor_aprovado_real,real_jun_2026,holt_winters,baseline,2022-02,4,2022-05-01,365435073.1539744,360437649.5875392,4997423.566435218,1.3675270748655195,-1.3675270748655155
valor_aprovado_real,real_jun_2026,holt_winters,baseline,2022-02,5,2022-06-01,363743552.1431217,344724964.19022405,19018587.952897668,5.228570469728752,-5.228570469728755
valor_aprovado_real,real_jun_2026,holt_winters,baseline,2022-02,6,2022-07-01,368638493.582824,351442070.04372203,17196423.53910196,4.664847496518522,-4.6648474965185205
valor_aprovado_real,real_jun_2026,holt_winters,baseline,2022-02,7,2022-08-01,387421803.680154,358523858.0789297,28897945.601224303,7.459039560169344,-7.459039560169344
valor_aprovado_real,real_jun_2026,holt_winters,baseline,2022-02,8,2022-09-01,374573280.9595117,344162668.748804,30410612.210707724,8.118735039725074,-8.118735039725077
valor_aprovado_real,real_jun_2026,holt_winters,baseline,2022-02,9,2022-10-01,373101374.5192903,353175263.4966719,19926111.022618413,5.340669422162147,-5.340669422162147
valor_aprovado_real,real_jun_2026,holt_winters,baseline,2022-02,10,2022-11-01,371409370.2333421,341990734.61147386,29418635.621868253,7.92081136870232,-7.920811368702319
valor_aprovado_real,real_jun_2026,holt_winters,baseline,2022-02,11,2022-12-01,384096741.9936161,351732049.90394825,32364692.089667857,8.426182404381285,-8.426182404381288
valor_aprovado_real,real_jun_2026,holt_winters,baseline,2022-02,12,2023-01-01,374259433.1719504,350934485.90123004,23324947.270720363,6.232293752233603,-6.232293752233609
valor_aprovado_real,real_jun_2026,holt_winters,baseline,2022-03,1,2022-03-01,380554639.46775067,371110768.508447,9443870.959303677,2.481607101811192,-2.4816071018111896
valor_aprovado_real,real_jun_2026,holt_winters,baseline,2022-03,2,2022-04-01,364739929.8149265,353404198.340847,11335731.47407949,3.1078942960348153,-3.107894296034819
valor_aprovado_real,real_jun_2026,holt_winters,baseline,2022-03,3,2022-05-01,365435073.1539744,369178093.16153765,-3743020.0075632334,1.0242640300664652,1.0242640300664574
valor_aprovado_real,real_jun_2026,holt_winters,baseline,2022-03,4,2022-06-01,363743552.1431217,353878369.7884894,9865182.354632318,2.712125698588515,-2.712125698588519
valor_aprovado_real,real_jun_2026,holt_winters,baseline,2022-03,5,2022-07-01,368638493.582824,361001846.33406174,7636647.24876225,2.0715816122568014,-2.071581612256801
valor_aprovado_real,real_jun_2026,holt_winters,baseline,2022-03,6,2022-08-01,387421803.680154,368483613.982548,18938189.697606027,4.888261196894569,-4.888261196894572
valor_aprovado_real,real_jun_2026,holt_winters,baseline,2022-03,7,2022-09-01,374573280.9595117,354531655.7722875,20041625.18722421,5.350521835376332,-5.350521835376332
valor_aprovado_real,real_jun_2026,holt_winters,baseline,2022-03,8,2022-10-01,373101374.5192903,363951727.25554585,9149647.263744473,2.4523220466644013,-2.4523220466644013
valor_aprovado_real,real_jun_2026,holt_winters,baseline,2022-03,9,2022-11-01,371409370.2333421,353172099.49261445,18237270.740727663,4.910288270128967,-4.910288270128971
valor_aprovado_real,real_jun_2026,holt_winters,baseline,2022-03,10,2022-12-01,384096741.9936161,363320928.6470356,20775813.346580505,5.409005355980294,-5.409005355980289
valor_aprovado_real,real_jun_2026,holt_winters,baseline,2022-03,11,2023-01-01,374259433.1719504,362931883.74382555,11327549.428124845,3.0266570256147682,-3.026657025614765
valor_aprovado_real,real_jun_2026,holt_winters,baseline,2022-03,12,2023-02-01,343845742.32525706,334135555.52178687,9710186.803470194,2.823995067615219,-2.823995067615215
valor_aprovado_real,real_jun_2026,holt_winters,baseline,2022-04,1,2022-04-01,364739929.8149265,358284043.4392707,6455886.37565583,1.7699971535695653,-1.769997153569569
valor_aprovado_real,real_jun_2026,holt_winters,baseline,2022-04,2,2022-05-01,365435073.1539744,374191608.35737944,-8756535.203405023,2.3961945217325913,2.3961945217325864
valor_aprovado_real,real_jun_2026,holt_winters,baseline,2022-04,3,2022-06-01,363743552.1431217,359012817.60327125,4730734.539850473,1.3005686319324987,-1.3005686319324972
valor_aprovado_real,real_jun_2026,holt_winters,baseline,2022-04,4,2022-07-01,368638493.582824,366263815.1791296,2374678.4036943913,0.6441753764276544,-0.6441753764276581
valor_aprovado_real,real_jun_2026,holt_winters,baseline,2022-04,5,2022-08-01,387421803.680154,373879498.94921046,13542304.73094356,3.4954936976453075,-3.495493697645302
valor_aprovado_real,real_jun_2026,holt_winters,baseline,2022-04,6,2022-09-01,374573280.9595117,360052202.6995657,14521078.259945989,3.876698899277762,-3.876698899277764
valor_aprovado_real,real_jun_2026,holt_winters,baseline,2022-04,7,2022-10-01,373101374.5192903,369598691.11749625,3502683.401794076,0.9388020631944839,-0.9388020631944882
valor_aprovado_real,real_jun_2026,holt_winters,baseline,2022-04,8,2022-11-01,371409370.2333421,358948056.9104971,12461313.322844982,3.3551424173859754,-3.35514241738597
valor_aprovado_real,real_jun_2026,holt_winters,baseline,2022-04,9,2022-12-01,384096741.9936161,369223264.5132734,14873477.480342686,3.8723258633081277,-3.8723258633081237
valor_aprovado_real,real_jun_2026,holt_winters,baseline,2022-04,10,2023-01-01,374259433.1719504,368959595.0968257,5299838.075124681,1.4160867049380994,-1.416086704938102
valor_aprovado_real,real_jun_2026,holt_winters,baseline,2022-04,11,2023-02-01,343845742.32525706,340294102.462,3551639.8632570505,1.0329166326850765,-1.032916632685077
valor_aprovado_real,real_jun_2026,holt_winters,baseline,2022-04,12,2023-03-01,385752047.0654128,373289976.68925273,12462070.376160085,3.230590860363436,-3.230590860363436
valor_aprovado_real,real_jun_2026,holt_winters,baseline,2022-05,1,2022-05-01,365435073.1539744,388154337.8154046,-22719264.66143018,6.217045470032791,6.217045470032789
valor_aprovado_real,real_jun_2026,holt_winters,baseline,2022-05,2,2022-06-01,363743552.1431217,379009093.02918226,-15265540.886060536,4.196786663603599,4.196786663603591
valor_aprovado_real,real_jun_2026,holt_winters,baseline,2022-05,3,2022-07-01,368638493.582824,392287038.9989391,-23648545.416115105,6.415104723945999,6.415104723945997
valor_aprovado_real,real_jun_2026,holt_winters,baseline,2022-05,4,2022-08-01,387421803.680154,405922787.0455688,-18500983.3654148,4.77541098349972,4.775410983499717
valor_aprovado_real,real_jun_2026,holt_winters,baseline,2022-05,5,2022-09-01,374573280.9595117,398124965.33906424,-23551684.379552543,6.28760394207036,6.287603942070352
valor_aprovado_real,real_jun_2026,holt_winters,baseline,2022-05,6,2022-10-01,373101374.5192903,413699577.2449824,-40598202.72569209,10.881279324687414,10.881279324687409
valor_aprovado_real,real_jun_2026,holt_winters,baseline,2022-05,7,2022-11-01,371409370.2333421,409074436.37834567,-37665066.14500356,10.141118981823226,10.141118981823215
valor_aprovado_real,real_jun_2026,holt_winters,baseline,2022-05,8,2022-12-01,384096741.9936161,425377711.42403835,-41280969.43042225,10.747544802425937,10.747544802425946
valor_aprovado_real,real_jun_2026,holt_winters,baseline,2022-05,9,2023-01-01,374259433.1719504,431143107.5334947,-56883674.36154431,15.198995488086888,15.198995488086897
valor_aprovado_real,real_jun_2026,holt_winters,baseline,2022-05,10,2023-02-01,343845742.32525706,408502276.1560973,-64656533.83084023,18.803936146947866,18.803936146947862
valor_aprovado_real,real_jun_2026,holt_winters,baseline,2022-05,11,2023-03-01,385752047.0654128,447522613.6941113,-61770566.62869847,16.01302367637829,16.01302367637829
valor_aprovado_real,real_jun_2026,holt_winters,baseline,2022-05,12,2023-04-01,354703652.6513935,435970315.2716638,-81266662.62027031,22.911143432779944,22.911143432779934
valor_aprovado_real,real_jun_2026,holt_winters,baseline,2022-06,1,2022-06-01,363743552.1431217,356994494.0931495,6749058.049972236,1.8554440374840493,-1.8554440374840442
valor_aprovado_real,real_jun_2026,holt_winters,baseline,2022-06,2,2022-07-01,368638493.582824,364193836.916357,4444656.666467011,1.205695211932176,-1.2056952119321784
valor_aprovado_real,real_jun_2026,holt_winters,baseline,2022-06,3,2022-08-01,387421803.680154,370894306.967072,16527496.713082016,4.266021312194064,-4.266021312194068
valor_aprovado_real,real_jun_2026,holt_winters,baseline,2022-06,4,2022-09-01,374573280.9595117,357366790.33129007,17206490.62822163,4.5936246664858915,-4.593624666485896
valor_aprovado_real,real_jun_2026,holt_winters,baseline,2022-06,5,2022-10-01,373101374.5192903,366986009.3634871,6115365.155803204,1.6390626176819467,-1.6390626176819412
valor_aprovado_real,real_jun_2026,holt_winters,baseline,2022-06,6,2022-11-01,371409370.2333421,356073240.1146585,15336130.118683636,4.129171568570966,-4.129171568570966
valor_aprovado_real,real_jun_2026,holt_winters,baseline,2022-06,7,2022-12-01,384096741.9936161,366417746.1100596,17678995.883556485,4.602745597839599,-4.602745597839597
valor_aprovado_real,real_jun_2026,holt_winters,baseline,2022-06,8,2023-01-01,374259433.1719504,366366200.07411647,7893233.097833931,2.1090271609019005,-2.1090271609018996
valor_aprovado_real,real_jun_2026,holt_winters,baseline,2022-06,9,2023-02-01,343845742.32525706,337364689.039812,6481053.2854450345,1.8848723388624526,-1.8848723388624533
valor_aprovado_real,real_jun_2026,holt_winters,baseline,2022-06,10,2023-03-01,385752047.0654128,370023906.854208,15728140.211204827,4.077266817079981,-4.077266817079983
valor_aprovado_real,real_jun_2026,holt_winters,baseline,2022-06,11,2023-04-01,354703652.6513935,352888569.9951887,1815082.65620476,0.5117180617219758,-0.5117180617219774
valor_aprovado_real,real_jun_2026,holt_winters,baseline,2022-06,12,2023-05-01,383837561.6060568,367841689.69285125,15995871.913205564,4.1673545044094915,-4.167354504409493
valor_aprovado_real,real_jun_2026,holt_winters,baseline,2022-07,1,2022-07-01,368638493.582824,367701409.6877919,937083.8950321078,0.25420131411793767,-0.2542013141179411
valor_aprovado_real,real_jun_2026,holt_winters,baseline,2022-07,2,2022-08-01,387421803.680154,374011535.83314866,13410267.847005367,3.461412785656369,-3.4614127856563703
valor_aprovado_real,real_jun_2026,holt_winters,baseline,2022-07,3,2022-09-01,374573280.9595117,360809656.1808592,13763624.77865249,3.674481197216046,-3.6744811972160507
valor_aprovado_real,real_jun_2026,holt_winters,baseline,2022-07,4,2022-10-01,373101374.5192903,370626701.958587,2474672.560703337,0.6632708238857989,-0.6632708238857976
valor_aprovado_real,real_jun_2026,holt_winters,baseline,2022-07,5,2022-11-01,371409370.2333421,359718360.11763453,11691010.115707576,3.1477423707330185,-3.14774237073302
valor_aprovado_real,real_jun_2026,holt_winters,baseline,2022-07,6,2022-12-01,384096741.9936161,370250155.55466974,13846586.438946366,3.6049736759226416,-3.6049736759226403
valor_aprovado_real,real_jun_2026,holt_winters,baseline,2022-07,7,2023-01-01,374259433.1719504,370480755.532259,3778677.6396914124,1.009641255443074,-1.0096412554430723
valor_aprovado_real,real_jun_2026,holt_winters,baseline,2022-07,8,2023-02-01,343845742.32525706,341436523.5893185,2409218.735938549,0.7006684798963063,-0.7006684798963048
valor_aprovado_real,real_jun_2026,holt_winters,baseline,2022-07,9,2023-03-01,385752047.0654128,374057498.4799819,11694548.58543092,3.0316232083268373,-3.031623208326839
valor_aprovado_real,real_jun_2026,holt_winters,baseline,2022-07,10,2023-04-01,354703652.6513935,357319859.32106316,-2616206.6696696877,0.7375753393328948,0.7375753393328965
valor_aprovado_real,real_jun_2026,holt_winters,baseline,2022-07,11,2023-05-01,383837561.6060568,371636145.5739227,12201416.032134116,3.178796775667507,-3.178796775667503
valor_aprovado_real,real_jun_2026,holt_winters,baseline,2022-07,12,2023-06-01,370095657.3152356,358054184.72583395,12041472.589401662,3.253610884481447,-3.2536108844814504
valor_aprovado_real,real_jun_2026,holt_winters,baseline,2022-08,1,2022-08-01,387421803.680154,374435698.40211475,12986105.278039277,3.351929384119095,-3.35192938411909
valor_aprovado_real,real_jun_2026,holt_winters,baseline,2022-08,2,2022-09-01,374573280.9595117,361268801.7644307,13304479.195080996,3.551902890937675,-3.551902890937675
valor_aprovado_real,real_jun_2026,holt_winters,baseline,2022-08,3,2022-10-01,373101374.5192903,371108992.0814748,1992382.437815547,0.5340056547319247,-0.5340056547319283
valor_aprovado_real,real_jun_2026,holt_winters,baseline,2022-08,4,2022-11-01,371409370.2333421,360206217.82210165,11203152.411240458,3.01638927531687,-3.0163892753168664
valor_aprovado_real,real_jun_2026,holt_winters,baseline,2022-08,5,2022-12-01,384096741.9936161,370759954.2350403,13336787.758575797,3.472247041032559,-3.472247041032561
valor_aprovado_real,real_jun_2026,holt_winters,baseline,2022-08,6,2023-01-01,374259433.1719504,371021469.74097127,3237963.4309791327,0.8651654825468292,-0.8651654825468258
valor_aprovado_real,real_jun_2026,holt_winters,baseline,2022-08,7,2023-02-01,343845742.32525706,341978240.1570703,1867502.1681867838,0.5431220859556961,-0.543122085955694
valor_aprovado_real,real_jun_2026,holt_winters,baseline,2022-08,8,2023-03-01,385752047.0654128,374601015.06450075,11151032.00091207,2.890725295106772,-2.8907252951067774
valor_aprovado_real,real_jun_2026,holt_winters,baseline,2022-08,9,2023-04-01,354703652.6513935,357904165.2418164,-3200512.5904229283,0.9023060705744764,0.9023060705744657
valor_aprovado_real,real_jun_2026,holt_winters,baseline,2022-08,10,2023-05-01,383837561.6060568,372181572.6505271,11655988.95552969,3.036698364474438,-3.0366983644744328
valor_aprovado_real,real_jun_2026,holt_winters,baseline,2022-08,11,2023-06-01,370095657.3152356,358810611.401298,11285045.913937628,3.049224083255154,-3.049224083255153
valor_aprovado_real,real_jun_2026,holt_winters,baseline,2022-08,12,2023-07-01,393992620.0391848,366030147.6431996,27962472.395985186,7.09720714900806,-7.097207149008056
valor_aprovado_real,real_jun_2026,holt_winters,baseline,2022-09,1,2022-09-01,374573280.9595117,367748072.73779666,6825208.221715033,1.8221289581124134,-1.8221289581124123
valor_aprovado_real,real_jun_2026,holt_winters,baseline,2022-09,2,2022-10-01,373101374.5192903,377726858.17784655,-4625483.658556223,1.2397391096496946,1.2397391096496957
valor_aprovado_real,real_jun_2026,holt_winters,baseline,2022-09,3,2022-11-01,371409370.2333421,367505944.3717066,3903425.861635506,1.0509766781551944,-1.050976678155191
valor_aprovado_real,real_jun_2026,holt_winters,baseline,2022-09,4,2022-12-01,384096741.9936161,378213487.48291934,5883254.510696769,1.5317116412288005,-1.5317116412288057
valor_aprovado_real,real_jun_2026,holt_winters,baseline,2022-09,5,2023-01-01,374259433.1719504,378383156.53650075,-4123723.364550352,1.1018355181058967,1.101835518105898
valor_aprovado_real,real_jun_2026,holt_winters,baseline,2022-09,6,2023-02-01,343845742.32525706,350146828.2135701,-6301085.888313055,1.8325327647514138,1.8325327647514156
valor_aprovado_real,real_jun_2026,holt_winters,baseline,2022-09,7,2023-03-01,385752047.0654128,383571811.3993377,2180235.6660751104,0.5651909517165576,-0.5651909517165543
valor_aprovado_real,real_jun_2026,holt_winters,baseline,2022-09,8,2023-04-01,354703652.6513935,366423684.11012036,-11720031.458726883,3.3041755761803375,3.304175576180346
valor_aprovado_real,real_jun_2026,holt_winters,baseline,2022-09,9,2023-05-01,383837561.6060568,382754435.4013116,1083126.204745233,0.2821834841314659,-0.28218348413147076
valor_aprovado_real,real_jun_2026,holt_winters,baseline,2022-09,10,2023-06-01,370095657.3152356,368015327.17300546,2080330.142230153,0.5621060666643257,-0.5621060666643252
valor_aprovado_real,real_jun_2026,holt_winters,baseline,2022-09,11,2023-07-01,393992620.0391848,375696935.52169764,18295684.51748717,4.6436617304323,-4.643661730432303
valor_aprovado_real,real_jun_2026,holt_winters,baseline,2022-09,12,2023-08-01,409567640.7760836,383737282.2703004,25830358.5057832,6.306738114573124,-6.306738114573129
valor_aprovado_real,real_jun_2026,holt_winters,baseline,2022-10,1,2022-10-01,373101374.5192903,381053249.2238574,-7951874.704567075,2.1312906485033443,2.131290648503348
valor_aprovado_real,real_jun_2026,holt_winters,baseline,2022-10,2,2022-11-01,371409370.2333421,370987442.2149957,421928.0183464289,0.1136018776481993,-0.11360187764819507
valor_aprovado_real,real_jun_2026,holt_winters,baseline,2022-10,3,2022-12-01,384096741.9936161,381850092.12348664,2246649.870129466,0.584917710696647,-0.5849177106966419
valor_aprovado_real,real_jun_2026,holt_winters,baseline,2022-10,4,2023-01-01,374259433.1719504,382174867.97434634,-7915434.80239594,2.114959330566628,2.1149593305666237
valor_aprovado_real,real_jun_2026,holt_winters,baseline,2022-10,5,2023-02-01,343845742.32525706,354093646.4486939,-10247904.123436809,2.9803783679667952,2.980378367966785
valor_aprovado_real,real_jun_2026,holt_winters,baseline,2022-10,6,2023-03-01,385752047.0654128,387673736.43173975,-1921689.3663269281,0.4981669911918998,0.4981669911918951
valor_aprovado_real,real_jun_2026,holt_winters,baseline,2022-10,7,2023-04-01,354703652.6513935,370680715.9398006,-15977063.288407147,4.504341347764348,4.50434134776434
valor_aprovado_real,real_jun_2026,holt_winters,baseline,2022-10,8,2023-05-01,383837561.6060568,387166574.0282701,-3329012.422213316,0.867297199441355,0.8672971994413636
valor_aprovado_real,real_jun_2026,holt_winters,baseline,2022-10,9,2023-06-01,370095657.3152356,372582572.5972422,-2486915.2820065618,0.6719655399491183,0.6719655399491264
valor_aprovado_real,real_jun_2026,holt_winters,baseline,2022-10,10,2023-07-01,393992620.0391848,380419287.74321264,13573332.295972168,3.4450727261394447,-3.445072726139442
valor_aprovado_real,real_jun_2026,holt_winters,baseline,2022-10,11,2023-08-01,409567640.7760836,388615914.42870194,20951726.34738165,5.115571705733524,-5.115571705733524
valor_aprovado_real,real_jun_2026,holt_winters,baseline,2022-10,12,2023-09-01,414783083.95888,375376603.83290285,39406480.12597716,9.500503190695154,-9.500503190695152
valor_aprovado_real,real_jun_2026,holt_winters,baseline,2022-11,1,2022-11-01,371409370.2333421,367111949.81947887,4297420.413863242,1.1570576184341657,-1.1570576184341652
valor_aprovado_real,real_jun_2026,holt_winters,baseline,2022-11,2,2022-12-01,384096741.9936161,377793888.80415034,6302853.189465761,1.640954608662241,-1.6409546086622373
valor_aprovado_real,real_jun_2026,holt_winters,baseline,2022-11,3,2023-01-01,374259433.1719504,377937953.3202736,-3678520.1483231783,0.9828797412390438,0.9828797412390511
valor_aprovado_real,real_jun_2026,holt_winters,baseline,2022-11,4,2023-02-01,343845742.32525706,349676021.1953606,-5830278.870103538,1.6956088595648364,1.6956088595648344
valor_aprovado_real,real_jun_2026,holt_winters,baseline,2022-11,5,2023-03-01,385752047.0654128,383075400.49877167,2676646.566641152,0.6938774757006713,-0.693877475700666
valor_aprovado_real,real_jun_2026,holt_winters,baseline,2022-11,6,2023-04-01,354703652.6513935,365901668.9968674,-11198016.345473945,3.1570062111763693,3.157006211176361
valor_aprovado_real,real_jun_2026,holt_winters,baseline,2022-11,7,2023-05-01,383837561.6060568,382206816.21945715,1630745.38659966,0.4248529976525172,-0.42485299765251394
valor_aprovado_real,real_jun_2026,holt_winters,baseline,2022-11,8,2023-06-01,370095657.3152356,367442103.5491071,2653553.76612854,0.7169913274254737,-0.7169913274254758
valor_aprovado_real,real_jun_2026,holt_winters,baseline,2022-11,9,2023-07-01,393992620.0391848,375098107.92936325,18894512.109821558,4.795651275889988,-4.795651275889989
valor_aprovado_real,real_jun_2026,holt_winters,baseline,2022-11,10,2023-08-01,409567640.7760836,383114023.2957599,26453617.480323672,6.458912972274154,-6.458912972274156
valor_aprovado_real,real_jun_2026,holt_winters,baseline,2022-11,11,2023-09-01,414783083.95888,369694684.8340359,45088399.124844134,10.870356306361332,-10.870356306361328
valor_aprovado_real,real_jun_2026,holt_winters,baseline,2022-11,12,2023-10-01,415687803.60620886,379647182.7925802,36040620.81362867,8.67011745376365,-8.670117453763648
valor_aprovado_real,real_jun_2026,holt_winters,baseline,2022-12,1,2022-12-01,384096741.9936161,379888315.86562127,4208426.127994835,1.095668269965378,-1.0956682699653775
valor_aprovado_real,real_jun_2026,holt_winters,baseline,2022-12,2,2023-01-01,374259433.1719504,380130041.7418142,-5870608.569863796,1.5685933471626334,1.568593347162639
valor_aprovado_real,real_jun_2026,holt_winters,baseline,2022-12,3,2023-02-01,343845742.32525706,351965770.9769713,-8120028.651714265,2.361532411831703,2.3615324118317016
valor_aprovado_real,real_jun_2026,holt_winters,baseline,2022-12,4,2023-03-01,385752047.0654128,385462811.64045244,289235.42496037483,0.07497962153686992,-0.07497962153687476
valor_aprovado_real,real_jun_2026,holt_winters,baseline,2022-12,5,2023-04-01,354703652.6513935,368386741.49861777,-13683088.847224295,3.8576114863615967,3.8576114863615896
valor_aprovado_real,real_jun_2026,holt_winters,baseline,2022-12,6,2023-05-01,383837561.6060568,384789550.0812781,-951988.4752212763,0.2480185814118756,0.2480185814118796
valor_aprovado_real,real_jun_2026,holt_winters,baseline,2022-12,7,2023-06-01,370095657.3152356,370122498.77099717,-26841.455761551857,0.0072525724717405066,0.007252572471738716
valor_aprovado_real,real_jun_2026,holt_winters,baseline,2022-12,8,2023-07-01,393992620.0391848,377876164.5113234,16116455.527861416,4.0905475656520025,-4.0905475656520025
valor_aprovado_real,real_jun_2026,holt_winters,baseline,2022-12,9,2023-08-01,409567640.7760836,385989741.2377903,23577899.538293302,5.756777926502175,-5.756777926502177
valor_aprovado_real,real_jun_2026,holt_winters,baseline,2022-12,10,2023-09-01,414783083.95888,372668064.136136,42115019.82274401,10.153504675450828,-10.153504675450831
valor_aprovado_real,real_jun_2026,holt_winters,baseline,2022-12,11,2023-10-01,415687803.60620886,382717428.26371795,32970375.34249091,7.931523382804021,-7.931523382804018
valor_aprovado_real,real_jun_2026,holt_winters,baseline,2022-12,12,2023-11-01,414908900.7723528,372569367.5346305,42339533.23772234,10.204537227065341,-10.204537227065336
valor_aprovado_real,real_jun_2026,holt_winters,baseline,2023-01,1,2023-01-01,374259433.1719504,381977167.5582562,-7717734.386305809,2.0621348995524076,2.0621348995524036
valor_aprovado_real,real_jun_2026,holt_winters,baseline,2023-01,2,2023-02-01,343845742.32525706,353685866.32603437,-9840124.000777304,2.8617844543409086,2.86178445434091
valor_aprovado_real,real_jun_2026,holt_winters,baseline,2023-01,3,2023-03-01,385752047.0654128,387055131.02590364,-1303083.9604908228,0.337803511453526,0.33780351145351606
valor_aprovado_real,real_jun_2026,holt_winters,baseline,2023-01,4,2023-04-01,354703652.6513935,370020907.9601213,-15317255.3087278,4.318324661793591,4.318324661793582
valor_aprovado_real,real_jun_2026,holt_winters,baseline,2023-01,5,2023-05-01,383837561.6060568,386132370.25607836,-2294808.650021553,0.597859323725274,0.5978593237252694
valor_aprovado_real,real_jun_2026,holt_winters,baseline,2023-01,6,2023-06-01,370095657.3152356,371627906.9695431,-1532249.6543074846,0.4140144916648842,0.41401449166489357
valor_aprovado_real,real_jun_2026,holt_winters,baseline,2023-01,7,2023-07-01,393992620.0391848,379294690.5190929,14697929.520091891,3.730508840147843,-3.7305088401478392
valor_aprovado_real,real_jun_2026,holt_winters,baseline,2023-01,8,2023-08-01,409567640.7760836,387190145.5340933,22377495.24199027,5.463687316602329,-5.4636873166023285
valor_aprovado_real,real_jun_2026,holt_winters,baseline,2023-01,9,2023-09-01,414783083.95888,373862805.69652194,40920278.26235807,9.865464587368454,-9.865464587368455
valor_aprovado_real,real_jun_2026,holt_winters,baseline,2023-01,10,2023-10-01,415687803.60620886,383830517.1733145,31857286.43289435,7.663752979164511,-7.6637529791645065
valor_aprovado_real,real_jun_2026,holt_winters,baseline,2023-01,11,2023-11-01,414908900.7723528,373605618.6579549,41303282.11439794,9.954783336176181,-9.954783336176176
valor_aprovado_real,real_jun_2026,holt_winters,baseline,2023-01,12,2023-12-01,423652032.5119792,384332078.12776554,39319954.384213686,9.281191016852226,-9.28119101685223
valor_aprovado_real,real_jun_2026,holt_winters,baseline,2023-02,1,2023-02-01,343845742.32525706,349855310.93998575,-6009568.614728689,1.7477513532926063,1.7477513532926148
valor_aprovado_real,real_jun_2026,holt_winters,baseline,2023-02,2,2023-03-01,385752047.0654128,383118693.64576805,2633353.419644773,0.6826544252137772,-0.6826544252137801
valor_aprovado_real,real_jun_2026,holt_winters,baseline,2023-02,3,2023-04-01,354703652.6513935,365802770.37546676,-11099117.72407329,3.1291241691783824,3.1291241691783878
valor_aprovado_real,real_jun_2026,holt_winters,baseline,2023-02,4,2023-05-01,383837561.6060568,381977841.55631,1859720.0497468114,0.4845070508382121,-0.4845070508382121
valor_aprovado_real,real_jun_2026,holt_winters,baseline,2023-02,5,2023-06-01,370095657.3152356,367066556.0365732,3029101.278662443,0.8184644209651863,-0.8184644209651815
valor_aprovado_real,real_jun_2026,holt_winters,baseline,2023-02,6,2023-07-01,393992620.0391848,374585060.9449753,19407559.094209492,4.925868685631548,-4.925868685631551
valor_aprovado_real,real_jun_2026,holt_winters,baseline,2023-02,7,2023-08-01,409567640.7760836,382468250.54996276,27099390.22612083,6.6165847904318325,-6.616584790431834
valor_aprovado_real,real_jun_2026,holt_winters,baseline,2023-02,8,2023-09-01,414783083.95888,368908462.82661784,45874621.13226217,11.059906468319234,-11.059906468319236
valor_aprovado_real,real_jun_2026,holt_winters,baseline,2023-02,9,2023-10-01,415687803.60620886,378722455.3078881,36965348.29832077,8.892574662435596,-8.892574662435592
valor_aprovado_real,real_jun_2026,holt_winters,baseline,2023-02,10,2023-11-01,414908900.7723528,368339329.339637,46569571.43271583,11.224047338108821,-11.224047338108821
valor_aprovado_real,real_jun_2026,holt_winters,baseline,2023-02,11,2023-12-01,423652032.5119792,378882044.6085967,44769987.90338254,10.567632034697395,-10.567632034697393
valor_aprovado_real,real_jun_2026,holt_winters,baseline,2023-02,12,2024-01-01,422852714.1768064,378885881.4591381,43966832.717668295,10.397670688542524,-10.397670688542526
valor_aprovado_real,real_jun_2026,holt_winters,baseline,2023-03,1,2023-03-01,385752047.0654128,380131819.9032964,5620227.162116408,1.4569532954839703,-1.4569532954839648
valor_aprovado_real,real_jun_2026,holt_winters,baseline,2023-03,2,2023-04-01,354703652.6513935,362702661.785798,-7999009.13440454,2.2551245454091933,2.255124545409193
valor_aprovado_real,real_jun_2026,holt_winters,baseline,2023-03,3,2023-05-01,383837561.6060568,378764499.085011,5073062.521045804,1.3216691195668937,-1.3216691195668928
valor_aprovado_real,real_jun_2026,holt_winters,baseline,2023-03,4,2023-06-01,370095657.3152356,363739980.52134204,6355676.793893576,1.7173065039452797,-1.7173065039452817
valor_aprovado_real,real_jun_2026,holt_winters,baseline,2023-03,5,2023-07-01,393992620.0391848,371145250.57131225,22847369.46787256,5.798933357076653,-5.798933357076653
valor_aprovado_real,real_jun_2026,holt_winters,baseline,2023-03,6,2023-08-01,409567640.7760836,378915206.71489674,30652434.06118685,7.4840956680815935,-7.484095668081592
valor_aprovado_real,real_jun_2026,holt_winters,baseline,2023-03,7,2023-09-01,414783083.95888,365242183.18223125,49540900.77664876,11.943809353025605,-11.943809353025603
valor_aprovado_real,real_jun_2026,holt_winters,baseline,2023-03,8,2023-10-01,415687803.60620886,374942943.7504144,40744859.85579449,9.801793437844783,-9.801793437844786
valor_aprovado_real,real_jun_2026,holt_winters,baseline,2023-03,9,2023-11-01,414908900.7723528,364446581.8498788,50462318.92247403,12.162264735352371,-12.162264735352368
valor_aprovado_real,real_jun_2026,holt_winters,baseline,2023-03,10,2023-12-01,423652032.5119792,374876061.9080154,48775970.60396385,11.51321529481501,-11.513215294815016
valor_aprovado_real,real_jun_2026,holt_winters,baseline,2023-03,11,2024-01-01,422852714.1768064,374766664.96801805,48086049.208788335,11.371819926094226,-11.37181992609423
valor_aprovado_real,real_jun_2026,holt_winters,baseline,2023-03,12,2024-02-01,397566184.64715,346255444.14613,51310740.501019955,12.906213476520778,-12.906213476520778
valor_aprovado_real,real_jun_2026,holt_winters,baseline,2023-04,1,2023-04-01,354703652.6513935,365478209.998658,-10774557.347264528,3.0376223268988656,3.037622326898859
valor_aprovado_real,real_jun_2026,holt_winters,baseline,2023-04,2,2023-05-01,383837561.6060568,381642362.52735573,2195199.078701079,0.5719083535013889,-0.5719083535013936
valor_aprovado_real,real_jun_2026,holt_winters,baseline,2023-04,3,2023-06-01,370095657.3152356,366720159.47989655,3375497.8353390694,0.9120609141500757,-0.9120609141500702
valor_aprovado_real,real_jun_2026,holt_winters,baseline,2023-04,4,2023-07-01,393992620.0391848,374227744.61935836,19764875.419826448,5.016559807100123,-5.016559807100118
valor_aprovado_real,real_jun_2026,holt_winters,baseline,2023-04,5,2023-08-01,409567640.7760836,382100016.0032051,27467624.772878468,6.706492905745795,-6.706492905745797
valor_aprovado_real,real_jun_2026,holt_winters,baseline,2023-04,6,2023-09-01,414783083.95888,368529307.6858582,46253776.27302182,11.151316932106912,-11.151316932106914
valor_aprovado_real,real_jun_2026,holt_winters,baseline,2023-04,7,2023-10-01,415687803.60620886,378332383.3401292,37355420.266079664,8.98641238497037,-8.986412384970366
valor_aprovado_real,real_jun_2026,holt_winters,baseline,2023-04,8,2023-11-01,414908900.7723528,367938336.8395847,46970563.93276811,11.320693252261501,-11.320693252261504
valor_aprovado_real,real_jun_2026,holt_winters,baseline,2023-04,9,2023-12-01,423652032.5119792,378470131.9569215,45181900.555057704,10.664861038706368,-10.664861038706363
valor_aprovado_real,real_jun_2026,holt_winters,baseline,2023-04,10,2024-01-01,422852714.1768064,378463050.10289824,44389664.07390815,10.497665637626156,-10.497665637626152
valor_aprovado_real,real_jun_2026,holt_winters,baseline,2023-04,11,2024-02-01,397566184.64715,350054144.91601837,47512039.73113161,11.950724575154636,-11.950724575154636
valor_aprovado_real,real_jun_2026,holt_winters,baseline,2023-04,12,2024-03-01,412314480.556508,383306606.9645926,29007873.59191543,7.035375898698246,-7.035375898698248
valor_aprovado_real,real_jun_2026,holt_winters,baseline,2023-05,1,2023-05-01,383837561.6060568,376358810.69032264,7478750.915734172,1.948415596545974,-1.9484155965459715
valor_aprovado_real,real_jun_2026,holt_winters,baseline,2023-05,2,2023-06-01,370095657.3152356,361252220.0292486,8843437.28598702,2.3895004200101875,-2.389500420010182
valor_aprovado_real,real_jun_2026,holt_winters,baseline,2023-05,3,2023-07-01,393992620.0391848,368575417.6618356,25417202.377349198,6.4511874295567555,-6.451187429556759
valor_aprovado_real,real_jun_2026,holt_winters,baseline,2023-05,4,2023-08-01,409567640.7760836,376263301.50136614,33304339.27471745,8.131584617283131,-8.131584617283128
valor_aprovado_real,real_jun_2026,holt_winters,baseline,2023-05,5,2023-09-01,414783083.95888,362508205.645652,52274878.31322801,12.602943643287617,-12.602943643287624
valor_aprovado_real,real_jun_2026,holt_winters,baseline,2023-05,6,2023-10-01,415687803.60620886,372126893.7939567,43560909.812252164,10.479236925969198,-10.479236925969204
valor_aprovado_real,real_jun_2026,holt_winters,baseline,2023-05,7,2023-11-01,414908900.7723528,361548459.67993087,53360441.09242195,12.860760758106537,-12.860760758106537
valor_aprovado_real,real_jun_2026,holt_winters,baseline,2023-05,8,2023-12-01,423652032.5119792,371895867.3268542,51756165.18512499,12.216668684024674,-12.216668684024679
valor_aprovado_real,real_jun_2026,holt_winters,baseline,2023-05,9,2024-01-01,422852714.1768064,371704397.9669188,51148316.209887564,12.096012274501103,-12.0960122745011
valor_aprovado_real,real_jun_2026,holt_winters,baseline,2023-05,10,2024-02-01,397566184.64715,343111105.1365277,54455079.51062226,13.697110472046942,-13.697110472046948
valor_aprovado_real,real_jun_2026,holt_winters,baseline,2023-05,11,2024-03-01,412314480.556508,376179179.7088802,36135300.84762782,8.764014496618062,-8.764014496618067
valor_aprovado_real,real_jun_2026,holt_winters,baseline,2023-05,12,2024-04-01,414900864.9981269,358667949.27909374,56232915.71903318,13.553337788121278,-13.553337788121278
valor_aprovado_real,real_jun_2026,holt_winters,baseline,2023-06,1,2023-06-01,370095657.3152356,364901735.8905993,5193921.424636304,1.4033997216596057,-1.403399721659604
valor_aprovado_real,real_jun_2026,holt_winters,baseline,2023-06,2,2023-07-01,393992620.0391848,372348802.6567143,21643817.38247049,5.4934575628137114,-5.493457562813708
valor_aprovado_real,real_jun_2026,holt_winters,baseline,2023-06,3,2023-08-01,409567640.7760836,380160555.3714656,29407085.404617965,7.180031447038862,-7.180031447038859
valor_aprovado_real,real_jun_2026,holt_winters,baseline,2023-06,4,2023-09-01,414783083.95888,366529328.43448097,48253755.52439904,11.633491670837456,-11.63349167083746
valor_aprovado_real,real_jun_2026,holt_winters,baseline,2023-06,5,2023-10-01,415687803.60620886,376271885.72220737,39415917.88400149,9.48209630931129,-9.482096309311295
valor_aprovado_real,real_jun_2026,holt_winters,baseline,2023-06,6,2023-11-01,414908900.7723528,365817320.0119513,49091580.76040149,11.831893861283168,-11.831893861283172
valor_aprovado_real,real_jun_2026,holt_winters,baseline,2023-06,7,2023-12-01,423652032.5119792,376288597.0431291,47363435.468850136,11.179796586367347,-11.179796586367353
valor_aprovado_real,real_jun_2026,holt_winters,baseline,2023-06,8,2024-01-01,422852714.1768064,376220996.82268,46631717.354126394,11.027886493505722,-11.027886493505722
valor_aprovado_real,real_jun_2026,holt_winters,baseline,2023-06,9,2024-02-01,397566184.64715,347751572.1915612,49814612.45558876,12.529891720997469,-12.529891720997465
valor_aprovado_real,real_jun_2026,holt_winters,baseline,2023-06,10,2024-03-01,412314480.556508,380943516.10777193,31370964.44873607,7.608504170504547,-7.608504170504549
valor_aprovado_real,real_jun_2026,holt_winters,baseline,2023-06,11,2024-04-01,414900864.9981269,363556154.57215494,51344710.425971985,12.375175555780965,-12.37517555578096
valor_aprovado_real,real_jun_2026,holt_winters,baseline,2023-06,12,2024-05-01,428186217.42614233,379659788.5555884,48526428.87055391,11.333019816062674,-11.333019816062674
valor_aprovado_real,real_jun_2026,holt_winters,baseline,2023-07,1,2023-07-01,393992620.0391848,374867538.8091374,19125081.230047405,4.854172453317858,-4.854172453317862
valor_aprovado_real,real_jun_2026,holt_winters,baseline,2023-07,2,2023-08-01,409567640.7760836,382768371.7508097,26799269.02527386,6.54330722380614,-6.5433072238061385
valor_aprovado_real,real_jun_2026,holt_winters,baseline,2023-07,3,2023-09-01,414783083.95888,369226224.83061326,45556859.12826675,10.98329726792404,-10.98329726792404
valor_aprovado_real,real_jun_2026,holt_winters,baseline,2023-07,4,2023-10-01,415687803.60620886,379057861.0663401,36629942.53986877,8.811887724896833,-8.811887724896827
valor_aprovado_real,real_jun_2026,holt_winters,baseline,2023-07,5,2023-11-01,414908900.7723528,368692376.5862028,46216524.186150014,11.138957033729083,-11.13895703372908
valor_aprovado_real,real_jun_2026,holt_winters,baseline,2023-07,6,2023-12-01,423652032.5119792,379252732.6590274,44399299.852951825,10.480133799829318,-10.480133799829316
valor_aprovado_real,real_jun_2026,holt_winters,baseline,2023-07,7,2024-01-01,422852714.1768064,379274211.38621265,43578502.79059374,10.305834946674214,-10.305834946674219
valor_aprovado_real,real_jun_2026,holt_winters,baseline,2023-07,8,2024-02-01,397566184.64715,350893870.25633717,46672314.390812814,11.739508085235084,-11.739508085235084
valor_aprovado_real,real_jun_2026,holt_winters,baseline,2023-07,9,2024-03-01,412314480.556508,384174890.7214893,28139589.835018694,6.824788156127381,-6.824788156127381
valor_aprovado_real,real_jun_2026,holt_winters,baseline,2023-07,10,2024-04-01,414900864.9981269,366876610.73075044,48024254.26737648,11.574874462504022,-11.574874462504026
valor_aprovado_real,real_jun_2026,holt_winters,baseline,2023-07,11,2024-05-01,428186217.42614233,383069326.1566025,45116891.26953983,10.536745330277247,-10.536745330277242
valor_aprovado_real,real_jun_2026,holt_winters,baseline,2023-07,12,2024-06-01,397949486.3841517,368175685.0013214,29773801.38283032,7.481804199161308,-7.481804199161313
valor_aprovado_real,real_jun_2026,holt_winters,baseline,2023-08,1,2023-08-01,409567640.7760836,392336355.1134559,17231285.662627697,4.2071892276392715,-4.207189227639274
valor_aprovado_real,real_jun_2026,holt_winters,baseline,2023-08,2,2023-09-01,414783083.95888,379356372.4849244,35426711.47395563,8.541021281732815,-8.541021281732819
valor_aprovado_real,real_jun_2026,holt_winters,baseline,2023-08,3,2023-10-01,415687803.60620886,389747431.0156463,25940372.590562582,6.240349696460309,-6.240349696460312
valor_aprovado_real,real_jun_2026,holt_winters,baseline,2023-08,4,2023-11-01,414908900.7723528,379941494.52364385,34967406.24870896,8.427731047373808,-8.42773104737381
valor_aprovado_real,real_jun_2026,holt_winters,baseline,2023-08,5,2023-12-01,423652032.5119792,391062780.41549754,32589252.09648168,7.692457393216964,-7.6924573932169675
valor_aprovado_real,real_jun_2026,holt_winters,baseline,2023-08,6,2024-01-01,422852714.1768064,391644987.9639577,31207726.212848663,7.380282818712108,-7.380282818712114
valor_aprovado_real,real_jun_2026,holt_winters,baseline,2023-08,7,2024-02-01,397566184.64715,363822562.9066041,33743621.74054587,8.487548248222918,-8.48754824822292
valor_aprovado_real,real_jun_2026,holt_winters,baseline,2023-08,8,2024-03-01,412314480.556508,397662459.6985771,14652020.857930899,3.5536032685912002,-3.553603268591199
valor_aprovado_real,real_jun_2026,holt_winters,baseline,2023-08,9,2024-04-01,414900864.9981269,380926456.1049971,33974408.893129826,8.188560632015845,-8.18856063201584
valor_aprovado_real,real_jun_2026,holt_winters,baseline,2023-08,10,2024-05-01,428186217.42614233,397672782.78319883,30513434.6429435,7.126206636533497,-7.126206636533494
valor_aprovado_real,real_jun_2026,holt_winters,baseline,2023-08,11,2024-06-01,397949486.3841517,383347205.40149355,14602280.982658148,3.669380532523708,-3.669380532523714
valor_aprovado_real,real_jun_2026,holt_winters,baseline,2023-08,12,2024-07-01,428926715.2871956,391442069.3715028,37484645.915692806,8.739172585833057,-8.739172585833055
valor_aprovado_real,real_jun_2026,holt_winters,baseline,2023-09,1,2023-09-01,414783083.95888,388232163.68138915,26550920.277490854,6.401157931532958,-6.4011579315329525
valor_aprovado_real,real_jun_2026,holt_winters,baseline,2023-09,2,2023-10-01,415687803.60620886,398910050.73616225,16777752.870046616,4.036142683161469,-4.03614268316147
valor_aprovado_real,real_jun_2026,holt_winters,baseline,2023-09,3,2023-11-01,414908900.7723528,389390813.6978202,25518087.074532628,6.150286732106907,-6.150286732106903
valor_aprovado_real,real_jun_2026,holt_winters,baseline,2023-09,4,2023-12-01,423652032.5119792,400797420.9968434,22854611.515135825,5.39466584867372,-5.394665848673719
valor_aprovado_real,real_jun_2026,holt_winters,baseline,2023-09,5,2024-01-01,422852714.1768064,401665150.13669,21187564.04011637,5.0106250544858195,-5.010625054485818
valor_aprovado_real,real_jun_2026,holt_winters,baseline,2023-09,6,2024-02-01,397566184.64715,374131055.30775124,23435129.33939874,5.894648550202531,-5.894648550202531
valor_aprovado_real,real_jun_2026,holt_winters,baseline,2023-09,7,2024-03-01,412314480.556508,408258329.1281613,4056151.4283466935,0.9837518737813999,-0.9837518737814022
valor_aprovado_real,real_jun_2026,holt_winters,baseline,2023-09,8,2024-04-01,414900864.9981269,391806296.203994,23094568.794132948,5.56628600767974,-5.566286007679744
valor_aprovado_real,real_jun_2026,holt_winters,baseline,2023-09,9,2024-05-01,428186217.42614233,408845259.5134415,19340957.912700832,4.516950131875029,-4.5169501318750305
valor_aprovado_real,real_jun_2026,holt_winters,baseline,2023-09,10,2024-06-01,397949486.3841517,394797866.98917764,3151619.394974053,0.7919646846664623,-0.7919646846664574
valor_aprovado_real,real_jun_2026,holt_winters,baseline,2023-09,11,2024-07-01,428926715.2871956,403180263.7358225,25746451.551373124,6.002529251211159,-6.002529251211164
valor_aprovado_real,real_jun_2026,holt_winters,baseline,2023-09,12,2024-08-01,429625420.7342852,411927345.719304,17698075.01498115,4.119419885520941,-4.119419885520936
valor_aprovado_real,real_jun_2026,holt_winters,baseline,2023-10,1,2023-10-01,415687803.60620886,414600760.1556334,1087043.450575471,0.261504773809831,-0.2615047738098286
valor_aprovado_real,real_jun_2026,holt_winters,baseline,2023-10,2,2023-11-01,414908900.7723528,406771004.35546505,8137896.41688776,1.961369448025595,-1.961369448025596
valor_aprovado_real,real_jun_2026,holt_winters,baseline,2023-10,3,2023-12-01,423652032.5119792,419868477.89347184,3783554.6185073853,0.8930807191159648,-0.8930807191159684
valor_aprovado_real,real_jun_2026,holt_winters,baseline,2023-10,4,2024-01-01,422852714.1768064,422426807.93224955,425906.24455684423,0.10072212623394941,-0.10072212623395416
valor_aprovado_real,real_jun_2026,holt_winters,baseline,2023-10,5,2024-02-01,397566184.64715,396580468.22912866,985716.4180213213,0.24793769090199902,-0.24793769090200035
valor_aprovado_real,real_jun_2026,holt_winters,baseline,2023-10,6,2024-03-01,412314480.556508,432396559.7944556,-20082079.237947583,4.87057335722055,4.870573357220542
valor_aprovado_real,real_jun_2026,holt_winters,baseline,2023-10,7,2024-04-01,414900864.9981269,417636783.1536246,-2735918.15549767,0.6594149075852184,0.6594149075852096
valor_aprovado_real,real_jun_2026,holt_winters,baseline,2023-10,8,2024-05-01,428186217.42614233,436359193.5629083,-8172976.136765957,1.9087433934455655,1.9087433934455555
valor_aprovado_real,real_jun_2026,holt_winters,baseline,2023-10,9,2024-06-01,397949486.3841517,424010028.26331127,-26060541.87915957,6.5487059968215675,6.548705996821558
valor_aprovado_real,real_jun_2026,holt_winters,baseline,2023-10,10,2024-07-01,428926715.2871956,434082713.0508007,-5155997.763605058,1.2020696263119837,1.2020696263119746
valor_aprovado_real,real_jun_2026,holt_winters,baseline,2023-10,11,2024-08-01,429625420.7342852,444513771.1930694,-14888350.458784223,3.465425866406628,3.465425866406635
valor_aprovado_real,real_jun_2026,holt_winters,baseline,2023-10,12,2024-09-01,400816433.4473056,433508531.79598635,-32692098.348680735,8.15637674022133,8.156376740221338
valor_aprovado_real,real_jun_2026,holt_winters,baseline,2023-11,1,2023-11-01,414908900.7723528,407355290.21120954,7553610.561143279,1.8205467626947107,-1.820546762694708
valor_aprovado_real,real_jun_2026,holt_winters,baseline,2023-11,2,2023-12-01,423652032.5119792,420493527.87899995,3158504.632979274,0.7455421880667983,-0.7455421880667945
valor_aprovado_real,real_jun_2026,holt_winters,baseline,2023-11,3,2024-01-01,422852714.1768064,423092622.0475613,-239907.8707548976,0.056735563639916824,0.05673556363992027
valor_aprovado_real,real_jun_2026,holt_winters,baseline,2023-11,4,2024-02-01,397566184.64715,397287046.47422403,279138.1729259491,0.07021174931507096,-0.07021174931507446
valor_aprovado_real,real_jun_2026,holt_winters,baseline,2023-11,5,2024-03-01,412314480.556508,433143902.16933465,-20829421.612826645,5.051828784842292,5.051828784842294
valor_aprovado_real,real_jun_2026,holt_winters,baseline,2023-11,6,2024-04-01,414900864.9981269,418424889.6582873,-3524024.6601603627,0.849365464730056,0.8493654647300453
valor_aprovado_real,real_jun_2026,holt_winters,baseline,2023-11,7,2024-05-01,428186217.42614233,437188064.1973547,-9001846.77121234,2.102320533650774,2.102320533650781
valor_aprovado_real,real_jun_2026,holt_winters,baseline,2023-11,8,2024-06-01,397949486.3841517,424879663.0275413,-26930176.643389583,6.767234929257613,6.767234929257615
valor_aprovado_real,real_jun_2026,holt_winters,baseline,2023-11,9,2024-07-01,428926715.2871956,434993111.9448143,-6066396.657618701,1.4143200787940746,1.4143200787940735
valor_aprovado_real,real_jun_2026,holt_winters,baseline,2023-11,10,2024-08-01,429625420.7342852,445464934.2168667,-15839513.482581496,3.6868194287734948,3.6868194287734912
valor_aprovado_real,real_jun_2026,holt_winters,baseline,2023-11,11,2024-09-01,400816433.4473056,434502968.8588194,-33686535.411513805,8.404479607232096,8.404479607232096
valor_aprovado_real,real_jun_2026,holt_winters,baseline,2023-11,12,2024-10-01,430772070.9800495,446908445.55245394,-16136374.572404444,3.745919399020596,3.745919399020603
valor_aprovado_real,real_jun_2026,holt_winters,baseline,2023-12,1,2023-12-01,423652032.5119792,425963139.7821151,-2311107.2701358795,0.545520165790903,0.5455201657909026
valor_aprovado_real,real_jun_2026,holt_winters,baseline,2023-12,2,2024-01-01,422852714.1768064,429608483.10567886,-6755768.928872466,1.597664790215274,1.5976647902152807
valor_aprovado_real,real_jun_2026,holt_winters,baseline,2023-12,3,2024-02-01,397566184.64715,404849137.4954427,-7282952.848292708,1.8318843829126246,1.8318843829126186
valor_aprovado_real,real_jun_2026,holt_winters,baseline,2023-12,4,2024-03-01,412314480.556508,441752237.28974646,-29437756.73323846,7.139636884328149,7.139636884328149
valor_aprovado_real,real_jun_2026,holt_winters,baseline,2023-12,5,2024-04-01,414900864.9981269,428079487.9343927,-13178622.936265767,3.1763305521971525,3.1763305521971485
valor_aprovado_real,real_jun_2026,holt_winters,baseline,2023-12,6,2024-05-01,428186217.42614233,447888901.6932805,-19702684.267138183,4.601428879605797,4.601428879605796
valor_aprovado_real,real_jun_2026,holt_winters,baseline,2023-12,7,2024-06-01,397949486.3841517,436626806.15271395,-38677319.76856226,9.719153081460687,9.719153081460696
valor_aprovado_real,real_jun_2026,holt_winters,baseline,2023-12,8,2024-07-01,428926715.2871956,447786482.44831365,-18859767.16111803,4.396967241476235,4.396967241476246
valor_aprovado_real,real_jun_2026,holt_winters,baseline,2023-12,9,2024-08-01,429625420.7342852,459304487.7536444,-29679067.01935923,6.908126378703076,6.908126378703083
valor_aprovado_real,real_jun_2026,holt_winters,baseline,2023-12,10,2024-09-01,400816433.4473056,449388757.17494994,-48572323.727644324,12.11834637364738,12.11834637364737
valor_aprovado_real,real_jun_2026,holt_winters,baseline,2023-12,11,2024-10-01,430772070.9800495,462840560.2403594,-32068489.260309935,7.444421637491707,7.444421637491705
valor_aprovado_real,real_jun_2026,holt_winters,baseline,2023-12,12,2024-11-01,415187175.93382543,456097832.8241432,-40910656.89031774,9.85354540354066,9.853545403540664
valor_aprovado_real,real_jun_2026,holt_winters,baseline,2024-01,1,2024-01-01,422852714.1768064,428337374.05111706,-5484659.874310672,1.2970615276735304,1.2970615276735264
valor_aprovado_real,real_jun_2026,holt_winters,baseline,2024-01,2,2024-02-01,397566184.64715,403462473.05078745,-5896288.403637469,1.4830960557851702,1.4830960557851602
valor_aprovado_real,real_jun_2026,holt_winters,baseline,2024-01,3,2024-03-01,412314480.556508,440250017.4549971,-27935536.898489118,6.775298519902585,6.775298519902595
valor_aprovado_real,real_jun_2026,holt_winters,baseline,2024-01,4,2024-04-01,414900864.9981269,426461712.7095486,-11560847.711421669,2.786412053268161,2.7864120532681502
valor_aprovado_real,real_jun_2026,holt_winters,baseline,2024-01,5,2024-05-01,428186217.42614233,446155571.0783426,-17969353.65220028,4.196621217799895,4.19662121779989
valor_aprovado_real,real_jun_2026,holt_winters,baseline,2024-01,6,2024-06-01,397949486.3841517,434777920.1476795,-36828433.76352781,9.254549892288665,9.254549892288665
valor_aprovado_real,real_jun_2026,holt_winters,baseline,2024-01,7,2024-07-01,428926715.2871956,445822041.0531858,-16895325.765990198,3.9389772573801163,3.938977257380105
valor_aprovado_real,real_jun_2026,holt_winters,baseline,2024-01,8,2024-08-01,429625420.7342852,457224490.9684251,-27599070.23413992,6.4239844530078205,6.423984453007825
valor_aprovado_real,real_jun_2026,holt_winters,baseline,2024-01,9,2024-09-01,400816433.4473056,447193204.99963695,-46376771.55233133,11.570576374191596,11.570576374191589
valor_aprovado_real,real_jun_2026,holt_winters,baseline,2024-01,10,2024-10-01,430772070.9800495,460529452.67495346,-29757381.69490397,6.907918061447892,6.907918061447882
valor_aprovado_real,real_jun_2026,holt_winters,baseline,2024-01,11,2024-11-01,415187175.93382543,453671795.92099833,-38484619.9871729,9.269221743329272,9.26922174332927
valor_aprovado_real,real_jun_2026,holt_winters,baseline,2024-01,12,2024-12-01,421181584.3568608,467740115.27083826,-46558530.913977444,11.054265581215228,11.054265581215228
valor_aprovado_real,real_jun_2026,holt_winters,baseline,2024-02,1,2024-02-01,397566184.64715,399444265.5041168,-1878080.8569667935,0.47239451681073874,0.47239451681073685
valor_aprovado_real,real_jun_2026,holt_winters,baseline,2024-02,2,2024-03-01,412314480.556508,435510796.8228401,-23196316.26633209,5.625879604088515,5.625879604088513
valor_aprovado_real,real_jun_2026,holt_winters,baseline,2024-02,3,2024-04-01,414900864.9981269,420998022.4350001,-6097157.436873198,1.469545607455102,1.4695456074550917
valor_aprovado_real,real_jun_2026,holt_winters,baseline,2024-02,4,2024-05-01,428186217.42614233,439976243.4664955,-11790026.040353179,2.7534809763900996,2.753480976390099
valor_aprovado_real,real_jun_2026,holt_winters,baseline,2024-02,5,2024-06-01,397949486.3841517,427868108.6659266,-29918622.28177488,7.51819597849502,7.5181959784950125
valor_aprovado_real,real_jun_2026,holt_winters,baseline,2024-02,6,2024-07-01,428926715.2871956,438189763.83930624,-9263048.552110612,2.1595876922490995,2.1595876922491097
valor_aprovado_real,real_jun_2026,holt_winters,baseline,2024-02,7,2024-08-01,429625420.7342852,448876102.7779773,-19250682.043692112,4.480806096340905,4.480806096340895
valor_aprovado_real,real_jun_2026,holt_winters,baseline,2024-02,8,2024-09-01,400816433.4473056,438119463.7156736,-37303030.268368006,9.306761688270985,9.306761688270981
valor_aprovado_real,real_jun_2026,holt_winters,baseline,2024-02,9,2024-10-01,430772070.9800495,450736608.04763573,-19964537.067586243,4.634594118918835,4.634594118918844
valor_aprovado_real,real_jun_2026,holt_winters,baseline,2024-02,10,2024-11-01,415187175.93382543,443156629.76923305,-27969453.835407615,6.7365890510706725,6.736589051070663
valor_aprovado_real,real_jun_2026,holt_winters,baseline,2024-02,11,2024-12-01,421181584.3568608,456502493.9342462,-35320909.577385366,8.386147659167,8.386147659167008
valor_aprovado_real,real_jun_2026,holt_winters,baseline,2024-02,12,2025-01-01,422148225.0857496,459309481.6525333,-37161256.56678367,8.802893002626085,8.802893002626089
valor_aprovado_real,real_jun_2026,holt_winters,baseline,2024-03,1,2024-03-01,412314480.556508,434267782.6145389,-21953302.058030903,5.324407240900235,5.324407240900242
valor_aprovado_real,real_jun_2026,holt_winters,baseline,2024-03,2,2024-04-01,414900864.9981269,419588202.08715,-4687337.089023054,1.1297486904598801,1.1297486904598752
valor_aprovado_real,real_jun_2026,holt_winters,baseline,2024-03,3,2024-05-01,428186217.42614233,438399616.9757726,-10213399.549630284,2.385270504740613,2.385270504740622
valor_aprovado_real,real_jun_2026,holt_winters,baseline,2024-03,4,2024-06-01,397949486.3841517,426124676.4853147,-28175190.10116303,7.080092088362375,7.0800920883623775
valor_aprovado_real,real_jun_2026,holt_winters,baseline,2024-03,5,2024-07-01,428926715.2871956,436279526.5832924,-7352811.296096802,1.7142348643808754,1.7142348643808702
valor_aprovado_real,real_jun_2026,holt_winters,baseline,2024-03,6,2024-08-01,429625420.7342852,446799058.5379363,-17173637.803651094,3.9973514077214367,3.997351407721439
valor_aprovado_real,real_jun_2026,holt_winters,baseline,2024-03,7,2024-09-01,400816433.4473056,435875613.9938706,-35059180.546564996,8.74694189682573,8.74694189682572
valor_aprovado_real,real_jun_2026,holt_winters,baseline,2024-03,8,2024-10-01,430772070.9800495,448325951.99619454,-17553881.01614505,4.074981225270296,4.074981225270302
valor_aprovado_real,real_jun_2026,holt_winters,baseline,2024-03,9,2024-11-01,415187175.93382543,440579168.0106341,-25391992.07680869,6.115793923475081,6.115793923475077
valor_aprovado_real,real_jun_2026,holt_winters,baseline,2024-03,10,2024-12-01,421181584.3568608,453758225.8480388,-32576641.491177976,7.7345835385756745,7.734583538575679
valor_aprovado_real,real_jun_2026,holt_winters,baseline,2024-03,11,2025-01-01,422148225.0857496,456398408.06248534,-34250182.97673571,8.11330735070095,8.11330735070095
valor_aprovado_real,real_jun_2026,holt_winters,baseline,2024-03,12,2025-02-01,381835234.55866665,430636765.4349662,-48801530.87629956,12.780782510211614,12.780782510211619
valor_aprovado_real,real_jun_2026,holt_winters,baseline,2024-04,1,2024-04-01,414900864.9981269,405251082.20277715,9649782.795349777,2.325804453406801,-2.325804453406799
valor_aprovado_real,real_jun_2026,holt_winters,baseline,2024-04,2,2024-05-01,428186217.42614233,422546691.63155204,5639525.794590294,1.3170731716891504,-1.3170731716891537
valor_aprovado_real,real_jun_2026,holt_winters,baseline,2024-04,3,2024-06-01,397949486.3841517,408755941.210412,-10806454.826260328,2.71553430674077,2.7155343067407633
valor_aprovado_real,real_jun_2026,holt_winters,baseline,2024-04,4,2024-07-01,428926715.2871956,417394985.33721066,11531729.949984968,2.6885082087423,-2.688508208742302
valor_aprovado_real,real_jun_2026,holt_winters,baseline,2024-04,5,2024-08-01,429625420.7342852,426398711.51809645,3226709.216188729,0.7510517442552321,-0.7510517442552267
valor_aprovado_real,real_jun_2026,holt_winters,baseline,2024-04,6,2024-09-01,400816433.4473056,413959464.0162441,-13143030.568938494,3.2790647967946596,3.2790647967946507
valor_aprovado_real,real_jun_2026,holt_winters,baseline,2024-04,7,2024-10-01,430772070.9800495,424893996.94506633,5878074.034983158,1.3645439040673997,-1.3645439040673946
valor_aprovado_real,real_jun_2026,holt_winters,baseline,2024-04,8,2024-11-01,415187175.93382543,415631406.5958486,-444230.6620231867,0.10699527532950352,0.10699527532951336
valor_aprovado_real,real_jun_2026,holt_winters,baseline,2024-04,9,2024-12-01,421181584.3568608,427294659.3616591,-6113075.004798293,1.4514108004348967,1.4514108004348936
valor_aprovado_real,real_jun_2026,holt_winters,baseline,2024-04,10,2025-01-01,422148225.0857496,428419036.54448897,-6270811.45873934,1.4854525226217805,1.4854525226217774
valor_aprovado_real,real_jun_2026,holt_winters,baseline,2024-04,11,2025-02-01,381835234.55866665,401141585.4346279,-19306350.875961244,5.056199409746966,5.056199409746975
valor_aprovado_real,real_jun_2026,holt_winters,baseline,2024-04,12,2025-03-01,411595502.0153863,435525503.13099736,-23930001.115611076,5.813960793652337,5.8139607936523285
valor_aprovado_real,real_jun_2026,holt_winters,baseline,2024-05,1,2024-05-01,428186217.42614233,428525984.72581923,-339767.29967689514,0.07935035875728566,0.0793503587572797
valor_aprovado_real,real_jun_2026,holt_winters,baseline,2024-05,2,2024-06-01,397949486.3841517,415233777.3978694,-17284291.01371771,4.3433379373764796,4.34333793737649
valor_aprovado_real,real_jun_2026,holt_winters,baseline,2024-05,3,2024-07-01,428926715.2871956,424371360.05697143,4555355.230224192,1.0620357902337867,-1.062035790233784
valor_aprovado_real,real_jun_2026,holt_winters,baseline,2024-05,4,2024-08-01,429625420.7342852,433873627.8171256,-4248207.082840443,0.9888165080128895,0.9888165080128797
valor_aprovado_real,real_jun_2026,holt_winters,baseline,2024-05,5,2024-09-01,400816433.4473056,421932917.45704275,-21116484.009737134,5.268367823175411,5.268367823175413
valor_aprovado_real,real_jun_2026,holt_winters,baseline,2024-05,6,2024-10-01,430772070.9800495,433365990.18566424,-2593919.2056147456,0.6021558453669756,0.6021558453669806
valor_aprovado_real,real_jun_2026,holt_winters,baseline,2024-05,7,2024-11-01,415187175.93382543,424601940.0974932,-9414764.163667738,2.2675951256183087,2.2675951256183158
valor_aprovado_real,real_jun_2026,holt_winters,baseline,2024-05,8,2024-12-01,421181584.3568608,436763732.6590489,-15582148.302188098,3.699627163419752,3.699627163419761
valor_aprovado_real,real_jun_2026,holt_winters,baseline,2024-05,9,2025-01-01,422148225.0857496,438386648.3427018,-16238423.256952167,3.846616494396893,3.8466164943968817
valor_aprovado_real,real_jun_2026,holt_winters,baseline,2024-05,10,2025-02-01,381835234.55866665,411607738.5813414,-29772504.02267474,7.797212338742504,7.79721233874251
valor_aprovado_real,real_jun_2026,holt_winters,baseline,2024-05,11,2025-03-01,411595502.0153863,446490198.20351845,-34894696.18813217,8.477909991063928,8.477909991063925
valor_aprovado_real,real_jun_2026,holt_winters,baseline,2024-05,12,2025-04-01,410168062.7006887,430793352.4986533,-20625289.797964573,5.028497260893624,5.028497260893627
valor_aprovado_real,real_jun_2026,holt_winters,baseline,2024-06,1,2024-06-01,397949486.3841517,415030375.48182696,-17080889.097675264,4.292225441192455,4.292225441192454
valor_aprovado_real,real_jun_2026,holt_winters,baseline,2024-06,2,2024-07-01,428926715.2871956,424150902.2859725,4775813.001223147,1.1134333281211954,-1.1134333281211939
valor_aprovado_real,real_jun_2026,holt_winters,baseline,2024-06,3,2024-08-01,429625420.7342852,433636114.59099686,-4010693.8567116857,0.9335327155122463,0.9335327155122419
valor_aprovado_real,real_jun_2026,holt_winters,baseline,2024-06,4,2024-09-01,400816433.4473056,421678347.9662317,-20861914.518926084,5.2048550852815145,5.204855085281523
valor_aprovado_real,real_jun_2026,holt_winters,baseline,2024-06,5,2024-10-01,430772070.9800495,433094365.0818774,-2322294.1018279195,0.539100433448359,0.5391004334483585
valor_aprovado_real,real_jun_2026,holt_winters,baseline,2024-06,6,2024-11-01,415187175.93382543,424313259.13525426,-9126083.20142883,2.1980648079755216,2.1980648079755305
valor_aprovado_real,real_jun_2026,holt_winters,baseline,2024-06,7,2024-12-01,421181584.3568608,436457996.0873931,-15276411.730532289,3.627036959334104,3.6270369593341067
valor_aprovado_real,real_jun_2026,holt_winters,baseline,2024-06,8,2025-01-01,422148225.0857496,438063855.9101615,-15915630.824411869,3.770152254265425,3.770152254265424
valor_aprovado_real,real_jun_2026,holt_winters,baseline,2024-06,9,2025-02-01,381835234.55866665,411267890.6514486,-29432656.09278196,7.708208522663147,7.70820852266314
valor_aprovado_real,real_jun_2026,holt_winters,baseline,2024-06,10,2025-03-01,411595502.0153863,446133294.56111324,-34537792.545726955,8.391197760085303,8.391197760085301
valor_aprovado_real,real_jun_2026,holt_winters,baseline,2024-06,11,2025-04-01,410168062.7006887,430419392.9857635,-20251330.28507477,4.937324995937761,4.937324995937753
valor_aprovado_real,real_jun_2026,holt_winters,baseline,2024-06,12,2025-05-01,424625475.1310262,448196486.7078519,-23571011.57682568,5.551012117102112,5.5510121171021165
valor_aprovado_real,real_jun_2026,holt_winters,baseline,2024-07,1,2024-07-01,428926715.2871956,414104704.8433509,14822010.443844736,3.4556043994416132,-3.455604399441614
valor_aprovado_real,real_jun_2026,holt_winters,baseline,2024-07,2,2024-08-01,429625420.7342852,422925173.6957089,6700247.038576305,1.5595555372688887,-1.5595555372688863
valor_aprovado_real,real_jun_2026,holt_winters,baseline,2024-07,3,2024-09-01,400816433.4473056,410302663.79676896,-9486230.349463344,2.3667268998616238,2.3667268998616153
valor_aprovado_real,real_jun_2026,holt_winters,baseline,2024-07,4,2024-10-01,430772070.9800495,421053935.9967561,9718134.983293414,2.2559807466588273,-2.2559807466588255
valor_aprovado_real,real_jun_2026,holt_winters,baseline,2024-07,5,2024-11-01,415187175.93382543,411608086.6864531,3579089.2473723292,0.862042340137881,-0.8620423401378807
valor_aprovado_real,real_jun_2026,holt_winters,baseline,2024-07,6,2024-12-01,421181584.3568608,423088080.0492087,-1906495.6923478842,0.45265409580029,0.4526540958002867
valor_aprovado_real,real_jun_2026,holt_winters,baseline,2024-07,7,2025-01-01,422148225.0857496,424029196.5085052,-1880971.422755599,0.4455713209201633,0.4455713209201573
valor_aprovado_real,real_jun_2026,holt_winters,baseline,2024-07,8,2025-02-01,381835234.55866665,396568487.3160676,-14733252.75740093,3.8585367257764833,3.8585367257764736
valor_aprovado_real,real_jun_2026,holt_winters,baseline,2024-07,9,2025-03-01,411595502.0153863,430769148.520262,-19173646.50487572,4.658371243366739,4.6583712433667435
valor_aprovado_real,real_jun_2026,holt_winters,baseline,2024-07,10,2025-04-01,410168062.7006887,414390502.1567477,-4222439.456058979,1.0294413046830058,1.0294413046830098
valor_aprovado_real,real_jun_2026,holt_winters,baseline,2024-07,11,2025-05-01,424625475.1310262,431502851.69663286,-6877376.565606654,1.6196335284604648,1.6196335284604624
valor_aprovado_real,real_jun_2026,holt_winters,baseline,2024-07,12,2025-06-01,394647218.1248688,417528844.9995415,-22881626.87467271,5.7979952280907305,5.797995228090724
valor_aprovado_real,real_jun_2026,holt_winters,baseline,2024-08,1,2024-08-01,429625420.7342852,431485599.1448083,-1860178.4105231166,0.43297680275618516,0.4329768027561798
valor_aprovado_real,real_jun_2026,holt_winters,baseline,2024-08,2,2024-09-01,400816433.4473056,419459845.2605973,-18643411.81329167,4.651359140378827,4.651359140378819
valor_aprovado_real,real_jun_2026,holt_winters,baseline,2024-08,3,2024-10-01,430772070.9800495,430801660.9381109,-29589.958061397076,0.0068690521170690026,0.006869052117064456
valor_aprovado_real,real_jun_2026,holt_winters,baseline,2024-08,4,2024-11-01,415187175.93382543,421949519.71754694,-6762343.783721507,1.6287458225345868,1.628745822534583
valor_aprovado_real,real_jun_2026,holt_winters,baseline,2024-08,5,2024-12-01,421181584.3568608,434023108.6353302,-12841524.278469384,3.0489282426909137,3.048928242690918
valor_aprovado_real,real_jun_2026,holt_winters,baseline,2024-08,6,2025-01-01,422148225.0857496,435558082.11961675,-13409857.03386712,3.176575486286415,3.176575486286426
valor_aprovado_real,real_jun_2026,holt_winters,baseline,2024-08,7,2025-02-01,381835234.55866665,408688959.9738732,-26853725.41520655,7.032804462439057,7.032804462439057
valor_aprovado_real,real_jun_2026,holt_winters,baseline,2024-08,8,2025-03-01,411595502.0153863,443479972.2474393,-31884470.23205304,7.746554584763449,7.746554584763454
valor_aprovado_real,real_jun_2026,holt_winters,baseline,2024-08,9,2025-04-01,410168062.7006887,427700013.36902016,-17531950.668331444,4.274333441003428,4.274333441003431
valor_aprovado_real,real_jun_2026,holt_winters,baseline,2024-08,10,2025-05-01,424625475.1310262,445398530.7432641,-20773055.61223787,4.892088870981646,4.892088870981648
valor_aprovado_real,real_jun_2026,holt_winters,baseline,2024-08,11,2025-06-01,394647218.1248688,432024593.7119639,-37377375.58709508,9.47108553423748,9.471085534237478
valor_aprovado_real,real_jun_2026,holt_winters,baseline,2024-08,12,2025-07-01,423835549.0030809,441075972.77384925,-17240423.770768344,4.067715370105263,4.067715370105263
valor_aprovado_real,real_jun_2026,holt_winters,baseline,2024-09,1,2024-09-01,400816433.4473056,418483251.5950727,-17666818.147767067,4.407708036274836,4.407708036274838
valor_aprovado_real,real_jun_2026,holt_winters,baseline,2024-09,2,2024-10-01,430772070.9800495,429778562.8123233,993508.1677262187,0.23063430399883825,-0.23063430399883345
valor_aprovado_real,real_jun_2026,holt_winters,baseline,2024-09,3,2024-11-01,415187175.93382543,420879917.1314962,-5692741.197670758,1.3711264527539488,1.3711264527539457
valor_aprovado_real,real_jun_2026,holt_winters,baseline,2024-09,4,2024-12-01,421181584.3568608,432907001.5890164,-11725417.232155561,2.7839339770897467,2.7839339770897364
valor_aprovado_real,real_jun_2026,holt_winters,baseline,2024-09,5,2025-01-01,422148225.0857496,434395470.61303985,-12247245.527290225,2.901171863224696,2.901171863224694
valor_aprovado_real,real_jun_2026,holt_winters,baseline,2024-09,6,2025-02-01,381835234.55866665,407479844.0070332,-25644609.448366582,6.716145375637524,6.716145375637517
valor_aprovado_real,real_jun_2026,holt_winters,baseline,2024-09,7,2025-03-01,411595502.0153863,442224351.8203362,-30628849.80494994,7.441492838229552,7.441492838229546
valor_aprovado_real,real_jun_2026,holt_winters,baseline,2024-09,8,2025-04-01,410168062.7006887,426397888.48165405,-16229825.780965328,3.9568721353151024,3.9568721353151037
valor_aprovado_real,real_jun_2026,holt_winters,baseline,2024-09,9,2025-05-01,424625475.1310262,444049901.3956349,-19424426.26460868,4.57448443445719,4.574484434457182
valor_aprovado_real,real_jun_2026,holt_winters,baseline,2024-09,10,2025-06-01,394647218.1248688,430629459.9040716,-35982241.77920282,9.117571371760643,9.117571371760636
valor_aprovado_real,real_jun_2026,holt_winters,baseline,2024-09,11,2025-07-01,423835549.0030809,439635704.34554654,-15800155.34246564,3.727897619638032,3.727897619638032
valor_aprovado_real,real_jun_2026,holt_winters,baseline,2024-09,12,2025-08-01,411913243.8502616,448995913.1660738,-37082669.31581217,9.002543586409285,9.002543586409285
valor_aprovado_real,real_jun_2026,holt_winters,baseline,2024-10,1,2024-10-01,430772070.9800495,420503483.1108405,10268587.869208992,2.3837636098011017,-2.383763609801104
valor_aprovado_real,real_jun_2026,holt_winters,baseline,2024-10,2,2024-11-01,415187175.93382543,411163166.7258095,4024009.2080159187,0.9692036366405702,-0.9692036366405699
valor_aprovado_real,real_jun_2026,holt_winters,baseline,2024-10,3,2024-12-01,421181584.3568608,422748581.09904027,-1566996.7421794534,0.3720477818545268,0.37204778185453424
valor_aprovado_real,real_jun_2026,holt_winters,baseline,2024-10,4,2025-01-01,422148225.0857496,423795379.54305303,-1647154.4573034048,0.39018391157959353,0.3901839115795891
valor_aprovado_real,real_jun_2026,holt_winters,baseline,2024-10,5,2025-02-01,381835234.55866665,396438082.8425254,-14602848.283858776,3.824384698477882,3.8243846984778784
valor_aprovado_real,real_jun_2026,holt_winters,baseline,2024-10,6,2025-03-01,411595502.0153863,430740920.35899884,-19145418.34361255,4.6515130145656585,4.651513014565656
valor_aprovado_real,real_jun_2026,holt_winters,baseline,2024-10,7,2025-04-01,410168062.7006887,414472785.7956425,-4304723.094953775,1.049502261733882,1.0495022617338812
valor_aprovado_real,real_jun_2026,holt_winters,baseline,2024-10,8,2025-05-01,424625475.1310262,431683128.47636735,-7057653.345341146,1.6620890075338446,1.6620890075338401
valor_aprovado_real,real_jun_2026,holt_winters,baseline,2024-10,9,2025-06-01,394647218.1248688,417821016.5534199,-23173798.428551078,5.872028830878201,5.8720288308782065
valor_aprovado_real,real_jun_2026,holt_winters,baseline,2024-10,10,2025-07-01,423835549.0030809,426385591.0404626,-2550042.0373817086,0.6016583656986196,0.6016583656986096
valor_aprovado_real,real_jun_2026,holt_winters,baseline,2024-10,11,2025-08-01,411913243.8502616,435303943.26993084,-23390699.41966921,5.67854997839598,5.678549978395986
valor_aprovado_real,real_jun_2026,holt_winters,baseline,2024-10,12,2025-09-01,411490588.8396937,422790200.1028478,-11299611.26315409,2.7460193670568076,2.7460193670568067
valor_aprovado_real,real_jun_2026,holt_winters,baseline,2024-11,1,2024-11-01,415187175.93382543,416554175.3605715,-1366999.4267460704,0.3292489522759126,0.3292489522759068
valor_aprovado_real,real_jun_2026,holt_winters,baseline,2024-11,2,2024-12-01,421181584.3568608,428396304.43069565,-7214720.0738348365,1.7129713980376486,1.7129713980376549
valor_aprovado_real,real_jun_2026,holt_winters,baseline,2024-11,3,2025-01-01,422148225.0857496,429699817.5716018,-7551592.485852182,1.7888485695559304,1.788848569555923
valor_aprovado_real,real_jun_2026,holt_winters,baseline,2024-11,4,2025-02-01,381835234.55866665,402599235.56796765,-20764001.009301007,5.437947871233121,5.437947871233129
valor_aprovado_real,real_jun_2026,holt_winters,baseline,2024-11,5,2025-03-01,411595502.0153863,437158787.7813345,-25563285.765948236,6.210778699178454,6.210778699178454
valor_aprovado_real,real_jun_2026,holt_winters,baseline,2024-11,6,2025-04-01,410168062.7006887,421147367.9148716,-10979305.214182854,2.676782083395597,2.67678208339559
valor_aprovado_real,real_jun_2026,holt_winters,baseline,2024-11,7,2025-05-01,424625475.1310262,438614425.2924898,-13988950.161463618,3.2944208439559737,3.2944208439559697
valor_aprovado_real,real_jun_2026,holt_winters,baseline,2024-11,8,2025-06-01,394647218.1248688,425009028.0664358,-30361809.941567004,7.6934052863284945,7.693405286328492
valor_aprovado_real,real_jun_2026,holt_winters,baseline,2024-11,9,2025-07-01,423835549.0030809,433830317.250372,-9994768.247291088,2.3581712932764014,2.358171293276401
valor_aprovado_real,real_jun_2026,holt_winters,baseline,2024-11,10,2025-08-01,411913243.8502616,443005384.1767336,-31092140.326471984,7.5482254554006465,7.548225455400637
valor_aprovado_real,real_jun_2026,holt_winters,baseline,2024-11,11,2025-09-01,411490588.8396937,430746589.02476466,-19256000.185070932,4.6795724391579165,4.6795724391579085
valor_aprovado_real,real_jun_2026,holt_winters,baseline,2024-11,12,2025-10-01,427672977.16345227,441858711.16441506,-14185734.000962794,3.3169582270663667,3.316958227066369
valor_aprovado_real,real_jun_2026,holt_winters,baseline,2024-12,1,2024-12-01,421181584.3568608,427678629.7311977,-6497045.374336898,1.542575842734864,1.5425758427348724
valor_aprovado_real,real_jun_2026,holt_winters,baseline,2024-12,2,2025-01-01,422148225.0857496,428947967.8864136,-6799742.800663948,1.610747693960513,1.6107476939605236
valor_aprovado_real,real_jun_2026,holt_winters,baseline,2024-12,3,2025-02-01,381835234.55866665,401813210.897089,-19977976.338422358,5.2320934608125755,5.23209346081257
valor_aprovado_real,real_jun_2026,holt_winters,baseline,2024-12,4,2025-03-01,411595502.0153863,436338588.1247655,-24743086.109379232,6.011505467922797,6.011505467922795
valor_aprovado_real,real_jun_2026,holt_winters,baseline,2024-12,5,2025-04-01,410168062.7006887,420292993.27261215,-10124930.571923435,2.4684834078151727,2.4684834078151807
valor_aprovado_real,real_jun_2026,holt_winters,baseline,2024-12,6,2025-05-01,424625475.1310262,437725875.6645401,-13100400.533513904,3.0851659405200613,3.0851659405200627
valor_aprovado_real,real_jun_2026,holt_winters,baseline,2024-12,7,2025-06-01,394647218.1248688,424086303.4527957,-29439085.327926874,7.459595298252468,7.459595298252464
valor_aprovado_real,real_jun_2026,holt_winters,baseline,2024-12,8,2025-07-01,423835549.0030809,432873417.6510415,-9037868.647960603,2.1323998586760604,2.1323998586760595
valor_aprovado_real,real_jun_2026,holt_winters,baseline,2024-12,9,2025-08-01,411913243.8502616,442014309.5917127,-30101065.741451085,7.307622707172144,7.3076227071721345
valor_aprovado_real,real_jun_2026,holt_winters,baseline,2024-12,10,2025-09-01,411490588.8396937,429721339.45405334,-18230750.614359617,4.430417391990915,4.430417391990904
valor_aprovado_real,real_jun_2026,holt_winters,baseline,2024-12,11,2025-10-01,427672977.16345227,440800313.4667991,-13127336.303346813,3.0694799541495645,3.0694799541495676
valor_aprovado_real,real_jun_2026,holt_winters,baseline,2024-12,12,2025-11-01,396346421.4330967,431681509.9341855,-35335088.5010888,8.91520311280352,8.915203112803516
valor_aprovado_real,real_jun_2026,holt_winters,baseline,2025-01,1,2025-01-01,422148225.0857496,425537019.0754644,-3388793.9897148013,0.8027497898460775,0.8027497898460689
valor_aprovado_real,real_jun_2026,holt_winters,baseline,2025-01,2,2025-02-01,381835234.55866665,398239835.5852984,-16404601.026631773,4.296251247109912,4.296251247109906
valor_aprovado_real,real_jun_2026,holt_winters,baseline,2025-01,3,2025-03-01,411595502.0153863,432602786.51444215,-21007284.499055862,5.103866392172227,5.103866392172218
valor_aprovado_real,real_jun_2026,holt_winters,baseline,2025-01,4,2025-04-01,410168062.7006887,416394766.2916004,-6226703.590911686,1.518085915786059,1.5180859157860604
valor_aprovado_real,real_jun_2026,holt_winters,baseline,2025-01,5,2025-05-01,424625475.1310262,433665222.32142186,-9039747.190395653,2.1288753783805054,2.1288753783805126
valor_aprovado_real,real_jun_2026,holt_winters,baseline,2025-01,6,2025-06-01,394647218.1248688,419863223.9456992,-25216005.820830405,6.389505528669888,6.389505528669881
valor_aprovado_real,real_jun_2026,holt_winters,baseline,2025-01,7,2025-07-01,423835549.0030809,428487911.50301486,-4652362.499933958,1.0976810489061029,1.0976810489061073
valor_aprovado_real,real_jun_2026,holt_winters,baseline,2025-01,8,2025-08-01,411913243.8502616,437466377.42154175,-25553133.57128012,6.203523181830292,6.203523181830284
valor_aprovado_real,real_jun_2026,holt_winters,baseline,2025-01,9,2025-09-01,411490588.8396937,425010981.52893436,-13520392.689240634,3.285711278929841,3.285711278929848
valor_aprovado_real,real_jun_2026,holt_winters,baseline,2025-01,10,2025-10-01,427672977.16345227,435927529.4026099,-8254552.239157617,1.9301084426484143,1.9301084426484039
valor_aprovado_real,real_jun_2026,holt_winters,baseline,2025-01,11,2025-11-01,396346421.4330967,426646163.2788783,-30299741.845781565,7.64476231076459,7.644762310764586
valor_aprovado_real,real_jun_2026,holt_winters,baseline,2025-01,12,2025-12-01,432042733.88196224,438291827.5522147,-6249093.670252442,1.4464063807076428,1.4464063807076322
valor_aprovado_real,real_jun_2026,holt_winters,baseline,2025-02,1,2025-02-01,381835234.55866665,396460718.74069816,-14625484.182031512,3.830312883235085,3.8303128832350763
valor_aprovado_real,real_jun_2026,holt_winters,baseline,2025-02,2,2025-03-01,411595502.0153863,430738949.82009894,-19143447.804712653,4.651034258386291,4.6510342583862885
valor_aprovado_real,real_jun_2026,holt_winters,baseline,2025-02,3,2025-04-01,410168062.7006887,414446209.7475145,-4278147.046825767,1.043022954702266,1.0430229547022662
valor_aprovado_real,real_jun_2026,holt_winters,baseline,2025-02,4,2025-05-01,424625475.1310262,431631945.92759305,-7006470.796566844,1.6500354328493516,1.6500354328493616
valor_aprovado_real,real_jun_2026,holt_winters,baseline,2025-02,5,2025-06-01,394647218.1248688,417745227.7021275,-23098009.577258706,5.852824628286206,5.852824628286202
valor_aprovado_real,real_jun_2026,holt_winters,baseline,2025-02,6,2025-07-01,423835549.0030809,426285195.40970016,-2449646.406619251,0.5779709635921653,0.5779709635921559
valor_aprovado_real,real_jun_2026,holt_winters,baseline,2025-02,7,2025-08-01,411913243.8502616,435178941.47848415,-23265697.628222525,5.648203347567056,5.64820334756706
valor_aprovado_real,real_jun_2026,holt_winters,baseline,2025-02,8,2025-09-01,411490588.8396937,422638825.73613405,-11148236.896440327,2.709232531386859,2.7092325313868626
valor_aprovado_real,real_jun_2026,holt_winters,baseline,2025-02,9,2025-10-01,427672977.16345227,433470653.7600667,-5797676.59661442,1.3556331370449453,1.3556331370449426
valor_aprovado_real,real_jun_2026,holt_winters,baseline,2025-02,10,2025-11-01,396346421.4330967,424104567.78659225,-27758146.35349554,7.003506239094709,7.0035062390947145
valor_aprovado_real,real_jun_2026,holt_winters,baseline,2025-02,11,2025-12-01,432042733.88196224,435664862.5056701,-3622128.623707831,0.8383727672405266,0.838372767240525
valor_aprovado_real,real_jun_2026,holt_winters,baseline,2025-02,12,2026-01-01,419718499.1084349,436687704.50030696,-16969205.39187205,4.042996777106083,4.042996777106089
valor_aprovado_real,real_jun_2026,holt_winters,baseline,2025-03,1,2025-03-01,411595502.0153863,422525570.0083318,-10930067.992945492,2.6555363067444078,2.6555363067443993
valor_aprovado_real,real_jun_2026,holt_winters,baseline,2025-03,2,2025-04-01,410168062.7006887,405812295.1145928,4355767.586095929,1.0619470363967505,-1.0619470363967487
valor_aprovado_real,real_jun_2026,holt_winters,baseline,2025-03,3,2025-05-01,424625475.1310262,422590015.8303936,2035459.300632596,0.4793540236851114,-0.47935402368510793
valor_aprovado_real,real_jun_2026,holt_winters,baseline,2025-03,4,2025-06-01,394647218.1248688,408281380.2565451,-13634162.131676316,3.4547721371147184,3.4547721371147144
valor_aprovado_real,real_jun_2026,holt_winters,baseline,2025-03,5,2025-07-01,423835549.0030809,416402534.4933454,7433014.509735525,1.7537496623912245,-1.753749662391224
valor_aprovado_real,real_jun_2026,holt_winters,baseline,2025-03,6,2025-08-01,411913243.8502616,424888374.2292752,-12975130.379013598,3.1499667885721845,3.1499667885721783
valor_aprovado_real,real_jun_2026,holt_winters,baseline,2025-03,7,2025-09-01,411490588.8396937,411931234.681043,-440645.8413493037,0.10708527808420136,0.10708527808420687
valor_aprovado_real,real_jun_2026,holt_winters,baseline,2025-03,8,2025-10-01,427672977.16345227,422347878.56339604,5325098.600056231,1.245133287441968,-1.2451332874419685
valor_aprovado_real,real_jun_2026,holt_winters,baseline,2025-03,9,2025-11-01,396346421.4330967,412567399.8701743,-16220978.437077582,4.092626439877088,4.0926264398770895
valor_aprovado_real,real_jun_2026,holt_winters,baseline,2025-03,10,2025-12-01,432042733.88196224,423712764.11648905,8329969.765473187,1.9280430180198347,-1.9280430180198316
valor_aprovado_real,real_jun_2026,holt_winters,baseline,2025-03,11,2026-01-01,419718499.1084349,424319251.1930411,-4600752.084606171,1.096151848055084,1.0961518480550936
valor_aprovado_real,real_jun_2026,holt_winters,baseline,2025-03,12,2026-02-01,378058045.77417153,396523913.15020066,-18465867.376029134,4.884400049790106,4.884400049790116
valor_aprovado_real,real_jun_2026,holt_winters,baseline,2025-04,1,2025-04-01,410168062.7006887,399759321.8912387,10408740.80945003,2.537677053867937,-2.537677053867937
valor_aprovado_real,real_jun_2026,holt_winters,baseline,2025-04,2,2025-05-01,424625475.1310262,416333238.0375912,8292237.093434989,1.9528355171993066,-1.9528355171993028
valor_aprovado_real,real_jun_2026,holt_winters,baseline,2025-04,3,2025-06-01,394647218.1248688,401820796.3949503,-7173578.2700814605,1.817719203537296,1.8177192035373047
valor_aprovado_real,real_jun_2026,holt_winters,baseline,2025-04,4,2025-07-01,423835549.0030809,409738146.9809186,14097402.022162318,3.326149034766275,-3.326149034766279
valor_aprovado_real,real_jun_2026,holt_winters,baseline,2025-04,5,2025-08-01,411913243.8502616,418020181.95364153,-6106938.103379905,1.482578721260998,1.4825787212610075
valor_aprovado_real,real_jun_2026,holt_winters,baseline,2025-04,6,2025-09-01,411490588.8396937,404859238.75409806,6631350.085595667,1.6115435602778931,-1.611543560277895
valor_aprovado_real,real_jun_2026,holt_winters,baseline,2025-04,7,2025-10-01,427672977.16345227,415072076.93717206,12600900.226280212,2.9463868186986892,-2.9463868186986875
valor_aprovado_real,real_jun_2026,holt_winters,baseline,2025-04,8,2025-11-01,396346421.4330967,405087793.3054807,-8741371.872384012,2.205487775259138,2.2054877752591295
valor_aprovado_real,real_jun_2026,holt_winters,baseline,2025-04,9,2025-12-01,432042733.88196224,416029352.7886013,16013381.09336096,3.706434534722659,-3.706434534722658
valor_aprovado_real,real_jun_2026,holt_winters,baseline,2025-04,10,2026-01-01,419718499.1084349,416432036.3897243,3286462.7187106013,0.7830159322716768,-0.7830159322716801
valor_aprovado_real,real_jun_2026,holt_winters,baseline,2025-04,11,2026-02-01,378058045.77417153,388432892.2963016,-10374846.522130072,2.7442469848472326,2.7442469848472317
valor_aprovado_real,real_jun_2026,holt_winters,baseline,2025-04,12,2026-03-01,417924666.2769595,422095120.2577985,-4170453.980839014,0.9978961084041988,0.9978961084041948
valor_aprovado_real,real_jun_2026,holt_winters,baseline,2025-05,1,2025-05-01,424625475.1310262,421992368.7525726,2633106.3784536123,0.6201008965939026,-0.6201008965939003
valor_aprovado_real,real_jun_2026,holt_winters,baseline,2025-05,2,2025-06-01,394647218.1248688,407663650.0766714,-13016431.951802611,3.298244952453746,3.298244952453744
valor_aprovado_real,real_jun_2026,holt_winters,baseline,2025-05,3,2025-07-01,423835549.0030809,415764722.4303688,8070826.572712123,1.9042354025507795,-1.9042354025507802
valor_aprovado_real,real_jun_2026,holt_winters,baseline,2025-05,4,2025-08-01,411913243.8502616,424230479.77043897,-12317235.92017734,2.9902500354309787,2.9902500354309858
valor_aprovado_real,real_jun_2026,holt_winters,baseline,2025-05,5,2025-09-01,411490588.8396937,411253258.3391326,237330.50056111813,0.05767580280033477,-0.057675802800338793
valor_aprovado_real,real_jun_2026,holt_winters,baseline,2025-05,6,2025-10-01,427672977.16345227,421649819.4884395,6023157.675012767,1.4083559159995227,-1.4083559159995263
valor_aprovado_real,real_jun_2026,holt_winters,baseline,2025-05,7,2025-11-01,396346421.4330967,411849258.2241022,-15502836.791005492,3.911436045000944,3.911436045000949
valor_aprovado_real,real_jun_2026,holt_winters,baseline,2025-05,8,2025-12-01,432042733.88196224,422974540.07407606,9068193.807886183,2.0989113105565367,-2.0989113105565393
valor_aprovado_real,real_jun_2026,holt_winters,baseline,2025-05,9,2026-01-01,419718499.1084349,423560945.44330937,-3842446.334874451,0.9154817676696564,0.9154817676696458
valor_aprovado_real,real_jun_2026,holt_winters,baseline,2025-05,10,2026-02-01,378058045.77417153,395745524.31672746,-17687478.54255593,4.678508694699579,4.678508694699568
valor_aprovado_real,real_jun_2026,holt_winters,baseline,2025-05,11,2026-03-01,417924666.2769595,429591473.9862929,-11666807.70933342,2.791605437713457,2.7916054377134625
valor_aprovado_real,real_jun_2026,holt_winters,baseline,2025-05,12,2026-04-01,399704198.75121015,412858116.13257366,-13153917.381363511,3.2909129857679997,3.290912985768002
valor_aprovado_real,real_jun_2026,holt_winters,baseline,2025-06,1,2025-06-01,394647218.1248688,409071506.06753296,-14424287.942664146,3.6549827998788054,3.6549827998788142
valor_aprovado_real,real_jun_2026,holt_winters,baseline,2025-06,2,2025-07-01,423835549.0030809,417218947.4679682,6616601.535112679,1.5611247217643327,-1.5611247217643287
valor_aprovado_real,real_jun_2026,holt_winters,baseline,2025-06,3,2025-08-01,411913243.8502616,425731073.4141251,-13817829.563863456,3.354548505094073,3.354548505094068
valor_aprovado_real,real_jun_2026,holt_winters,baseline,2025-06,4,2025-09-01,411490588.8396937,412800221.02898306,-1309632.1892893314,0.3182654050441797,0.31826540504418244
valor_aprovado_real,real_jun_2026,holt_winters,baseline,2025-06,5,2025-10-01,427672977.16345227,423243150.3454954,4429826.817956865,1.0357976899400474,-1.0357976899400434
valor_aprovado_real,real_jun_2026,holt_winters,baseline,2025-06,6,2025-11-01,396346421.4330967,413488957.68816,-17142536.255063295,4.32513965764592,4.325139657645916
valor_aprovado_real,real_jun_2026,holt_winters,baseline,2025-06,7,2025-12-01,432042733.88196224,424660608.1447421,7382125.737220168,1.7086563800971197,-1.7086563800971177
valor_aprovado_real,real_jun_2026,holt_winters,baseline,2025-06,8,2026-01-01,419718499.1084349,425293382.56055045,-5574883.452115536,1.328243445060842,1.3282434450608394
valor_aprovado_real,real_jun_2026,holt_winters,baseline,2025-06,9,2026-02-01,378058045.77417153,397524329.60098696,-19466283.826815426,5.149019851423392,5.149019851423398
valor_aprovado_real,real_jun_2026,holt_winters,baseline,2025-06,10,2026-03-01,417924666.2769595,431416648.3604065,-13491982.08344704,3.228328732936255,3.2283287329362587
valor_aprovado_real,real_jun_2026,holt_winters,baseline,2025-06,11,2026-04-01,399704198.75121015,414729658.63003117,-15025459.878821015,3.759144869071887,3.7591448690718954
valor_aprovado_real,real_jun_2026,holt_winters,baseline,2025-06,12,2026-05-01,427248135.7591183,431533665.7498014,-4285529.990683079,1.003054111182653,1.003054111182644
valor_aprovado_real,real_jun_2026,holt_winters,baseline,2025-07,1,2025-07-01,423835549.0030809,409522961.52470636,14312587.47837454,3.376920013443823,-3.376920013443818
valor_aprovado_real,real_jun_2026,holt_winters,baseline,2025-07,2,2025-08-01,411913243.8502616,417790104.97703326,-5876861.126771629,1.4267230331899647,1.4267230331899583
valor_aprovado_real,real_jun_2026,holt_winters,baseline,2025-07,3,2025-09-01,411490588.8396937,404614269.80179787,6876319.037895858,1.6710756513983598,-1.6710756513983571
valor_aprovado_real,real_jun_2026,holt_winters,baseline,2025-07,4,2025-10-01,427672977.16345227,414812216.9200337,12860760.243418574,3.0071482020486235,-3.007148202048626
valor_aprovado_real,real_jun_2026,holt_winters,baseline,2025-07,5,2025-11-01,396346421.4330967,404813041.7671269,-8466620.334030211,2.1361667158282587,2.1361667158282582
valor_aprovado_real,real_jun_2026,holt_winters,baseline,2025-07,6,2025-12-01,432042733.88196224,415739709.730703,16303024.151259243,3.7734749071635516,-3.7734749071635543
valor_aprovado_real,real_jun_2026,holt_winters,baseline,2025-07,7,2026-01-01,419718499.1084349,416127501.3555397,3590997.752895236,0.8555729043449897,-0.8555729043449922
valor_aprovado_real,real_jun_2026,holt_winters,baseline,2025-07,8,2026-02-01,378058045.77417153,388113466.1973405,-10055420.423168957,2.659755700365505,2.659755700365496
valor_aprovado_real,real_jun_2026,holt_winters,baseline,2025-07,9,2026-03-01,417924666.2769595,421760802.13789415,-3836135.8609346747,0.9179012799384424,0.9179012799384489
valor_aprovado_real,real_jun_2026,holt_winters,baseline,2025-07,10,2026-04-01,399704198.75121015,404828830.2383901,-5124631.487179935,1.2821059931796424,1.2821059931796386
valor_aprovado_real,real_jun_2026,holt_winters,baseline,2025-07,11,2026-05-01,427248135.7591183,421387854.86455476,5860280.894563556,1.3716340468405392,-1.371634046840542
valor_aprovado_real,real_jun_2026,holt_winters,baseline,2025-07,12,2026-06-01,409258364.78,406860522.1572482,2397842.6227517724,0.5858994779595407,-0.5858994779595394
