grupo_procedimento,valor_aprovado,qtd_aprovada,participacao_valor_pct,custo_medio
03 Procedimentos clinicos,38640357976.74,182384356.0,98.5919180051102,211.86223875878915
04 Procedimentos cirurgicos,402673268.55,1367081.0,1.0274317308247864,294.5496781463571
"07 Orteses, proteses e materiais especiais",149185275.68,967188.0,0.3806502640650029,154.24640884709075
