grupo_procedimento,valor_aprovado,qtd_aprovada,participacao_valor_pct,custo_medio
03 Procedimentos clinicos,27937048876.98,1387117700.0,98.58233075076448,20.14035930547206
04 Procedimentos cirurgicos,294796315.81,10551880.0,1.0402569017672785,27.937800260237985
"07 Orteses, proteses e materiais especiais",106954127.76,7453150.0,0.37741234746823504,14.350191229211811
