cod_municipio,municipio,uf_ibge,valor_2015,qtd_2015,estado_2015,valor_2016,qtd_2016,estado_2016,valor_2017,qtd_2017,estado_2017,valor_2018,qtd_2018,estado_2018,valor_2019,qtd_2019,estado_2019,valor_2020,qtd_2020,estado_2020,valor_2021,qtd_2021,estado_2021,valor_2022,qtd_2022,estado_2022,valor_2023,qtd_2023,estado_2023,valor_2024,qtd_2024,estado_2024,valor_2025,qtd_2025,estado_2025,valor_2026,qtd_2026,estado_2026,periodo_analise,valor_periodo,qtd_periodo,anos_sem_registro_periodo,custo_medio_periodo,media_valor_pre_pandemia,media_qtd_pre_pandemia,anos_excluidos_pre_pandemia,media_valor_pandemia,media_qtd_pandemia,anos_excluidos_pandemia,media_valor_pos_pandemia,media_qtd_pos_pandemia,anos_excluidos_pos_pandemia,crescimento_valor_pos_vs_pre_pct,crescimento_qtd_pos_vs_pre_pct,anos_excluidos_crescimento,participacao_valor_nacional_pct,participacao_qtd_nacional_pct,ranking_valor,ranking_qtd,valor_real_periodo,populacao_acumulada_2015_2025,anos_populacao,valor_real_anual_medio,valor_real_por_habitante_ano,qtd_por_100_mil_ano,populacao_2025,qtd_por_100_mil_2025,valor_real_por_habitante_2025,estado_registro_2025,populacao_uf_acumulada_2015_2025
355030,SAO PAULO,35,180867255.49,981936.0,observado,187215012.36,1004704.0,observado,203429366.31,1014049.0,observado,203984564.94,1010720.0,observado,207921445.09,1037699.0,observado,208572716.94,1049898.0,observado,202862718.33,1024378.0,observado,229477261.53,1037539.0,observado,243790094.99,1047357.0,observado,270324227.8,1097025.0,observado,275369317.74,1119238.0,observado,140957811.24,556519.0,provisorio,2015_2025,2413813981.52,11424543.0,0,211.28319806927945,196683528.83800003,1009821.6,0,205717717.635,1037138.0,0,254740225.515,1075289.75,0,29.5178233886676,6.483140190306891,0,6.418619112492674,6.404857104220635,1.0,1.0,3268609143.3384624,132187632.0,11,297146285.75804204,24.727042113429057,8642.671653275398,11904961.0,9401.44197028449,24.244353181041234,observado,500288837
330455,RIO DE JANEIRO,33,86303419.91,463254.0,observado,86443106.59,455989.0,observado,90335755.21,445451.0,observado,89245137.24,440203.0,observado,88399509.51,436784.0,observado,88539871.02,439614.0,observado,84836304.46,419467.0,observado,94548641.71,421856.0,observado,103534416.42,439330.0,observado,115184093.37,463022.0,observado,115863123.3,465996.0,observado,59066698.510000005,230954.0,provisorio,2015_2025,1043233378.74,4890966.0,0,213.29802307764967,88145385.692,448336.2,0,86688087.74,429540.5,0,107282568.7,447551.0,0,21.710930025162824,-0.1751364266369792,0,2.7740819113800423,2.741986119847558,2.0,2.0,1420666401.7549074,72564145.0,11,129151491.06862794,19.57807677269411,6740.196552994596,6730729.0,6923.41052507091,18.042892313228357,observado,186284798
310620,BELO HORIZONTE,31,63552224.63,344592.0,observado,66747486.12,360134.0,observado,69863091.66,351557.0,observado,68522344.72,344558.0,observado,70125546.13,352346.0,observado,71886680.77,362954.0,observado,70983272.61,359261.0,observado,78732616.88,357849.0,observado,85575348.13,370560.0,observado,93605948.66,383348.0,observado,97023914.56,397636.0,observado,49255551.71,195112.0,provisorio,2015_2025,836618474.8699999,3984795.0,0,209.95270142378715,67762138.652,350637.4,0,71434976.69,361107.5,0,88734457.0575,377348.25,0,30.949906279088516,7.617798329556402,0,2.224668252722423,2.233966169553816,3.0,3.0,1132421769.1547925,27118897.0,11,102947433.55952659,41.75766326907737,14693.794515315281,2415872.0,16459.315725336444,42.094746930470464,observado,232083531
261160,RECIFE,26,54130198.56,295893.0,observado,56604516.43,305157.0,observado,63078827.84,317160.0,observado,66913002.74,336544.0,observado,69170865.75,346932.0,observado,71092551.68,358044.0,observado,67978056.61,342547.0,observado,75993262.55,342951.0,observado,82567794.12,354964.0,observado,88367148.64,358673.0,observado,87632831.93,355791.0,observado,45570814.49,177583.0,provisorio,2015_2025,783529056.8500001,3714656.0,0,210.92910268137888,61979482.26400001,320337.2,0,69535304.14500001,350295.5,0,83640259.31,353094.75,0,34.9483026556054,10.22595877094512,0,2.083497161750573,2.082520138559224,4.0,4.0,1057141122.8012638,17677025.0,11,96103738.43647853,59.803112956012896,21014.033752851512,1588376.0,22399.671110618645,57.82778539214494,observado,104029144
230440,FORTALEZA,23,45155136.62,246594.0,observado,45719604.15,246496.0,observado,47693680.03,239810.0,observado,48218242.14,242206.0,observado,50198050.69,252427.0,observado,52356404.72,265275.0,observado,53702845.04,271362.0,observado,62105996.55,280481.0,observado,69152650.56,298428.0,observado,77913644.42,317580.0,observado,80490065.7,327667.0,observado,41622494.46,164130.0,provisorio,2015_2025,632706320.62,2988326.0,0,211.72600332761556,47396942.726,245506.6,0,53029624.88,268318.5,0,72415589.3075,306039.0,0,52.785359440021054,24.65611922449336,0,1.6824415274822206,1.675323118905258,5.0,5.0,846358902.1768988,28613080.0,11,76941718.37971808,29.57944066758625,10443.91585946008,2578483.0,12707.74327385521,32.7190767064344,observado,99832842
292740,SALVADOR,29,45330936.59,248882.0,observado,45232830.22,245904.0,observado,47620523.23,239534.0,observado,46470887.13,233518.0,observado,46070850.65,232181.0,observado,45023821.87,228875.0,observado,43982649.37,223404.0,observado,49433967.81,224501.0,observado,53317718.95,229026.0,observado,66679248.04,271626.0,observado,70870483.9,289435.0,observado,32632624.05,128267.0,provisorio,2015_2025,560033917.76,2666886.0,0,209.9954470344814,46145205.564,240003.8,0,44503235.62,226139.5,0,60075354.675,253647.0,0,30.187641252740583,5.684576660869545,0,1.4891969454559657,1.4951165874421892,6.0,6.0,757984997.7245063,30372824.0,11,68907727.0658642,24.956026404541976,8780.500621213227,2564204.0,11287.518465769494,28.969156852164264,observado,163780358
520870,GOIANIA,52,41275873.16,225712.0,observado,40454259.02,218599.0,observado,42097359.45,212552.0,observado,41581175.99,209989.0,observado,42039115.03,212002.0,observado,40571900.25,206316.0,observado,37976418.52,193428.0,observado,41656229.73,189014.0,observado,45121304.79,195383.0,observado,48912299.62,199655.0,observado,51004665.66,208142.0,observado,25771269.57,102047.0,provisorio,2015_2025,472690601.22,2270792.0,0,208.1611178919073,41489556.53,215770.8,0,39274159.385000005,199872.0,0,46673624.95,198048.5,0,12.494875466435818,-8.21348393758562,0,1.256940655126952,1.2730573357207708,7.0,7.0,647544815.2563565,16349906.0,11,58867710.477850586,39.6054151783109,13888.715935125254,1503256.0,13846.078113109144,35.563131004194865,observado,77377189
211130,SAO LUIS,21,21472726.71,115785.0,observado,24882643.03,132629.0,observado,30311300.82,150634.0,observado,31227484.67,155191.0,observado,31736685.65,157869.0,observado,30527594.6,153427.0,observado,30689735.32,153793.0,observado,42631646.15,192382.0,observado,45910767.52,197591.0,observado,50408828.48,204979.0,observado,51743748.8,210498.0,observado,26418247.130000003,102549.0,provisorio,2015_2025,391543161.75,1824778.0,0,214.57029937340323,27926168.176,142421.6,0,30608664.96,153610.0,0,47673747.7375,201362.5,0,70.7135308970575,41.38480399040594,0,1.041159940498728,1.0230118033540176,8.0,9.0,518121512.0456675,11947820.0,11,47101955.64051523,43.36535970960958,15272.894971634993,1089215.0,19325.66114128065,49.79288691936426,observado,76935230
240810,NATAL,24,24872177.78,136547.0,observado,25115495.24,137271.0,observado,27963136.59,141344.0,observado,26868649.82,135534.0,observado,27461810.03,138688.0,observado,28415425.55,144488.0,observado,29052657.39,147185.0,observado,38135285.79,173123.0,observado,49659824.85,214860.0,observado,53755087.14,220032.0,observado,54329124.73,222480.0,observado,29255469.34,117181.0,provisorio,2015_2025,385628674.91,1811552.0,0,212.8719876161435,26456253.892,137876.8,0,28734041.47,145836.5,0,48969830.6275,207623.75,0,85.09737178742371,50.58642933401414,0,1.0254326149622734,1.0155970087263095,9.0,10.0,508063973.45755315,9270808.0,11,46187633.95068665,54.80255587836067,19540.389575536457,784249.0,28368.541113855423,72.61089087744752,observado,38082696
530010,BRASILIA,53,25649535.16,142197.0,observado,25196754.25,138846.0,observado,26731089.94,135989.0,observado,28807135.54,146572.0,observado,35617735.27,180693.0,observado,35954106.06,184630.0,observado,35465721.61,182130.0,observado,37540951.84,172027.0,observado,41769607.8,183138.0,observado,43747767.03,180712.0,observado,43382189.7,179135.0,observado,25816634.23,102927.0,provisorio,2015_2025,379862594.2,1826069.0,0,208.02203761194127,28400450.032,148859.4,0,35709913.835,183380.0,0,41610129.0925,178753.0,0,46.512217396612,20.081768433837578,0,1.0100999190160531,1.0237355671423416,10.0,8.0,509428384.3992494,32766953.0,11,46311671.30902267,15.547017276804754,5572.898401630448,2996899.0,5977.34524920593,15.172683294687056,observado,32766953
270430,MACEIO,27,24152057.58,133187.0,observado,24393352.85,133653.0,observado,25881092.72,131516.0,observado,26849118.14,136645.0,observado,28929164.4,146674.0,observado,30198138.89,154928.0,observado,30107364.11,153275.0,observado,35711819.87,162076.0,observado,39554961.46,171392.0,observado,44031220.11,181052.0,observado,49372881.84,202406.0,observado,26088369.29,103892.0,provisorio,2015_2025,359181171.97,1706804.0,0,210.44078404433083,26040957.138,136335.0,0,30152751.5,154101.5,0,42167720.82,179231.5,0,61.928459835553376,31.46404078189753,0,0.955105552003804,0.9568729116702694,11.0,11.0,477945485.39109135,11076249.0,11,43449589.58100831,43.15048220666503,15409.584959673623,994952.0,20343.29294277513,52.01269755482764,observado,36194945
431490,PORTO ALEGRE,43,28405897.6,149514.0,observado,28788970.86,147839.0,observado,30444671.92,147310.0,observado,29860570.42,145297.0,observado,29722614.81,144636.0,observado,28548913.91,141013.0,observado,27161743.23,135399.0,observado,30963469.66,139388.0,observado,33767391.51,143373.0,observado,35157688.45,140235.0,observado,36282442.15,145541.0,observado,15817095.94,61432.0,provisorio,2015_2025,339104374.52,1579545.0,0,214.68484564858863,29444545.122,146919.2,0,27855328.57,138206.0,0,34042747.9425,142134.25,0,15.616484484470371,-3.256858191441292,0,0.9017189543551044,0.885528639061202,12.0,13.0,463571953.27217335,15858233.0,11,42142904.84292485,29.23225767159389,9960.409838851529,1388794.0,10479.667970915774,27.383043124773778,observado,123854933
221100,TERESINA,22,22018676.09,121112.0,observado,23687739.97,128809.0,observado,26359320.4,133595.0,observado,27410497.12,139181.0,observado,29209941.7,148207.0,observado,29723850.7,151590.0,observado,28584731.39,146161.0,observado,33412437.06,152366.0,observado,35800289.73,155564.0,observado,39949940.33,163914.0,observado,40351229.68,165601.0,observado,21006245.7,84184.0,provisorio,2015_2025,336508654.17,1606100.0,0,209.51911722184173,25737235.056,134180.8,0,29154291.045,148875.5,0,37378474.2,159361.25,0,45.23111794515056,18.766060419970685,0,0.8948166245249057,0.900415972445354,13.0,12.0,451328823.55137044,9566282.0,11,41029893.050124586,47.17912597092271,16789.17681916548,905692.0,18284.471983853233,46.69810667904328,observado,36098338
150140,BELEM,15,16859967.48,93536.0,observado,17846762.69,96978.0,observado,25329557.48,124994.0,observado,26355599.59,130358.0,observado,27101675.11,134398.0,observado,26167882.41,129108.0,observado,28689290.12,141540.0,observado,34788255.25,154770.0,observado,38110021.99,162369.0,observado,42564587.08,171358.0,observado,43068373.92,173584.0,observado,20263525.66,78580.0,provisorio,2015_2025,326881973.12,1512993.0,0,216.0498912552801,22698712.470000003,116052.8,0,27428586.265,135324.0,0,39632809.56,165520.25,0,74.60377813226688,42.62495174610177,0,0.8692181320766635,0.8482180831816283,14.0,15.0,431419991.9236786,15771794.0,11,39219999.265788965,27.353894675753345,9593.030444095326,1397315.0,12422.682072403144,32.30629721468254,observado,93281750
130260,MANAUS,13,19926790.52,108710.0,observado,19170810.85,103437.0,observado,20374336.45,102427.0,observado,20271810.92,101989.0,observado,23052023.67,116850.0,observado,31090085.07,158129.0,observado,29860678.34,150818.0,observado,36970768.76,168584.0,observado,39308585.08,169950.0,observado,42109777.67,172003.0,observado,41494503.87,169564.0,observado,20815751.17,81477.0,provisorio,2015_2025,323630171.20000005,1522461.0,0,212.57041802712848,20559154.482,106682.6,0,30475381.705,154473.5,0,39970908.845,170025.25,0,94.41903060748642,59.3748652545026,0,0.8605712031444643,0.8535260580444095,15.0,14.0,426385886.7626895,23902163.0,11,38762353.34206268,17.838799223429675,6369.553249218492,2303732.0,7360.404769304762,18.879115865140076,observado,45358605
500270,CAMPO GRANDE,50,20995008.69,114843.0,observado,20823070.61,112967.0,observado,22817024.11,114972.0,observado,23396404.21,117851.0,observado,24325725.41,123045.0,observado,26239998.22,133288.0,observado,25721143.83,131072.0,observado,29410167.26,133092.0,observado,34492141.87,148845.0,observado,38664673.15,158227.0,observado,39471862.03,161694.0,observado,16421570.36,65466.0,provisorio,2015_2025,306357219.39,1449896.0,0,211.29599598178075,22471446.606,116735.6,0,25980571.025,132180.0,0,35509711.0775,150464.5,0,58.02147365100525,28.89341383434017,0,0.8146403652813841,0.8128444784164304,16.0,16.0,408599682.6806297,9937009.0,11,37145425.69823906,41.118980840273935,14590.869345091667,962883.0,16792.694439511342,42.96720712524464,observado,30634325
350950,CAMPINAS,35,19766798.82,106414.0,observado,22027434.93,116497.0,observado,24618243.83,121961.0,observado,25688034.71,127193.0,observado,24806023.73,123156.0,observado,24535394.62,122713.0,observado,24349882.87,120859.0,observado,25783332.7,115203.0,observado,29524484.99,125813.0,observado,31655160.86,127756.0,observado,32168756.33,130121.0,observado,16524862.010000002,65012.0,provisorio,2015_2025,284923548.39,1337686.0,0,212.9973315038058,23381307.204,119044.2,0,24442638.745,121786.0,0,29782933.72,124723.25,0,27.379249843245844,4.770539009880359,0,0.7576456791188456,0.7499370154514262,17.0,18.0,385762752.9124595,13030366.0,11,35069341.173859954,29.60490541190167,10265.912714961345,1187974.0,10953.185844134636,28.38248164864649,observado,500288837
410690,CURITIBA,41,21031176.4,113907.0,observado,20584978.81,109854.0,observado,22498926.59,111725.0,observado,22968124.94,113940.0,observado,23166803.2,114714.0,observado,24622802.08,122808.0,observado,23454482.35,119954.0,observado,26358969.05,118508.0,observado,30213580.03,129322.0,observado,34276864.55,139160.0,observado,35722675.04,145785.0,observado,18439545.6,73417.0,provisorio,2015_2025,284899383.04,1339677.0,0,212.6627411234201,22050001.988,112828.0,0,24038642.215,121381.0,0,31643022.1675,133193.75,0,43.505756528823404,18.05026234622611,0,0.7575814205725959,0.751053215066107,18.0,17.0,382802852.50825787,20679349.0,11,34800259.31893253,18.511358965326128,6478.332562596627,1830795.0,7962.934135170786,20.451599796030088,observado,126416037
354340,RIBEIRAO PRETO,35,16826365.85,91166.0,observado,17671586.26,94882.0,observado,19513722.85,97530.0,observado,20944095.09,103998.0,observado,21174460.07,107063.0,observado,21293329.36,108195.0,observado,21181267.73,107268.0,observado,23183063.19,105149.0,observado,25399179.78,109699.0,observado,28391696.35,115969.0,observado,28559615.18,116560.0,observado,14696696.86,58342.0,provisorio,2015_2025,244138381.71,1157479.0,0,210.92251497435373,19226046.024,98927.8,0,21237298.545,107731.5,0,26383388.625,111844.25,0,37.227324807531616,13.056441162140464,0,0.649193059172714,0.6489088969367262,19.0,19.0,328810279.70508796,7724845.0,11,29891843.609553453,42.56529156314308,14983.847572346112,731639.0,15931.354124096719,40.91462116355953,observado,500288837
250750,JOAO PESSOA,25,12139709.84,66398.0,observado,13338228.39,70986.0,observado,16156501.43,79264.0,observado,18053261.74,89207.0,observado,21001055.52,104355.0,observado,21769708.61,107975.0,observado,21600291.31,107932.0,observado,24986593.78,112600.0,observado,28855318.94,123564.0,observado,33922584.4,137846.0,observado,32091465.43,130540.0,observado,13238018.83,52894.0,provisorio,2015_2025,243914719.39,1130667.0,0,215.7263981260619,16137751.383999998,82042.0,0,21684999.96,107953.5,0,29963990.637500003,126137.5,0,85.67636794310903,53.74747080763511,0,0.6485983144024512,0.6338774835420403,20.0,21.0,320614320.3500455,9138513.0,11,29146756.395458683,35.083861055955765,12372.549013170961,897633.0,14542.691723677717,37.47259500640296,observado,44454005
280030,ARACAJU,28,18338853.48,101545.0,observado,18710838.32,103463.0,observado,18433539.56,93795.0,observado,18878144.77,95954.0,observado,19232589.48,98059.0,observado,19801864.96,101616.0,observado,20306294.19,103641.0,observado,21473105.13,97663.0,observado,24331399.93,105340.0,observado,28386939.33,116303.0,observado,31679573.9,129631.0,observado,17108276.669999998,67927.0,provisorio,2015_2025,239573143.05,1147010.0,0,208.8675277896444,18718793.122,98563.2,0,20054079.575000003,102628.5,0,26467754.5725,112234.25,0,41.39669368637193,13.870339031200295,0,0.6370535453822957,0.6430397388422547,21.0,20.0,322205509.6159742,7036526.0,11,29291409.96508856,45.790424083699,16300.799570697243,621408.0,20860.85148565838,53.4349641009059,observado,25081519
250400,CAMPINA GRANDE,25,16492547.33,91696.0,observado,16487474.23,91459.0,observado,17763925.03,91046.0,observado,18709324.2,95832.0,observado,19751726.33,101263.0,observado,21016291.74,108656.0,observado,21281120.39,109815.0,observado,23808331.6,108916.0,observado,22976268.67,100429.0,observado,24449342.67,100993.0,observado,25613635.92,106046.0,observado,12873875.83,51624.0,provisorio,2015_2025,228349988.11000007,1106151.0,0,206.43654266912927,17840999.424000002,94259.2,0,21148706.065,109235.5,0,24211894.715,104096.0,0,35.70929598500947,10.435904399782723,0,0.6072098385549007,0.6201332596578051,22.0,22.0,308309316.5112599,4600251.0,11,28028119.68284181,67.02010749223464,24045.44882442284,443911.0,23889.02279961524,60.4781301985009,observado,44454005
510340,CUIABA,51,15871684.66,86599.0,observado,15945037.73,85963.0,observado,17433412.22,87042.0,observado,18145994.31,91100.0,observado,19246662.97,97306.0,observado,19068946.41,96556.0,observado,19360794.29,97739.0,observado,22826939.39,102905.0,observado,24525150.03,105206.0,observado,26699785.42,108147.0,observado,27436542.52,111119.0,observado,14363452.75,56508.0,provisorio,2015_2025,226560949.95,1069682.0,0,211.80215236864788,17328558.378,89602.0,0,19214870.35,97147.5,0,25372104.34,106844.25,0,46.41785996584651,19.24315305461932,0,0.6024525728274381,0.5996879137272219,23.0,23.0,303897760.5271833,6909808.0,11,27627069.138834845,43.98063745435232,15480.632746959105,691875.0,16060.560072267388,41.564711850229195,observado,39070198
351880,GUARULHOS,35,16240606.71,88754.0,observado,16822541.8,90949.0,observado,17597068.81,88489.0,observado,17665266.68,88647.0,observado,18297932.21,91748.0,observado,19279887.49,97206.0,observado,19212483.47,97433.0,observado,21531317.72,97167.0,observado,23094675.7,99316.0,observado,26056200.47,105847.0,observado,27974438.07,113946.0,observado,14620929.1,58117.0,provisorio,2015_2025,223772419.13,1059502.0,0,211.2052824157009,17324683.242000002,89717.4,0,19246185.48,97319.5,0,24664157.99,104069.0,0,42.36426516709413,15.996451078609052,0,0.595037536973782,0.593980775566775,24.0,24.0,300879851.7914605,14857407.0,11,27352713.799223684,20.251168443555496,7131.136678156559,1349100.0,8446.07516121859,21.734029873371682,observado,500288837
311860,CONTAGEM,31,16720576.18,92118.0,observado,17026301.21,93152.0,observado,18248874.74,92579.0,observado,15865046.11,80350.0,observado,16934907.89,85752.0,observado,18108819.58,92263.0,observado,17801156.37,91096.0,observado,19100884.08,87385.0,observado,21151433.48,91981.0,observado,23742155.11,97478.0,observado,24563554.08,100595.0,observado,10677104.42,42731.0,provisorio,2015_2025,209263708.83,1004749.0,0,208.27461269431467,16959141.226,88790.2,0,17954987.975,91679.5,0,22139506.6875,94359.75,0,30.546154386390747,6.272708024083751,0,0.5564571467936916,0.5632850058517508,25.0,25.0,283558358.3813063,7186189.0,11,25778032.580118753,39.45879497203682,13981.666777759394,651718.0,15435.357010240625,39.505223131031656,observado,232083531
291080,FEIRA DE SANTANA,29,16866143.85,92800.0,observado,16644439.08,91161.0,observado,18903705.78,96169.0,observado,18596558.46,94532.0,observado,18255174.85,92831.0,observado,17412979.11,88949.0,observado,15938072.77,81103.0,observado,17658315.15,80848.0,observado,18355405.57,79900.0,observado,20118903.87,82397.0,observado,21662824.77,88598.0,observado,11925014.56,47619.0,provisorio,2015_2025,200412523.26,969288.0,0,206.76261674548743,17853204.404000003,93498.6,0,16675525.94,85026.0,0,19448862.34,82935.75,0,8.937655671731903,-11.297334933357297,0,0.5329207892687237,0.5434047675111215,26.0,26.0,274913593.8500424,6907940.0,11,24992144.8954584,39.79675472717516,14031.505774514544,660806.0,13407.565911931793,34.36086906003025,observado,163780358
260400,CARPINA,26,11693702.2,64420.0,observado,12342112.76,67875.0,observado,14329118.16,73154.0,observado,14663524.45,74797.0,observado,14787667.96,75119.0,observado,17182730.6,87707.0,observado,17723875.96,90302.0,observado,20940059.68,95381.0,observado,22945200.66,99438.0,observado,24799770.04,101580.0,observado,24099309.35,98966.0,observado,12247199.4,48927.0,provisorio,2015_2025,195507071.82,928739.0,0,210.5080887310644,13563225.106,71073.0,0,17453303.28,89004.5,0,23196084.9325,98841.25,0,71.02189745592796,39.07004066241751,0,0.5198766091416529,0.5206720813354869,27.0,27.0,259347184.57729974,908867.0,11,23577016.779754523,285.35218527826373,102186.45852473464,83482.0,118547.71088378334,302.5762122630292,observado,104029144
317020,UBERLANDIA,31,12492164.46,68501.0,observado,12889558.39,70442.0,observado,14350431.81,72416.0,observado,14936168.22,75496.0,observado,15929031.38,80522.0,observado,16874262.89,85258.0,observado,16321046.12,83378.0,observado,18611228.92,84759.0,observado,20526899.63,89116.0,observado,21697928.9,88717.0,observado,22559587.24,92466.0,observado,11727579.02,46236.0,provisorio,2015_2025,187188307.96,891071.0,0,210.071148045442,14119470.852000002,73475.4,0,16597654.505,84318.0,0,20848911.1725,88764.5,0,47.66071187113066,20.808461063158568,0,0.4977560244102287,0.4995545488966154,28.0,28.0,250897377.2574497,7752698.0,11,22808852.477949973,32.362588773282496,11493.689035739559,761835.0,12137.273819134065,31.037966409402042,observado,232083531
330490,SAO GONCALO,33,14562389.45,78600.0,observado,14688295.4,78135.0,observado,16469652.65,81807.0,observado,16454916.01,81954.0,observado,16740462.08,83591.0,observado,16252078.82,81770.0,observado,14865432.19,75477.0,observado,17235943.05,78238.0,observado,18343196.09,78755.0,observado,19613420.61,79725.0,observado,19558600.26,79679.0,observado,10628349.23,42673.0,provisorio,2015_2025,184784386.61,877731.0,0,210.52507728449837,15783143.118,80817.4,0,15558755.505,78623.5,0,18687790.0025,79099.25,0,18.403475548462687,-2.1259654480346946,0,0.4913637109841863,0.4920758432914718,29.0,29.0,251960822.05822235,11230325.0,11,22905529.278020214,22.435755159198184,7815.722162982816,960196.0,8298.201617169827,21.350148920683456,observado,186284798
354980,SAO JOSE DO RIO PRETO,35,12502792.58,67623.0,observado,13509532.44,72003.0,observado,14821623.6,73821.0,observado,14697653.64,73159.0,observado,15098960.73,75283.0,observado,15727031.58,79162.0,observado,14631770.33,73785.0,observado,16203451.7,73143.0,observado,19094869.82,82096.0,observado,21307158.74,86355.0,observado,22269247.42,90545.0,observado,11617636.48,45847.0,provisorio,2015_2025,179864092.58000004,846975.0,0,212.36056858821104,14126112.598,72377.8,0,15179400.955,76473.5,0,19718681.92,83034.75,0,39.59029268102962,14.724059034676372,0,0.4782800626410136,0.4748333343265697,30.0,31.0,241968379.0363895,5167963.0,11,21997125.3669445,46.82084199062368,16388.952475085443,504166.0,17959.362590892684,46.29723095810045,observado,500288837
411370,LONDRINA,41,11510677.85,63209.0,observado,10990867.43,60333.0,observado,12506611.01,63544.0,observado,12879997.29,65269.0,observado,14451697.22,73108.0,observado,16127329.45,82356.0,observado,16992235.96,88145.0,observado,18378357.87,83643.0,observado,19843786.82,85796.0,observado,21838568.2,89384.0,observado,22571723.04,92582.0,observado,12135769.81,48344.0,provisorio,2015_2025,178091852.14,847369.0,0,210.1703651419865,12467970.16,65092.6,0,16559782.705,85250.5,0,20658108.9825,87851.25,0,65.68943234060485,34.963498154936204,0,0.4735674640533819,0.4750542196345477,31.0,30.0,236767546.5763957,6231210.0,11,21524322.416035973,37.99704175856626,13598.787394422592,581382.0,15924.46962582261,40.69360466323416,observado,126416037
355220,SOROCABA,35,10798919.49,59112.0,observado,10212831.42,55385.0,observado,10848841.78,54440.0,observado,10858933.83,54077.0,observado,10591880.26,53043.0,observado,10204643.09,51260.0,observado,10163280.26,51102.0,observado,20465061.51,92452.0,observado,24304787.23,105079.0,observado,28338831.0,113467.0,observado,29240586.19,119698.0,observado,15429303.43,60636.0,provisorio,2015_2025,176028596.06,809115.0,0,217.5569555131224,10662281.356,55211.4,0,10183961.675,51181.0,0,25587316.4825,107674.0,0,139.9797531895106,95.02131806112506,0,0.4680810201888405,0.4536081623467546,32.0,33.0,227262028.2909634,7674211.0,11,20660184.390087582,29.613732055446928,10543.298848572185,762172.0,15704.854022451625,40.21204086047835,observado,500288837
330170,DUQUE DE CAXIAS,33,15758330.74,84692.0,observado,15227817.41,80541.0,observado,16085965.48,79858.0,observado,15587192.65,77770.0,observado,15475325.22,77100.0,observado,14714379.44,73872.0,observado,13644016.13,68214.0,observado,15679749.62,70748.0,observado,17271253.7,73935.0,observado,18327873.62,74067.0,observado,16701052.04,67221.0,observado,7993892.09,31484.0,provisorio,2015_2025,174472956.04999998,828018.0,0,210.71154980930365,15626926.3,79992.2,0,14179197.785,71043.0,0,16994982.244999997,71492.75,0,8.754478767843143,-10.62534847147597,0,0.4639443879641581,0.464205611526217,33.0,32.0,239879278.7372465,9726176.0,11,21807207.157931503,24.66326732492261,8513.294433495754,866225.0,7760.223960287454,20.208596197936984,observado,186284798
260410,CARUARU,26,9079315.42,50528.0,observado,8786002.29,48707.0,observado,10069911.08,51465.0,observado,11764162.81,60174.0,observado,12885405.84,66154.0,observado,12956234.44,65648.0,observado,12578110.13,64249.0,observado,14986290.91,69139.0,observado,18084312.73,79304.0,observado,28256204.5,116607.0,observado,30012399.22,123418.0,observado,16740604.66,64599.0,provisorio,2015_2025,169458349.37,795393.0,0,213.0498374639958,10516959.488,55405.6,0,12767172.285,64948.5,0,22834801.84,97117.0,0,117.12360750324112,75.28372583276781,0,0.4506099510422156,0.4459152989049421,34.0,35.0,219467137.22490126,4083240.0,11,19951557.929536477,53.74828254643402,19479.45748964058,405408.0,30442.911832030943,77.59458785643928,observado,104029144
293330,VITORIA DA CONQUISTA,29,12339973.88,68050.0,observado,12591780.6,69310.0,observado,12333387.84,62766.0,observado,13044853.96,66616.0,observado,13427490.95,68596.0,observado,13821137.59,70693.0,observado,14939645.78,76966.0,observado,17158654.74,78440.0,observado,17511286.69,76638.0,observado,19216967.71,79364.0,observado,19826787.51,81852.0,observado,10159917.48,40720.0,provisorio,2015_2025,166211967.25,799291.0,0,207.94925408893636,12747497.446,67067.6,0,14380391.685,73829.5,0,18428424.1625,79073.5,0,44.5650351417219,17.901192229929187,0,0.4419774340042768,0.4481006058351406,35.0,34.0,223445328.0978396,3943945.0,11,20313211.645258144,56.655285024978696,20266.281603825613,396613.0,20637.75014938996,52.397243143591645,observado,163780358
313670,JUIZ DE FORA,31,11101312.17,61104.0,observado,12077145.51,65763.0,observado,13393445.57,67283.0,observado,13184915.56,66231.0,observado,13234921.79,66522.0,observado,13886479.37,70641.0,observado,13594388.97,69513.0,observado,15741581.07,71226.0,observado,17731270.46,76507.0,observado,18934654.41,77446.0,observado,20817024.37,84918.0,observado,11160559.56,44200.0,provisorio,2015_2025,163697139.25,777154.0,0,210.6366810825139,12598348.12,65380.6,0,13740434.17,70077.0,0,18306132.5775,77524.25,0,45.305816311257786,18.57378182518974,0,0.435290206575398,0.4356901031379096,36.0,36.0,219613283.75112426,6190058.0,11,19964843.977374934,35.478388692177724,12554.87428389201,567730.0,14957.462173920701,38.43260631659358,observado,232083531
270030,ARAPIRACA,27,10017806.58,54819.0,observado,10960639.01,59016.0,observado,12205579.48,61092.0,observado,12910575.97,64779.0,observado,13202424.09,66594.0,observado,13178195.03,66557.0,observado,13310376.91,66999.0,observado,15465862.02,69792.0,observado,17588746.25,75650.0,observado,21223921.42,86788.0,observado,22535601.46,92438.0,observado,10777620.93,42856.0,provisorio,2015_2025,162599728.22,764524.0,0,212.68099918380588,11859405.026,61260.0,0,13244285.97,66778.0,0,19203532.7875,81167.0,0,61.9266122153606,32.49591903362716,0,0.4323720598311394,0.4286094395852137,37.0,37.0,215972312.07614145,2588828.0,11,19633846.552376494,83.42474358131999,29531.664521551837,243906.0,37899.02667421056,96.84332680553582,observado,36194945
330045,BELFORD ROXO,33,12716421.99,69087.0,observado,12802332.59,68349.0,observado,13531068.06,67119.0,observado,13767774.59,68140.0,observado,14154187.63,70141.0,observado,13826372.47,68971.0,observado,13070725.8,65091.0,observado,14931968.67,66819.0,observado,15843872.26,67625.0,observado,18418738.19,74453.0,observado,17288028.87,69868.0,observado,8507374.11,33686.0,provisorio,2015_2025,160351491.12,755663.0,0,212.1997386665749,13394356.972,68567.2,0,13448549.135000002,67031.0,0,16620651.997500002,69691.25,0,24.086972090144787,1.6393406760083495,0,0.4263937293839904,0.4236417626461449,38.0,40.0,217937836.66644135,5539028.0,11,19812530.606040124,39.34586296845608,13642.519951153883,518384.0,13478.039445661901,34.95561288084247,observado,186284798
312770,GOVERNADOR VALADARES,31,10233003.0,56289.0,observado,10717370.74,58748.0,observado,12285806.28,62420.0,observado,13047646.49,66438.0,observado,13341519.94,68053.0,observado,14282029.39,73398.0,observado,13774181.51,70456.0,observado,15732789.54,71570.0,observado,17295402.48,75587.0,observado,19171839.24,79720.0,observado,19496863.43,81010.0,observado,9910547.8,39872.0,provisorio,2015_2025,159378452.04000002,763689.0,0,208.69549258926085,11925069.29,62389.6,0,14028105.45,71927.0,0,17924223.6725,76971.75,0,50.30708196832623,23.37272558246888,0,0.4238063024803823,0.4281413197066309,39.0,38.0,213215334.2202386,3012957.0,11,19383212.20183987,70.7661391185598,25346.827053953974,266561.0,30390.79235146927,76.66394632187107,observado,232083531
210530,IMPERATRIZ,21,10838501.84,59824.0,observado,11051146.13,60614.0,observado,11814573.7,60102.0,observado,11955573.43,61039.0,observado,13230256.74,67566.0,observado,14345158.97,74272.0,observado,14092665.78,72873.0,observado,16065081.58,73459.0,observado,18009367.53,78637.0,observado,19000024.41,78609.0,observado,17606607.62,72831.0,observado,9350832.25,37385.0,provisorio,2015_2025,158008957.73,759826.0,0,207.9541338806516,11778010.368,61829.0,0,14218912.375,73572.5,0,17670270.285,75884.0,0,50.02763397974961,22.73205130278673,0,0.4201646538612618,0.4259756345677501,40.0,39.0,211822571.79571575,2920705.0,11,19256597.43597416,72.52446645440595,26015.15729935067,285806.0,25482.67006290981,64.56949269982366,observado,76935230
520140,APARECIDA DE GOIANIA,52,8274955.32,45661.0,observado,9132719.21,50369.0,observado,11584087.64,59363.0,observado,13307693.52,68043.0,observado,13868467.81,70738.0,observado,14083768.49,71994.0,observado,13816860.22,71074.0,observado,15378014.53,70525.0,observado,16643233.55,72003.0,observado,19466334.63,79573.0,observado,19632554.47,80577.0,observado,8196442.470000001,32770.0,provisorio,2015_2025,155188689.39,739920.0,0,209.7371194048005,11233584.7,58834.8,0,13950314.355,71534.0,0,17780034.294999998,75669.5,0,58.27569533525661,28.61350765193389,0,0.412665224158695,0.4148158809113793,41.0,41.0,206278371.76290312,6106240.0,11,18752579.251173012,33.781569634161634,12117.44051986165,556021.0,14491.71883795756,37.00911049294018,observado,77377189
355410,TAUBATE,35,9944327.39,54362.0,observado,10968947.95,59501.0,observado,12750147.29,64056.0,observado,13089467.33,65854.0,observado,12817500.71,64711.0,observado,13769544.15,69775.0,observado,13765296.61,70539.0,observado,15426996.52,69934.0,observado,15378574.11,66353.0,observado,16174467.42,66089.0,observado,16718144.48,67964.0,observado,9024600.27,35613.0,provisorio,2015_2025,150803413.95999998,719138.0,0,209.7002438474952,11914078.134,61696.8,0,13767420.38,70157.0,0,15924545.6325,67585.0,0,33.661584668100005,9.543768882664905,0,0.401004254049135,0.4031650218494532,42.0,42.0,203619222.6341036,3451379.0,11,18510838.421282146,58.99648303883856,20836.25124913839,322397.0,21080.841322965163,54.352573583824274,observado,500288837
220800,PICOS,22,7544927.59,40904.0,observado,8713856.7,46837.0,observado,10763070.38,54001.0,observado,11443168.55,57520.0,observado,12294719.45,61904.0,observado,12642896.5,64388.0,observado,12797975.52,64847.0,observado,15255970.97,69019.0,observado,16869224.26,72903.0,observado,17970709.37,73568.0,observado,18055129.91,73867.0,observado,9066813.52,36552.0,provisorio,2015_2025,144351649.20000002,679758.0,0,212.35741131402648,10151948.534,52233.2,0,12720436.01,64617.5,0,17037758.6275,72339.25,0,67.82747243485979,38.492855118966496,0,0.3838482424778683,0.3810877035038346,43.0,43.0,191280126.705715,884166.0,11,17389102.427792273,216.33960897129612,76881.26437795618,86701.0,85197.40256744444,218.27276071714638,observado,36098338
310670,BETIM,31,5514128.23,30918.0,observado,5791115.36,32483.0,observado,6649931.96,34183.0,observado,12030748.61,61126.0,observado,13449826.19,68214.0,observado,13648881.96,69230.0,observado,13693768.64,69537.0,observado,15837265.25,72024.0,observado,17334313.64,75149.0,observado,18873328.76,76986.0,observado,19694883.03,79996.0,observado,10666443.57,40961.0,provisorio,2015_2025,142518191.63,669846.0,0,212.7626224983056,8687150.07,45384.8,0,13671325.3,69383.5,0,17934947.67,76038.75,0,106.45375670366424,67.54232694646664,0,0.3789728602442565,0.3755308122026216,44.0,44.0,185552360.99247754,4726496.0,11,16868396.453861594,39.25791135599766,14172.147823673182,431433.0,18541.92887424003,47.84792133228545,observado,232083531
291840,JUAZEIRO,29,6629538.95,36493.0,observado,7846617.52,42847.0,observado,9080862.67,46089.0,observado,9792716.54,49722.0,observado,10328426.01,52386.0,observado,11920791.94,61042.0,observado,12936861.49,66392.0,observado,15323492.97,69963.0,observado,17409156.63,75745.0,observado,19781153.08,81416.0,observado,20794443.38,85476.0,observado,10678034.62,42968.0,provisorio,2015_2025,141844061.18,667571.0,0,212.4778655453877,8735632.338,45507.4,0,12428826.715,63717.0,0,18327061.515,78150.0,0,109.79662153679804,71.73031199321429,0,0.3771802670188421,0.3742553957669618,45.0,45.0,184905723.9267739,2524380.0,11,16809611.266070355,73.24797531543345,26444.948858729666,256122.0,33373.1581043409,85.09880190572599,observado,163780358
230370,CAUCAIA,23,7241386.19,39970.0,observado,8303700.27,45667.0,observado,9606624.42,49009.0,observado,10359733.67,52773.0,observado,11560503.33,58815.0,observado,11654130.83,60464.0,observado,11624093.45,59234.0,observado,14213015.39,64514.0,observado,16850188.13,73065.0,observado,19257690.12,78851.0,observado,20225503.16,82842.0,observado,10922227.55,43645.0,provisorio,2015_2025,140896568.96,665204.0,0,211.809563622588,9414389.576,49246.8,0,11639112.14,59849.0,0,17636599.2,74818.0,0,87.33661973114843,51.92459205471218,0,0.3746607722612551,0.3729284020512665,46.0,46.0,184987896.52672932,4009213.0,11,16817081.502429936,46.14070056311034,16591.884741469214,378406.0,21892.359000650096,56.0227406823232,observado,99832842
355280,TABOAO DA SERRA,35,9129196.14,50190.0,observado,9878973.09,54015.0,observado,10732830.7,54484.0,observado,10613798.72,53944.0,observado,10683997.29,54163.0,observado,12539904.62,63937.0,observado,12130230.19,61708.0,observado,13248251.42,60112.0,observado,16095682.79,69668.0,observado,17038747.02,69669.0,observado,16754809.96,68366.0,observado,8581530.01,34025.0,provisorio,2015_2025,138846421.94,660256.0,0,210.2917988477197,10207759.188,53359.2,0,12335067.405,62822.5,0,15784372.7975,66953.75,0,54.631124292741326,25.47742469902099,0,0.3692091869499024,0.3701544413815326,47.0,47.0,185607475.75202882,3116152.0,11,16873406.886548076,59.56303664007045,21188.1833748803,285307.0,23962.258199062762,61.55312541382695,observado,500288837
355240,SUMARE,35,8008298.63,43532.0,observado,8780859.85,46939.0,observado,10276319.8,51531.0,observado,12792079.11,64090.0,observado,12730991.61,63779.0,observado,12711849.37,64036.0,observado,11791481.31,59052.0,observado,12677785.0,56926.0,observado,15824564.79,67327.0,observado,16306299.06,65520.0,observado,15434437.17,62485.0,observado,7920929.01,31181.0,provisorio,2015_2025,137334965.7,645217.0,0,212.8508171669376,10517709.8,53974.2,0,12251665.34,61544.0,0,15060771.505,63064.5,0,43.19440060040447,16.841935591449264,0,0.3651900446365203,0.3617232379635601,48.0,48.0,184037587.4502598,3090650.0,11,16730689.768205436,59.54656381352137,20876.417582062026,291116.0,21463.952513774577,55.57094118309728,observado,500288837
411520,MARINGA,41,9430768.89,51574.0,observado,10192524.42,54787.0,observado,11030027.74,55467.0,observado,11548983.26,58238.0,observado,12327009.03,62248.0,observado,11997989.62,60654.0,observado,10977649.09,55514.0,observado,12531616.51,56709.0,observado,13967652.79,60040.0,observado,15270567.89,62385.0,observado,15921537.87,65281.0,observado,8238046.06,33289.0,provisorio,2015_2025,135196327.10999998,642897.0,0,210.2923596003714,10905862.668,56462.8,0,11487819.355,58084.0,0,14422843.765,61103.75,0,32.24853644379302,8.219482561970004,0,0.3595031496920125,0.3604225935104916,49.0,49.0,182549806.955286,4597538.0,11,16595436.99593509,39.70599197990011,13983.505954708802,429660.0,15193.641483964066,38.840348722858614,observado,126416037
240800,MOSSORO,24,8087930.52,44520.0,observado,8153727.8,44748.0,observado,8994341.41,45868.0,observado,9355505.06,47673.0,observado,9837651.58,50284.0,observado,10030108.21,51540.0,observado,10229693.75,52425.0,observado,12641730.81,57854.0,observado,14916800.42,64750.0,observado,19175608.0,78942.0,observado,18769870.65,77271.0,observado,7861873.890000001,31853.0,provisorio,2015_2025,130192968.21,615875.0,0,211.39511785670797,8885831.274,46618.6,0,10129900.98,51982.5,0,16376002.47,69704.25,0,84.29342134726652,49.520255863539454,0,0.3461986219578674,0.3452734493678988,50.0,50.0,171356222.05975646,3164002.0,11,15577838.36906877,54.15806376220889,19465.06354926451,278587.0,27736.757278695706,70.61930897491,observado,38082696
351620,FRANCA,35,7742282.95,41411.0,observado,8058697.59,42291.0,observado,8886918.56,43853.0,observado,9216967.97,45358.0,observado,10054665.7,49634.0,observado,10874133.09,53908.0,observado,11237942.67,55670.0,observado,12106101.54,53948.0,observado,14236465.79,59932.0,observado,16496604.1,65769.0,observado,17169252.61,68646.0,observado,7949659.390000001,31089.0,provisorio,2015_2025,126080032.56999998,580420.0,0,217.2220677612763,8791906.554,44509.4,0,11056037.88,54789.0,0,15002106.01,62073.75,0,70.6354124427606,39.462113620942986,0,0.3352618358138363,0.325396574762924,51.0,55.0,166997901.11924925,3892826.0,11,15181627.374477206,42.898886597872405,14909.990839559745,365494.0,18781.70366681806,49.23729310939191,observado,500288837
420910,JOINVILLE,42,8748507.81,47135.0,observado,8999132.94,48377.0,observado,10155454.55,50586.0,observado,10707503.55,53471.0,observado,11020179.72,54876.0,observado,10641336.83,53447.0,observado,9564319.67,48045.0,observado,10871879.69,49034.0,observado,12859432.23,55709.0,observado,15021344.02,61742.0,observado,15652775.81,64735.0,observado,8176530.399999999,33224.0,provisorio,2015_2025,124241866.82,587157.0,0,211.59905582322955,9926155.714,50889.0,0,10102828.25,50746.0,0,13601357.9375,57805.0,0,37.02543390807822,13.590363339818046,0,0.3303739339683719,0.3291734892803042,52.0,52.0,167201692.33835527,6655905.0,11,15200153.848941388,25.12080511040276,8821.595260148695,664541.0,9741.310167468975,24.68838121931304,observado,81248649
314330,MONTES CLAROS,31,8466682.64,46507.0,observado,8749261.6,47835.0,observado,9106869.54,45963.0,observado,9795025.87,49491.0,observado,10383778.37,52451.0,observado,10745182.0,54576.0,observado,10533005.56,53778.0,observado,11806126.86,53947.0,observado,12801436.61,56151.0,observado,14225345.98,58533.0,observado,15635614.33,64878.0,observado,8467375.34,34141.0,provisorio,2015_2025,122248329.36,584110.0,0,209.289910051189,9300323.603999998,48449.4,0,10639093.78,54177.0,0,13617130.945,58377.25,0,46.41566815098106,20.49117223329906,0,0.32507288022513,0.3274652721904337,53.0,53.0,163896337.7362831,4550099.0,11,14899667.066934826,36.02038938851289,12837.303100438035,437601.0,14825.8344930656,37.45067711341907,observado,232083531
354870,SAO BERNARDO DO CAMPO,35,8355968.44,45376.0,observado,9221522.33,49186.0,observado,9657555.22,48064.0,observado,10353362.69,51632.0,observado,10547436.8,52696.0,observado,10410846.04,52635.0,observado,10408925.26,52473.0,observado,11275630.78,50668.0,observado,11763092.82,49829.0,observado,14481058.91,58143.0,observado,15423415.47,62036.0,observado,7744586.14,30631.0,provisorio,2015_2025,121898814.76,572738.0,0,212.83521393726275,9627169.096,49390.8,0,10409885.65,52554.0,0,13235799.495,55169.0,0,37.48381650945917,11.698939883541048,0,0.3241434792402859,0.3210898718799621,54.0,56.0,164020731.60260102,9150999.0,11,14910975.600236457,17.92380608965218,6258.748361790882,841154.0,7375.106104232994,19.218879930978535,observado,500288837
320150,COLATINA,32,9920424.84,54376.0,observado,10197053.55,55578.0,observado,11137604.58,56346.0,observado,11247619.76,57049.0,observado,11382896.28,57728.0,observado,10998278.0,56019.0,observado,10699602.55,54597.0,observado,11711136.43,53635.0,observado,10425189.64,45413.0,observado,11957323.47,49237.0,observado,12106737.65,50073.0,observado,6412465.34,26054.0,provisorio,2015_2025,121783866.75,590051.0,0,206.39549250827477,10777119.802,56215.4,0,10848940.275,55308.0,0,11550096.7975,49589.5,0,7.172389373982391,-11.78662786353918,0,0.3238378187794644,0.3307959311109853,55.0,51.0,167264043.20001584,1364740.0,11,15205822.10909235,122.56110555857954,43235.414804285065,129301.0,38725.91859305032,98.1405027036002,observado,44111763
260790,JABOATAO DOS GUARARAPES,26,8149112.96,45320.0,observado,9102067.48,50496.0,observado,9877749.22,50669.0,observado,9558242.11,48925.0,observado,9901486.89,50454.0,observado,9684640.61,50820.0,observado,9599677.56,52225.0,observado,11131057.62,52744.0,observado,12749922.38,55468.0,observado,14751972.33,60391.0,observado,16163527.06,66194.0,observado,8135406.109999999,32431.0,provisorio,2015_2025,120669456.21999998,583706.0,0,206.72985410463485,9317731.732,49172.8,0,9642159.085,51522.5,0,13699119.8475,58699.25,0,47.02204615371082,19.3734137571991,0,0.3208744683383019,0.3272387806563649,56.0,54.0,161585822.43089837,7566320.0,11,14689620.22099076,21.355932927882822,7714.529652459848,684293.0,9673.341682583337,24.758086029449316,observado,104029144
354990,SAO JOSE DOS CAMPOS,35,7742387.65,42443.0,observado,8659624.56,47059.0,observado,10118822.78,51035.0,observado,10163529.43,51406.0,observado,10256210.44,51744.0,observado,10414503.04,52880.0,observado,8984695.13,45906.0,observado,11298628.75,51375.0,observado,12842625.34,55261.0,observado,14461923.04,59020.0,observado,15405360.39,62835.0,observado,7989597.27,31662.0,provisorio,2015_2025,120348310.55,570964.0,0,210.7809083409812,9388114.972,48737.4,0,9699599.085,49393.0,0,13502134.38,57122.75,0,43.821570360717146,17.205164822087337,0,0.3200205037200101,0.320095327371452,57.0,57.0,161388358.80414838,7850400.0,11,14671668.982195307,20.557979058920356,7273.056150005096,727078.0,8642.126429351458,22.208227061124802,observado,500288837
110020,PORTO VELHO,11,6867118.95,37350.0,observado,7801568.22,41820.0,observado,9464729.33,47390.0,observado,10535412.43,52599.0,observado,10914288.97,54473.0,observado,10800208.98,54838.0,observado,10294940.15,51968.0,observado,11709927.27,53205.0,observado,12670178.83,54057.0,observado,14178066.78,57343.0,observado,14634927.62,59102.0,observado,7304400.01,28694.0,provisorio,2015_2025,119871367.53000002,564145.0,0,212.4832579035532,9116623.58,46726.4,0,10547574.565,53403.0,0,13298275.125,55926.75,0,45.868423855666094,19.689832728393377,0,0.318752255376443,0.3162724418001271,58.0,61.0,160378194.23038638,5650693.0,11,14579835.839126034,28.382039907385938,9983.642714265312,517709.0,11416.065782128571,29.629743671284082,observado,19248748
350600,BAURU,35,8807892.36,48010.0,observado,9423728.45,50831.0,observado,10215489.46,51155.0,observado,10311664.34,51829.0,observado,10068210.61,50705.0,observado,9956355.73,50533.0,observado,10135737.64,51230.0,observado,11448436.75,51654.0,observado,12093634.63,51648.0,observado,12758960.83,51126.0,observado,13514489.26,54463.0,observado,7416417.15,27703.0,provisorio,2015_2025,118734600.06,563184.0,0,210.82736736128868,9765397.044,50506.0,0,10046046.685,50881.5,0,12453880.3675,52222.75,0,27.530711873633877,3.399101096899382,0,0.31572945516679,0.3157336834728,59.0,62.0,160952903.45500478,4169368.0,11,14632082.132273162,38.60366929832166,13507.658714702084,392947.0,13860.138899139069,36.048623868252584,observado,500288837
261640,VITORIA DE SANTO ANTAO,26,8207227.17,45527.0,observado,8173324.57,45039.0,observado,9030332.05,45886.0,observado,9036568.47,46178.0,observado,9676378.22,49455.0,observado,10136129.75,52009.0,observado,10256313.79,52959.0,observado,12307775.5,56432.0,observado,12928439.76,56667.0,observado,14197222.08,58486.0,observado,14216053.5,58595.0,observado,7657838.31,30562.0,provisorio,2015_2025,118165764.86,567233.0,0,208.31962325887247,8824766.095999999,46417.0,0,10196221.77,52484.0,0,13412372.71,57545.0,0,51.98558878608039,23.97397505224379,0,0.3142168545627122,0.3180036444169699,60.0,59.0,158181782.77201295,1527716.0,11,14380162.070182996,103.54135374114884,37129.47956295542,144243.0,40622.421885290794,103.3016678114079,observado,104029144
316860,TEOFILO OTONI,31,7040309.38,39044.0,observado,7798602.01,42562.0,observado,8134429.75,41111.0,observado,8466223.33,42787.0,observado,9322415.72,47027.0,observado,10185014.11,51635.0,observado,10728935.62,54601.0,observado,12091058.3,54880.0,observado,12732621.76,55207.0,observado,15000910.2,61726.0,observado,16623402.07,68431.0,observado,8641807.280000001,34601.0,provisorio,2015_2025,118123922.25,559011.0,0,211.3087618132738,8152396.038,42506.2,0,10456974.864999998,53118.0,0,14111998.0825,60061.0,0,73.10245989916422,41.299386912968,0,0.314105590074927,0.3133942053251041,61.0,65.0,156308840.97365806,1550326.0,11,14209894.633968914,100.82320813406861,36057.642070119444,142851.0,47903.75986167405,121.97186230411107,observado,232083531
352390,ITU,35,5485190.24,30012.0,observado,6000124.97,32573.0,observado,7179038.08,36182.0,observado,10336831.93,52259.0,observado,15206305.9,76763.0,observado,16525541.15,83404.0,observado,15513461.54,78567.0,observado,9289309.98,41902.0,observado,9730349.2,41966.0,observado,11128214.8,44510.0,observado,10873739.4,44511.0,observado,5571794.51,22242.0,provisorio,2015_2025,117268107.19,562649.0,0,208.4214264843624,8841498.224,45557.8,0,16019501.345,80985.5,0,10255403.345,43222.25,0,15.991691511762053,-5.12656449609069,0,0.3118298758140393,0.3154337503769416,62.0,64.0,158782143.30985817,1894039.0,11,14434740.300896198,83.83256274546521,29706.304886013433,175047.0,25428.027901078,65.10993755455455,observado,500288837
210300,CAXIAS,21,9857035.55,53289.0,observado,9974983.75,53545.0,observado,9706125.95,48620.0,observado,10555051.45,53103.0,observado,10907912.98,55061.0,observado,10871584.29,55310.0,observado,10533027.22,53343.0,observado,10863037.85,49112.0,observado,11243948.74,48432.0,observado,11381943.99,46492.0,observado,11356123.82,46421.0,observado,6147604.49,24313.0,provisorio,2015_2025,117250775.59,562728.0,0,208.36136746349925,10200221.936,52723.6,0,10702305.755,54326.5,0,11211263.6,47614.25,0,9.911957507823368,-9.69082156757125,0,0.311783789023648,0.315478039563059,63.0,63.0,160880435.44053262,1790623.0,11,14625494.130957512,89.84606778787753,31426.380650756746,163546.0,28384.063199344528,72.78019635870984,observado,76935230
260120,ARCOVERDE,26,8689600.7,47984.0,observado,8865093.52,48707.0,observado,9901002.5,50614.0,observado,10109631.36,51870.0,observado,10531756.66,53738.0,observado,10952464.26,57036.0,observado,10280561.73,55488.0,observado,12086952.12,56985.0,observado,10837591.83,47455.0,observado,11370356.64,46878.0,observado,12986976.06,53416.0,observado,6906028.12,27606.0,provisorio,2015_2025,116611987.38,570171.0,0,204.521077676697,9619416.948,50582.6,0,10616512.995,56262.0,0,11820469.1625,51183.5,0,22.88134744962511,1.187957914381621,0,0.3100851750273204,0.3196507536424506,64.0,58.0,158556774.87187055,839821.0,11,14414252.26107914,188.79829734177943,67891.96745496958,82487.0,64756.870779638,165.02341171691856,observado,104029144
231290,SOBRAL,23,7663290.29,42750.0,observado,8684416.58,48457.0,observado,10050169.31,51567.0,observado,10387431.15,53267.0,observado,10531232.96,53845.0,observado,10290778.1,52812.0,observado,10204923.43,52372.0,observado,12057565.3,55327.0,observado,13306559.67,58160.0,observado,11637767.48,48264.0,observado,11686056.84,48455.0,observado,6783367.4,25502.0,provisorio,2015_2025,116500191.11,565276.0,0,206.0943523340811,9463308.058,49977.2,0,10247850.765,52592.0,0,12171987.322500002,52551.5,0,28.62296406181308,5.150948832667712,0,0.3097878954188581,0.316906505970998,65.0,60.0,157788801.573591,2293587.0,11,14344436.50669009,68.79564698160173,24645.936692176925,216519.0,22379.098370119944,56.57115063130158,observado,99832842
353440,OSASCO,35,9322569.43,50995.0,observado,9018676.95,48935.0,observado,8797301.48,44433.0,observado,8514219.43,42929.0,observado,9573473.8,48262.0,observado,9388715.99,47586.0,observado,9150784.86,46521.0,observado,11058459.93,50288.0,observado,12011863.61,52107.0,observado,14256130.39,58424.0,observado,15264300.81,62497.0,observado,8203277.71,32199.0,provisorio,2015_2025,116356496.68,552977.0,0,210.4183296592806,9045248.218,47110.8,0,9269750.425,47053.5,0,13147688.685,55829.0,0,45.35464774572093,18.505735415233858,0,0.3094057948005759,0.310011408501908,66.0,66.0,156323008.4535029,7873491.0,11,14211182.586682081,19.85434522672381,7023.2759521792805,759524.0,8228.443077506437,21.0648535863855,observado,500288837
330100,CAMPOS DOS GOYTACAZES,33,9971645.1,54383.0,observado,9187010.46,49628.0,observado,9460522.68,47600.0,observado,9309414.95,46774.0,observado,9699284.15,48846.0,observado,9610999.13,48735.0,observado,9199969.68,46888.0,observado,9909897.25,45115.0,observado,11954075.17,51316.0,observado,13425949.27,54314.0,observado,13694745.94,55387.0,observado,6956968.44,27613.0,provisorio,2015_2025,115423513.78,548986.0,0,210.2485560287512,9525575.467999998,49446.2,0,9405484.405,47811.5,0,12246166.9075,51533.0,0,28.560914231790967,4.220344536081644,0,0.3069248820544339,0.3077739636690648,67.0,68.0,156567727.02296543,5520999.0,11,14233429.729360493,28.35858637593766,9943.598975475272,519259.0,10666.545981870318,27.64349672265328,observado,186284798
351380,DIADEMA,35,7776207.28,42842.0,observado,8477949.74,46482.0,observado,9604873.27,48513.0,observado,10272856.3,51545.0,observado,10642210.32,53499.0,observado,10455083.62,52786.0,observado,9711254.97,48979.0,observado,11251237.65,50880.0,observado,12010794.91,51824.0,observado,12054058.98,49462.0,observado,12853737.53,52616.0,observado,6521149.74,25944.0,provisorio,2015_2025,115110264.57,549428.0,0,209.5092797782421,9354819.382,48576.2,0,10083169.295,50882.5,0,12042457.267500002,51195.5,0,28.729981582235546,5.392146771464224,0,0.3060919150645695,0.3080217588622788,68.0,67.0,155747885.47694597,4546176.0,11,14158898.679722361,34.25909720102037,12085.497789790805,403579.0,13037.348325854417,33.38288743552783,observado,500288837
330510,SAO JOAO DE MERITI,33,9111772.96,48873.0,observado,8921257.36,46940.0,observado,10113538.69,50093.0,observado,10021279.8,49675.0,observado,9881712.08,49221.0,observado,9139597.91,46236.0,observado,8368065.9,42583.0,observado,9374491.07,42626.0,observado,10521046.33,45537.0,observado,12094468.78,49376.0,observado,13707933.31,56213.0,observado,7515562.26,30515.0,provisorio,2015_2025,111255164.19,527373.0,0,210.96105449084428,9609912.178,48960.4,0,8753831.905000001,44409.5,0,11424484.8725,48438.0,0,18.882302573525145,-1.0669847468566471,0,0.2958407436118033,0.2956572272189923,69.0,70.0,151485352.6435486,5099782.0,11,13771395.694868056,29.7042800346267,10341.0890896905,466503.0,12049.868918313494,30.799280591081498,observado,186284798
150080,ANANINDEUA,15,3424953.58,19012.0,observado,2671574.3,14654.0,observado,6517459.13,31180.0,observado,8979758.48,42723.0,observado,9477061.12,48156.0,observado,11907226.64,61242.0,observado,12191681.06,62062.0,observado,13822946.24,62814.0,observado,13144154.28,56884.0,observado,13835029.36,56742.0,observado,14594349.28,59990.0,observado,8238419.710000001,33101.0,provisorio,2015_2025,110566193.47,515459.0,0,214.5004616662043,6214161.322,31145.0,0,12049453.85,61652.0,0,13849119.79,59107.5,0,122.86386001872772,89.78166639910098,0,0.2940086883394434,0.2889779694543986,70.0,73.0,143489071.5960658,5653353.0,11,13044461.054187799,25.381233331098517,9117.75719648145,509227.0,11780.600792966594,30.039752054043287,observado,93281750
120040,RIO BRANCO,12,6253849.83,34953.0,observado,7020355.3,38077.0,observado,8332802.66,42147.0,observado,8640072.25,43493.0,observado,9186895.33,46647.0,observado,10217402.09,51829.0,observado,9748137.89,49088.0,observado,10248470.79,46194.0,observado,10998540.98,46950.0,observado,13894967.29,56133.0,observado,15875709.17,64347.0,observado,9155114.14,35172.0,provisorio,2015_2025,110417203.58,519858.0,0,212.3987773199605,7886795.073999999,41063.4,0,9982769.99,50458.5,0,12754422.0575,53406.0,0,61.718694828864805,30.0574233989392,0,0.2936125064617827,0.2914441483117469,71.0,71.0,146571741.4995882,4290130.0,11,13324703.772689836,34.16487181031535,12117.534899874829,389001.0,16541.60272081563,42.776519663213385,observado,9452331
220390,FLORIANO,22,6880534.7,38365.0,observado,7380683.38,41028.0,observado,8486445.33,43605.0,observado,9260471.73,47337.0,observado,9808293.86,49961.0,observado,10011599.45,51496.0,observado,10099620.81,51958.0,observado,11447325.42,52328.0,observado,11126721.62,48648.0,observado,12548854.3,51815.0,observado,13268454.21,54860.0,observado,7297482.09,29528.0,provisorio,2015_2025,110319004.81,531401.0,0,207.60029584061755,8363285.8,44059.2,0,10055610.13,51727.0,0,12097838.8875,51912.75,0,44.65413686448454,17.824994552783547,0,0.293351384226693,0.2979154150883715,72.0,69.0,147914003.90432084,670238.0,11,13446727.62766553,220.6887760830046,79285.41801568995,64393.0,85195.59579457394,215.97560616680033,observado,36098338
260290,CABO DE SANTO AGOSTINHO,26,7036891.26,38532.0,observado,7550568.04,41358.0,observado,8250984.58,41863.0,observado,8310509.27,42243.0,observado,8654870.35,43865.0,observado,9166558.51,46956.0,observado,9784518.81,50536.0,observado,11205249.66,52646.0,observado,11664113.6,50762.0,observado,13268881.57,54485.0,observado,13663386.36,56148.0,observado,6951615.08,27746.0,provisorio,2015_2025,108556532.00999998,519394.0,0,209.0061340908828,7960764.7,41572.2,0,9475538.66,48746.0,0,12450407.7975,53510.25,0,56.397133525376006,28.71642588075687,0,0.2886647589581605,0.2911840194211332,73.0,72.0,144875523.14349076,2288289.0,11,13170502.103953706,63.31172467441427,22697.91971206434,218049.0,25750.17541928649,65.67911318936213,observado,104029144
210120,BACABAL,21,6118617.1,33631.0,observado,7123433.45,38949.0,observado,8105712.98,41308.0,observado,8162669.05,41657.0,observado,8556659.95,43550.0,observado,8772123.63,44756.0,observado,9423017.72,48118.0,observado,11192380.25,50842.0,observado,13207606.66,57210.0,observado,14658514.19,60201.0,observado,12588226.47,51790.0,observado,4915302.5,19615.0,provisorio,2015_2025,107908961.45,512012.0,0,210.75475076756013,7613418.506,39819.0,0,9097570.675,46437.0,0,12911681.8925,55010.75,0,69.59112233649749,38.15201285818328,0,0.2869427916462941,0.2870455033208957,74.0,74.0,143074029.7021585,1153234.0,11,13006729.9729235,124.06331213106664,44397.92791402265,107755.0,48062.734907892904,122.44756319790281,observado,76935230
330350,NOVA IGUACU,33,9398080.22,50767.0,observado,9569526.49,50819.0,observado,10183708.82,50553.0,observado,9645284.2,48294.0,observado,8184575.88,41385.0,observado,9111462.23,46122.0,observado,9304918.03,46811.0,observado,9582779.31,43154.0,observado,10396173.66,44516.0,observado,10594526.3,42722.0,observado,11391724.9,46168.0,observado,5624839.06,22456.0,provisorio,2015_2025,107362760.04,511311.0,0,209.9754553295353,9396235.122,48363.6,0,9208190.13,46466.5,0,10491301.0425,44140.0,0,11.654305222056994,-8.73301408497299,0,0.2854903769878586,0.2866525068719298,75.0,75.0,147317624.9604005,8978355.0,11,13392511.360036409,16.408086443496664,5694.929639115406,843220.0,5475.202201086312,14.160272800228592,observado,186284798
260600,GARANHUNS,26,6971160.68,38660.0,observado,6899279.89,37993.0,observado,8046624.65,41043.0,observado,8616009.58,44097.0,observado,9295651.8,47566.0,observado,9129590.24,46786.0,observado,9130225.57,46614.0,observado,11054634.29,50364.0,observado,12441136.48,54268.0,observado,12614572.06,52096.0,observado,12396074.73,51165.0,observado,6210343.279999999,24905.0,provisorio,2015_2025,106594959.97,510652.0,0,208.74286200778616,7965745.319999998,41871.8,0,9129907.905,46700.0,0,12126604.39,51973.25,0,52.23439744618903,24.12470923151142,0,0.2834487050770961,0.2862830565725452,76.0,76.0,142529942.62606904,1566192.0,11,12957267.511460822,91.00413143859056,32604.687037093794,151803.0,33704.8674927373,85.59075588374583,observado,104029144
292400,PAULO AFONSO,29,5809471.16,32405.0,observado,5954491.18,33116.0,observado,6965254.08,35813.0,observado,7685553.69,39176.0,observado,7993375.12,40761.0,observado,8967072.83,45571.0,observado,9764297.15,49543.0,observado,11866646.85,53683.0,observado,12854523.77,55692.0,observado,14073793.86,57805.0,observado,14198191.15,58271.0,observado,7336335.03,29483.0,provisorio,2015_2025,106132670.84,501836.0,0,211.48875497174376,6881629.046000001,36254.2,0,9365684.99,47557.0,0,13248288.9075,56362.75,0,92.51675466582536,55.46543572882592,0,0.2822194231738373,0.2813406076508851,77.0,78.0,139437091.0033772,1299748.0,11,12676099.1821252,107.28009660593992,38610.253679944115,119418.0,48795.82642482708,124.61957213792485,observado,163780358
330414,QUEIMADOS,33,6910654.73,37433.0,observado,7184050.16,38401.0,observado,7800730.67,39038.0,observado,8591597.67,42788.0,observado,9277808.85,46423.0,observado,9303237.41,47059.0,observado,8959422.26,45509.0,observado,10443699.49,49303.0,observado,11548101.75,50360.0,observado,12969076.9,52911.0,observado,12510881.12,50927.0,observado,6232789.84,24918.0,provisorio,2015_2025,105499261.01,500152.0,0,210.93439796301925,7952968.416000001,40816.6,0,9131329.835,46284.0,0,11867939.815,50875.25,0,49.226542772680325,24.643527388366504,0,0.2805351109310527,0.2803965191771924,78.0,79.0,141209214.04805672,1620269.0,11,12837201.277096065,87.15171002349408,30868.45455908864,149135.0,34148.25493680222,87.9288411170383,observado,186284798
410830,FOZ DO IGUACU,41,6045764.13,32999.0,observado,6809948.09,36636.0,observado,7627988.31,38199.0,observado,8126881.82,40654.0,observado,8861445.48,44215.0,observado,9398034.98,47237.0,observado,9294328.23,47569.0,observado,11269433.3,50995.0,observado,12121649.44,52424.0,observado,12290144.43,50286.0,observado,12658096.7,51856.0,observado,6665463.66,26331.0,provisorio,2015_2025,104503714.91,493070.0,0,211.9449873445961,7494405.566,38540.6,0,9346181.605,47403.0,0,12084830.9675,51390.25,0,61.25136091280494,33.34055515482375,0,0.2778878351783438,0.2764261898596791,79.0,82.0,139104132.93649843,2993996.0,11,12645830.266954403,46.46102831683758,16468.625876587677,297352.0,17439.26390271463,44.619076330837345,observado,126416037
160030,MACAPA,16,5560671.8,31060.0,observado,5874762.92,32687.0,observado,7634081.04,39319.0,observado,8203264.68,42258.0,observado,8499067.15,43762.0,observado,8222947.03,42341.0,observado,8492738.28,43717.0,observado,10536125.06,47951.0,observado,12284229.66,53009.0,observado,14008239.85,57087.0,observado,14232831.17,57832.0,observado,7691752.5,29637.0,provisorio,2015_2025,103548958.64,491023.0,0,210.88413096738847,7154369.517999999,37817.2,0,8357842.654999999,43029.0,0,12765356.435,53969.75,0,78.42741282628842,42.71217858540559,0,0.2753490244459048,0.2752785953788899,80.0,83.0,136433704.76709732,5312941.0,11,12403064.069736121,25.67950684321496,9242.018686072366,489676.0,11810.258211552129,30.46530352396637,observado,8871930
330330,NITEROI,33,9263733.21,49238.0,observado,9201240.07,47745.0,observado,9463292.3,46203.0,observado,9039690.86,43913.0,observado,8526150.07,41433.0,observado,8641124.31,42663.0,observado,8423666.83,41626.0,observado,9149562.57,41031.0,observado,10136101.04,43337.0,observado,10736695.38,43302.0,observado,10923015.1,43999.0,observado,5666368.49,22326.0,provisorio,2015_2025,103504271.73999998,484490.0,0,213.63551722429767,9098821.302,45706.4,0,8532395.57,42144.5,0,10236343.5225,42917.25,0,12.501863513353806,-6.1023182749024185,0,0.2752301966519596,0.2716160478737622,81.0,85.0,141939877.4446576,5565459.0,11,12903625.2222416,25.50371450848126,8705.301754985529,516787.0,8513.952556856113,22.154093496004794,observado,186284798
320130,CARIACICA,32,8009661.5,44316.0,observado,8751606.33,48168.0,observado,9363596.01,48187.0,observado,9812568.43,50380.0,observado,8769848.02,44923.0,observado,8414027.35,43173.0,observado,8540835.77,44169.0,observado,9566133.06,44294.0,observado,10293091.98,45322.0,observado,11280719.61,46642.0,observado,10503756.38,43383.0,observado,4812583.61,19459.0,provisorio,2015_2025,103305844.44,502957.0,0,205.39697119236837,8941456.057999998,47194.8,0,8477431.559999999,43671.0,0,10410925.2575,44910.25,0,16.434338993202967,-4.8406816005153175,0,0.2747025548079853,0.2819690655956652,82.0,77.0,141027463.1466174,4153589.0,11,12820678.46787431,33.95315789468275,12108.973709242779,376200.0,11531.897926634769,29.265023660852847,observado,44111763
431440,PELOTAS,43,7930042.59,42163.0,observado,8322724.55,42707.0,observado,8889572.71,43318.0,observado,8459791.17,42050.0,observado,8277256.96,41333.0,observado,8483220.69,42826.0,observado,8645284.9,44601.0,observado,9659607.97,44313.0,observado,10745594.34,46640.0,observado,11360418.84,46507.0,observado,11785434.42,48335.0,observado,6062397.49,24279.0,provisorio,2015_2025,102558949.14,484793.0,0,211.5520420880665,8375877.596000001,42314.2,0,8564252.795,43713.5,0,10887763.8925,46448.75,0,29.98952966671313,9.771069759087968,0,0.2727164711725793,0.2717859165243139,83.0,84.0,138953797.80026495,3730753.0,11,12632163.436387723,37.24550990115533,12994.508079200099,336150.0,14378.99747136695,36.748152539364156,observado,123854933
230420,CRATO,23,6799877.6,37675.0,observado,7033280.85,38593.0,observado,7923371.21,40358.0,observado,7606576.32,38621.0,observado,7665740.78,38852.0,observado,8001140.74,41154.0,observado,8534337.26,43431.0,observado,10191394.93,46552.0,observado,11687549.83,50915.0,observado,12822508.77,52840.0,observado,12880197.89,53058.0,observado,6431566.94,25960.0,provisorio,2015_2025,101145976.18,482049.0,0,209.82509284325863,7405769.352,38819.8,0,8267739.0,42292.5,0,11895412.855,50841.25,0,60.62359343918169,30.967315648200145,0,0.2689592076402916,0.2702475680849949,84.0,87.0,134766971.23210564,1462287.0,11,12251542.839282332,92.16177893402981,32965.41650168537,139027.0,38163.809907428054,97.10607816185114,observado,99832842
313130,IPATINGA,31,8218462.84,45540.0,observado,8908992.49,49223.0,observado,9811280.43,50153.0,observado,10149408.1,51993.0,observado,10212750.29,52347.0,observado,9625423.19,49950.0,observado,9412426.54,48414.0,observado,8563290.88,39102.0,observado,7609199.62,32931.0,observado,8686515.97,35597.0,observado,9297051.34,38178.0,observado,4989694.26,19722.0,provisorio,2015_2025,100494801.69,493428.0,0,203.66659713271235,9460178.83,49851.2,0,9518924.864999998,49182.0,0,8539014.4525,36452.0,0,-9.737282920898016,-26.87839008890458,0,0.2672276570489533,0.2766268927537302,85.0,80.0,139451055.42426068,2765411.0,11,12677368.674932789,50.42688245047867,17842.84505992057,235311.0,16224.485893137167,41.41198330041397,observado,232083531
314790,PASSOS,31,7170876.59,39280.0,observado,7359635.69,40076.0,observado,8363001.45,42404.0,observado,8839484.51,44932.0,observado,8692254.59,44084.0,observado,8714986.94,44135.0,observado,8489860.04,43109.0,observado,9952568.45,45106.0,observado,10083540.07,43438.0,observado,10741971.3,43610.0,observado,11145163.86,45200.0,observado,5679375.04,22552.0,provisorio,2015_2025,99553343.48999998,475374.0,0,209.4210947380378,8085050.566,42155.2,0,8602423.489999998,43622.0,0,10480810.92,44338.5,0,29.631977369132013,5.1791949747599375,0,0.2647242074698238,0.2665054121693778,86.0,90.0,134754667.69365257,1261002.0,11,12250424.335786598,106.86316730160028,37698.11625992663,116951.0,38648.664825439715,99.88621319568874,observado,232083531
291800,JEQUIE,29,6747619.27,36886.0,observado,7446694.82,40320.0,observado,8309562.84,41967.0,observado,8376351.68,42393.0,observado,8209851.79,41537.0,observado,8320335.37,42204.0,observado,8249476.64,41751.0,observado,9275294.67,42091.0,observado,10234252.68,44235.0,observado,11508700.72,47016.0,observado,12762019.13,52254.0,observado,6828253.37,27404.0,provisorio,2015_2025,99440159.60999998,472654.0,0,210.3867937434148,7818016.08,40620.6,0,8284906.005,41977.5,0,10945066.8,46399.0,0,39.99800829266138,14.225294554979495,0,0.2644232380409631,0.2649805186726768,87.0,91.0,133668934.41785875,1770231.0,11,12151721.310714431,75.50931738166304,26700.131225811772,169201.0,30882.796200968078,79.05684823225309,observado,163780358
354140,PRESIDENTE PRUDENTE,35,7862776.22,43142.0,observado,7569835.73,41082.0,observado,8653844.28,43569.0,observado,9216881.74,46594.0,observado,8925939.03,45331.0,observado,8968743.04,45561.0,observado,9065005.37,46181.0,observado,9567874.92,43505.0,observado,9532512.8,41254.0,observado,10012008.62,40872.0,observado,9989601.23,40775.0,observado,5232197.92,20188.0,provisorio,2015_2025,99365022.98,477866.0,0,207.93490848899063,8445855.4,43943.6,0,9016874.204999998,45871.0,0,9775499.392499998,41601.5,0,15.743153647882702,-5.329786362519229,0,0.2642234407852266,0.2679024837112082,88.0,88.0,135709080.34799987,2513645.0,11,12337189.122545443,53.98896039337292,19010.878624467656,234706.0,17372.79830937428,44.61151690751396,observado,500288837
310160,ALFENAS,31,7168112.68,39948.0,observado,7435560.41,41122.0,observado,7837278.58,40364.0,observado,7975165.22,41109.0,observado,7905709.27,41140.0,observado,8936345.01,46827.0,observado,9484114.87,50242.0,observado,10363310.77,49749.0,observado,10803745.57,49371.0,observado,10710834.72,46337.0,observado,10735314.36,47003.0,observado,4636536.5600000005,19732.0,provisorio,2015_2025,99355491.46,493212.0,0,201.44581125357857,7664365.231999999,40736.6,0,9210229.94,48534.5,0,10653301.355,48115.0,0,38.99782999015622,18.1124590662942,0,0.2641980953373538,0.2765057982701686,89.0,81.0,134050897.54311414,882254.0,11,12186445.231192194,151.9413882431977,55903.6286602271,82303.0,57109.704385016346,136.71687751132856,observado,232083531
350760,BRAGANCA PAULISTA,35,9449903.51,52048.0,observado,8617865.76,46938.0,observado,8799013.98,44516.0,observado,8906350.36,45100.0,observado,8975137.92,45268.0,observado,9498940.46,48217.0,observado,8706623.56,44271.0,observado,9641926.05,43949.0,observado,8977780.1,39417.0,observado,8881236.29,36409.0,observado,8802162.51,36085.0,observado,4566179.8100000005,18221.0,provisorio,2015_2025,99256940.5,482218.0,0,205.83416732681067,8949654.306,46774.0,0,9102782.010000002,46244.0,0,9075776.2375,38965.0,0,1.4092380240368074,-16.695172531748405,0,0.2639360365870717,0.2703423133059297,90.0,86.0,137312461.33315465,1893376.0,11,12482951.030286787,72.52255301279547,25468.686621146564,185688.0,19433.13515143682,49.68537526825819,observado,500288837
510760,RONDONOPOLIS,51,7542520.4,41515.0,observado,8011396.76,43893.0,observado,8743869.18,44486.0,observado,7887979.46,40101.0,observado,7367222.78,37453.0,observado,7658434.46,39292.0,observado,8068221.21,41345.0,observado,9877710.08,45094.0,observado,10045586.45,44077.0,observado,11345744.48,47221.0,observado,12596148.22,52252.0,observado,7043569.85,27914.0,provisorio,2015_2025,99144833.48,476729.0,0,207.96895821315675,7910597.716,41489.6,0,7863327.835,40318.5,0,10966297.3075,47161.0,0,38.62792296111246,13.669449693417146,0,0.2636379306573168,0.2672650558046828,91.0,89.0,133681978.66939649,2613262.0,11,12152907.151763318,51.155214696955944,18242.67907312776,263708.0,19814.340103447754,50.065376654663005,observado,39070198
230350,CASCAVEL,23,5679112.78,31257.0,observado,6096234.22,33176.0,observado,6732542.94,34025.0,observado,7143449.13,36171.0,observado,8097995.77,40994.0,observado,8379494.22,42463.0,observado,7854567.42,39702.0,observado,9504876.28,43075.0,observado,11617203.61,50372.0,observado,13418790.0,55171.0,observado,14524578.95,59648.0,observado,6571576.800000001,26352.0,provisorio,2015_2025,99048845.32,466054.0,0,212.52654267531236,6749866.968,35124.6,0,8117030.82,41082.5,0,12266362.21,52066.5,0,81.72746615826341,48.23371654054425,0,0.2633826866977301,0.2612804094527408,92.0,92.0,130416549.95314781,800351.0,11,11856049.99574071,162.9491934827942,58231.20106053469,76866.0,77599.97918455493,198.05795952142364,observado,99832842
150240,CASTANHAL,15,4852983.02,26818.0,observado,4951093.9,27115.0,observado,5363128.52,27287.0,observado,6323762.7,32114.0,observado,7609309.67,38577.0,observado,8063665.37,41512.0,observado,8656114.58,44710.0,observado,11056903.53,50626.0,observado,13011118.8,56718.0,observado,14014131.69,57919.0,observado,13767832.61,56865.0,observado,9084143.25,36146.0,provisorio,2015_2025,97670044.39,460261.0,0,212.2057797423636,5820055.562000001,30382.2,0,8359889.975,43111.0,0,12962496.6575,55532.0,0,122.72118400611238,82.77807400385753,0,0.2597162906666457,0.2580327226783332,93.0,95.0,126885056.57847434,2194380.0,11,11535005.143497668,57.82273652625085,20974.534948368102,209126.0,27191.740864359286,69.00500265802651,observado,93281750
354780,SANTO ANDRE,35,6817894.57,37678.0,observado,6483946.91,35658.0,observado,7331112.77,37313.0,observado,8019204.29,40813.0,observado,8094276.76,41277.0,observado,8096396.84,41280.0,observado,8295488.36,42102.0,observado,9372717.99,42581.0,observado,10914729.98,47041.0,observado,11959459.07,48655.0,observado,11653707.9,47466.0,observado,5926731.16,23302.0,provisorio,2015_2025,97038935.44,461864.0,0,210.10283425423933,7349287.06,38547.8,0,8195942.6,41691.0,0,10975153.735,46435.75,0,49.33630494221026,20.462776085794765,0,0.2580380967380546,0.2589314007206904,94.0,94.0,129939257.08218217,8091677.0,11,11812659.734743834,16.05838407565974,5707.889724219096,782048.0,6069.448422603216,15.619018850439522,observado,500288837
150680,SANTAREM,15,6266796.05,34970.0,observado,6820111.62,38046.0,observado,7661632.36,38893.0,observado,7768189.16,39491.0,observado,7757105.67,39557.0,observado,7807780.02,39998.0,observado,8663502.68,44693.0,observado,9717615.59,44889.0,observado,10159154.41,44550.0,observado,11051511.27,45961.0,observado,12246786.18,50945.0,observado,6376573.53,24976.0,provisorio,2015_2025,95920185.01,461993.0,0,207.62259387046987,7254766.972,38191.4,0,8235641.35,42345.5,0,10793766.8625,46586.25,0,48.78171696153552,21.98099572154988,0,0.25506320598546,0.2590037210372619,95.0,93.0,128395724.46425296,3499861.0,11,11672338.58765936,36.68594966035879,13200.324241448447,360871.0,14117.233027868684,35.57076315032089,observado,93281750
520110,ANAPOLIS,52,7241355.85,39985.0,observado,7349792.5,40184.0,observado,8369456.62,42498.0,observado,9011391.85,45947.0,observado,9344293.55,47697.0,observado,9093197.59,46329.0,observado,8318479.08,42497.0,observado,8886486.14,40514.0,observado,8777806.17,38229.0,observado,9078532.56,37145.0,observado,9455976.25,38829.0,observado,4544118.26,18250.0,provisorio,2015_2025,94926768.16,459854.0,0,206.42805794882727,8263258.074000001,43262.2,0,8705838.335,44413.0,0,9049700.28,38679.25,0,9.517338063959402,-10.59342798100882,0,0.2524215921623158,0.2578045492764372,96.0,96.0,130022973.74777819,4311985.0,11,11820270.340707108,30.153855764289112,10664.554723636562,420300.0,9238.401142041399,23.58142324588298,observado,77377189
320500,SERRA,32,8053090.01,44491.0,observado,7897118.74,43472.0,observado,7814191.67,39668.0,observado,7509747.86,38099.0,observado,7007253.07,35722.0,observado,6797628.71,34798.0,observado,8300052.44,42653.0,observado,10126632.67,46208.0,observado,10098214.84,43963.0,observado,10714831.07,43529.0,observado,10432514.76,42312.0,observado,5198591.55,20562.0,provisorio,2015_2025,94751275.84000002,454915.0,0,208.28347238495107,7656280.27,40290.4,0,7548840.575,38725.5,0,10343048.335,44003.0,0,35.09234210674994,9.214601989555817,0,0.2519549371640966,0.255035634210185,97.0,97.0,128307833.70142312,5789717.0,11,11664348.518311193,22.161330804497545,7857.292506697651,579720.0,7298.695922169324,18.862261207821582,observado,44111763
350280,ARACATUBA,35,4625491.38,25870.0,observado,5321986.39,29743.0,observado,6977116.58,35910.0,observado,8087207.77,41581.0,observado,8222438.69,42307.0,observado,8657312.12,44707.0,observado,8853343.66,45576.0,observado,10226502.57,46261.0,observado,10589383.87,46210.0,observado,11322359.5,46378.0,observado,11707577.93,47809.0,observado,6178156.58,24581.0,provisorio,2015_2025,94590720.46,452352.0,0,209.1086597605405,6646848.1620000005,35082.2,0,8755327.89,45141.5,0,10961455.9675,46664.5,0,64.91208615485743,33.014748219895004,0,0.2515280012698763,0.2535987584631098,98.0,98.0,125419994.67709756,2191916.0,11,11401817.69791796,57.219343568411176,20637.28719531223,208415.0,22939.327783508863,58.87909350487889,observado,500288837
354850,SANTOS,35,7004381.67,38969.0,observado,6830975.04,37620.0,observado,7851428.4,39834.0,observado,7810920.8,39758.0,observado,8137045.42,41394.0,observado,8318625.47,42334.0,observado,7815130.05,39640.0,observado,7976765.83,36043.0,observado,9848668.0,42141.0,observado,10938150.27,44116.0,observado,11879946.86,48204.0,observado,6793694.69,27034.0,provisorio,2015_2025,94412037.81,450053.0,0,209.77982106551892,7526950.266,39515.0,0,8066877.76,40987.0,0,10160882.739999998,42626.0,0,34.99335562103738,7.8729596355814335,0,0.2510528628038879,0.2523098870848321,99.0,99.0,127300041.15592846,4738756.0,11,11572731.014175314,26.863599044966328,9497.281565035211,429547.0,11222.054862448114,28.98857307111434,observado,500288837
230765,MARACANAU,23,5808570.75,32019.0,observado,5905565.03,32295.0,observado,6347688.54,32130.0,observado,6410028.69,32486.0,observado,6399314.98,32518.0,observado,7152428.51,36978.0,observado,7475070.88,38559.0,observado,8923624.05,40539.0,observado,10389468.93,44914.0,observado,13703675.75,55898.0,observado,14466186.35,58931.0,observado,7678937.4,30459.0,provisorio,2015_2025,92981622.46,437267.0,0,212.64267017634535,6174233.598,32289.6,0,7313749.695,37768.5,0,11870738.77,50070.5,0,92.26254694745028,55.06695654328328,0,0.2472492178773922,0.2451417664051196,100.0,100.0,122017915.72075899,2561738.0,11,11092537.79279627,47.63091140497544,17069.153832281052,251613.0,23421.285863608,60.26206503802728,observado,99832842
355250,SUZANO,35,5585186.68,30422.0,observado,5419471.11,29056.0,observado,5394281.1,26809.0,observado,5440516.78,27005.0,observado,5935576.18,29556.0,observado,7175562.11,35728.0,observado,7427012.68,37223.0,observado,11527341.26,52111.0,observado,12555959.88,54007.0,observado,13143625.43,53341.0,observado,13050470.78,53000.0,observado,7037781.15,27850.0,provisorio,2015_2025,92655003.99,428258.0,0,216.35323564300023,5555006.369999999,28569.6,0,7301287.395,36475.5,0,12569349.3375,53114.75,0,126.27065569863606,85.91352346550181,0,0.2463807004315222,0.2400911173199068,101.0,102.0,120652913.83872555,3319837.0,11,10968446.712611414,36.34302341913942,12899.970691332135,320261.0,16549.00222006426,42.711532439183514,observado,500288837
410640,CORNELIO PROCOPIO,41,7166360.06,39686.0,observado,7257842.65,39628.0,observado,7651662.98,38854.0,observado,7756694.37,39344.0,observado,8094650.9,41220.0,observado,8354414.9,42821.0,observado,7896248.72,40550.0,observado,8322818.5,38103.0,observado,8666976.93,37766.0,observado,9400786.8,38568.0,observado,10990998.56,39300.0,observado,5944399.66,20468.0,provisorio,2015_2025,91559455.37,435840.0,0,210.0758429010646,7585442.192,39746.4,0,8125331.81,41685.5,0,9345395.1975,38434.25,0,23.20171930591124,-3.3013052754463312,0,0.2434675060574598,0.2443417579419606,102.0,101.0,124416215.93155532,519490.0,11,11310565.084686847,239.49684485082545,83897.66886754317,45720.0,85958.00524934383,251.9729727064816,observado,126416037
354910,SAO JOAO DA BOA VISTA,35,6380336.78,34905.0,observado,6617649.32,35943.0,observado,7447603.66,37644.0,observado,7791890.21,39525.0,observado,7723404.94,39161.0,observado,8265197.33,42013.0,observado,7916666.35,40421.0,observado,8453743.58,38319.0,observado,9117932.66,39271.0,observado,9878823.95,40038.0,observado,10051009.47,40690.0,observado,5322190.55,20997.0,provisorio,2015_2025,89644258.25,427930.0,0,209.4834628327063,7192176.982000001,37435.6,0,8090931.84,41217.0,0,9375377.415,39579.5,0,30.355210090963247,5.72690166579406,0,0.2383747686167387,0.2399072331041282,103.0,103.0,121278258.68677351,1013144.0,11,11025296.244252138,119.70485803279051,42237.82601486067,96080.0,42350.12489592007,109.6477484757546,observado,500288837
220220,CAMPO MAIOR,22,5963792.9,32886.0,observado,6047017.39,33349.0,observado,6677948.32,33948.0,observado,6927784.73,35062.0,observado,7764955.3,39433.0,observado,8260471.17,42324.0,observado,8277645.09,42573.0,observado,9434422.03,43061.0,observado,10459432.31,45519.0,observado,10624743.93,43772.0,observado,8395464.91,34599.0,observado,4017476.23,16234.0,provisorio,2015_2025,88833678.07999998,426526.0,0,208.2725978721109,6676299.728,34935.6,0,8269058.13,42448.5,0,9728515.795,41737.75,0,45.71718154293147,19.4705400794605,0,0.2362193393205287,0.2391201189609781,104.0,104.0,119410110.051238,511945.0,11,10855464.550112545,233.24792712349569,83314.8092080204,47119.0,73428.97769477281,186.75477565436245,observado,36098338
353060,MOGI DAS CRUZES,35,5509381.2,30558.0,observado,5467302.63,30246.0,observado,5780380.09,29427.0,observado,5855725.76,29870.0,observado,6420045.82,32714.0,observado,8356353.83,42729.0,observado,8406336.88,43295.0,observado,9295758.37,42536.0,observado,9845527.39,42960.0,observado,11347329.95,46891.0,observado,11215896.94,46403.0,observado,5715403.93,22925.0,provisorio,2015_2025,87500038.86,417629.0,0,209.51619466081135,5806567.1,30563.0,0,8381345.355,43012.0,0,10426128.1625,44697.5,0,79.55752483252971,46.24709616202598,0,0.2326730336597788,0.2341322596079825,105.0,105.0,115818897.25155863,4930502.0,11,10528990.659232603,23.490285015918992,8470.313976142794,470302.0,9866.638883100646,24.996558227614443,observado,500288837
261000,PALMARES,26,5536487.88,30338.0,observado,5398499.49,29669.0,observado,6183057.07,31489.0,observado,6334176.2,32328.0,observado,7362005.24,37564.0,observado,7389647.84,38128.0,observado,7566412.3,38606.0,observado,9171511.35,41643.0,observado,9661065.81,41938.0,observado,11302087.19,46200.0,observado,11456669.78,46739.0,observado,5765041.38,22812.0,provisorio,2015_2025,87361620.15,414642.0,0,210.69168137815277,6162845.176000001,32277.6,0,7478030.07,38367.0,0,10397833.5325,44130.0,0,68.71807153280982,36.72020224552013,0,0.2323049618098622,0.2324576798746569,106.0,106.0,115865024.00459088,664456.0,11,10533184.000417354,174.3757660470985,62403.22910772121,56475.0,82760.51350154936,212.63031682330097,observado,104029144
140010,BOA VISTA,14,5112544.97,28705.0,observado,5678171.93,32016.0,observado,6992733.16,36321.0,observado,6811713.24,35220.0,observado,7157442.68,36473.0,observado,7312114.58,37171.0,observado,7109171.29,35720.0,observado,8450868.21,37739.0,observado,10031371.66,42783.0,observado,11108003.61,44879.0,observado,11437050.82,46294.0,observado,5796234.18,22866.0,provisorio,2015_2025,87201186.15,413321.0,0,210.9769069319004,6350521.196,33747.0,0,7210642.935,36445.5,0,10256823.575,42923.75,0,61.51152414797798,27.192787507037664,0,0.2318783486795309,0.2317170974080606,107.0,107.0,115888408.35875197,4420033.0,11,10535309.850795634,26.21890116176779,9351.0840303681,485477.0,9535.776154174142,24.692691000811294,observado,6776561
431690,SANTA MARIA,43,5885459.14,31950.0,observado,6261152.78,33922.0,observado,6891806.83,34763.0,observado,7101292.98,35793.0,observado,7150596.86,36028.0,observado,7431023.84,37472.0,observado,7466284.83,37766.0,observado,8941716.07,40412.0,observado,9963045.68,42945.0,observado,10072268.35,41082.0,observado,9577801.48,39216.0,observado,4959312.78,19717.0,provisorio,2015_2025,86742448.84,411349.0,0,210.87312437856903,6658061.718,34491.2,0,7448654.335,37619.0,0,9638707.895,40913.75,0,44.76747592984687,18.620836619195625,0,0.2306585114890423,0.2306115496229524,108.0,108.0,116544575.10020548,3076640.0,11,10594961.372745954,37.88047191098259,13370.072546674293,282395.0,13886.931425839693,35.54936590607048,observado,123854933
291480,ITABUNA,29,6501212.24,35526.0,observado,6515579.32,35078.0,observado,7458258.32,37514.0,observado,7257897.35,36718.0,observado,6973159.62,35352.0,observado,6887329.31,35004.0,observado,6882021.75,35020.0,observado,8126090.76,36849.0,observado,9138936.94,39784.0,observado,10037416.94,41089.0,observado,10435260.37,42653.0,observado,5634210.13,22623.0,provisorio,2015_2025,86213162.92,410587.0,0,209.9753838285187,6941221.37,36037.6,0,6884675.529999999,35012.0,0,9434426.2525,40093.75,0,35.91882104892441,11.255327768774848,0,0.2292510771349062,0.2301843551948325,109.0,109.0,116318524.98800585,2286238.0,11,10574411.362545986,50.877697329851856,17959.06637891593,196344.0,21723.60754593978,55.706860794395574,observado,163780358
150420,MARABA,15,5441809.88,30017.0,observado,5664070.92,31441.0,observado,6260181.69,32135.0,observado,6569301.25,33712.0,observado,7060446.99,36331.0,observado,7118051.93,36866.0,observado,6813417.68,34998.0,observado,7746609.49,35510.0,observado,11160309.56,48463.0,observado,10826270.23,44596.0,observado,11278803.78,46436.0,observado,5664425.16,22560.0,provisorio,2015_2025,85939273.4,410505.0,0,209.3501258206356,6199162.146000001,32727.2,0,6965734.805,35932.0,0,10252998.265,43751.25,0,65.39329063389205,33.68467207704906,0,0.2285227722525737,0.2301383841408878,110.0,110.0,114092699.317673,3049578.0,11,10372063.574333908,37.41261883371175,13461.042806578482,290975.0,15958.759343586218,40.62846316670714,observado,93281750
230190,BARBALHA,23,5409155.91,30054.0,observado,5750463.64,31588.0,observado,6433358.43,32757.0,observado,6337454.49,32225.0,observado,6560921.07,33427.0,observado,7007292.21,36020.0,observado,7420080.54,38037.0,observado,8952330.12,40859.0,observado,9911156.99,43137.0,observado,10643472.41,43790.0,observado,11305682.63,46555.0,observado,6088076.26,24524.0,provisorio,2015_2025,85731368.44,408449.0,0,209.89491574223464,6098270.708,32010.2,0,7213686.375,37028.5,0,10203160.5375,43585.25,0,67.31235830700354,36.16050508900288,0,0.2279699281808869,0.2289857440566168,111.0,111.0,113842712.30138968,736108.0,11,10349337.481944516,154.65490430940795,55487.64583457862,81441.0,57164.081973453176,145.50459977257893,observado,99832842
521880,RIO VERDE,52,5911692.8,32758.0,observado,5720585.62,31958.0,observado,6507750.78,33426.0,observado,7167166.18,36573.0,observado,7568337.96,38451.0,observado,7177746.66,36526.0,observado,6903947.52,35139.0,observado,8122505.52,37167.0,observado,9318023.89,40881.0,observado,10133811.27,41922.0,observado,10150049.83,42128.0,observado,5115577.79,20796.0,provisorio,2015_2025,84681618.03,406929.0,0,208.09924588810333,6575106.668,34633.2,0,7040847.09,35832.5,0,9431097.6275,40524.5,0,43.43642017854486,17.010556344779015,0,0.2251785167065321,0.2281335976908134,112.0,112.0,113659416.50271547,2527650.0,11,10332674.227519589,44.966437799028924,16099.103910747137,241494.0,17444.739827904625,44.053950530067866,observado,77377189
350320,ARARAQUARA,35,5803879.05,31905.0,observado,5869707.69,32209.0,observado,6683709.28,33875.0,observado,6998500.51,35151.0,observado,7159322.04,35710.0,observado,7322213.0,36525.0,observado,7132012.45,35811.0,observado,7767029.51,34865.0,observado,8760740.5,37443.0,observado,9831355.43,38798.0,observado,10396724.43,42143.0,observado,5467062.04,21725.0,provisorio,2015_2025,83725193.89000002,394435.0,0,212.26613736103545,6503023.714,33770.0,0,7227112.725,36168.0,0,9188962.4675,38312.25,0,41.30292109680595,13.450547823511982,0,0.2226352709089469,0.2211291788129525,113.0,115.0,112495260.65947539,2629881.0,11,10226841.878134126,42.77579885153563,14998.207143212943,253474.0,16626.16284115925,42.991851110055016,observado,500288837
353870,PIRACICABA,35,6703502.49,36893.0,observado,6470727.4,35187.0,observado,6971626.44,35064.0,observado,6798605.07,34387.0,observado,6746322.49,34091.0,observado,6577298.38,33401.0,observado,7396325.23,37666.0,observado,8315866.1,37985.0,observado,8722314.03,38105.0,observado,9421805.3,38994.0,observado,9580623.58,40125.0,observado,4996713.26,20265.0,provisorio,2015_2025,83705016.51,401898.0,0,208.2742798172671,6738156.778,35124.4,0,6986811.805,35533.5,0,9010152.2525,38802.25,0,33.718352798172305,10.470926193757046,0,0.2225816168503079,0.2253131053445257,114.0,113.0,113214556.87604594,4539798.0,11,10292232.443276905,24.93823665194926,8852.772744514183,440835.0,9102.0449828167,22.779319170164328,observado,500288837
290570,CAMACARI,29,5728325.51,31772.0,observado,5933133.62,32764.0,observado,6330330.31,32379.0,observado,6310891.41,32232.0,observado,6360529.3,32428.0,observado,6752393.73,34552.0,observado,6815953.31,34992.0,observado,7669104.95,34957.0,observado,9578255.1,41649.0,observado,10688607.57,44038.0,observado,11143278.87,45853.0,observado,6180643.57,24771.0,provisorio,2015_2025,83310803.68,397616.0,0,209.52578286588067,6132642.029999999,32315.0,0,6784173.52,34772.0,0,9769811.6225,41624.25,0,59.30836293244401,28.80782918149467,0,0.221533357943698,0.2229125193324399,115.0,114.0,111009812.09513508,3333390.0,11,10091801.099557735,33.30237748812323,11928.277219287273,321636.0,14256.177791043292,36.3137732375655,observado,163780358
320520,VILA VELHA,32,3746105.47,20651.0,observado,3883453.67,21243.0,observado,4236730.51,21491.0,observado,3995601.8,20291.0,observado,3978854.99,20299.0,observado,3990769.2,20544.0,observado,8815678.91,45154.0,observado,9858424.75,44927.0,observado,12842338.2,55555.0,observado,14279257.76,58462.0,observado,13321307.64,54536.0,observado,6126514.69,24581.0,provisorio,2015_2025,82948522.9,383153.0,0,216.4892951379736,3968149.288,20795.0,0,6403224.055,32849.0,0,12575332.0875,53370.0,0,216.9067284219575,156.6482327482568,0,0.2205700101644576,0.2148042345372982,116.0,120.0,105132715.04735646,5391232.0,11,9557519.549759679,19.500684638939013,7106.965532182626,506779.0,10761.29831741252,27.551882533572133,observado,44111763
431410,PASSO FUNDO,43,5177313.61,28229.0,observado,5383383.34,28807.0,observado,5561597.84,27890.0,observado,6105710.14,30663.0,observado,6755859.87,33698.0,observado,6874696.17,34594.0,observado,7295996.72,36623.0,observado,8607589.56,38682.0,observado,9877365.26,42047.0,observado,10255673.4,41393.0,observado,10431083.26,42283.0,observado,5769289.4,22660.0,provisorio,2015_2025,82326269.17,384909.0,0,213.8850200177185,5796772.96,29857.4,0,7085346.445,35608.5,0,9792927.87,41101.25,0,68.93757850402338,37.65850341958776,0,0.2189153633214217,0.2157886878388448,117.0,118.0,109240945.57149157,2255141.0,11,9930995.05195378,48.44084940653004,17068.068027675432,214811.0,19683.815074647016,50.89743840903709,observado,123854933
291072,EUNAPOLIS,29,5790452.89,31858.0,observado,6151585.94,33934.0,observado,6438854.08,32850.0,observado,6364637.99,32412.0,observado,6330314.14,32289.0,observado,6430007.46,33103.0,observado,6687976.48,34215.0,observado,7893158.35,36017.0,observado,8755560.72,38117.0,observado,10183769.26,41972.0,observado,10796786.69,44422.0,observado,5554280.34,22518.0,provisorio,2015_2025,81823104.0,391189.0,0,209.16514523670145,6215169.007999999,32668.6,0,6558991.970000001,33659.0,0,9407318.755,40132.0,0,51.36062660389684,22.845790759322405,0,0.2175773871552265,0.2193093978238749,118.0,116.0,109464293.81420806,1270565.0,11,9951299.437655278,86.15402896680457,30788.58618016394,121067.0,36692.07959229187,93.47420297802674,observado,163780358
291170,GUANAMBI,29,5142246.39,28339.0,observado,5394896.27,29734.0,observado,6606582.66,33682.0,observado,6911720.13,35208.0,observado,6954839.06,35520.0,observado,6742137.97,34551.0,observado,6960994.97,35637.0,observado,7989819.6,36359.0,observado,8456850.76,36805.0,observado,9411394.07,38851.0,observado,9935735.34,41012.0,observado,5022541.0600000005,20295.0,provisorio,2015_2025,80507217.22,385698.0,0,208.73122811111284,6202056.902,32496.6,0,6851566.47,35094.0,0,8948449.942499999,38256.75,0,44.28197102826257,17.72539281032477,0,0.2140782873485935,0.2162310190774099,119.0,117.0,107914982.3874346,962474.0,11,9810452.944312237,112.12249098410409,40073.60198820955,93488.0,43868.73181584802,111.39537916910282,observado,163780358
292870,SANTO ANTONIO DE JESUS,29,5633170.54,31089.0,observado,4884242.63,26764.0,observado,5769357.4,29322.0,observado,6339833.19,32263.0,observado,7188125.29,36703.0,observado,7502635.32,38234.0,observado,6475462.52,33238.0,observado,7889273.44,36046.0,observado,8661902.14,37627.0,observado,9582365.64,39495.0,observado,10411436.08,43009.0,observado,5524258.65,22332.0,provisorio,2015_2025,80337804.19,383790.0,0,209.3275077255791,5962945.8100000005,31228.2,0,6989048.92,35736.0,0,9136244.325,39044.25,0,53.216960477459054,25.02882010490517,0,0.2136277979071584,0.2151613511392829,120.0,119.0,107348557.60045753,1143289.0,11,9758959.781859776,93.89450751337372,33568.94013674583,109791.0,39173.520598227544,99.39554671806808,observado,163780358
510790,SINOP,51,4229568.4,23290.0,observado,4662405.81,25472.0,observado,5249060.96,26520.0,observado,5706021.05,28797.0,observado,6618364.97,33256.0,observado,7781964.48,39422.0,observado,7476332.81,37917.0,observado,8187354.44,37093.0,observado,9450384.06,40755.0,observado,10459458.02,42718.0,observado,9671871.35,39388.0,observado,4332902.18,17277.0,provisorio,2015_2025,79492786.35,374628.0,0,212.19125732726863,5293084.238,27467.0,0,7629148.645,38669.5,0,9442266.9675,39988.5,0,78.3887530017428,45.5874321913569,0,0.2113807947413196,0.2100249267948808,121.0,122.0,105037541.3542549,1818676.0,11,9548867.395841355,57.75494994944394,20598.941207779724,223780.0,17601.215479488783,45.30146763162925,observado,39070198
355710,VOTUPORANGA,35,4538116.21,24707.0,observado,4825063.74,26123.0,observado,5661307.79,28422.0,observado,5783506.79,29204.0,observado,6319689.34,32045.0,observado,7035429.52,36015.0,observado,7002301.77,35883.0,observado,8365786.38,38183.0,observado,9428165.25,40968.0,observado,9831753.16,40475.0,observado,9997469.0,41210.0,observado,5162326.26,20659.0,provisorio,2015_2025,78788588.95,373235.0,0,211.09646455986172,5425536.773999999,28100.2,0,7018865.645,35949.0,0,9405793.4475,40209.0,0,73.36152788741563,43.0915082454929,0,0.2095082499117626,0.2092439795004306,122.0,123.0,104336323.80005138,1051547.0,11,9485120.345459215,99.22174073061059,35493.89613588361,100568.0,40977.24922440538,104.19653649937362,observado,500288837
291360,ILHEUS,29,4729084.65,25837.0,observado,4930329.01,26749.0,observado,5573429.54,28063.0,observado,7132287.57,36028.0,observado,7365720.03,37336.0,observado,7100453.75,36776.0,observado,6488703.82,34680.0,observado,7639802.68,36799.0,observado,8650390.43,38179.0,observado,9304650.65,37987.0,observado,9010240.68,36807.0,observado,4842815.47,19187.0,provisorio,2015_2025,77925092.81,375241.0,0,207.66678697157292,5946170.16,30802.6,0,6794578.785,35728.0,0,8651271.11,37443.0,0,45.49316412431761,21.55792043528793,0,0.2072121107435416,0.2103685884542475,123.0,121.0,104334747.06009361,1920088.0,11,9484977.005463056,54.338523578134755,19542.90636679152,189149.0,19459.26227471464,49.92928797770848,observado,163780358
172100,PALMAS,17,4980870.27,27470.0,observado,5232902.29,28800.0,observado,5582230.01,28610.0,observado,5895628.12,30090.0,observado,6345075.86,32438.0,observado,6637229.37,34017.0,observado,6634910.89,33827.0,observado,7517010.82,34243.0,observado,8146940.16,35500.0,observado,9848172.17,40678.0,observado,10709298.69,44244.0,observado,5639072.81,22849.0,provisorio,2015_2025,77530268.64999999,369917.0,0,209.58828237145087,5607341.31,29481.6,0,6636070.13,33922.0,0,9055355.46,38666.25,0,61.49106964205821,31.15383832627809,0,0.2061622262375889,0.2073838336834991,124.0,126.0,103095202.97402628,3317796.0,11,9372291.179456934,31.07340022533823,11149.479955970772,328499.0,13468.534150788892,34.17039586402232,observado,17143550
317010,UBERABA,31,4881810.95,27071.0,observado,5467646.48,29935.0,observado,6210377.79,31710.0,observado,6353290.07,32086.0,observado,6752424.68,34593.0,observado,7128340.45,36571.0,observado,6699020.49,34756.0,observado,7131862.64,32868.0,observado,8110187.13,35203.0,observado,9040477.8,37106.0,observado,9650969.85,39657.0,observado,5266109.97,21076.0,provisorio,2015_2025,77426408.33,371556.0,0,208.38422291659936,5933109.994,31079.0,0,6913680.470000001,35663.5,0,8483374.355,36208.5,0,42.98360157790799,16.50471379388012,0,0.2058860492661713,0.2083026941397833,125.0,124.0,103867998.69967346,3711842.0,11,9442545.336333951,27.982871765466705,10010.01659014581,356781.0,11115.221942872518,28.35255952523682,observado,232083531
354880,SAO CAETANO DO SUL,35,5836372.13,32217.0,observado,6063773.1,33222.0,observado,6167686.31,31395.0,observado,6693729.21,33802.0,observado,7026499.75,35143.0,observado,7719044.15,39520.0,observado,7584065.58,39051.0,observado,7111473.68,31768.0,observado,7366239.51,31011.0,observado,7967863.98,31757.0,observado,7758076.3,31385.0,observado,3940984.43,15568.0,provisorio,2015_2025,77294823.69999999,370271.0,0,208.75203216022857,6357612.1,33155.8,0,7651554.865,39285.5,0,7550913.367500001,31480.25,0,18.76964572122921,-5.053565288727768,0,0.2055361500496225,0.2075822940871139,126.0,125.0,105347659.4299674,1801887.0,11,9577059.948178856,58.46518645729027,20549.06883728003,172693.0,18173.869236158964,47.08714325683606,observado,500288837
240200,CAICO,24,4436022.03,24853.0,observado,4508280.46,25222.0,observado,5683529.7,29168.0,observado,6046957.28,30862.0,observado,6297795.13,32079.0,observado,6329046.63,32508.0,observado,6865964.0,35168.0,observado,7966404.07,36327.0,observado,8479645.3,36870.0,observado,10003907.52,41245.0,observado,10204958.74,42028.0,observado,5134671.22,20746.0,provisorio,2015_2025,76822510.85999998,366330.0,0,209.7084892310212,5394516.92,28436.8,0,6597505.315,33838.0,0,9163728.9075,39117.5,0,69.87116813974143,37.559430034321714,0,0.2042802139066101,0.2053728803847248,127.0,127.0,101695746.22358961,725859.0,11,9245067.838508146,140.10399571210058,50468.47941542366,63338.0,66355.11067605545,168.87677933037816,observado,38082696
330190,ITABORAI,33,6793941.96,36739.0,observado,6275349.81,33250.0,observado,5063389.9,25290.0,observado,5896069.0,29390.0,observado,6274634.69,31391.0,observado,5892299.14,29683.0,observado,6447081.55,32510.0,observado,7530156.18,33972.0,observado,8675583.04,37278.0,observado,8673047.48,35033.0,observado,9157293.47,36980.0,observado,4672823.12,18466.0,provisorio,2015_2025,76678846.22,361516.0,0,212.1036032153487,6060677.072000001,31212.0,0,6169690.345,31096.5,0,8509020.0425,35815.75,0,40.397185684273,14.749935922081248,0,0.2038981925034891,0.2026740431446078,128.0,132.0,103491510.51312046,2594887.0,11,9408319.137556406,39.882858295224594,13931.8590751736,240127.0,15400.184069263349,39.97138234623806,observado,186284798
293050,SERRINHA,29,5099216.77,28142.0,observado,5397183.84,29751.0,observado,6118279.34,31179.0,observado,6591386.66,33614.0,observado,6864714.7,35071.0,observado,6228790.12,32063.0,observado,6125009.88,31330.0,observado,7146124.49,32543.0,observado,7854773.56,34197.0,observado,9017056.17,37086.0,observado,9509777.81,39195.0,observado,5239725.15,20966.0,provisorio,2015_2025,75952313.34,364171.0,0,208.56222307652172,6014156.262,31551.4,0,6176900.0,31696.5,0,8381933.0075,35755.25,0,39.37005695147333,13.323814474159622,0,0.2019662549701396,0.2041624961717184,129.0,129.0,102037885.50730693,905195.0,11,9276171.409755176,112.72475599987509,40231.22089715476,84690.0,46280.55260361318,117.69588195008126,observado,163780358
313940,MANHUACU,31,5552803.8,30674.0,observado,5774340.52,31528.0,observado,6274604.17,31777.0,observado,6293931.61,31895.0,observado,6599761.9,33456.0,observado,6636302.66,33813.0,observado,6382634.67,32515.0,observado,6821603.58,30932.0,observado,8101171.37,34980.0,observado,8531152.18,34960.0,observado,8606418.68,35286.0,observado,4611023.62,18435.0,provisorio,2015_2025,75574725.14,361816.0,0,208.87612803192783,6099088.4,31866.0,0,6509468.665,33164.0,0,8015086.4525,34039.5,0,31.414498804444268,6.820749388062519,0,0.2009622029364177,0.2028422299273321,130.0,131.0,102193187.41214749,1005833.0,11,9290289.764740681,101.60055139585546,35971.77662693509,97328.0,36254.72628637186,92.68462580396255,observado,232083531
230428,EUSEBIO,23,3672046.62,20454.0,observado,4723282.63,25758.0,observado,6359123.14,32285.0,observado,6410659.58,32529.0,observado,6730282.5,34163.0,observado,6772680.06,34344.0,observado,6613118.05,33510.0,observado,7393917.98,33549.0,observado,7931260.31,34277.0,observado,9272095.54,37880.0,observado,9684842.36,39590.0,observado,5088544.609999999,20238.0,provisorio,2015_2025,75563308.77000001,358339.0,0,210.8710153513852,5579078.893999999,29037.8,0,6692899.055,33927.0,0,8570529.0475,36324.0,0,53.61906885233589,25.09212130395553,0,0.2009318454477138,0.2008929451155567,131.0,133.0,100575591.27372946,685243.0,11,9143235.57033904,146.77361355567217,52293.711865717705,82016.0,48271.06905969567,123.77045915380205,observado,99832842
313510,JANAUBA,31,4345998.41,24073.0,observado,4825975.37,26764.0,observado,5227089.8,26823.0,observado,5779513.63,29607.0,observado,6172202.43,31691.0,observado,6585456.76,34815.0,observado,6753788.29,35714.0,observado,8247466.49,37687.0,observado,9157391.77,39986.0,observado,9042359.83,37459.0,observado,9269534.01,38459.0,observado,4749640.45,19427.0,provisorio,2015_2025,75406776.79,363078.0,0,207.68754039077004,5270155.928,27791.6,0,6669622.525,35264.5,0,8929188.024999999,38397.75,0,69.4292948252213,38.163150016551775,0,0.2005156082536978,0.2035497356599926,132.0,130.0,100037456.51484059,790636.0,11,9094314.228621872,126.52782888059814,45922.270172367564,73555.0,52286.044456529125,132.08963279280493,observado,232083531
420540,FLORIANOPOLIS,42,4222847.82,22905.0,observado,4716757.92,24611.0,observado,5479020.06,26892.0,observado,6030842.88,29675.0,observado,6606642.33,32618.0,observado,6734334.1,33433.0,observado,6921879.16,34021.0,observado,7691014.67,34803.0,observado,7870875.5,33710.0,observado,9567661.91,38184.0,observado,9352318.12,37510.0,observado,5760891.37,22442.0,provisorio,2015_2025,75194194.47,348362.0,0,215.85073707809693,5411222.202,27340.2,0,6828106.63,33727.0,0,8620467.549999999,36051.75,0,59.307218003612114,31.863519652380013,0,0.1999503265242122,0.1952996133447533,133.0,145.0,100009284.89577276,5710126.0,11,9091753.172342978,17.514374445637934,6100.7760599328285,587486.0,6384.833000275751,16.685713401529423,observado,81248649
352590,JUNDIAI,35,6871958.91,37847.0,observado,7015437.97,38507.0,observado,8041390.88,40147.0,observado,7792595.24,39038.0,observado,7829464.59,39237.0,observado,7802762.78,39563.0,observado,6541155.71,33337.0,observado,6443187.84,29116.0,observado,5663002.4,24353.0,observado,5742792.53,23200.0,observado,5373040.59,21658.0,observado,2449077.01,9642.0,provisorio,2015_2025,75116789.44,366003.0,0,205.2354473597211,7510169.518000001,38955.2,0,7171959.245,36450.0,0,5805505.84,24581.75,0,-22.698071913215117,-36.89738468805192,0,0.1997444973224739,0.2051895567915552,134.0,128.0,105590008.67583893,4719105.0,11,9599091.69780354,22.375007268505136,7755.771486330565,463039.0,4677.35979042802,12.162576372174069,observado,500288837
510250,CACERES,51,5146002.28,28268.0,observado,5192079.56,28294.0,observado,6059707.74,30699.0,observado,6105848.61,30863.0,observado,6382963.57,32268.0,observado,6403477.61,32650.0,observado,6325686.33,32096.0,observado,7602800.44,34451.0,observado,8225111.1,35497.0,observado,8454127.44,34570.0,observado,8727818.49,35704.0,observado,4650927.29,18564.0,provisorio,2015_2025,74625623.17,355360.0,0,210.00006520148585,5777320.352,30078.4,0,6364581.970000001,32373.0,0,8252464.3675,35055.5,0,42.84242286552711,16.547090270759067,0,0.1984384276616923,0.1992228503631037,135.0,136.0,100294121.10682052,1014850.0,11,9117647.37334732,98.82654688556981,35016.01221855447,91767.0,38907.232447393944,99.68784368557712,observado,39070198
522185,VALPARAISO DE GOIAS,52,4630210.62,25720.0,observado,4796321.2,26479.0,observado,5152647.05,26279.0,observado,5094979.13,26051.0,observado,5749418.84,29300.0,observado,6659239.84,33969.0,observado,6816008.24,34820.0,observado,8202822.24,37419.0,observado,8954828.24,38918.0,observado,9084955.66,37245.0,observado,9420366.44,38634.0,observado,4950880.0,19650.0,provisorio,2015_2025,74561797.5,354834.0,0,210.13149106342684,5084715.368,26765.8,0,6737624.04,34394.5,0,8915743.145,38054.0,0,75.34399665928359,42.17396827294533,0,0.1982687075969044,0.198927962870727,136.0,137.0,98818610.30127984,1987056.0,11,8983510.027389077,49.73116525215185,17857.27226610624,218416.0,17688.264596000296,45.2070718398676,observado,77377189
351550,FERNANDOPOLIS,35,4941896.22,27309.0,observado,5287721.16,29172.0,observado,5976041.83,30566.0,observado,6050542.01,30923.0,observado,6014940.42,30755.0,observado,6134685.52,31444.0,observado,6770836.73,34754.0,observado,7825611.22,35814.0,observado,8253002.81,35894.0,observado,8653864.37,35497.0,observado,8522310.03,35017.0,observado,4033204.58,16089.0,provisorio,2015_2025,74431452.32,357145.0,0,208.4068160551037,5654228.328,29745.0,0,6452761.125,33099.0,0,8313697.1075,35555.5,0,47.03504395693021,19.534375525298376,0,0.1979221042256527,0.2002235617203137,137.0,135.0,99837960.01450852,772418.0,11,9076178.183137137,129.25379783292016,46237.27049343749,73508.0,47636.99189203896,121.51943817837345,observado,500288837
290070,ALAGOINHAS,29,3965651.96,22066.0,observado,3934374.49,21912.0,observado,4897008.1,24925.0,observado,5405963.15,27527.0,observado,6086441.3,31005.0,observado,6365238.87,32532.0,observado,6205918.56,31616.0,observado,7571707.31,34374.0,observado,9002468.51,38994.0,observado,10170428.4,41827.0,observado,10775041.4,44240.0,observado,5713026.53,22888.0,provisorio,2015_2025,74380242.05,351018.0,0,211.8986549122837,4857887.800000001,25487.0,0,6285578.715,32074.0,0,9379911.405,39858.75,0,93.08620929861736,56.38855102601325,0,0.1977859300132675,0.196788626994473,138.0,143.0,97487965.22080518,1702311.0,11,8862542.292800471,57.26801108657888,20620.086458937294,161196.0,27444.84974813271,70.06283671834973,observado,163780358
350750,BOTUCATU,35,5653354.3,31047.0,observado,5738363.72,31340.0,observado,6397589.02,32421.0,observado,6488760.85,32876.0,observado,6366656.14,32179.0,observado,6456898.71,32799.0,observado,6685933.24,34022.0,observado,7274582.83,33302.0,observado,7472926.35,32476.0,observado,7978437.09,33015.0,observado,7786901.29,32112.0,observado,3765230.71,15078.0,provisorio,2015_2025,74300403.54,357589.0,0,207.7815691757856,6128944.806,31972.6,0,6571415.975,33410.5,0,7628211.89,32726.25,0,24.462075144358877,2.3571745807347666,0,0.1975736298981293,0.2004724781587458,139.0,134.0,100959893.86309369,1606651.0,11,9178172.169372154,62.838720956258506,22256.79379031289,151053.0,21258.76348036782,54.03290841838564,observado,500288837
220770,PARNAIBA,22,3972940.16,21910.0,observado,4588241.2,25153.0,observado,5442162.18,27703.0,observado,5971864.95,30427.0,observado,6618701.37,33754.0,observado,6971575.7,35789.0,observado,6594183.39,33936.0,observado,7275434.2,33293.0,observado,8209822.66,35812.0,observado,9179700.15,37902.0,observado,9439534.56,38899.0,observado,4911619.24,19817.0,provisorio,2015_2025,74264160.52,354578.0,0,209.4437909853403,5318781.972,27789.4,0,6782879.545,34862.5,0,8526122.8925,36476.5,0,60.302169507691936,31.260480614910712,0,0.197477255387646,0.1987844434828022,140.0,139.0,98686973.13037042,1731643.0,11,8971543.011851856,56.99036875982545,20476.39149639966,170491.0,22815.867113220054,58.032616672256935,observado,36098338
420820,ITAJAI,42,3312196.34,17819.0,observado,3706982.38,19838.0,observado,4100466.73,20529.0,observado,4268491.38,21404.0,observado,5252596.33,26549.0,observado,5795499.04,29499.0,observado,6171167.01,31654.0,observado,8142321.9,37441.0,observado,9877232.51,42684.0,observado,11353175.09,46851.0,observado,12259104.53,50768.0,observado,6193363.58,25053.0,provisorio,2015_2025,74239233.24,345036.0,0,215.16373143671964,4128146.6319999993,21227.8,0,5983333.025,30576.5,0,10407958.5075,44436.0,0,152.12182209859066,109.32927576103036,0,0.1974109707787013,0.1934349825469492,141.0,147.0,95435655.53111918,2633624.0,11,8675968.684647199,36.23738830262755,13101.186805709547,294850.0,17218.246566050537,43.57933978373986,observado,81248649
293290,VALENCA,29,3625752.23,20230.0,observado,4879005.9,27067.0,observado,5815139.04,29733.0,observado,6351326.57,32499.0,observado,6460478.28,33062.0,observado,6697293.62,34479.0,observado,6867771.68,35426.0,observado,7545045.58,34400.0,observado,8293023.57,36219.0,observado,8433801.09,34856.0,observado,8891378.33,36861.0,observado,4955069.720000001,19907.0,provisorio,2015_2025,73860015.89,354832.0,0,208.15488989155432,5426340.404000001,28518.2,0,6782532.65,34952.5,0,8290812.1425,35584.0,0,52.78827948922016,24.776458542264244,0,0.1964025866409285,0.1989268416255089,142.0,138.0,98472663.22621475,1035183.0,11,8952060.29329225,95.12585043051784,34277.22441346119,90053.0,40932.56193574895,103.48893914304182,observado,163780358
320530,VITORIA,32,7169388.35,39477.0,observado,7053552.36,38400.0,observado,6904214.89,34700.0,observado,5964066.7,29762.0,observado,4157411.44,20501.0,observado,6411962.86,32244.0,observado,6119161.37,30844.0,observado,6740089.33,30481.0,observado,7134433.55,30680.0,observado,7571100.88,30661.0,observado,7867608.44,31669.0,observado,4033515.31,15677.0,provisorio,2015_2025,73092990.17,349419.0,0,209.1843608103738,6249726.748000001,32568.0,0,6265562.115,31544.0,0,7328308.05,30872.75,0,17.258055359702883,-5.205262834684355,0,0.1943629738191215,0.1958921914425522,143.0,144.0,100354012.71703842,3876055.0,11,9123092.06518531,25.890760765014537,9014.81016136252,343378.0,9222.780725614339,24.0155922484283,observado,44111763
293010,SENHOR DO BONFIM,29,5367804.81,29777.0,observado,5603526.24,31168.0,observado,6157455.55,31594.0,observado,6145129.53,31440.0,observado,6232975.0,31920.0,observado,6168028.09,31689.0,observado,6085446.51,31308.0,observado,7025630.96,32137.0,observado,7397372.45,32274.0,observado,8238655.89,33977.0,observado,8597706.93,35292.0,observado,4757391.57,19122.0,provisorio,2015_2025,73019731.96000001,352576.0,0,207.1035236658196,5901378.226000001,31179.8,0,6126737.3,31498.5,0,7814841.5575,33420.0,0,32.42400771856575,7.184779889543869,0,0.1941681715060796,0.1976620770194216,144.0,141.0,98685386.24221107,866976.0,11,8971398.749291915,113.82712582840941,40667.33104491935,78090.0,45194.00691509796,115.40117874335427,observado,163780358
320490,SAO MATEUS,32,5338965.4,29505.0,observado,5448882.06,29798.0,observado,5928217.46,30131.0,observado,5805412.59,29614.0,observado,6368698.05,32590.0,observado,6510785.56,33247.0,observado,6502466.09,33202.0,observado,7042420.1,32073.0,observado,7495266.7,32655.0,observado,8344094.65,34355.0,observado,8216518.0,33926.0,observado,4230519.949999999,17088.0,provisorio,2015_2025,73001726.66,351096.0,0,207.9252587896188,5778035.112000001,30327.6,0,6506625.824999999,33224.5,0,7774574.862500001,33252.25,0,34.55395669634345,9.643526029095618,0,0.1941202932670806,0.1968323555579814,145.0,142.0,98586005.7810538,1425885.0,11,8962364.161913982,69.14022223464991,24623.023595872037,134423.0,25238.24047967982,64.06742333263671,observado,44111763
411840,PARANAVAI,41,5361311.59,29521.0,observado,5398972.42,29388.0,observado,5883974.99,29718.0,observado,5818883.62,29582.0,observado,6001139.34,30521.0,observado,6039211.59,30553.0,observado,6338218.77,32129.0,observado,7205228.87,32809.0,observado,7451391.45,32140.0,observado,8114766.93,33097.0,observado,9095222.88,32380.0,observado,4475640.7700000005,15339.0,provisorio,2015_2025,72708322.45,341838.0,0,212.69818583656587,5692856.392,29746.0,0,6188715.18,31341.0,0,7966652.532500001,32606.5,0,39.9412172717952,9.616419014321242,0,0.1933400964978143,0.1916421114431074,146.0,150.0,97882895.23485246,993983.0,11,8898445.021350224,98.47542184811256,34390.72901649223,96209.0,33655.89497864025,99.08791174318033,observado,126416037
320120,CACHOEIRO DE ITAPEMIRIM,32,6317844.3,34921.0,observado,6429045.25,35365.0,observado,6601123.61,33662.0,observado,6426336.26,32811.0,observado,6484432.62,33145.0,observado,6625043.22,33888.0,observado,6154343.48,31546.0,observado,6061385.55,27593.0,observado,6507081.82,28248.0,observado,7483389.97,30802.0,observado,7490563.72,30942.0,observado,3674459.54,14869.0,provisorio,2015_2025,72580589.80000001,352923.0,0,205.6555956965117,6451756.408000001,33980.8,0,6389693.35,32717.0,0,6885605.265,29396.25,0,6.724507708661132,-13.491589368113765,0,0.1930004401552559,0.1978566130647728,147.0,140.0,99784700.74259464,2244136.0,11,9071336.431144968,44.46464062008481,15726.453298730557,198342.0,15600.326708412742,39.58428866948933,observado,44111763
312230,DIVINOPOLIS,31,5699554.05,31610.0,observado,5714689.75,31434.0,observado,6184499.4,31355.0,observado,6126430.58,31200.0,observado,6227462.1,31697.0,observado,6215259.21,31663.0,observado,6367117.8,32441.0,observado,7144826.32,32576.0,observado,7202354.29,31563.0,observado,7555050.48,31262.0,observado,7502600.32,30894.0,observado,3926676.05,15294.0,provisorio,2015_2025,71939844.30000001,347695.0,0,206.90502969556653,5990527.176000001,31459.2,0,6291188.505,32052.0,0,7351207.8525,31573.75,0,22.71387202701172,0.3641224188790648,0,0.1912966214915021,0.1949256780644962,148.0,146.0,97917922.11579134,2609495.0,11,8901629.283253757,37.52370558893247,13324.225568548703,243583.0,12683.151123025826,32.284039254443805,observado,232083531
500370,DOURADOS,50,4431058.39,24763.0,observado,5049398.36,28051.0,observado,5638303.14,28133.0,observado,6826885.34,31757.0,observado,6582191.55,33795.0,observado,6443046.58,33265.0,observado,6336340.19,32812.0,observado,7396104.21,34140.0,observado,7684841.0,33786.0,observado,7995130.28,33305.0,observado,7542676.57,30974.0,observado,3924832.42,15648.0,provisorio,2015_2025,71925975.61000001,344781.0,0,208.6135129546002,5705567.356000001,29299.8,0,6389693.385,33038.5,0,7654688.015000001,33051.25,0,34.1617325216623,12.803671014819209,0,0.1912597429915925,0.1932920237816335,149.0,148.0,96970724.21387216,2563703.0,11,8815520.383079289,37.824476631603645,13448.554688277072,264017.0,11731.820299450414,29.94446954426747,observado,30634325
352900,MARILIA,35,4818642.36,26443.0,observado,5123953.83,27661.0,observado,5538501.32,27717.0,observado,5686345.36,28560.0,observado,5965785.39,29961.0,observado,6184096.33,31111.0,observado,5998906.74,30328.0,observado,7001506.51,31562.0,observado,7844783.51,33621.0,observado,8817153.39,35752.0,observado,8900919.57,36079.0,observado,4458421.69,17773.0,provisorio,2015_2025,71880594.31,338795.0,0,212.16545199899645,5426645.652000001,28068.4,0,6091501.535,30719.5,0,8141090.745,34253.5,0,50.020680675908615,22.03581251514157,0,0.1911390687052722,0.1899361368436733,150.0,152.0,96208527.16859728,2633417.0,11,8746229.742599754,36.533722979914415,12865.224155536323,247348.0,14586.331807817327,37.71807363695744,observado,500288837
316720,SETE LAGOAS,31,5207618.46,28613.0,observado,5008364.8,27488.0,observado,5453976.68,27761.0,observado,5389942.28,27507.0,observado,5536106.73,28090.0,observado,5725575.65,28954.0,observado,5708021.34,29031.0,observado,6877311.13,31604.0,observado,8262581.09,35887.0,observado,9051581.67,37296.0,observado,9537820.92,39068.0,observado,5032532.3,20107.0,provisorio,2015_2025,71758900.75,341299.0,0,210.252302966021,5319201.79,27891.8,0,5716798.495,28992.5,0,8432323.7025,35963.75,0,58.5261104091334,28.940226159659836,0,0.1908154710229059,0.1913399358568127,151.0,151.0,95717366.32886387,2602107.0,11,8701578.757169442,36.78456202180151,13116.255403793924,238909.0,16352.669845003746,41.8446253614151,observado,232083531
351640,FRANCO DA ROCHA,35,4899130.5,27028.0,observado,4958847.22,26995.0,observado,5508893.53,27700.0,observado,5549534.89,27994.0,observado,5662974.23,28526.0,observado,5689627.57,28834.0,observado,5947130.89,30222.0,observado,6947732.06,31577.0,observado,8251398.26,35706.0,observado,8942747.54,36552.0,observado,8672793.23,35545.0,observado,4915783.86,19632.0,provisorio,2015_2025,71030809.92,336679.0,0,210.97487494022496,5315876.074,27648.6,0,5818379.23,29528.0,0,8203667.7725,34845.0,0,54.32390932934303,26.028080987825785,0,0.188879390714793,0.1887498594028574,152.0,154.0,94912836.8281712,1656932.0,11,8628439.711651927,57.282276416999125,20319.421678137667,150241.0,23658.655094148733,60.50531931654609,observado,500288837
310860,BRASILIA DE MINAS,31,4147461.98,23026.0,observado,4713725.87,25900.0,observado,5794980.56,29393.0,observado,5992761.38,30574.0,observado,6033033.17,30832.0,observado,6032085.16,30900.0,observado,6373835.24,32512.0,observado,7648415.03,34688.0,observado,8706822.36,37697.0,observado,7367668.72,30190.0,observado,7813745.34,31373.0,observado,4336328.89,16848.0,provisorio,2015_2025,70624534.81,337085.0,0,209.51550739427745,5336392.592,27945.0,0,6202960.2,31706.0,0,7884162.8625,33487.0,0,47.74330648609819,19.831812488817317,0,0.1877990567677943,0.1889774721821444,153.0,153.0,94625890.0888342,358522.0,11,8602353.644439472,263.9332874658576,94020.72955076676,33262.0,94320.84661174915,246.22600805371533,observado,232083531
230640,ITAPIPOCA,23,2933460.35,16163.0,observado,2992905.44,16312.0,observado,3840713.98,19557.0,observado,4082940.38,20743.0,observado,4389683.6,22366.0,observado,5116764.67,26319.0,observado,5919550.12,30383.0,observado,7824727.75,35731.0,observado,9558481.98,41524.0,observado,10963618.57,45120.0,observado,12618623.0,51681.0,observado,5603453.109999999,22426.0,provisorio,2015_2025,70241469.84,325899.0,0,215.53140647869432,3647940.75,19028.2,0,5518157.395,28351.0,0,10241362.825,43514.0,0,180.7436723033399,128.68164093293112,0,0.1867804413497909,0.1827063476769618,154.0,156.0,89542886.98613515,1440826.0,11,8140262.453285014,62.146912247651805,22618.900547324938,138978.0,37186.46116651556,95.16756080359715,observado,99832842
315250,POUSO ALEGRE,31,4713132.12,26206.0,observado,4734528.77,26144.0,observado,5184627.69,26540.0,observado,5234970.5,26769.0,observado,5206378.68,26594.0,observado,5880413.48,30423.0,observado,5921319.16,30620.0,observado,6997528.16,32323.0,observado,8154319.37,35924.0,observado,8452129.22,35287.0,observado,9197497.27,37946.0,observado,4901007.850000001,19692.0,provisorio,2015_2025,69676844.42,334776.0,0,208.1297477119029,5014727.552,26450.6,0,5900866.32,30521.5,0,8200368.505,35370.0,0,63.5257034398506,33.72097419340206,0,0.1852790350525546,0.1876829945777758,155.0,155.0,92751084.3339596,1674486.0,11,8431916.75763269,55.39077922058446,19992.761957997856,162133.0,23404.24219622162,59.45950362983242,observado,232083531
314800,PATOS DE MINAS,31,5381172.6,29625.0,observado,5478533.06,30024.0,observado,5939571.8,30358.0,observado,5957239.76,30456.0,observado,6014744.58,30793.0,observado,6424502.41,32888.0,observado,5124528.05,26495.0,observado,6655875.27,30626.0,observado,7148779.56,33190.0,observado,7738114.19,35253.0,observado,7594708.65,34739.0,observado,3245975.05,14794.0,provisorio,2015_2025,69457769.93,344447.0,0,201.65009400575417,5754252.359999999,30251.2,0,5774515.23,29691.5,0,7284369.4175,33452.0,0,26.5910662545221,10.580737293066056,0,0.1846964898691482,0.1931047758302003,156.0,149.0,94325587.44124685,1720832.0,11,8575053.403749714,54.81394316310183,20016.306065903005,169173.0,20534.60067504862,47.054709611214264,observado,232083531
510840,VARZEA GRANDE,51,2992603.39,16437.0,observado,3605525.27,19738.0,observado,4403313.85,22323.0,observado,5315743.6,26764.0,observado,5825078.04,29279.0,observado,6042100.82,30606.0,observado,6140985.95,31062.0,observado,7106745.44,32337.0,observado,7639747.45,33114.0,observado,9151056.06,37236.0,observado,10021858.09,40638.0,observado,5309873.04,21108.0,provisorio,2015_2025,68244757.96000001,319534.0,0,213.57588851264657,4428452.83,22908.2,0,6091543.385,30834.0,0,8479851.760000002,35831.25,0,91.48565166042428,56.41233270182728,0,0.1814709464453664,0.1791379847701598,157.0,164.0,89342743.67148861,3199728.0,11,8122067.606498965,27.921980765705275,9986.28633433842,318922.0,12742.300625231248,32.937209359416876,observado,39070198
312090,CURVELO,31,3673011.84,20181.0,observado,3809922.12,20824.0,observado,4323154.76,21881.0,observado,4724143.28,23912.0,observado,5725889.54,29050.0,observado,6599670.72,33553.0,observado,6784338.95,34740.0,observado,7589122.76,34627.0,observado,7852380.56,34120.0,observado,8532604.61,35079.0,observado,8616791.56,35326.0,observado,4507391.65,18105.0,provisorio,2015_2025,68231030.7,323293.0,0,211.0501331609407,4451224.308,23169.6,0,6692004.835,34146.5,0,8147724.8725,34788.0,0,83.0445807427955,50.14501760928114,0,0.1814344440246857,0.1812453651576961,158.0,159.0,90019760.94627032,890706.0,11,8183614.63147912,101.06562765521993,36296.263862598884,84297.0,41906.59216816731,107.14119819448526,observado,232083531
230730,JUAZEIRO DO NORTE,23,4125778.43,22693.0,observado,4278902.42,23509.0,observado,5352595.17,27062.0,observado,5574617.13,28364.0,observado,5811365.01,29601.0,observado,5942030.76,30506.0,observado,5747903.66,29393.0,observado,6233733.24,28340.0,observado,7115664.73,30879.0,observado,8493463.76,34849.0,observado,9033116.32,37068.0,observado,4633215.74,18498.0,provisorio,2015_2025,67709170.63,322264.0,0,210.1046676948092,5028651.631999999,26245.8,0,5844967.21,29949.5,0,7718994.5125,32784.0,0,53.50028352292115,24.91141439773221,0,0.1800467558908887,0.1806684844929515,159.0,160.0,90256716.65760338,3094410.0,11,8205156.059782126,29.16766577719287,10414.392404367876,305531.0,12132.320451934502,30.98884228187681,observado,99832842
313170,ITABIRA,31,4053636.3,22438.0,observado,4175671.42,23285.0,observado,4863925.27,24759.0,observado,5581534.74,28400.0,observado,5660677.18,28875.0,observado,5913403.93,30381.0,observado,5979662.25,30798.0,observado,6927631.36,32055.0,observado,7534404.77,32998.0,observado,8397092.61,34558.0,observado,8545405.21,34821.0,observado,4383341.23,17620.0,provisorio,2015_2025,67633045.03999999,323368.0,0,209.15194156502807,4867088.981999999,25551.4,0,5946533.09,30589.5,0,7851133.4875,33608.0,0,61.31066262679645,31.530953294144343,0,0.1798443288726244,0.1812874118533772,160.0,157.0,89939302.70323803,1301934.0,11,8176300.245748911,69.08130727305533,24837.51096445749,118053.0,29496.073797362205,75.87149883339774,observado,232083531
355170,SERTAOZINHO,35,4535378.84,25263.0,observado,4597277.22,25268.0,observado,5552860.44,28143.0,observado,5613013.13,28345.0,observado,6280478.1,31843.0,observado,5981456.75,30509.0,observado,5978200.68,30641.0,observado,6778236.63,30855.0,observado,5898968.61,25514.0,observado,8049076.4,32639.0,observado,8105883.01,32738.0,observado,4273414.28,16977.0,provisorio,2015_2025,67370829.80999999,321758.0,0,209.383542320626,5315801.545999999,27772.4,0,5979828.715,30575.0,0,7208041.1625,30436.5,0,35.59650600432707,9.592617130676494,0,0.1791470673190208,0.1803848094527564,161.0,162.0,90720817.47903164,1389934.0,11,8247347.043548331,65.26987430988208,23149.156722549415,132176.0,24768.49049751846,64.27924351526788,observado,500288837
420460,CRICIUMA,42,4696877.59,25728.0,observado,5236116.68,28396.0,observado,6051390.43,30556.0,observado,6276866.97,31625.0,observado,6095528.59,30787.0,observado,5978801.61,30534.0,observado,5688543.06,28963.0,observado,6001459.16,27222.0,observado,6431304.07,28144.0,observado,7177303.29,29759.0,observado,7595263.0,31628.0,observado,4090434.41,16563.0,provisorio,2015_2025,67229454.44999999,323342.0,0,207.92057465469995,5671356.051999999,29418.4,0,5833672.335,29748.5,0,6801332.38,29188.25,0,19.924270626625805,-0.7823335055611502,0,0.1787711333843105,0.1812728356655411,162.0,158.0,91376045.97808728,2379386.0,11,8306913.270735207,38.40320401065118,13589.304131401967,227438.0,13906.207405974375,35.00280265595149,observado,81248649
352230,ITAPETININGA,35,5079613.05,28154.0,observado,5237417.51,28874.0,observado,5600138.14,28628.0,observado,5523042.64,28286.0,observado,5595500.26,28628.0,observado,5571030.22,28597.0,observado,5452637.8,27981.0,observado,4255134.65,19378.0,observado,7854655.6,34225.0,observado,8748866.5,35312.0,observado,8231485.21,34014.0,observado,4093002.46,16410.0,provisorio,2015_2025,67149521.58,322077.0,0,208.4890308218221,5407142.32,28514.0,0,5511834.01,28289.0,0,7272535.49,30732.25,0,34.4986882091167,7.779511818755691,0,0.1785585823546842,0.1805636480650534,163.0,161.0,90507674.89402476,1780985.0,11,8227970.444911342,50.81888668013754,18084.20621173115,164256.0,20707.91934541204,52.526684645057514,observado,500288837
311340,CARATINGA,31,4763533.58,26086.0,observado,4759711.18,25759.0,observado,5249132.59,26644.0,observado,5847436.63,29908.0,observado,6240179.99,31897.0,observado,6083027.57,31261.0,observado,5733139.88,29504.0,observado,6534813.73,29904.0,observado,6863133.68,29839.0,observado,7295492.86,30027.0,observado,7438974.54,30616.0,observado,3929332.48,15846.0,provisorio,2015_2025,66808576.23,321445.0,0,207.8382809811943,5371998.794,28058.8,0,5908083.725,30382.5,0,7033103.7025,30096.5,0,30.921542840912263,7.262249276519306,0,0.1776519680270767,0.180209334576114,164.0,163.0,90318783.64943872,1001202.0,11,8210798.513585338,90.21035080776778,32105.90869774531,90890.0,33684.673781494115,85.78670739458042,observado,232083531
350570,BARUERI,35,2499127.97,13885.0,observado,2620496.2,14595.0,observado,3210664.14,16440.0,observado,3487578.84,17904.0,observado,4513501.57,23133.0,observado,6490777.27,33485.0,observado,6162996.62,31631.0,observado,7499917.9,34291.0,observado,8920963.13,38875.0,observado,9889123.49,40754.0,observado,10613090.7,43322.0,observado,5643707.08,21863.0,provisorio,2015_2025,65908237.83,308315.0,0,213.7691576147771,3266273.744,17191.4,0,6326886.945,32558.0,0,9230773.805,39310.5,0,182.60870118300772,128.6637504798911,0,0.1752578608977808,0.1728483597188776,165.0,166.0,84310662.69858424,3200799.0,11,7664605.699871295,26.340505198415848,9632.43865047446,333737.0,12980.880154133345,33.33193670765531,observado,500288837
150812,ULIANOPOLIS,15,3435821.9,19050.0,observado,3732699.64,20640.0,observado,4576769.41,23396.0,observado,5280480.62,27091.0,observado,5713260.05,29408.0,observado,5594688.25,29057.0,observado,5556201.9,28834.0,observado,6731839.55,30890.0,observado,7655133.67,33505.0,observado,8398832.05,34846.0,observado,9096021.44,37818.0,observado,4820822.55,19589.0,provisorio,2015_2025,65771748.48,314535.0,0,209.10788459153991,4547806.324,23917.0,0,5575445.075,28945.5,0,7970456.6775,34264.75,0,75.2593692356192,43.2652506585274,0,0.1748949194460911,0.1763354323473628,166.0,165.0,86757911.74390073,562708.0,11,7887082.885809157,154.17927547484794,55896.66398913824,39360.0,96082.31707317074,242.22525179819309,observado,93281750
231180,RUSSAS,23,3507363.37,19346.0,observado,4046595.35,22137.0,observado,4316126.63,21938.0,observado,4542991.1,23129.0,observado,4863500.0,24610.0,observado,5003878.91,25372.0,observado,5254480.16,26865.0,observado,6473633.57,29311.0,observado,7523323.64,32289.0,observado,9181081.75,37145.0,observado,9962669.09,40636.0,observado,5384523.53,21470.0,provisorio,2015_2025,64675643.57000001,302778.0,0,213.60747336332236,4255315.290000001,22232.0,0,5129179.535,26118.5,0,8285177.0125,34845.25,0,94.70183635911027,56.7346617488305,0,0.171980245830607,0.1697441923323948,167.0,169.0,84687308.32979834,836859.0,11,7698846.211799849,101.1966273049562,36180.2884356863,74834.0,54301.52069914744,139.54033983601016,observado,99832842
421870,TUBARAO,42,3324787.47,18101.0,observado,3697454.39,19793.0,observado,4486912.02,22170.0,observado,5043616.18,24949.0,observado,5362168.04,26472.0,observado,5850780.19,29022.0,observado,5696254.08,28450.0,observado,6635094.26,29790.0,observado,7106818.82,30644.0,observado,8320135.72,33995.0,observado,8753382.34,36001.0,observado,4584111.41,18489.0,provisorio,2015_2025,64277403.50999999,299387.0,0,214.6967086413237,4382987.619999999,22297.0,0,5773517.135,28736.0,0,7703857.785,32607.5,0,75.76727230180956,46.24164685832175,0,0.1709212780393662,0.1678431210650004,168.0,176.0,84841613.34338352,1190269.0,11,7712873.940307593,71.27936066837289,25152.88560821125,116725.0,30842.57871064468,78.60226237469183,observado,81248649
352220,ITAPECERICA DA SERRA,35,3567395.45,19583.0,observado,4143859.59,22633.0,observado,5006892.86,25422.0,observado,5067591.25,25710.0,observado,5549206.44,28174.0,observado,6072446.18,30876.0,observado,6066950.48,30958.0,observado,6498018.06,29553.0,observado,6899412.86,29936.0,observado,7718519.46,31612.0,observado,7513733.77,30818.0,observado,3720006.01,14955.0,provisorio,2015_2025,64104026.400000006,305275.0,0,209.98780247317995,4666989.118,24304.4,0,6069698.33,30917.0,0,7157421.0375,30479.75,0,53.3627110869985,25.408362271851992,0,0.170460247636678,0.1711440669872706,169.0,168.0,85570421.819779,1860522.0,11,7779129.256343544,45.99269550146625,16408.029574495762,163003.0,18906.400495696398,48.31513928187711,observado,500288837
291750,JACOBINA,29,3018797.74,16886.0,observado,2985600.35,16676.0,observado,3412333.93,17558.0,observado,4139034.32,21233.0,observado,5194343.07,26528.0,observado,5651619.58,29120.0,observado,5746580.7,29534.0,observado,6534265.35,29909.0,observado,7736208.02,33580.0,observado,9159645.2,37800.0,observado,10482961.7,43329.0,observado,5777477.23,23341.0,provisorio,2015_2025,64061389.96000001,302153.0,0,212.0163955347126,3750021.882,19776.2,0,5699100.140000001,29327.0,0,8478270.067499999,36154.5,0,126.08588254365816,82.8182360615285,0,0.1703468722602953,0.1693938032017191,170.0,171.0,82938070.49525347,914907.0,11,7539824.590477589,90.65191379588687,33025.542486832,86896.0,49863.0546860615,126.44662559678378,observado,163780358
430510,CAXIAS DO SUL,43,4777898.99,25845.0,observado,4970871.11,26429.0,observado,5136853.85,25449.0,observado,5066415.13,25097.0,observado,5498458.81,27268.0,observado,5749831.14,28723.0,observado,5784528.53,28984.0,observado,6529403.09,29364.0,observado,6634475.04,28417.0,observado,7023166.12,28418.0,observado,6819676.81,27634.0,observado,3252631.79,12855.0,provisorio,2015_2025,63991578.620000005,301628.0,0,212.15397317225197,5090099.578,26017.6,0,5767179.835,28853.5,0,6751680.265,28458.25,0,32.64338273815986,9.380765328085603,0,0.1701612355854632,0.1690994763319514,171.0,173.0,86609600.57680671,5387277.0,11,7873600.052436974,16.076693397574825,5598.895323184607,479599.0,5761.896918050287,14.904196066999408,observado,123854933
410940,GUARAPUAVA,41,4640336.47,25730.0,observado,4621080.79,25461.0,observado,4867529.46,24839.0,observado,4878825.69,24847.0,observado,5061751.28,25820.0,observado,5280036.12,27046.0,observado,5421351.53,27801.0,observado,6070832.05,27682.0,observado,6535371.1,28417.0,observado,7309938.42,30008.0,observado,9254329.01,33085.0,observado,4884337.59,16809.0,provisorio,2015_2025,63941381.92,300736.0,0,212.61632102575012,4813904.738,25339.4,0,5350693.825,27423.5,0,7292617.645,29798.0,0,51.49069293859383,17.59552317734436,0,0.1700277565765292,0.1685994009646509,172.0,175.0,85500257.18601263,2011788.0,11,7772750.653273875,42.49963573995502,14948.692406953418,189630.0,17447.133892316615,51.151800001608386,observado,126416037
292660,RIBEIRA DO POMBAL,29,3345129.37,18677.0,observado,3938938.87,22007.0,observado,5011673.33,25596.0,observado,5400878.86,27543.0,observado,5609190.35,28426.0,observado,5219531.82,26719.0,observado,5226313.8,26814.0,observado,5742952.43,26088.0,observado,6802119.48,29602.0,observado,8088851.17,33341.0,observado,9037624.0,37178.0,observado,5008531.79,20083.0,provisorio,2015_2025,63423203.48,301991.0,0,210.0168663304536,4661162.156,24449.8,0,5222922.8100000005,26766.5,0,7417886.77,31552.25,0,59.14243104482972,29.049112876178956,0,0.1686498583357662,0.1693029823390479,173.0,172.0,84113361.97090706,597547.0,11,7646669.27008246,140.76442852345852,50538.45136867895,56316.0,66016.76255415867,168.20755542963028,observado,163780358
313620,JOAO MONLEVADE,31,4376811.26,24284.0,observado,4409537.44,24333.0,observado,4863281.25,24835.0,observado,5356324.49,27423.0,observado,5593207.46,28670.0,observado,5921374.11,30374.0,observado,5776768.08,30243.0,observado,6320322.58,29330.0,observado,6476128.7,28215.0,observado,7047927.76,28774.0,observado,7132237.31,29180.0,observado,3883742.02,14386.0,provisorio,2015_2025,63273920.440000005,305661.0,0,207.0068488946905,4919832.38,25909.0,0,5849071.095000001,30308.5,0,6744154.087499999,28874.75,0,37.08097281761455,11.446794550156314,0,0.168252896937311,0.171360467314376,174.0,167.0,85285139.99574472,886985.0,11,7753194.5450677015,96.15172747650155,34460.6729538831,83791.0,34824.74251411249,89.21778603515638,observado,232083531
353620,PARIQUERA-ACU,35,3697080.88,20438.0,observado,4203948.15,23118.0,observado,4964630.89,25309.0,observado,5033502.68,25558.0,observado,5155934.7,26254.0,observado,5176401.47,26643.0,observado,5381295.6,28115.0,observado,6740116.76,31021.0,observado,7203289.18,31367.0,observado,7748661.96,31828.0,observado,7959774.08,32707.0,observado,4272405.35,17042.0,provisorio,2015_2025,63264636.35,302358.0,0,209.2375143042354,4611019.46,24135.4,0,5278848.535,27379.0,0,7412960.494999999,31730.75,0,60.76619409886419,31.469749828053395,0,0.1682282094353028,0.1695087308365807,175.0,170.0,84169052.08589432,214947.0,11,7651732.0078085745,391.5804923348282,140666.30378651482,19603.0,166846.9111870632,425.59962045827757,observado,500288837
330070,CABO FRIO,33,4633745.19,25328.0,observado,4714825.43,25489.0,observado,4827327.55,24507.0,observado,5156500.23,25951.0,observado,5387464.14,26477.0,observado,5774669.77,29392.0,observado,5713956.34,28754.0,observado,6141144.3,27666.0,observado,6822064.81,29258.0,observado,6802714.64,27574.0,observado,7112853.71,28919.0,observado,3646805.05,14549.0,provisorio,2015_2025,63087266.11000001,299315.0,0,210.7721501094165,4943972.508,25550.4,0,5744313.055,29073.0,0,6719694.365,28354.25,0,35.91690394974179,10.973800801553011,0,0.1677565608239486,0.1678027562371465,176.0,177.0,85177578.30390325,2479067.0,11,7743416.20944575,34.358723787579464,12073.695466883308,238438.0,12128.519782920508,31.267376040852753,observado,186284798
420200,BALNEARIO CAMBORIU,42,2756519.91,15037.0,observado,3265821.9,17793.0,observado,3774921.4,18844.0,observado,4355234.09,21682.0,observado,4913405.8,24592.0,observado,5340733.72,26886.0,observado,5589870.31,27734.0,observado,7108789.5,31939.0,observado,7654363.77,32971.0,observado,8681891.6,35267.0,observado,9530018.96,38943.0,observado,4672575.15,18615.0,provisorio,2015_2025,62971570.95999999,291688.0,0,215.88673843284604,3813180.62,19589.6,0,5465302.015,27310.0,0,8243765.9575,34780.0,0,116.19133156876264,77.54318618042228,0,0.1674489136288051,0.163526887597684,177.0,186.0,81842787.9302942,1554663.0,11,7440253.448208564,52.643426858614504,18762.136874679592,151674.0,25675.461845800863,65.85756282410266,observado,81248649
412410,SANTO ANTONIO DA PLATINA,41,3666795.49,20408.0,observado,3943909.41,21842.0,observado,4499580.01,23032.0,observado,4759929.4,24416.0,observado,5281693.83,27130.0,observado,5516925.66,28216.0,observado,5733120.08,29377.0,observado,6414717.14,29357.0,observado,6907738.32,30207.0,observado,7502877.58,31072.0,observado,8496388.11,30579.0,observado,4469048.71,15575.0,provisorio,2015_2025,62723675.03,295636.0,0,212.16521340432155,4430381.6280000005,23365.6,0,5625022.87,28796.5,0,7330430.2875,30303.75,0,65.45821337763995,29.69386619645975,0,0.1667897288008155,0.1657402256583367,178.0,181.0,83232357.52691403,501634.0,11,7566577.956992185,165.92248038792033,58934.6017215739,45628.0,67018.05908652581,195.1757873828922,observado,126416037
411990,PONTA GROSSA,41,4430744.91,24668.0,observado,4229329.18,23246.0,observado,5024169.78,25527.0,observado,5089595.79,25875.0,observado,5073853.0,25850.0,observado,4953161.9,25355.0,observado,4565385.82,23382.0,observado,5478700.54,24979.0,observado,6847462.13,29713.0,observado,8105608.05,33327.0,observado,8601278.9,30776.0,observado,4775428.84,16465.0,provisorio,2015_2025,62399290.0,292698.0,0,213.18659505702124,4769538.532,25033.2,0,4759273.86,24368.5,0,7258262.404999999,29698.75,0,52.17955272407473,18.63744946710768,0,0.1659271503381398,0.1640931164328561,179.0,184.0,83323976.57877451,3909243.0,11,7574906.961706773,21.314606582086228,7487.33194636404,375632.0,8193.1251863526,24.000676206779158,observado,126416037
312610,FORMIGA,31,4328550.11,24225.0,observado,4253849.74,23785.0,observado,4602100.15,23904.0,observado,4734203.71,24607.0,observado,5224547.94,27179.0,observado,5541840.37,28933.0,observado,5579852.18,28849.0,observado,6718966.8,31030.0,observado,7333066.6,32410.0,observado,6899189.96,28597.0,observado,6659044.17,27437.0,observado,3344128.97,13539.0,provisorio,2015_2025,61875211.73,300956.0,0,205.59554130836403,4628650.33,24740.0,0,5560846.275,28891.0,0,6902566.8825,29868.5,0,49.12698930316475,20.729587712206943,0,0.164533563746125,0.1687227379386488,180.0,174.0,83050157.00399832,754960.0,11,7550014.2730907565,110.00603608667787,39863.83384550175,70897.0,38699.80394092839,98.44803850908967,observado,232083531
230410,CRATEUS,23,,,sem_registro,431622.36,2243.0,observado,3649706.24,17665.0,observado,4705780.88,22874.0,observado,4937662.6,25298.0,observado,5242409.8,26851.0,observado,5880802.52,30050.0,observado,7708429.19,35280.0,observado,8894288.84,38822.0,observado,10035750.01,41441.0,observado,10375666.74,42811.0,observado,4817151.0,19367.0,provisorio,2015_2025,61862119.18,283335.0,1,218.33560689643,3431193.02,17020.0,1,5561606.16,28450.5,0,9253533.695,39588.5,0,169.68852061257692,132.59988249118683,1,0.1644987490949942,0.1588440069440286,181.0,193.0,77456630.82772116,837913.0,11,7041511.893429196,92.43994403681667,33814.36974960408,80130.0,53426.931236740296,135.72001586475716,observado,99832842
313820,LAVRAS,31,3792752.29,20942.0,observado,4087972.58,22404.0,observado,4561654.54,23154.0,observado,4934240.52,24946.0,observado,5281760.09,26711.0,observado,5531436.41,28143.0,observado,5503063.37,28142.0,observado,6407901.06,29256.0,observado,7213189.8,31420.0,observado,7363617.83,30197.0,observado,7033795.78,28817.0,observado,3238272.71,13000.0,provisorio,2015_2025,61711384.27,294132.0,0,209.80846786476815,4531676.004,23631.4,0,5517249.890000001,28142.5,0,7004626.1175,29922.5,0,54.57032036970841,26.62178288209753,0,0.1640979270011407,0.1648970492542786,182.0,182.0,82429642.04578976,1153234.0,11,7493603.822344524,71.47694400771202,25504.971237407153,110682.0,26035.850454455107,66.60944071293076,observado,232083531
352240,ITAPEVA,35,4208421.95,23250.0,observado,4308164.71,23722.0,observado,4623803.45,23634.0,observado,4970350.52,25445.0,observado,5509084.08,28142.0,observado,5580400.69,28587.0,observado,5578835.42,28831.0,observado,6325808.01,28998.0,observado,6614354.41,28792.0,observado,6967232.51,28770.0,observado,6958986.03,28709.0,observado,3548274.2,14315.0,provisorio,2015_2025,61645441.78,296880.0,0,207.6443067232552,4723964.942,24838.6,0,5579618.055,28709.0,0,6716595.24,28817.25,0,42.18131003225385,16.018012287327,0,0.1639225780596399,0.1664376401840337,183.0,179.0,82881704.99868806,1023178.0,11,7534700.454426187,81.00418988552144,29015.47922257906,92393.0,31072.70031279426,78.94596291093453,observado,500288837
320320,LINHARES,32,4798738.1,26494.0,observado,5290997.31,29024.0,observado,5475008.49,27892.0,observado,5463260.64,28007.0,observado,5630809.36,28854.0,observado,4957202.87,25444.0,observado,4950592.96,25300.0,observado,5854473.67,26821.0,observado,5967452.86,25999.0,observado,6335157.18,26122.0,observado,6799303.4,28111.0,observado,3381732.02,13742.0,provisorio,2015_2025,61522996.84,298068.0,0,206.40591019498905,5331762.779999999,28054.2,0,4953897.915,25372.0,0,6239096.7775,26763.25,0,17.017523752247676,-4.601628276692971,0,0.1635969823682862,0.1671036598436222,184.0,178.0,83923349.8939587,1906243.0,11,7629395.444905337,44.02552554630165,15636.411517314426,183797.0,15294.59131541864,38.7747523622126,observado,44111763
316250,SAO JOAO DEL REI,31,4788256.0,26585.0,observado,4938440.75,27179.0,observado,4871789.1,24882.0,observado,5019168.96,25634.0,observado,5110273.34,26036.0,observado,5175562.51,26454.0,observado,5315795.04,27419.0,observado,6289592.59,28803.0,observado,6216845.24,27298.0,observado,6768032.78,28116.0,observado,6700148.38,27731.0,observado,3325015.14,13351.0,provisorio,2015_2025,61193904.69,296137.0,0,206.6405234401645,4945585.63,26063.2,0,5245678.775,26936.5,0,6493654.7475,27987.0,0,31.302038490838942,7.381288560115418,0,0.1627218871124243,0.1660210975854864,185.0,180.0,82908776.37728797,1001481.0,11,7537161.488844361,82.78617005942995,29569.906967780717,94468.0,29354.91383325571,74.34002967559222,observado,232083531
354730,SANTANA DE PARNAIBA,35,4004693.57,22076.0,observado,4424872.57,24533.0,observado,5039489.21,25841.0,observado,4989873.23,25564.0,observado,5567479.12,28595.0,observado,5616271.38,28651.0,observado,5437963.63,27430.0,observado,6582431.67,29817.0,observado,6499159.19,28226.0,observado,6161085.07,25304.0,observado,6698876.72,27504.0,observado,3544462.95,14211.0,provisorio,2015_2025,61022195.36,293541.0,0,207.88303971165868,4805281.540000001,25321.8,0,5527117.505,28040.5,0,6485388.1625,27712.75,0,34.963749959591304,9.442259239074623,0,0.1622652915355617,0.1645657212923116,186.0,183.0,82364153.21940652,1589462.0,11,7487650.29267332,51.818887912643724,18467.947016034355,163787.0,16792.541532600266,42.869220598812525,observado,500288837
330250,MAGE,33,5039448.95,27029.0,observado,5036804.18,26628.0,observado,5622733.45,27836.0,observado,5506050.34,27255.0,observado,5556070.29,27693.0,observado,5289403.86,26456.0,observado,5009820.85,25057.0,observado,5428317.71,24471.0,observado,5603255.54,24114.0,observado,5827696.46,23858.0,observado,6735678.3,27541.0,observado,3443158.2800000003,13870.0,provisorio,2015_2025,60655279.92999999,287938.0,0,210.65395998444103,5352221.442,27288.2,0,5149612.355,25756.5,0,5898737.0025,24996.0,0,10.211004279669345,-8.399967751628912,0,0.1612896196695037,0.1614245528136295,187.0,188.0,83118770.08042988,2643786.0,11,7556251.825493625,31.439295797931408,10891.12356295101,244142.0,11280.730066928263,28.917574911474254,observado,186284798
313240,ITAJUBA,31,4025403.33,22273.0,observado,4457912.36,24459.0,observado,5119121.48,26058.0,observado,5271432.36,26822.0,observado,5137650.96,26123.0,observado,4750962.54,24331.0,observado,4780002.13,24488.0,observado,5908344.97,26908.0,observado,6422449.38,27793.0,observado,7172145.96,29406.0,observado,7026104.42,28904.0,observado,3599297.7,14525.0,provisorio,2015_2025,60071529.89000001,287565.0,0,208.89722285396348,4802304.098,25147.0,0,4765482.335,24409.5,0,6632261.182499999,28252.75,0,38.10581435819766,12.35037976697022,0,0.1597373587279613,0.1612154405804421,188.0,189.0,80841648.72784838,1059313.0,11,7349240.793440762,76.31516721483489,27146.367504222075,96855.0,29842.548138970626,76.03535620858257,observado,232083531
317070,VARGINHA,31,4375912.32,23900.0,observado,4449518.26,24317.0,observado,5115588.51,26024.0,observado,5173428.06,26375.0,observado,5343606.27,27273.0,observado,5799208.38,29511.0,observado,5608622.95,28613.0,observado,6387694.15,29213.0,observado,6757556.81,29428.0,observado,5909061.37,24330.0,observado,5141117.79,21281.0,observado,2490335.81,10102.0,provisorio,2015_2025,60061314.87,290265.0,0,206.91890124541368,4891610.683999999,25577.8,0,5703915.665,29062.0,0,6048857.53,26063.0,0,23.65778719441527,1.8969575178475084,0,0.1597101957721128,0.1627291216249615,189.0,187.0,81771389.02342884,1506890.0,11,7433762.638493531,54.26500210594592,19262.520821028742,143676.0,14811.798769453493,37.50562060796167,observado,232083531
330630,VOLTA REDONDA,33,1336979.8,7389.0,observado,1238498.88,6846.0,observado,1162291.17,5920.0,observado,3321038.08,16950.0,observado,4653318.26,23761.0,observado,5639787.68,28864.0,observado,5881235.91,30164.0,observado,7245205.39,32963.0,observado,8769478.69,38021.0,observado,9937373.55,40715.0,observado,10796691.85,44444.0,observado,5222283.83,20923.0,provisorio,2015_2025,59981899.26,276037.0,0,217.2965916163413,2342425.238,12173.2,0,5760511.795,29514.0,0,9187187.37,39035.75,0,292.20834974627263,220.6695856471593,0,0.1594990201984859,0.1547525831429538,190.0,203.0,74894764.73394397,2977760.0,11,6808614.975813088,25.151377120366977,9269.95459674386,279971.0,15874.50128763336,40.42040756181248,observado,186284798
290460,BRUMADO,29,3395225.38,19005.0,observado,4810581.7,26890.0,observado,5938001.57,30566.0,observado,6502850.25,33460.0,observado,6419005.81,33043.0,observado,6067123.57,31408.0,observado,4456871.47,23110.0,observado,4649704.72,21292.0,observado,5170024.0,22406.0,observado,6179083.17,25515.0,observado,6208325.29,25754.0,observado,2637052.81,10796.0,provisorio,2015_2025,59796796.93,292449.0,0,204.4691448081546,5413132.942,28592.8,0,5261997.52,27259.0,0,5551784.295,23741.75,0,2.5613882844852665,-16.965984443636163,0,0.1590068110381276,0.1639535214031948,191.0,185.0,81892755.39708579,768704.0,11,7444795.945189617,106.5335361817888,38044.42282074765,74368.0,34630.48623063683,87.50067281845739,observado,163780358
230550,IGUATU,23,3839348.77,21455.0,observado,3996277.36,22295.0,observado,4280467.69,22035.0,observado,4765634.29,24304.0,observado,4852965.61,24609.0,observado,4841819.76,24711.0,observado,4629858.13,23749.0,observado,5422677.86,24722.0,observado,6641296.56,28829.0,observado,7824787.94,32249.0,observado,8498297.48,34944.0,observado,4916458.2,19652.0,provisorio,2015_2025,59593431.45,283902.0,0,209.9084594331847,4346938.744,22939.6,0,4735838.945,24230.0,0,7096764.96,30186.0,0,63.25891340878762,31.589042529076373,0,0.1584660379848838,0.1591618799633776,192.0,192.0,79107291.92307052,1121512.0,11,7191571.993006411,70.53628665860955,25314.218661949228,102588.0,34062.46344601708,86.82771991842087,observado,99832842
410430,CAMPO MOURAO,41,3497645.26,19330.0,observado,3560843.79,19549.0,observado,3774288.98,19185.0,observado,4395302.23,22453.0,observado,4757254.51,24271.0,observado,5371466.55,27411.0,observado,5819313.84,30083.0,observado,6621014.65,30599.0,observado,7061342.67,30829.0,observado,7195163.5,29623.0,observado,7515968.96,30881.0,observado,4237011.279999999,16999.0,provisorio,2015_2025,59569604.940000005,284214.0,0,209.5941964153772,3997066.954,20957.6,0,5595390.195,28747.0,0,7098372.445,30483.0,0,77.58953069065855,45.45081497881438,0,0.1584026804545849,0.159336794217411,193.0,190.0,78801230.47406286,1069552.0,11,7163748.224914805,73.6768576694381,26573.182042574834,104122.0,29658.47755517566,75.65985536735913,observado,126416037
350550,BARRETOS,35,3813485.18,20506.0,observado,4036285.14,21198.0,observado,4513002.15,21995.0,observado,5481236.05,24771.0,observado,5435062.39,26845.0,observado,5488928.18,27492.0,observado,5550786.63,27735.0,observado,5910306.93,26435.0,observado,6167958.12,26158.0,observado,6602330.54,26382.0,observado,6536568.53,26200.0,observado,3244754.06,12806.0,provisorio,2015_2025,59535949.84,275717.0,0,215.93137107976656,4655814.182,23063.0,0,5519857.404999999,27613.5,0,6304291.03,26293.75,0,35.406843648812966,14.008368382257297,0,0.1583131875318714,0.1545731839080478,194.0,204.0,80207519.19148593,1350218.0,11,7291592.653771448,59.403384632323025,20420.183999917048,126957.0,20636.908559591044,53.96549906486503,observado,500288837
290320,BARREIRAS,29,2560823.24,14408.0,observado,2359350.85,13214.0,observado,2201073.56,11489.0,observado,2875092.33,14801.0,observado,4391145.91,22034.0,observado,6529279.03,29225.0,observado,5264090.36,27375.0,observado,6131562.76,28036.0,observado,5774808.53,24952.0,observado,10145357.99,41939.0,observado,11090619.6,45760.0,observado,5865674.5600000005,23627.0,provisorio,2015_2025,59323204.16,273233.0,0,217.11581016934267,2877497.1780000003,15189.2,0,5896684.695,28300.0,0,8285587.220000001,35171.75,0,187.94423443219097,131.557619887815,0,0.1577474714086728,0.15318059734709,195.0,209.0,75686655.1802903,1758897.0,11,6880605.016390027,43.03074891837913,15534.3377127825,171634.0,26661.38410804386,67.72913296356171,observado,163780358
313420,ITUIUTABA,31,3787076.38,20766.0,observado,3978290.91,21528.0,observado,4373577.74,22033.0,observado,4495766.77,22715.0,observado,4840975.27,24606.0,observado,5491313.52,28088.0,observado,5400286.18,27774.0,observado,5784750.88,26537.0,observado,6275102.69,27188.0,observado,7181079.28,29541.0,observado,7482741.2,30582.0,observado,3989592.25,15873.0,provisorio,2015_2025,59090960.82,281358.0,0,210.0205461369501,4295137.414,22329.6,0,5445799.85,27931.0,0,6680918.5125,28462.0,0,55.54609477041519,27.46309830897107,0,0.1571299086833403,0.157735656045875,196.0,195.0,78880236.4115662,1151290.0,11,7170930.5828696545,68.5146543543036,24438.49942238706,106775.0,28641.535940060876,73.45378428145855,observado,232083531
330010,ANGRA DOS REIS,33,3725784.86,20333.0,observado,3875357.12,20814.0,observado,4615198.32,23212.0,observado,4443638.14,22394.0,observado,4624938.02,23476.0,observado,4669648.64,24009.0,observado,4824760.28,24659.0,observado,5690508.88,25910.0,observado,6625906.97,28787.0,observado,7588329.46,31123.0,observado,8279332.71,33944.0,observado,4231347.23,17036.0,provisorio,2015_2025,58963403.400000006,278661.0,0,211.59546330487584,4256983.292,22045.8,0,4747204.46,24334.0,0,7046019.505,29941.0,0,65.51672914106423,35.81271716154551,0,0.15679071829824,0.156223656869183,197.0,199.0,78237042.72587518,2094680.0,11,7112458.429625017,37.35035553205033,13303.273053640653,179142.0,18948.097040336717,48.4418752891191,observado,186284798
353080,MOGI MIRIM,35,4274846.9,23259.0,observado,4765493.14,25505.0,observado,5380945.95,26939.0,observado,5374103.95,27106.0,observado,5350762.46,26824.0,observado,5515953.04,27746.0,observado,5146861.5,26012.0,observado,5892711.33,26599.0,observado,6139755.65,26239.0,observado,5579620.16,22372.0,observado,5254075.86,21146.0,observado,2192436.79,8690.0,provisorio,2015_2025,58675129.94,279747.0,0,209.7435537825249,5029230.48,25926.6,0,5331407.27,26879.0,0,5716540.75,24089.0,0,13.66631083489338,-7.087701434048421,0,0.1560241648048282,0.1568324930226451,198.0,197.0,80284865.00575267,1027297.0,11,7298624.091432061,78.151561822679,27231.365418179943,95742.0,22086.440642560214,57.5197346645332,observado,500288837
291460,IRECE,29,23400.0,39.0,observado,1200.0,2.0,observado,682.34,2.0,observado,4074003.15,19136.0,observado,6713616.73,34318.0,observado,6952765.11,35402.0,observado,7391443.19,37651.0,observado,8176211.2,37372.0,observado,8090461.88,34944.0,observado,8688165.3,35853.0,observado,8545517.45,35616.0,observado,4379310.71,17685.0,provisorio,2015_2025,58657466.35000001,270335.0,0,216.9806586272588,2162580.444,10699.4,0,7172104.15,36526.5,0,8375088.9575,35946.25,0,287.2729442613974,235.9651008467765,0,0.1559771952134524,0.1515559130259726,199.0,214.0,73333624.26056293,822859.0,11,6666693.1145966295,89.12052278769865,32853.13765784904,78781.0,45208.8701590485,113.69461794118531,observado,163780358
316370,SAO LOURENCO,31,4193413.09,23290.0,observado,4562421.73,25294.0,observado,5041999.5,25871.0,observado,4988349.22,25496.0,observado,5100516.94,26054.0,observado,5496024.84,28218.0,observado,5105614.5,26590.0,observado,5373172.84,24678.0,observado,5923759.12,25924.0,observado,6409346.17,26503.0,observado,6421700.59,26259.0,observado,4079570.01,16278.0,provisorio,2015_2025,58616318.53999999,284177.0,0,206.2669341290815,4777340.096,25201.0,0,5300819.67,27404.0,0,6031994.680000001,25841.0,0,26.262618084287222,2.5395817626284733,0,0.1558677782816899,0.159316051180875,200.0,191.0,79501349.55773678,503481.0,11,7227395.414339707,157.90337581306304,56442.44767925701,46868.0,56027.566783306305,143.61396147983635,observado,232083531
110012,JI-PARANA,11,3505359.31,19430.0,observado,4216001.04,23297.0,observado,5211057.67,26732.0,observado,5590753.15,28800.0,observado,5746006.1,29222.0,observado,5810849.56,30116.0,observado,4768348.26,24488.0,observado,5458828.72,25184.0,observado,5680425.26,24439.0,observado,6024259.3,24575.0,observado,6541845.93,26682.0,observado,3574873.7,14310.0,provisorio,2015_2025,58553734.3,282965.0,0,206.92924672662696,4853835.454000001,25496.2,0,5289598.91,27302.0,0,5926339.8025,25220.0,0,22.09601785359572,-1.0832986876475714,0,0.1557013593272551,0.1586365765786685,201.0,194.0,79375869.12125264,1447982.0,11,7215988.101932058,54.818270614726316,19542.024693677133,140101.0,19044.83194266993,48.94204442786763,observado,19248748
420420,CHAPECO,42,4619659.24,25080.0,observado,4626740.5,24479.0,observado,5062759.14,25010.0,observado,4843537.94,23916.0,observado,4885635.07,24703.0,observado,5019328.68,25697.0,observado,4909634.05,25275.0,observado,5517554.45,25221.0,observado,5575701.35,24340.0,observado,6683925.34,27593.0,observado,6791360.36,28094.0,observado,3628866.95,14599.0,provisorio,2015_2025,58535836.120000005,279408.0,0,209.4994993700968,4807666.3780000005,24637.6,0,4964481.365,25486.0,0,6142135.375,26312.0,0,27.757104842103075,6.796116504854366,0,0.1556537659331053,0.1566424419581666,202.0,198.0,79388114.16204679,2595801.0,11,7217101.287458799,30.583282062857204,10763.845148376167,282648.0,9939.571481135546,25.184532246353097,observado,81248649
230280,CANINDE,23,5402398.82,29853.0,observado,5301144.71,29194.0,observado,3829687.97,19505.0,observado,4074111.67,20808.0,observado,4124732.58,21112.0,observado,4316056.63,22172.0,observado,4548432.1,23361.0,observado,5565345.36,25545.0,observado,6578735.25,28661.0,observado,7387200.87,30430.0,observado,7391968.65,30377.0,observado,3162030.69,12601.0,provisorio,2015_2025,58519814.61,281018.0,0,208.24222864727523,4546415.15,24094.4,0,4432244.365,22766.5,0,6730812.532500001,28753.25,0,48.04658858529452,19.335820771631585,0,0.1556111628281915,0.1575450443587874,203.0,196.0,78783361.87945895,845979.0,11,7162123.807223541,93.12685288814373,33218.082245540376,77376.0,39258.94334160463,100.13291793063661,observado,99832842
251080,PATOS,25,2168390.31,12085.0,observado,2269004.93,12670.0,observado,2610490.62,13457.0,observado,2991162.81,15347.0,observado,4433079.35,22741.0,observado,4486130.0,23471.0,observado,5656009.93,29279.0,observado,6984032.78,32220.0,observado,7822178.26,34394.0,observado,9404482.0,39217.0,observado,9560562.6,39504.0,observado,4400326.48,17113.0,provisorio,2015_2025,58385523.59,274385.0,0,212.78686367695028,2894425.604,15260.0,0,5071069.965,26375.0,0,8442813.91,36333.75,0,191.6922065066144,138.09796854521625,0,0.155254066998021,0.1538264345927516,204.0,208.0,74293061.64432162,1177205.0,11,6753914.694938329,63.10970616360075,23308.174871836258,108104.0,36542.5886183675,92.69679447529063,observado,44454005
150613,REDENCAO,15,3497845.08,19185.0,observado,3770219.37,20518.0,observado,4189265.66,21303.0,observado,4496269.68,22865.0,observado,4925278.7,24964.0,observado,4976944.31,25349.0,observado,5191218.89,26477.0,observado,6166332.29,28115.0,observado,6662426.15,28939.0,observado,7125635.07,29210.0,observado,7247044.57,29706.0,observado,3149167.17,12553.0,provisorio,2015_2025,58248479.77,276631.0,0,210.56381884170608,4175775.698,21767.0,0,5084081.6,25913.0,0,6800359.5200000005,28992.5,0,62.85260540351947,33.194744337759,0,0.1548896511445064,0.155085592972748,205.0,202.0,77449967.0762404,944534.0,11,7040906.097840037,81.99807214588401,29287.564026281743,92694.0,32047.381707553886,81.94686415658695,observado,93281750
410400,CAMPINA GRANDE DO SUL,41,3632076.9,19925.0,observado,3800620.13,20796.0,observado,4782111.4,24423.0,observado,4619680.63,23486.0,observado,5111476.16,25844.0,observado,5003536.3,25533.0,observado,4947791.19,25089.0,observado,5782821.51,26226.0,observado,6310545.89,27267.0,observado,6381097.32,26010.0,observado,7513441.97,26751.0,observado,3996452.88,13347.0,provisorio,2015_2025,57885199.4,271350.0,0,213.32301234567905,4389193.044,22894.8,0,4975663.745,25311.0,0,6496976.672499999,26563.5,0,48.02212177432767,16.02416269196498,0,0.1539236453363011,0.1521249449741901,206.0,212.0,77447645.23938571,497762.0,11,7040695.021762338,155.59171901307394,54514.00468496993,50600.0,52867.58893280632,155.6364979937016,observado,126416037
313330,ITAOBIM,31,3431988.01,19047.0,observado,3934424.89,21728.0,observado,4420243.23,22627.0,observado,4565168.07,23322.0,observado,5159655.44,26304.0,observado,5408573.47,27723.0,observado,5395071.38,27577.0,observado,5999418.1,27346.0,observado,6249592.57,27288.0,observado,6607835.64,27240.0,observado,6416080.74,26440.0,observado,3226039.33,12984.0,provisorio,2015_2025,57588051.54000001,276642.0,0,208.168143448934,4302295.928,22605.6,0,5401822.425,27650.0,0,6318231.762499999,27078.5,0,46.85720992319426,19.78669002371094,0,0.1531334937554277,0.155091759821448,207.0,201.0,77180360.35451633,225889.0,11,7016396.395865121,341.6738325217976,122468.11487057802,19263.0,137257.95566630329,349.1153354304233,observado,232083531
315210,PONTE NOVA,31,4245809.72,23601.0,observado,4101685.73,22725.0,observado,4699883.53,24049.0,observado,4789511.21,24267.0,observado,4519696.1,22828.0,observado,4646858.03,23532.0,observado,4635923.36,23626.0,observado,5704611.71,25749.0,observado,6357078.75,27482.0,observado,6854334.25,28066.0,observado,7009518.25,28634.0,observado,3736337.74,14672.0,provisorio,2015_2025,57564910.64,274559.0,0,209.66317126737783,4471317.257999999,23494.0,0,4641390.695,23579.0,0,6481385.74,27482.75,0,44.95472734357247,16.977738997190773,0,0.1530719593438461,0.1539239829267318,208.0,205.0,77324519.02060185,655428.0,11,7029501.729145623,117.97561138767622,41890.032162190204,59638.0,48013.011838089806,123.193595490086,observado,232083531
354890,SAO CARLOS,35,3710782.17,20515.0,observado,3992164.6,22064.0,observado,4160355.34,21164.0,observado,4325861.0,21936.0,observado,4706254.43,23875.0,observado,5208310.06,26212.0,observado,5231983.53,26434.0,observado,6222978.06,28209.0,observado,6357694.46,27515.0,observado,6703955.63,27533.0,observado,6587687.26,27079.0,observado,3302696.12,13372.0,provisorio,2015_2025,57208026.54,272536.0,0,209.90998084656707,4179083.508,21910.8,0,5220146.795,26323.0,0,6468078.852499999,27584.0,0,54.77266343489396,25.892254048231923,0,0.1521229619800301,0.1527898433885604,209.0,210.0,76509118.88055211,2790640.0,11,6955374.443686556,27.416334203104704,9766.075165553422,266427.0,10163.759679011513,25.916584697738983,observado,500288837
310560,BARBACENA,31,4275154.14,23445.0,observado,4290434.54,23330.0,observado,4917167.75,24906.0,observado,4988566.07,25309.0,observado,4781303.38,24320.0,observado,4999221.46,25361.0,observado,4924460.53,25089.0,observado,5256354.22,23919.0,observado,5977534.08,26139.0,observado,6343730.68,26212.0,observado,6410190.85,26386.0,observado,3096097.63,12445.0,provisorio,2015_2025,57164117.7,274416.0,0,208.31189762987583,4650525.176,24262.0,0,4961840.995,25225.0,0,5996952.4575,25664.0,0,28.952155521026256,5.778583793586689,0,0.1520062031403726,0.1538438138936331,210.0,207.0,77429908.12791215,1470509.0,11,7039082.557082922,52.65517458778705,18661.29347049219,129695.0,20344.654766953234,51.804890119091446,observado,232083531
350610,BEBEDOURO,35,3405577.05,18578.0,observado,3737816.23,20259.0,observado,4492597.2,22387.0,observado,4892458.3,23935.0,observado,5038693.02,25099.0,observado,5256223.51,26982.0,observado,5466460.11,28932.0,observado,6086051.65,28848.0,observado,5965277.82,27285.0,observado,6267673.08,27427.0,observado,6501537.05,28530.0,observado,3442963.0300000003,14455.0,provisorio,2015_2025,57110365.02,278262.0,0,205.23954050499168,4313428.36,22051.6,0,5361341.8100000005,27957.0,0,6205134.9,28022.5,0,43.85621788789833,27.07694679751129,0,0.1518632683567326,0.1559999684481595,211.0,200.0,76617131.11240666,853308.0,11,6965193.7374915145,89.78836611447058,32609.796228325526,78257.0,36456.8025863501,87.07949005877678,observado,500288837
412810,UMUARAMA,41,3590695.55,19751.0,observado,3816598.97,20938.0,observado,4497004.98,22911.0,observado,4873999.57,24772.0,observado,5224811.4,26565.0,observado,5005694.18,25688.0,observado,5215414.37,26841.0,observado,5745036.18,26450.0,observado,5967676.19,26275.0,observado,6193249.92,25976.0,observado,6760510.45,28390.0,observado,3674694.4,14957.0,provisorio,2015_2025,56890691.760000005,274557.0,0,207.20903768616355,4400622.094,22987.4,0,5110554.275,26264.5,0,6166618.185,26772.75,0,40.13060093044201,16.4670645658056,0,0.1512791309725206,0.1539228616815136,212.0,206.0,76423063.50905214,1257003.0,11,6947551.22809565,60.79783700520376,21842.191307419314,123059.0,23070.23460291405,57.58231716164263,observado,126416037
353800,PINDAMONHANGABA,35,4058238.82,22380.0,observado,4137958.02,22622.0,observado,4435355.39,22464.0,observado,4640176.9,23630.0,observado,4853537.55,24754.0,observado,4980132.61,25493.0,observado,4536891.54,23407.0,observado,5124153.78,23490.0,observado,6208081.14,26972.0,observado,6731882.57,27672.0,observado,6695203.0,27557.0,observado,3356173.76,13510.0,provisorio,2015_2025,56401611.32,270441.0,0,208.55421818437293,4425053.336000001,23170.0,0,4758512.075,24450.0,0,6189830.1225000005,26422.75,0,39.88148057205698,14.038627535606384,0,0.1499786077823477,0.1516153390225353,213.0,213.0,75906872.56677291,1842592.0,11,6900624.778797537,41.19570288309778,14677.204720307047,172681.0,15958.327783600977,40.63892627572877,observado,500288837
351050,CARAGUATATUBA,35,,,sem_registro,,,sem_registro,1284943.15,5762.0,observado,5284100.61,23835.0,observado,5350485.11,26843.0,observado,5781866.04,29391.0,observado,6121572.2,31302.0,observado,7231580.13,32835.0,observado,7811479.64,33817.0,observado,8947215.86,36647.0,observado,8494996.76,34921.0,observado,3589194.66,14464.0,provisorio,2015_2025,56308239.5,255353.0,2,220.5113685760496,3973176.290000001,18813.33333333333,2,5951719.12,30346.5,0,8121318.0975,34555.0,0,104.4036686199997,83.67292700212616,2,0.1497303209826984,0.1431566650967178,214.0,228.0,70602900.084457,1391063.0,11,6418445.462223363,50.75463877944924,18356.681185539404,142248.0,24549.378550137786,62.595062739545625,observado,500288837
520025,AGUAS LINDAS DE GOIAS,52,3231269.15,17985.0,observado,4153858.83,23128.0,observado,5436733.58,28024.0,observado,5208503.47,26800.0,observado,4870841.35,25050.0,observado,4385111.52,22710.0,observado,3801776.57,19643.0,observado,5618680.86,25922.0,observado,6245221.46,27517.0,observado,6270435.54,26099.0,observado,7059905.11,29193.0,observado,2802167.1900000004,11292.0,provisorio,2015_2025,56282337.44,272071.0,0,206.8663600310213,4580241.276000001,24197.4,0,4093444.045,21176.5,0,6298560.7425,27182.75,0,37.515915930102175,12.337482539446375,0,0.1496614443175362,0.1525291538753377,215.0,211.0,75635607.5448656,2379131.0,11,6875964.322260508,31.79127485828464,11435.730104815582,245352.0,11898.415337963415,30.16006629456754,observado,77377189
330220,ITAPERUNA,33,4416830.42,24233.0,observado,4715336.08,25786.0,observado,4878540.41,24840.0,observado,4858761.14,24798.0,observado,4709389.5,23990.0,observado,4176051.37,21255.0,observado,4543983.77,23190.0,observado,6186677.63,28229.0,observado,5724324.65,24815.0,observado,5998345.94,24555.0,observado,5750656.26,23584.0,observado,2826099.67,11354.0,provisorio,2015_2025,55958897.17,269275.0,0,207.8131916070931,4715771.51,24729.4,0,4360017.57,22222.5,0,5915001.120000001,25295.75,0,25.430189046627525,2.2901890057987595,0,0.1488013780843195,0.1509616530603466,216.0,215.0,76096327.59755026,1132207.0,11,6917847.9634136595,67.21061395800437,23783.19512244669,107297.0,21980.111279905308,56.176264884125914,observado,186284798
410480,CASCAVEL,41,4614388.95,25677.0,observado,4663566.32,25369.0,observado,5015884.47,25176.0,observado,5446146.11,27227.0,observado,5831830.08,29207.0,observado,5709231.6,28795.0,observado,5600158.47,28424.0,observado,6586328.88,29907.0,observado,6716007.03,29096.0,observado,4841528.53,19731.0,observado,77305.22,178.0,observado,75022.14,176.0,provisorio,2015_2025,55102375.66,268787.0,0,205.00387169022312,5114363.186,26531.2,0,5654695.035,28609.5,0,4555292.415,19728.0,0,-10.93138579853683,-25.642262694488004,0,0.1465237852886704,0.1506880692271149,217.0,216.0,77087912.47220515,3706285.0,11,7007992.042927741,20.799240336942557,7252.1945829853885,368195.0,48.343948179633074,0.220066514158388,observado,126416037
170210,ARAGUAINA,17,3629858.85,19987.0,observado,3494422.2,19146.0,observado,3722148.75,18897.0,observado,3908224.58,19827.0,observado,4112098.36,20884.0,observado,4319419.65,21977.0,observado,4294032.32,21727.0,observado,4943720.4,22323.0,observado,5499766.83,23761.0,observado,6947720.53,28450.0,observado,10150291.08,41696.0,observado,5138843.07,20663.0,provisorio,2015_2025,55021703.55,258675.0,0,212.7059188170484,3773350.548,19748.2,0,4306725.985,21852.0,0,6885374.710000001,29057.5,0,82.4737623078639,47.13999250564609,0,0.1463092685317639,0.1450190534040856,218.0,222.0,72337193.65563007,1959009.0,11,6576108.514148188,36.92540139204571,13204.38037803808,183024.0,22781.711688084622,58.12908468429291,observado,17143550
352530,JAU,35,3278466.22,18186.0,observado,3555209.6,19679.0,observado,3923114.55,20004.0,observado,4078634.9,20836.0,observado,4579626.0,23305.0,observado,4982070.45,25350.0,observado,5092136.25,25683.0,observado,5413570.09,24334.0,observado,6045439.1,25960.0,observado,6818784.92,27802.0,observado,7184767.94,29492.0,observado,3124806.58,12618.0,provisorio,2015_2025,54951820.02,260631.0,0,210.84145792327084,3883010.2540000007,20402.0,0,5037103.35,25516.5,0,6365640.5125,26897.0,0,63.935712143499245,31.835114204489745,0,0.1461234398951165,0.1461156312274485,219.0,220.0,73006972.11821382,1582251.0,11,6636997.465292165,46.1412077592075,16472.16528856673,137409.0,21462.931831248316,54.8050523455683,observado,500288837
431350,OSORIO,43,4287405.96,22804.0,observado,4369962.66,22970.0,observado,4501664.24,22415.0,observado,4436008.73,21996.0,observado,4560642.56,22453.0,observado,4632262.95,22818.0,observado,4722752.11,23602.0,observado,5614546.43,25192.0,observado,5699993.47,24326.0,observado,5971887.45,23989.0,observado,5956393.74,24089.0,observado,2991534.02,11897.0,provisorio,2015_2025,54753520.3,256654.0,0,213.33593203300944,4431136.83,22527.6,0,4677507.53,23210.0,0,5810705.272499999,24399.0,0,31.13351032538525,8.307143237628512,0,0.1455961373015701,0.1438860351111324,220.0,226.0,74200416.75708358,510815.0,11,6745492.432462144,145.25888385635423,50244.02180828675,48999.0,49162.22780056736,127.41460499679384,observado,123854933
420240,BLUMENAU,42,3360338.28,18343.0,observado,3638734.58,19843.0,observado,3789721.57,19232.0,observado,3911911.09,19718.0,observado,3969776.86,20115.0,observado,4489598.94,22957.0,observado,4627702.96,23520.0,observado,5305349.88,24655.0,observado,6164931.28,27302.0,observado,7486286.45,31409.0,observado,7562422.33,31531.0,observado,3958636.18,16056.0,provisorio,2015_2025,54306774.22,258625.0,0,209.982693939101,3734096.476,19450.2,0,4558650.95,23238.5,0,6629747.484999999,28724.25,0,77.54622912426325,47.68100070950428,0,0.1444081862210508,0.1449910222736315,221.0,223.0,71756838.21991502,3967255.0,11,6523348.929083183,18.087276522410335,6518.991090817202,385558.0,8178.0173151639965,20.558633239509998,observado,81248649
431560,RIO GRANDE,43,4331997.5,23634.0,observado,4281980.93,23037.0,observado,4206756.08,21203.0,observado,4097537.14,20606.0,observado,4603155.13,22846.0,observado,4857605.24,24087.0,observado,4956261.21,24997.0,observado,5686630.16,26146.0,observado,5685310.28,24571.0,observado,5911281.02,23939.0,observado,5573911.5,22608.0,observado,2782240.49,11098.0,provisorio,2015_2025,54192426.19,257674.0,0,210.31390900905797,4304285.356,22265.2,0,4906933.225,24542.0,0,5714283.24,24316.0,0,32.75800202313539,9.210786339219943,0,0.1441041211785691,0.1444578701723953,222.0,225.0,73446730.20297207,2256925.0,11,6676975.4729974605,32.542831597404465,11417.038669871617,198935.0,11364.516047955363,29.36783294649047,observado,123854933
420930,LAGES,42,2856958.82,15614.0,observado,3152366.89,17014.0,observado,3738504.56,18822.0,observado,3563311.52,18000.0,observado,4292939.93,21835.0,observado,4681359.39,23844.0,observado,4670851.07,23908.0,observado,5724992.99,26111.0,observado,6758377.79,29171.0,observado,7441697.05,30471.0,observado,7236760.59,29512.0,observado,3598945.1,14397.0,provisorio,2015_2025,54118120.6,254302.0,0,212.8104403425848,3520816.344,18257.0,0,4676105.23,23876.0,0,6790457.105,28816.25,0,92.86598452009464,57.8367201621296,0,0.1439065337572556,0.1425674507345734,223.0,229.0,71056647.95203419,1782964.0,11,6459695.268366745,39.85310300826836,14262.879115899144,172458.0,17112.572336452933,43.98290298290382,observado,81248649
330227,JAPERI,33,3686683.65,20074.0,observado,4900538.21,26326.0,observado,5417714.17,27269.0,observado,4784968.85,24307.0,observado,3964283.34,19999.0,observado,3884644.36,19614.0,observado,4166915.23,21227.0,observado,4254866.81,19784.0,observado,6353443.78,28458.0,observado,6743069.02,28449.0,observado,5926642.19,25457.0,observado,2811033.07,12179.0,provisorio,2015_2025,54083769.61,260964.0,0,207.24609375239496,4550837.643999999,23595.0,0,4025779.795,20420.5,0,5819505.45,25537.0,0,27.877676710191167,8.230557321466403,0,0.1438151903800794,0.1463023185562725,224.0,219.0,73243582.32846521,1122019.0,11,6658507.484405928,65.27837971412713,23258.4296700858,102171.0,24916.0720752464,60.800072157629344,observado,186284798
431750,SANTO ANGELO,43,4388078.3,24266.0,observado,4190508.01,23075.0,observado,4304433.4,22006.0,observado,4707231.77,23905.0,observado,5310161.84,27258.0,observado,5044737.32,26056.0,observado,4617967.57,24019.0,observado,4919139.97,23188.0,observado,5305091.15,23551.0,observado,5690700.5,23696.0,observado,5494847.39,22836.0,observado,2614791.1,10647.0,provisorio,2015_2025,53972897.21999999,263856.0,0,204.5543676096052,4580082.663999999,24102.0,0,4831352.445,25037.5,0,5352444.7525,23317.75,0,16.86349669124665,-3.253879346112354,0,0.1435203674786669,0.1479236391417354,225.0,217.0,73654375.38927238,860651.0,11,6695852.30811567,85.5798405965628,30657.723049180215,79146.0,28853.005837313318,72.76955093383016,observado,123854933
330020,ARARUAMA,33,3605943.87,19723.0,observado,3700343.49,19988.0,observado,3968072.36,20047.0,observado,4320316.37,21837.0,observado,4914200.33,24700.0,observado,5411786.63,27268.0,observado,5248299.24,26488.0,observado,5492931.03,24794.0,observado,5573793.21,23986.0,observado,5497608.66,22312.0,observado,6050830.34,24452.0,observado,3024452.76,12071.0,provisorio,2015_2025,53784125.53,255595.0,0,210.42714266711008,4101775.284000001,21259.0,0,5330042.9350000005,26878.0,0,5653790.8100000005,23886.0,0,37.83765366313519,12.35711933769228,0,0.1430184010526673,0.1432923357681154,226.0,227.0,72482252.27081203,1446799.0,11,6589295.660982912,50.09835662784674,17666.24112955566,137906.0,17730.91816164634,45.98909300166282,observado,186284798
261110,PETROLINA,26,4958159.29,27488.0,observado,4762321.6,26358.0,observado,4924532.88,25260.0,observado,4871791.02,24961.0,observado,4866565.97,24881.0,observado,4821432.44,24727.0,observado,4630365.95,23685.0,observado,4898950.83,22442.0,observado,4777862.03,20775.0,observado,5090755.8,20922.0,observado,5115276.57,21010.0,observado,2500318.03,9985.0,provisorio,2015_2025,53718014.38,262509.0,0,204.63303879105095,4876674.152,25789.6,0,4725899.195,24206.0,0,4970711.3075,21287.25,0,1.92830508188524,-17.45800632813227,0,0.1428426036241216,0.147168480487303,227.0,218.0,74188899.02308708,4039074.0,11,6744445.365735189,18.367798912098934,6499.237201398142,418444.0,5020.982497060539,12.813117399665717,observado,104029144
330340,NOVA FRIBURGO,33,4013926.33,22186.0,observado,3989917.95,21908.0,observado,4541917.37,23122.0,observado,4623880.05,23537.0,observado,4672998.02,23743.0,observado,4645001.44,23684.0,observado,4481072.75,23026.0,observado,5213715.16,23953.0,observado,5542695.08,24277.0,observado,5878836.46,24403.0,observado,5946584.47,24713.0,observado,3043584.44,12397.0,provisorio,2015_2025,53550545.08,258552.0,0,207.11711794919395,4368527.944,22899.2,0,4563037.095000001,23355.0,0,5645457.7925,24336.5,0,29.23020900561737,6.276638485187247,0,0.1423972827924563,0.1449500968231686,228.0,224.0,72534569.24600981,2112010.0,11,6594051.749637255,34.34385691640182,12241.987490589532,203417.0,12148.935438041068,30.641031248871357,observado,186284798
316990,UBA,31,4409866.14,24416.0,observado,4332724.74,23977.0,observado,4621620.6,23647.0,observado,4746475.47,24358.0,observado,4586407.03,23565.0,observado,4412506.34,22695.0,observado,4732819.93,24359.0,observado,4964672.97,22790.0,observado,5191217.62,22779.0,observado,5375963.64,22356.0,observado,5862090.61,24511.0,observado,2820730.87,11495.0,provisorio,2015_2025,53236365.09,259453.0,0,205.18693208403832,4539418.796,23992.6,0,4572663.135,23527.0,0,5348486.21,23109.0,0,17.823149842727126,-3.6828021973441705,0,0.1415618407476195,0.1454552177939508,229.0,221.0,72637442.96509908,1224393.0,11,6603403.905918098,59.32526808393962,21190.336762787763,107423.0,22817.273768187446,57.19766248789823,observado,232083531
412550,SAO JOSE DOS PINHAIS,41,2841691.17,15545.0,observado,3225299.25,17612.0,observado,3751132.84,19099.0,observado,4568035.79,23244.0,observado,5043155.78,25680.0,observado,5023360.27,25842.0,observado,4545297.3,23853.0,observado,5482018.26,25109.0,observado,5863332.3,25682.0,observado,6062887.21,24935.0,observado,6774229.57,24265.0,observado,3348168.0200000005,11567.0,provisorio,2015_2025,53180439.74,250866.0,0,211.9874344869372,3885862.966000001,20236.0,0,4784328.785,24847.5,0,6045616.835,24997.75,0,55.57977437436992,23.531083218027284,0,0.1414131285754592,0.1406411514497703,230.0,233.0,70798253.16135313,3575371.0,11,6436204.832850284,19.801652237307156,7016.50262308443,349880.0,6935.234937692923,20.293820880605534,observado,126416037
510795,TANGARA DA SERRA,51,3677271.03,19944.0,observado,3940954.98,21194.0,observado,4727860.16,23725.0,observado,4936340.98,24895.0,observado,4617910.52,23407.0,observado,4762066.07,24256.0,observado,4640822.43,23720.0,observado,5391257.18,24531.0,observado,5386291.47,23427.0,observado,5551073.94,22717.0,observado,5512782.9,22486.0,observado,2934259.71,11698.0,provisorio,2015_2025,53144631.65999999,254302.0,0,208.9823582197544,4380067.534,22633.0,0,4701444.25,23988.0,0,5460351.3725000005,23290.25,0,24.66363429591816,2.903945566208632,0,0.1413179106222825,0.1425674507345734,231.0,230.0,72139708.51612373,1151937.0,11,6558155.319647611,62.62469954183582,22076.033671980324,114603.0,19620.77781558947,50.41943025352779,observado,39070198
330430,RIO BONITO,33,3753142.57,20473.0,observado,3535922.56,19104.0,observado,4196273.72,21013.0,observado,4118800.24,20708.0,observado,4352159.84,22024.0,observado,4529539.54,22995.0,observado,4675504.04,23859.0,observado,5258174.49,23920.0,observado,5662632.47,24528.0,observado,6138174.09,24999.0,observado,6641471.08,27055.0,observado,3463930.8200000003,13773.0,provisorio,2015_2025,52861794.64,250678.0,0,210.8752847876559,3991259.786,20664.4,0,4602521.79,23427.0,0,5925113.032500001,25125.5,0,48.45220181566003,21.58833549486072,0,0.1405658132708746,0.140535754399263,232.0,234.0,70840940.46273571,647560.0,11,6440085.496612337,109.39672070964191,38711.16190005559,59126.0,45758.21127761053,117.73587540521505,observado,186284798
311830,CONSELHEIRO LAFAIETE,31,4300021.4,23643.0,observado,3681676.58,19978.0,observado,4110191.23,20822.0,observado,4602164.34,23476.0,observado,4806391.11,24531.0,observado,4770606.85,24469.0,observado,4455524.99,22926.0,observado,4689739.01,21409.0,observado,5313472.69,23121.0,observado,5975975.33,24538.0,observado,6006683.54,24711.0,observado,3124854.22,12692.0,provisorio,2015_2025,52712447.07,253624.0,0,207.8369833690818,4300088.932,22490.0,0,4613065.92,23697.5,0,5496467.6425,23444.75,0,27.822185294748223,4.245220097821245,0,0.1401686802794571,0.1421873486056163,233.0,231.0,71442603.37719753,1438838.0,11,6494782.125199776,49.65298621331765,17627.001788943577,138946.0,17784.606969614095,45.31184369871398,observado,232083531
314000,MARIANA,31,2641383.61,14675.0,observado,2792912.41,15512.0,observado,2974915.88,15205.0,observado,3687939.72,18856.0,observado,4288372.55,21936.0,observado,4436843.93,22929.0,observado,4894656.98,25337.0,observado,6112099.56,28008.0,observado,6722288.09,29323.0,observado,7263246.48,30104.0,observado,6767183.75,28082.0,observado,3396284.73,13735.0,provisorio,2015_2025,52581842.96000001,249967.0,0,210.35513871831083,3277104.834,17236.8,0,4665750.455,24133.0,0,6716204.47,28879.25,0,104.9432291673828,67.54414972616726,0,0.13982138838247,0.1401371517242063,234.0,235.0,68746057.45510207,674645.0,11,6249641.586827461,101.89960268749056,37051.63456336295,64506.0,43533.93482776796,109.95902676363329,observado,232083531
291920,LAURO DE FREITAS,29,3274821.43,18215.0,observado,3214383.8,17767.0,observado,3219224.41,16427.0,observado,4674407.35,23858.0,observado,4526353.6,23261.0,observado,4831266.5,25360.0,observado,4537250.81,23642.0,observado,5698884.07,26956.0,observado,5871158.5,25774.0,observado,6314703.5,26034.0,observado,6305182.76,25880.0,observado,3205222.39,12831.0,provisorio,2015_2025,52467636.73,253174.0,0,207.23943505257253,3781838.118,19905.6,0,4684258.654999999,24501.0,0,6047482.2075,26161.0,0,59.90854232275207,31.42532754601721,0,0.1395177004030914,0.1419350684315298,235.0,232.0,69884680.94615878,2234925.0,11,6353152.813287162,31.26936292992328,11328.07588621542,219564.0,11786.996046710754,30.09952040369946,observado,163780358
110002,ARIQUEMES,11,84402.44,419.0,observado,2728316.88,13829.0,observado,3960780.11,19034.0,observado,5040037.08,24391.0,observado,5165306.87,26500.0,observado,5032372.74,26247.0,observado,5041078.4,25874.0,observado,6177838.41,28278.0,observado,5954406.05,26069.0,observado,6291266.28,25589.0,observado,6859223.38,27938.0,observado,3666830.23,14054.0,provisorio,2015_2025,52335028.64,244168.0,0,214.34024376658692,3395768.676,16834.6,0,5036725.57,26060.5,0,6320683.53,26968.5,0,86.13410196849347,60.1968564741663,0,0.1391650796844024,0.1368861012141443,236.0,240.0,68265229.47876407,1169455.0,11,6205929.952614916,58.373541075769545,20878.785417138755,109170.0,25591.27965558304,65.85589656426104,observado,19248748
310400,ARAXA,31,3467988.89,19029.0,observado,3697348.92,20303.0,observado,4073365.91,20598.0,observado,4293931.28,21701.0,observado,4649348.09,23477.0,observado,4868678.94,24715.0,observado,4738269.39,24240.0,observado,5150095.91,23465.0,observado,5376342.01,23433.0,observado,5991138.68,24630.0,observado,5863229.06,24064.0,observado,2410838.33,9631.0,provisorio,2015_2025,52169737.08,249655.0,0,208.96732322605197,4036396.618,21021.6,0,4803474.165,24477.5,0,5595201.415,23898.0,0,38.61872220506355,13.6830688434753,0,0.1387255497229918,0.1399622374701729,237.0,236.0,70235480.54030184,1199659.0,11,6385043.685481986,58.54620399655389,20810.496982892637,118786.0,20258.279595238495,51.7362127075865,observado,232083531
521190,JATAI,52,3284110.41,17936.0,observado,3500322.15,18965.0,observado,4122116.91,20781.0,observado,4320034.27,21850.0,observado,4290648.36,21852.0,observado,4743555.11,24407.0,observado,4390561.01,22649.0,observado,5174072.06,23595.0,observado,5662302.17,24521.0,observado,6403757.58,26308.0,observado,5602004.72,22997.0,observado,2434393.62,9757.0,provisorio,2015_2025,51493484.75,245861.0,0,209.4414516739133,3903446.42,20276.8,0,4567058.0600000005,23528.0,0,5710534.1325,24355.25,0,46.29467188895089,20.11387398406061,0,0.1369273141657214,0.1378352352913188,238.0,237.0,69080715.24201018,1132853.0,11,6280065.022000925,60.97941678400479,21702.81581105404,111634.0,20600.354730637617,52.598094917992285,observado,77377189
421480,RIO DO SUL,42,3195585.71,17364.0,observado,3447144.86,18573.0,observado,4102225.36,20619.0,observado,4194888.39,21191.0,observado,4177419.91,21101.0,observado,4515355.98,22954.0,observado,4720446.11,24256.0,observado,5254109.61,24141.0,observado,5683205.52,24812.0,observado,5940091.13,24701.0,observado,6024954.75,25185.0,observado,2901571.87,11788.0,provisorio,2015_2025,51255427.330000006,244897.0,0,209.2938146649408,3823452.846,19769.6,0,4617901.045,23605.0,0,5725590.2525,24709.75,0,49.74920531555576,24.988618889608304,0,0.136294291108609,0.1372947950961645,239.0,238.0,68610362.51448849,791632.0,11,6237305.683135317,86.66951628343534,30935.7125533076,77451.0,32517.333539915562,81.53607294059337,observado,81248649
280290,ITABAIANA,28,2598123.08,14538.0,observado,3446330.05,19135.0,observado,3959227.0,20356.0,observado,4001719.38,20574.0,observado,4085970.15,21022.0,observado,4000372.53,20626.0,observado,3917648.44,20249.0,observado,4862025.06,22325.0,observado,5423278.83,23967.0,observado,6488021.01,26938.0,observado,7160870.85,29664.0,observado,3743081.72,15162.0,provisorio,2015_2025,49943586.38,239394.0,0,208.62505484682157,3618273.931999999,19125.0,0,3959010.485,20437.5,0,5983548.9375,25723.5,0,65.37025802777173,34.50196078431374,0,0.132805949646224,0.1342096888783905,240.0,243.0,66131743.075789124,1093258.0,11,6011976.643253556,60.49051831844736,21897.301460405502,109250.0,27152.402745995423,68.7016908596112,observado,25081519
260960,OLINDA,26,4856551.84,26664.0,observado,4254593.85,23382.0,observado,4622597.55,23496.0,observado,4507768.72,23002.0,observado,4782771.0,24517.0,observado,4959563.96,25676.0,observado,4521144.62,23349.0,observado,4139521.09,19018.0,observado,3559282.81,15555.0,observado,4113331.39,16865.0,observado,5598918.84,22759.0,observado,3371836.5,13436.0,provisorio,2015_2025,49916045.67,244283.0,0,204.3369602878629,4604856.591999999,24212.2,0,4740354.29,24512.5,0,4352763.532500001,18549.25,0,-5.474504025553351,-23.38882877227183,0,0.1327327156153787,0.1369505728141886,241.0,239.0,69197348.43073604,4179276.0,11,6290668.039157822,16.55725738877644,5845.10331454539,364717.0,6240.1807428773545,16.09056135577287,observado,104029144
521800,PORANGATU,52,3795148.9,21090.0,observado,4365444.8,23952.0,observado,4548157.32,23011.0,observado,4539637.7,22994.0,observado,4736106.03,23978.0,observado,4782293.09,24650.0,observado,4298684.29,21978.0,observado,4107997.07,18726.0,observado,4658951.64,20256.0,observado,5010436.41,20512.0,observado,5010994.88,20524.0,observado,2573367.59,10301.0,provisorio,2015_2025,49853852.13,241671.0,0,206.28810295815387,4396898.95,23005.0,0,4540488.69,23314.0,0,4697095.0,20004.5,0,6.827449377702877,-13.042816778961097,0,0.1325673355788167,0.1354862265592684,242.0,241.0,68408879.49074842,497286.0,11,6218989.044613493,137.5644588642118,48597.98988911813,45512.0,45095.79891017754,115.40405489875995,observado,77377189
314810,PATROCINIO,31,3177971.43,17525.0,observado,3630122.9,20028.0,observado,4099599.22,21009.0,observado,4091221.54,20904.0,observado,4191819.78,21361.0,observado,4240092.23,21614.0,observado,4071627.5,20776.0,observado,4574130.08,20897.0,observado,5140328.01,22482.0,observado,5987562.55,24864.0,observado,6415513.27,26600.0,observado,2754965.28,11171.0,provisorio,2015_2025,49619988.50999999,238060.0,0,208.43480009241364,3838146.974,20165.4,0,4155859.865,21195.0,0,5529383.4775,23710.75,0,44.063880694423865,17.58135221716404,0,0.1319454643358208,0.1334618183178762,243.0,244.0,66514502.69948804,1002179.0,11,6046772.972680731,66.3698827250302,23754.23951210313,94357.0,28190.80725330394,71.2656603460774,observado,232083531
430920,GRAVATAI,43,3677685.28,19806.0,observado,3888340.27,20490.0,observado,4097828.35,20430.0,observado,4081466.77,20373.0,observado,4211867.95,20973.0,observado,4317188.8,21771.0,observado,4189040.15,21260.0,observado,4978710.45,22593.0,observado,5063834.51,21878.0,observado,5489627.15,22136.0,observado,5592557.95,22288.0,observado,2973708.62,11713.0,provisorio,2015_2025,49588147.63,233998.0,0,211.9169720681373,3991437.724,20414.4,0,4253114.475,21515.5,0,5281182.515000001,22223.75,0,32.31278752628235,8.863106434673561,0,0.1318607956403492,0.1311845692797882,244.0,248.0,67086496.64310892,3037180.0,11,6098772.422100811,22.088416439957104,7704.449522254196,275430.0,8092.074211233344,21.282482320033306,observado,123854933
410140,APUCARANA,41,3042730.17,16819.0,observado,3222123.01,17604.0,observado,3922568.21,19896.0,observado,4319296.44,21958.0,observado,4533142.96,23142.0,observado,4362740.79,22341.0,observado,4359824.62,22490.0,observado,5046392.34,22948.0,observado,4973824.07,21771.0,observado,5579882.1,23003.0,observado,6068397.41,24989.0,observado,3158427.74,12751.0,provisorio,2015_2025,49430922.120000005,236961.0,0,208.6036188233507,3807972.1580000008,19883.8,0,4361282.705,22415.5,0,5417123.98,23177.75,0,42.25744714596726,16.565998451000308,0,0.1314427142673918,0.1328456940704959,245.0,246.0,66293495.771802634,1468640.0,11,6026681.433800239,45.1393777724988,16134.723281403205,134910.0,18522.71884960344,47.146873964868654,observado,126416037
311120,CAMPO BELO,31,3430483.35,18710.0,observado,3872650.0,21046.0,observado,4493506.0,22789.0,observado,4587754.06,23182.0,observado,4881018.68,24734.0,observado,5153978.82,26190.0,observado,4979055.48,25530.0,observado,5518333.84,25246.0,observado,4667587.23,20331.0,observado,3986917.75,16367.0,observado,3802045.81,15725.0,observado,2037980.9,8167.0,provisorio,2015_2025,49373331.02,239850.0,0,205.8508693766937,4253082.418,22092.2,0,5066517.15,25860.0,0,4493721.1575,19417.25,0,5.657984394601967,-12.108119607825383,0,0.1312895726674179,0.1344653327881315,246.0,242.0,67889249.96941607,592575.0,11,6171749.997219643,114.56651051667058,40475.889127958486,54027.0,29105.817461639548,73.76146315563685,observado,232083531
313840,LEOPOLDINA,31,2462536.78,13714.0,observado,3012080.38,16696.0,observado,3865031.55,19802.0,observado,4514205.21,23056.0,observado,4851422.7,24793.0,observado,5038818.07,25966.0,observado,4704663.41,24300.0,observado,5113170.82,23509.0,observado,5253551.78,23053.0,observado,5108910.4,21120.0,observado,5176982.77,21379.0,observado,2831340.69,11369.0,provisorio,2015_2025,49101373.870000005,237388.0,0,206.8401682898883,3741055.324,19612.2,0,4871740.74,25133.0,0,5163153.942500001,22265.25,0,38.01330093615052,13.527549178572508,0,0.1305664061872611,0.1330850799245736,247.0,245.0,65956645.32158288,578695.0,11,5996058.665598444,113.97479729664657,41021.26335980093,52739.0,40537.36324162385,102.88874248510011,observado,232083531
317130,VICOSA,31,2849150.54,15741.0,observado,3091937.95,17057.0,observado,3517911.68,17924.0,observado,3679914.04,18776.0,observado,4046362.31,20621.0,observado,4414367.16,22514.0,observado,4539434.82,23300.0,observado,5135326.72,23384.0,observado,5669654.06,24612.0,observado,6000072.02,24662.0,observado,5833083.3,24026.0,observado,3040216.18,12167.0,provisorio,2015_2025,48777214.6,232617.0,0,209.68895050662675,3437055.304,18023.8,0,4476900.99,22907.0,0,5659534.024999999,24171.0,0,64.66229153815209,34.10601537966467,0,0.1297044280473369,0.1304103494566471,248.0,249.0,64841943.956460126,862973.0,11,5894722.177860011,75.13785941907814,26955.304511265127,79517.0,30214.92259516833,76.88847056653921,observado,232083531
351870,GUARUJA,35,3771464.45,20595.0,observado,4155060.24,22098.0,observado,4231272.69,20871.0,observado,4323896.15,21684.0,observado,4282639.67,21682.0,observado,4213203.03,21287.0,observado,3913525.35,19823.0,observado,4350170.58,19655.0,observado,4746884.35,20288.0,observado,5295463.99,21564.0,observado,5381974.38,21941.0,observado,2847128.5,11387.0,provisorio,2015_2025,48665554.88,231488.0,0,210.22927702515895,4152866.6400000006,21386.0,0,4063364.19,20555.0,0,4943623.325,20862.0,0,19.04122509939301,-2.4502010661180185,0,0.1294075115416017,0.1297774065309944,249.0,252.0,66308646.73063001,3395265.0,11,6028058.7936936375,19.529741192699248,6817.965607986416,294871.0,7440.880927592066,19.130776319074723,observado,500288837
230210,BATURITE,23,2567010.41,14278.0,observado,2705567.8,15006.0,observado,3292992.16,16755.0,observado,3981717.26,20283.0,observado,4418435.77,22458.0,observado,4619385.69,23609.0,observado,4470401.05,22860.0,observado,4813122.66,21928.0,observado,5405353.02,23556.0,observado,6150631.27,25347.0,observado,6209648.62,25768.0,observado,3438660.8600000003,13811.0,provisorio,2015_2025,48634265.71,231848.0,0,209.767889781236,3393144.68,17756.0,0,4544893.37,23234.5,0,5644688.8925,24149.75,0,66.35567960809736,36.00895471953143,0,0.129324309908786,0.1299792306702636,250.0,251.0,64431345.96728011,394277.0,11,5857395.0879345555,163.41644571527152,58803.32862429206,37147.0,69367.64745470697,175.212993867574,observado,99832842
270630,PALMEIRA DOS INDIOS,27,3818683.76,21425.0,observado,3864983.32,21607.0,observado,4183916.06,21566.0,observado,4115756.88,21168.0,observado,4223713.41,21747.0,observado,4223075.9,21764.0,observado,4136935.97,21260.0,observado,4606630.94,21090.0,observado,4880970.75,21312.0,observado,5268693.84,21665.0,observado,5144690.59,21126.0,observado,2494037.73,10085.0,provisorio,2015_2025,48468051.42,235730.0,0,205.6083291053324,4041410.686,21502.6,0,4180005.935000001,21512.0,0,4975246.53,21298.25,0,23.106680230122013,-0.950350190209548,0,0.1288823262983126,0.1321555676387169,251.0,247.0,65932135.6321502,806607.0,11,5993830.512013655,81.74009850168694,29224.88894839742,73621.0,28695.616739788922,73.24543775919255,observado,36194945
110004,CACOAL,11,2847044.49,15884.0,observado,3369161.75,18741.0,observado,4165311.33,21310.0,observado,4109588.71,21197.0,observado,3987743.37,20505.0,observado,3985688.66,20469.0,observado,3898381.14,19989.0,observado,4629733.34,21199.0,observado,5323857.6,23266.0,observado,5844957.99,24260.0,observado,5853214.89,24300.0,observado,3151086.77,12778.0,provisorio,2015_2025,48014683.27,231120.0,0,207.7478507701627,3695769.9300000006,19527.4,0,3942034.9,20229.0,0,5412940.955,23256.25,0,46.46314726090104,19.095476100248867,0,0.1276767663442878,0.1295710974108525,252.0,253.0,64275058.12966088,981000.0,11,5843187.102696444,65.51993693135665,23559.633027522937,98280.0,24725.274725274725,62.424108875295126,observado,19248748
270860,SAO MIGUEL DOS CAMPOS,27,2529015.3,13968.0,observado,2728415.5,14939.0,observado,2932073.28,14865.0,observado,3033764.67,15362.0,observado,3139008.03,15971.0,observado,3420120.96,17449.0,observado,4127808.59,20745.0,observado,5365680.57,24403.0,observado,5939960.04,25727.0,observado,7461161.28,30482.0,observado,7294026.82,29862.0,observado,3811310.22,15199.0,provisorio,2015_2025,47971035.04,223773.0,0,214.37365115541195,2872455.356,15021.0,0,3773964.775,19097.0,0,6515207.1775,27618.5,0,126.81665578860964,83.86592104387192,0,0.127560700497686,0.1254522031019327,253.0,257.0,62212232.66354943,641168.0,11,5655657.51486813,97.02953463608513,34900.83722206973,53380.0,55942.300487073815,143.222686871121,observado,36194945
520510,CATALAO,52,3425779.16,19042.0,observado,3315570.78,18462.0,observado,3948874.98,20302.0,observado,3913283.85,20070.0,observado,4124967.82,21172.0,observado,4129525.83,21310.0,observado,3741199.19,19343.0,observado,4466337.67,20417.0,observado,4969760.61,21728.0,observado,5706754.44,23444.0,observado,5791537.53,23706.0,observado,2841981.05,11400.0,provisorio,2015_2025,47533591.86,228996.0,0,207.5738958759105,3745695.318,19809.6,0,3935362.51,20326.5,0,5233597.562500001,22323.75,0,39.722991812758025,12.691573782408527,0,0.1263974869372071,0.1283803349891639,254.0,254.0,63954244.50844397,1216776.0,11,5814022.228040361,52.5604092359185,18819.89782835953,122760.0,19310.8504398827,49.44928605527548,observado,77377189
310740,BOM DESPACHO,31,3118689.33,17310.0,observado,3373574.46,18621.0,observado,3910684.1,20048.0,observado,3930576.23,20154.0,observado,4022297.06,20572.0,observado,4147840.18,21309.0,observado,4159238.51,21738.0,observado,4687708.98,21379.0,observado,4794297.0,20946.0,observado,5443375.57,22473.0,observado,5839813.99,24119.0,observado,2628313.08,10660.0,provisorio,2015_2025,47428095.41,228669.0,0,207.40937953985892,3671164.236,19341.0,0,4153539.345,21523.5,0,5191298.885,22229.25,0,41.40742694356536,14.933302311152463,0,0.1261169593010867,0.1281970113959944,255.0,255.0,63719161.09621612,565126.0,11,5792651.00874692,112.75213155334583,40463.3656918988,54377.0,44355.150155396586,112.56588778586179,observado,232083531
412770,TOLEDO,41,2839370.75,15728.0,observado,2967002.62,16419.0,observado,3397825.88,17474.0,observado,3593485.9,18443.0,observado,3913045.64,20017.0,observado,4168759.17,21355.0,observado,4332429.33,22174.0,observado,4817099.54,21972.0,observado,5207748.57,22583.0,observado,5709892.09,23434.0,observado,6479377.7,23117.0,observado,3229031.88,11137.0,provisorio,2015_2025,47426037.19,222716.0,0,212.9440057741698,3342146.1580000003,17616.2,0,4250594.25,21764.5,0,5553529.475,22776.5,0,66.16656520860627,29.29292355899682,0,0.1261114862487592,0.1248596250041339,256.0,259.0,62927678.6859807,1592174.0,11,5720698.062361882,39.523116622919794,13988.169634725853,160701.0,14385.100279400875,42.260803309618325,observado,126416037
430310,CACHOEIRINHA,43,3844746.2,20689.0,observado,3881614.93,20294.0,observado,3894036.26,18832.0,observado,3739745.54,18188.0,observado,4427911.48,21644.0,observado,4573085.46,23001.0,observado,4596184.21,22811.0,observado,4650309.56,20828.0,observado,4383247.15,18756.0,observado,4644578.94,18800.0,observado,4751994.54,19182.0,observado,2370994.25,9314.0,provisorio,2015_2025,47387454.27,223025.0,0,212.47597475619324,3957610.882,19929.4,0,4584634.835,22906.0,0,4607532.5475,19391.5,0,16.422070912933172,-2.6990275673126174,0,0.1260088896652512,0.1250328573903399,257.0,258.0,64758131.24389367,1460765.0,11,5887102.8403539695,44.331655840531276,15267.685082816195,141503.0,13555.896341420323,35.19924238604849,observado,123854933
412240,ROLANDIA,41,,,sem_registro,,,sem_registro,820019.0,3762.0,observado,3265213.06,15275.0,observado,2996000.43,15462.0,observado,3075002.61,15922.0,observado,3770974.74,19425.0,observado,6075426.86,27709.0,observado,7662244.08,33221.0,observado,8848288.46,36488.0,observado,10866684.97,39107.0,observado,5696657.98,19788.0,provisorio,2015_2025,47379854.21,206371.0,2,229.58581491585545,2360410.83,11499.666666666666,2,3422988.675,17673.5,0,8363161.092500001,34131.25,0,254.309554345673,196.8020812197455,2,0.1259886801997558,0.1156962484587012,258.0,280.0,57219768.857971,755662.0,11,5201797.168906454,75.72137921183148,27309.961331918235,75818.0,51580.09971246933,150.22692692049063,observado,126416037
520860,GOIANESIA,52,4061392.02,22628.0,observado,3917961.08,21737.0,observado,4403749.64,22517.0,observado,4447992.83,22824.0,observado,4387631.52,22572.0,observado,4499389.02,23460.0,observado,4410644.38,23005.0,observado,4884153.93,22755.0,observado,3857363.08,16849.0,observado,4140911.56,17095.0,observado,4083334.51,16824.0,observado,1986066.37,8024.0,provisorio,2015_2025,47094523.57,232266.0,0,202.7611599200916,4243745.418,22455.6,0,4455016.699999999,23232.5,0,4241440.77,18380.75,0,-0.0543069334513979,-18.146253050464026,0,0.1252299520155191,0.1302135709208595,259.0,250.0,65099006.634037375,786271.0,11,5918091.512185216,82.79461742075871,29540.19670062866,78009.0,21566.742298965506,54.864734116371885,observado,77377189
352930,MATAO,35,2170101.07,12069.0,observado,2486596.77,13567.0,observado,3030965.01,15169.0,observado,3917927.62,19666.0,observado,4386559.88,22195.0,observado,4462943.52,22552.0,observado,4410989.02,22348.0,observado,5072846.85,23075.0,observado,5193699.8,22381.0,observado,5768831.48,23507.0,observado,6026309.48,24626.0,observado,2997790.85,11952.0,provisorio,2015_2025,46927770.5,221155.0,0,212.1940290746309,3198430.07,16533.2,0,4436966.27,22450.0,0,5515421.9025,23397.25,0,72.44153480898213,41.516766264244055,0,0.1247865357248011,0.123984493111358,260.0,261.0,61967663.663682714,900306.0,11,5633423.969425702,68.82955757673804,24564.425872980963,81075.0,30374.344742522357,77.90897741889232,observado,500288837
261220,SALGUEIRO,26,3261030.65,18198.0,observado,3161036.38,17665.0,observado,3561926.7,18376.0,observado,3623473.25,18679.0,observado,3659158.23,18842.0,observado,3772137.8,19566.0,observado,3822383.34,19775.0,observado,4771471.24,22120.0,observado,5216746.7,22901.0,observado,6003876.33,24959.0,observado,5950378.53,24729.0,observado,3011657.18,12118.0,provisorio,2015_2025,46803619.15,225810.0,0,207.26991342278907,3453325.0420000004,18352.0,0,3797260.57,19670.5,0,5485618.2,23677.25,0,58.850329270568544,29.017273321708803,0,0.124456402485847,0.1265941913566312,261.0,256.0,62416013.90051477,682619.0,11,5674183.081864979,91.43609231579369,33079.94650017066,65946.0,37498.86270585024,94.57561328666927,observado,104029144
430460,CANOAS,43,4233115.43,21336.0,observado,4231722.83,19875.0,observado,4408947.19,20226.0,observado,4329619.66,20035.0,observado,3243063.9,15190.0,observado,2305391.41,10704.0,observado,2923383.03,13836.0,observado,3185106.71,14007.0,observado,4856001.02,20106.0,observado,6458315.19,25879.0,observado,6350027.71,25647.0,observado,2917172.18,11598.0,provisorio,2015_2025,46524694.08,206841.0,0,224.929748357434,4089293.802,19332.4,0,2614387.22,12270.0,0,5212362.6575,21409.75,0,27.463638219164576,10.745432538122524,0,0.1237147074758082,0.1159597410849694,262.0,278.0,63023611.39261702,3837945.0,11,5729419.217510638,16.42118670085606,5389.368529251982,359840.0,7127.3343708314815,18.496485349261732,observado,123854933
293135,TEIXEIRA DE FREITAS,29,,,sem_registro,,,sem_registro,,,sem_registro,,,sem_registro,489119.67,2432.0,observado,6189201.21,31976.0,observado,6354024.89,32683.0,observado,7247231.15,33365.0,observado,8034108.12,35173.0,observado,8847643.36,36518.0,observado,9315629.33,38470.0,observado,4814089.34,19332.0,provisorio,2015_2025,46476957.73,210617.0,4,220.6704954016057,489119.67,2432.0,4,6271613.05,32329.5,0,8361152.99,35881.5,0,1609.4288990667665,1375.390625,4,0.1235877708308072,0.1180766520568601,263.0,275.0,55303699.50868723,1726472.0,11,5027609.046244293,32.03278101740847,12199.271114735715,153738.0,25023.091233136896,63.511738830470364,observado,163780358
352440,JACAREI,35,2515995.83,13404.0,observado,2868242.31,15283.0,observado,3493314.89,17550.0,observado,4020524.11,20032.0,observado,4419971.11,21904.0,observado,4435737.41,22086.0,observado,4359824.56,21783.0,observado,4772301.58,21460.0,observado,5038935.12,21602.0,observado,5168289.84,20970.0,observado,5284581.58,21529.0,observado,2785138.33,11072.0,provisorio,2015_2025,46377718.34,217603.0,0,213.12995841049988,3463609.65,17634.6,0,4397780.984999999,21934.5,0,5066027.029999999,21390.25,0,46.26437566369523,21.29705238565094,0,0.1233238814630917,0.1219931616039015,264.0,266.0,62056643.32670921,2608933.0,11,5641513.029700837,23.78621579270499,8340.68946960309,250952.0,8578.931429117918,22.07206548110782,observado,500288837
430060,ALVORADA,43,3030393.11,16313.0,observado,3358690.4,17651.0,observado,3963667.23,19601.0,observado,4230407.7,20892.0,observado,4139476.94,20656.0,observado,4075214.45,20347.0,observado,4107579.88,20344.0,observado,4610524.58,20607.0,observado,4828015.61,20411.0,observado,4969365.6,19882.0,observado,5028449.56,20154.0,observado,2783778.8,10914.0,provisorio,2015_2025,46341785.06,216858.0,0,213.6964514106005,3744527.076,19022.6,0,4091397.165,20345.5,0,4859088.8375,20263.5,0,29.76508752316469,6.523293345809722,0,0.1232283305881907,0.121575497760136,265.0,268.0,62652915.89402267,2231530.0,11,5695719.626729334,28.076214926092266,9717.906548421935,194062.0,10385.34076738362,27.15917826363588,observado,123854933
240940,PAU DOS FERROS,24,2441652.98,13685.0,observado,2538595.8,14165.0,observado,2979233.73,15369.0,observado,3227680.82,16600.0,observado,3381703.37,17350.0,observado,3655645.2,18779.0,observado,4159661.2,21346.0,observado,5014189.22,22988.0,observado,5465620.08,23975.0,observado,6407162.13,26550.0,observado,6625243.18,27392.0,observado,3514386.69,14211.0,provisorio,2015_2025,45896387.71,218199.0,0,210.34187924784257,2913773.34,15433.8,0,3907653.2,20062.5,0,5878053.6525,25226.25,0,101.73338714465687,63.44808148349728,0,0.1220439659415151,0.122327292678914,266.0,265.0,60021440.20828343,338386.0,11,5456494.564389403,177.37566036503708,64482.27763559958,32123.0,85272.23484730568,216.17663704547385,observado,38082696
352690,LIMEIRA,35,2757468.58,15159.0,observado,2999334.47,16300.0,observado,3300267.79,16602.0,observado,3399899.0,17132.0,observado,3862996.74,19564.0,observado,4040163.72,20666.0,observado,3992452.28,20297.0,observado,4682457.01,21447.0,observado,4976806.53,21437.0,observado,5832830.09,23825.0,observado,6027222.99,24692.0,observado,3077061.12,12263.0,provisorio,2015_2025,45871899.2,217121.0,0,211.27343370747184,3263993.316,16951.4,0,4016308.0,20481.5,0,5379829.154999999,22850.25,0,64.82353467540003,34.798600705546434,0,0.1219788480743033,0.1217229415063244,267.0,267.0,60917878.79255524,3315267.0,11,5537988.981141386,18.374954051228826,6549.1256058712615,301292.0,8195.371931548132,20.967791507385485,observado,500288837
520540,CERES,52,3656538.79,20346.0,observado,3453038.08,19128.0,observado,3839604.69,19660.0,observado,3985083.6,20338.0,observado,3928687.98,20079.0,observado,4035548.86,20663.0,observado,4176830.39,21442.0,observado,4715785.21,21659.0,observado,4707662.59,20580.0,observado,4627271.11,19148.0,observado,4711155.46,19428.0,observado,2422469.83,9784.0,provisorio,2015_2025,45837206.76,222471.0,0,206.03677225346223,3772590.628,19910.2,0,4106189.625,21052.5,0,4690468.5925,20203.75,0,24.33017666129875,1.474369920945029,0,0.1218865967408751,0.124722272464909,268.0,260.0,62353538.078728735,244440.0,11,5668503.461702612,255.0872937274126,91012.51840942563,22570.0,86078.8657509969,218.78568692451898,observado,77377189
330470,SANTO ANTONIO DE PADUA,33,3430886.02,18974.0,observado,3466413.83,19102.0,observado,3784846.18,19259.0,observado,3860548.47,19641.0,observado,3989796.92,20298.0,observado,3989856.45,20362.0,observado,4021021.15,20525.0,observado,4418982.98,20087.0,observado,4743611.09,20578.0,observado,4963580.65,20334.0,observado,4964034.79,20184.0,observado,2555251.5,10118.0,provisorio,2015_2025,45633578.53,219344.0,0,208.04571143956525,3706498.284000001,19454.8,0,4005438.8,20443.5,0,4772552.3775,20295.75,0,28.761758722562504,4.322583629746912,0,0.1213451250040604,0.122969205566312,269.0,263.0,61838736.29818249,465070.0,11,5621703.299834772,132.96651320915666,47163.65278345195,43697.0,46190.814014692085,119.07106150272932,observado,186284798
231130,QUIXADA,23,3011417.25,16374.0,observado,3121452.05,16636.0,observado,3285044.69,16560.0,observado,3387049.38,16985.0,observado,3614554.24,17994.0,observado,3712682.26,18535.0,observado,3612509.32,17955.0,observado,4349614.6,19593.0,observado,5395900.05,23205.0,observado,6002260.44,24527.0,observado,6117068.85,25096.0,observado,3430311.51,13678.0,provisorio,2015_2025,45609553.13,213460.0,0,213.66791497236017,3283903.5220000003,16909.8,0,3662595.79,18245.0,0,5466210.984999999,23105.25,0,66.45467652688242,36.6382216229642,0,0.1212812386015431,0.119670502134478,270.0,273.0,60557474.80346331,957807.0,11,5505224.982133028,63.22513283308987,22286.32699489563,88846.0,28246.628998491775,72.16531626054608,observado,99832842
411150,IVAIPORA,41,3194143.06,17666.0,observado,3471841.34,18891.0,observado,3648846.85,18634.0,observado,3646400.35,18572.0,observado,3684205.6,18657.0,observado,3970011.79,20688.0,observado,4080507.52,21330.0,observado,4508455.8,21223.0,observado,4749982.11,20492.0,observado,4987215.34,20346.0,observado,5523078.09,19692.0,observado,2648978.08,9122.0,provisorio,2015_2025,45464687.85000001,216191.0,0,210.29870739299972,3529087.44,18484.0,0,4025259.655,21009.0,0,4942182.835,20438.25,0,40.04138234103942,10.572657433455968,0,0.1208960245535414,0.1212015624798789,271.0,270.0,61214722.39427094,358922.0,11,5564974.76311554,170.5516028392546,60233.421189004854,33566.0,58666.50777572544,172.4664499374529,observado,126416037
330390,PETROPOLIS,33,4079062.86,22426.0,observado,3813900.98,20789.0,observado,4095341.77,20732.0,observado,4058486.01,20652.0,observado,4196596.34,21362.0,observado,3968428.86,20144.0,observado,3601818.09,18363.0,observado,4008211.27,18581.0,observado,3984739.2,17475.0,observado,4685313.26,19239.0,observado,4757523.93,19609.0,observado,1918035.3,7735.0,provisorio,2015_2025,45249422.57,219372.0,0,206.2679948671663,4048677.592,21192.2,0,3785123.475,19253.5,0,4358946.915,18726.0,0,7.663473219331607,-11.637300516227668,0,0.120323608513597,0.1229849029993662,272.0,262.0,62182832.43838428,3275844.0,11,5652984.767125844,18.982232498978668,6696.655884712459,294926.0,6648.786475251419,16.907949858723434,observado,186284798
330320,NILOPOLIS,33,2870348.57,15361.0,observado,3500150.05,18718.0,observado,4050859.09,20315.0,observado,4119390.88,20714.0,observado,4225848.16,21143.0,observado,4536996.48,22870.0,observado,4348679.91,21839.0,observado,4555534.69,20578.0,observado,4178455.71,17870.0,observado,3917575.03,15849.0,observado,4826793.28,19511.0,observado,3095627.67,12236.0,provisorio,2015_2025,45130631.85,214768.0,0,210.13666770654848,3753319.35,19250.2,0,4442838.195,22354.5,0,4369589.6775,18452.0,0,16.419341655540176,-4.146450426489079,0,0.12000772982882,0.1204037965071563,273.0,271.0,61486981.24667849,1734210.0,11,5589725.567879862,35.4553261984872,12384.197992169346,155500.0,12547.26688102894,32.535039363286145,observado,186284798
354100,PRAIA GRANDE,35,,,sem_registro,5400.0,9.0,observado,321141.15,1509.0,observado,4220302.12,19139.0,observado,3858498.09,19636.0,observado,5003775.33,25407.0,observado,5196209.65,26186.0,observado,6008583.29,27441.0,observado,6509417.53,28149.0,observado,7121686.47,29205.0,observado,6705112.39,27460.0,observado,2571225.48,10145.0,provisorio,2015_2025,44950126.02,204141.0,1,220.1915637720987,2101335.34,10073.25,1,5099992.49,25796.5,0,6586199.92,28063.75,0,213.42926541177383,178.5967785967786,1,0.1195277433098817,0.1144460600404501,274.0,285.0,56108484.39040764,3667230.0,11,5100771.308218876,15.299963293932379,5566.626581916051,368539.0,7451.043173178415,19.069778084774516,observado,500288837
330600,TRES RIOS,33,3855070.56,21279.0,observado,4006028.29,22089.0,observado,4104400.16,20955.0,observado,3916147.11,19951.0,observado,3578873.54,18208.0,observado,3514410.8,18025.0,observado,3495431.74,17713.0,observado,4237077.35,19294.0,observado,4809357.22,20973.0,observado,4791255.68,19742.0,observado,4384580.88,18005.0,observado,2229444.96,8941.0,provisorio,2015_2025,44692633.33,216234.0,0,206.6864291924489,3892103.932,20496.4,0,3504921.27,17869.0,0,4555567.7825,19503.5,0,17.046406316263795,-4.8442653344002,0,0.1188430395530825,0.1212256692520693,275.0,269.0,61152439.21082745,889027.0,11,5559312.655529768,68.78580651749323,24322.545884433206,82319.0,21872.228768571047,55.82786634442074,observado,186284798
351060,CARAPICUIBA,35,5517252.04,30763.0,observado,4103425.26,22769.0,observado,3559041.47,18206.0,observado,3523148.79,18121.0,observado,3634289.91,18513.0,observado,3730191.75,18924.0,observado,3510988.67,18026.0,observado,4079776.42,18682.0,observado,4195287.83,18252.0,observado,4514171.37,18495.0,observado,4257610.5,17462.0,observado,2198420.75,8365.0,provisorio,2015_2025,44625184.01,218213.0,0,204.5028665111611,4067431.494,21674.4,0,3620590.21,18475.0,0,4261711.53,18222.75,0,4.776479610943385,-15.92500830472816,0,0.118663683770992,0.1223351413954411,276.0,264.0,61879529.534955435,4367805.0,11,5625411.775905039,14.167191423370648,4995.941897589293,398236.0,4384.837131751022,11.205943839589606,observado,500288837
352430,JABOTICABAL,35,2843595.69,15595.0,observado,3114022.13,17014.0,observado,3406179.21,17258.0,observado,3507317.86,17723.0,observado,3776837.9,19015.0,observado,4173861.57,21156.0,observado,4021446.07,20464.0,observado,4471477.24,20265.0,observado,4653973.07,19977.0,observado,5392734.95,21878.0,observado,5230302.56,21238.0,observado,2884809.9000000004,11462.0,provisorio,2015_2025,44591748.25000001,211583.0,0,210.7529822811852,3329590.558,17321.0,0,4097653.82,20810.0,0,4937121.955,20839.5,0,48.28015243909158,20.313492292592805,0,0.1185747740994847,0.1186182134972326,277.0,274.0,59746408.11493899,829787.0,11,5431491.6468126355,72.0021018826988,25498.471294440624,73473.0,28905.85657316293,74.61430015486788,observado,500288837
353470,OURINHOS,35,2839775.08,15726.0,observado,2825041.81,15521.0,observado,3145593.26,15905.0,observado,3183228.81,16173.0,observado,3278279.34,16671.0,observado,3596367.83,18253.0,observado,3727569.93,18911.0,observado,4412956.08,19992.0,observado,5096926.07,21981.0,observado,5625858.18,23005.0,observado,6238237.21,25447.0,observado,3516865.4800000004,14022.0,provisorio,2015_2025,43969833.6,207585.0,0,211.8160445118867,3054383.66,15999.2,0,3661968.88,18582.0,0,5343494.385,22606.25,0,74.94509465127244,41.296127306365314,0,0.1169210289105884,0.1163768443061258,278.0,276.0,58175768.132149875,1212066.0,11,5288706.193831807,47.99719498125504,17126.542614016067,106911.0,23802.040949949023,61.15930246318241,observado,500288837
314390,MURIAE,31,3226471.43,18065.0,observado,3369250.68,18815.0,observado,3910435.09,20106.0,observado,4029940.11,20755.0,observado,3954392.54,20304.0,observado,3746507.85,19616.0,observado,3620625.96,19104.0,observado,3991652.39,18785.0,observado,4227970.39,18680.0,observado,4960680.56,20634.0,observado,4672850.26,19325.0,observado,1533789.28,6277.0,provisorio,2015_2025,43710777.26,214189.0,0,204.07573339433864,3698097.97,19609.0,0,3683566.905,19360.0,0,4463288.4,19356.0,0,20.691459128650425,-1.2902238767912744,0,0.1162321672220463,0.1200791960164983,279.0,272.0,59435277.81983009,1186812.0,11,5403207.074530008,50.079774909446556,18047.424528906013,108447.0,17819.76449325477,45.163475211350665,observado,232083531
312870,GUAXUPE,31,2989960.43,16439.0,observado,3284655.08,17877.0,observado,3440081.24,17321.0,observado,3462072.55,17453.0,observado,3549855.8,17949.0,observado,3629974.26,18260.0,observado,3774352.6,18993.0,observado,4182261.24,18900.0,observado,4854318.71,20866.0,observado,5221915.33,21272.0,observado,4969846.38,20263.0,observado,2444624.41,9643.0,provisorio,2015_2025,43359293.620000005,205593.0,0,210.89868633659708,3345325.0200000005,17407.8,0,3702163.43,18626.5,0,4807085.415,20325.25,0,43.6956166070823,16.759441170050216,0,0.1152975303251253,0.115260084068836,280.0,283.0,58260042.53371613,572327.0,11,5296367.503065103,101.79502720248412,35922.29616984696,52744.0,38417.63992112847,98.76269503294371,observado,232083531
431340,NOVO HAMBURGO,43,3391904.92,18471.0,observado,3704560.61,19875.0,observado,3976930.38,19776.0,observado,3884200.8,19345.0,observado,3717478.45,18578.0,observado,3763738.85,18775.0,observado,3471954.47,17213.0,observado,3738292.96,16751.0,observado,4313457.99,18376.0,observado,4575843.35,18402.0,observado,4732959.33,19105.0,observado,2296703.35,9136.0,provisorio,2015_2025,43271322.11,204667.0,0,211.4230535943753,3735015.032,19209.0,0,3617846.66,17994.0,0,4340138.407500001,18158.5,0,16.201363858393194,-5.4687906710396135,0,0.1150636035935031,0.1147409475328268,281.0,284.0,59074260.3622685,2665903.0,11,5370387.305660773,22.159193474882056,7677.211061317685,235802.0,8102.136538282118,21.038187372224748,observado,123854933
150442,MARITUBA,15,3162759.82,17631.0,observado,3373629.45,18451.0,observado,3702445.02,18800.0,observado,3626280.34,18440.0,observado,3631953.41,18437.0,observado,3750288.35,19303.0,observado,3549157.63,18081.0,observado,4223807.69,19243.0,observado,4412261.8,19104.0,observado,4909524.56,20035.0,observado,4826242.36,19661.0,observado,2050600.53,8152.0,provisorio,2015_2025,43168350.43,207186.0,0,208.35553768111745,3499413.608,18351.8,0,3649722.99,18692.0,0,4592959.1025,19510.75,0,31.249392526795017,6.315184341590485,0,0.1147897896217747,0.1161531558851024,282.0,277.0,58419835.63014784,1372103.0,11,5310894.148195258,42.57685875633815,15099.886816077218,119437.0,16461.39805922788,42.35388677491708,observado,93281750
510180,BARRA DO GARCAS,51,2664031.89,14845.0,observado,2737462.71,15259.0,observado,3110205.02,15958.0,observado,3551908.46,18157.0,observado,3983946.58,20375.0,observado,3742700.43,19285.0,observado,3237785.04,16688.0,observado,4073668.21,18459.0,observado,4706044.27,20453.0,observado,5543637.75,22773.0,observado,5688101.37,23426.0,observado,2016204.32,8207.0,provisorio,2015_2025,43039491.73,205678.0,0,209.25666201538328,3209510.932,16918.8,0,3490242.7350000003,17986.5,0,5002862.9,21277.75,0,55.87617571635681,25.763943069248405,0,0.114447138978037,0.1153077369906079,283.0,281.0,57303101.55221162,707285.0,11,5209372.868382875,81.0184035462531,29079.932417625143,73878.0,31709.03381250169,80.70031466673066,observado,39070198
350450,AVARE,35,2548637.53,14113.0,observado,2874039.35,15893.0,observado,3325143.84,17016.0,observado,3474199.88,17759.0,observado,3684688.32,18857.0,observado,3766767.58,19299.0,observado,3791563.33,19450.0,observado,4343275.02,19833.0,observado,4681729.13,20385.0,observado,4853089.14,19993.0,observado,5577933.8,23025.0,observado,2522388.47,10229.0,provisorio,2015_2025,42921066.92,205623.0,0,208.7367022171644,3181341.7839999995,16727.6,0,3779165.455,19374.5,0,4864006.7725,20809.0,0,52.89167598912725,24.39919653745905,0,0.1141322332915679,0.1152769027471085,284.0,282.0,57284737.29822816,1010334.0,11,5207703.390748015,56.69881177732132,20351.98261169079,96450.0,23872.472783825815,60.616960259121214,observado,500288837
312510,EXTREMA,31,2651699.36,14644.0,observado,3145203.92,17303.0,observado,3376785.61,17275.0,observado,3540338.1,18118.0,observado,3683284.66,18932.0,observado,3825604.66,19808.0,observado,3569427.89,18706.0,observado,4194463.67,19290.0,observado,4401493.7,19386.0,observado,5118488.77,21298.0,observado,5226884.15,21691.0,observado,2514134.58,10211.0,provisorio,2015_2025,42733674.49,206451.0,0,206.9918503179931,3279462.33,17254.4,0,3697516.275,19257.0,0,4735332.5725,20416.25,0,44.393565042108605,18.32489104228485,0,0.1136339344823212,0.1157410982674277,285.0,279.0,57306037.10575393,473838.0,11,5209639.736886721,120.940146433494,43569.95428817444,59336.0,36556.222192261026,92.33102117104262,observado,232083531
316470,SAO SEBASTIAO DO PARAISO,31,2751948.78,15134.0,observado,2604377.01,14197.0,observado,2817052.79,14235.0,observado,3078010.69,15557.0,observado,3368209.95,17090.0,observado,3448710.47,17500.0,observado,3653601.03,18517.0,observado,4491060.32,20305.0,observado,5263074.29,22743.0,observado,5488595.94,22473.0,observado,5472896.16,22380.0,observado,2960777.5,11850.0,provisorio,2015_2025,42437537.42999999,200131.0,0,212.04879518915104,2923919.844,15242.6,0,3551155.75,18008.5,0,5178906.6775,21975.25,0,77.12204690314353,44.16995788120137,0,0.1128464707391389,0.1121979633780344,286.0,288.0,56137118.24295925,789910.0,11,5103374.3857235685,71.0677396702906,25335.92434581155,75179.0,29768.951435906303,76.30336554238761,observado,232083531
410420,CAMPO LARGO,41,2392964.87,13103.0,observado,2788866.41,15153.0,observado,3291900.39,16471.0,observado,3382698.33,16937.0,observado,4098596.54,20623.0,observado,4321815.56,21948.0,observado,3252986.46,16737.0,observado,3684990.47,16729.0,observado,4224249.51,18155.0,observado,4639584.58,18932.0,observado,6182063.8,21989.0,observado,3124468.18,10769.0,provisorio,2015_2025,42260716.92,196777.0,0,214.7645147552813,3191005.308,16457.4,0,3787401.01,19342.5,0,4682722.09,18951.25,0,46.74754937762706,15.153365659217124,0,0.1123762839253845,0.110317635147176,287.0,294.0,56448821.617919,1471763.0,11,5131711.056174454,38.35455954383892,13370.155385072188,144504.0,15216.879809555445,44.84113990818813,observado,126416037
251620,SOUSA,25,2955501.26,16395.0,observado,3007470.37,16616.0,observado,3245061.24,16524.0,observado,3469184.21,17705.0,observado,3710998.49,18924.0,observado,3453706.58,18131.0,observado,3659682.38,18725.0,observado,4279117.12,19603.0,observado,4540547.29,19852.0,observado,4786737.17,19836.0,observado,4861990.32,20251.0,observado,2631714.19,9964.0,provisorio,2015_2025,41969996.43,202562.0,0,207.1958039020152,3277643.1140000005,17232.8,0,3556694.48,18428.0,0,4617097.975,19885.5,0,40.866403522662445,15.39331971589064,0,0.1116032234875076,0.1135608369407109,288.0,287.0,56448437.05793416,761653.0,11,5131676.096175833,74.1130633739172,26595.050502000257,70066.0,28902.748836811003,72.73271435204317,observado,44454005
350590,BATATAIS,35,2627491.85,14379.0,observado,3029880.01,16430.0,observado,3373494.68,17145.0,observado,3454549.32,17606.0,observado,3877231.37,19741.0,observado,3862901.66,19649.0,observado,3732284.4,19005.0,observado,3957847.83,18024.0,observado,4297442.98,18412.0,observado,4812965.94,19512.0,observado,4925982.72,19971.0,observado,2521327.72,9948.0,provisorio,2015_2025,41952072.76,199874.0,0,209.89259613556536,3272529.446,17060.2,0,3797593.03,19327.0,0,4498559.8675,18979.75,0,37.46430526388607,11.251626592888698,0,0.1115555623124093,0.1120538833675005,289.0,290.0,56434967.95760417,671406.0,11,5130451.63250947,84.05490561240765,29769.468845973974,59939.0,33318.87418875857,86.14030822676098,observado,500288837
330240,MACAE,33,4041266.51,22132.0,observado,3998782.67,21693.0,observado,4140048.87,21032.0,observado,3913714.72,19900.0,observado,3809598.01,19362.0,observado,3676691.3,18663.0,observado,3093872.96,15749.0,observado,3476826.75,15830.0,observado,3684740.82,16004.0,observado,4048721.35,16582.0,observado,4055700.06,16600.0,observado,1990099.28,8000.0,provisorio,2015_2025,41939964.02,203547.0,0,206.0456013598825,3980682.156,20823.8,0,3385282.13,17206.0,0,3816497.245,16254.0,0,-4.124542090167327,-21.94508206955502,0,0.1115233637293423,0.1141130502106559,290.0,286.0,58198385.53805331,2784256.0,11,5290762.3216412105,20.902670421848175,7310.642412191983,264439.0,6277.440165784926,16.07545793979896,observado,186284798
312160,DIAMANTINA,31,2405125.55,13182.0,observado,2761417.59,15054.0,observado,3371825.81,16995.0,observado,3355518.57,16900.0,observado,3497180.28,17646.0,observado,3670910.86,18509.0,observado,4094466.78,20962.0,observado,4531101.86,20523.0,observado,4032953.61,17445.0,observado,4826781.59,19686.0,observado,5182771.29,21083.0,observado,2708710.54,10655.0,provisorio,2015_2025,41730053.79,197985.0,0,210.7738151375104,3078213.56,15955.4,0,3882688.82,19735.5,0,4643402.0875,19684.25,0,50.84730142959935,23.370457650701336,0,0.1109651874056899,0.1109948672589461,291.0,292.0,55762465.05505031,530434.0,11,5069315.005004574,105.1261138144431,37325.096053420406,49493.0,42597.94314347484,109.7592916464297,observado,232083531
350400,ASSIS,35,3194677.11,17604.0,observado,3135669.91,17189.0,observado,3326000.68,16823.0,observado,3341427.16,16909.0,observado,3436130.79,17105.0,observado,3578697.48,17867.0,observado,3548285.48,17980.0,observado,3995091.45,17991.0,observado,4292862.55,18368.0,observado,4825986.54,19522.0,observado,4865330.5,19704.0,observado,2454636.78,9600.0,provisorio,2015_2025,41540159.65,197062.0,0,210.79741223574305,3286781.13,17126.0,0,3563491.48,17923.5,0,4494817.76,18896.25,0,36.75439836786454,10.336622678967643,0,0.11046023625134,0.1104774125907641,292.0,293.0,56064549.05983411,1139618.0,11,5096777.187257647,49.195913946457594,17291.93466582662,104858.0,18791.127048007784,48.633307617601446,observado,500288837
430300,CACHOEIRA DO SUL,43,3346247.45,18320.0,observado,3505324.8,18595.0,observado,3777709.48,18846.0,observado,3738519.15,18674.0,observado,3739032.67,18618.0,observado,3780160.23,19112.0,observado,3707622.27,18756.0,observado,3848984.45,17360.0,observado,3836959.99,16378.0,observado,4077689.29,16512.0,observado,4149935.37,16863.0,observado,2121591.47,8476.0,provisorio,2015_2025,41508185.15,198034.0,0,209.6013065938172,3621366.71,18610.6,0,3743891.25,18934.0,0,3978392.275,16778.25,0,9.858862512159128,-9.845733076848672,0,0.1103752122443603,0.1110223377667911,293.0,291.0,56922255.88355891,910671.0,11,5174750.534868992,62.50584007128689,21745.94337581849,82222.0,20509.109484079687,52.90251598692229,observado,123854933
500660,PONTA PORA,50,3281709.08,18059.0,observado,3193220.14,17221.0,observado,3415706.17,17310.0,observado,3485882.86,17833.0,observado,3870965.14,19776.0,observado,3862011.21,19832.0,observado,3571542.96,18484.0,observado,3916652.48,17935.0,observado,3962799.51,17259.0,observado,4201074.19,17381.0,observado,4569508.54,18979.0,observado,2377232.54,9634.0,provisorio,2015_2025,41331072.28,200069.0,0,206.58408988898827,3449496.6780000003,18039.8,0,3716777.085,19158.0,0,4162508.68,17888.5,0,20.670030110404404,-0.8387010942471629,0,0.1099042480105155,0.1121632047762714,294.0,289.0,56274881.84825866,1020286.0,11,5115898.349841696,55.15598748611532,19609.109602601624,98598.0,19248.869145418772,48.57629844663596,observado,30634325
350960,CAMPO LIMPO PAULISTA,35,,,sem_registro,,,sem_registro,,,sem_registro,1183495.97,5526.0,observado,3354654.17,17280.0,observado,4236905.05,21749.0,observado,4804698.74,24883.0,observado,5809107.46,26805.0,observado,6666714.69,29307.0,observado,7270646.34,30277.0,observado,7567180.08,31583.0,observado,3826369.57,15754.0,provisorio,2015_2025,40893402.5,187410.0,3,218.20288405101115,2269075.07,11403.0,3,4520801.895,23316.0,0,6828412.1425,29493.0,0,200.9337254981168,158.64246250986582,3,0.1087404318936251,0.1050662831679122,295.0,306.0,49633462.26287132,901110.0,11,4512132.932988302,55.08035896047244,20797.682857808704,79781.0,39587.11974028904,99.41630645810504,observado,500288837
411820,PARANAGUA,41,2223751.5,12160.0,observado,2663887.13,14314.0,observado,3049317.59,15291.0,observado,3085109.39,15525.0,observado,3190569.35,16067.0,observado,3120886.89,15998.0,observado,3052316.06,15602.0,observado,4235699.01,19376.0,observado,4942991.98,21482.0,observado,5189829.22,21394.0,observado,6007188.49,21566.0,observado,3354511.33,11615.0,provisorio,2015_2025,40761546.61000001,188775.0,0,215.92661427625484,2842526.992,14671.4,0,3086601.475,15800.0,0,5093927.175000001,20954.5,0,79.20417956755858,42.82549722589528,0,0.1083898113644011,0.105831533029308,296.0,303.0,53714042.98193166,1671181.0,11,4883094.816539242,32.14136768065916,11295.903914656761,150104.0,14367.371955444225,41.947107987838606,observado,126416037
261070,PAULISTA,26,,,sem_registro,,,sem_registro,,,sem_registro,,,sem_registro,,,sem_registro,73226.03,383.0,observado,4450691.62,23095.0,observado,7896449.98,36243.0,observado,8516780.03,37200.0,observado,10108503.39,41588.0,observado,9682458.1,39836.0,observado,5045416.66,20160.0,provisorio,2015_2025,40728109.15,178345.0,5,228.36698057136448,,,5,2261958.825,11739.0,0,9051047.875,38716.75,0,,,5,0.1083008971723912,0.0999842392165909,297.0,320.0,46496006.871834055,3731540.0,11,4226909.715621278,12.460272936062337,4779.394030346721,365144.0,10909.668514339548,27.793579842988642,observado,104029144
430390,CAMPO BOM,43,2582618.77,13881.0,observado,2660118.15,14132.0,observado,2777346.38,13791.0,observado,2863896.43,14225.0,observado,3161899.36,15769.0,observado,3602523.23,18380.0,observado,3950026.95,19949.0,observado,4114756.45,18614.0,observado,4267175.56,18422.0,observado,5136453.22,20856.0,observado,5543264.76,22565.0,observado,2877890.42,11465.0,provisorio,2015_2025,40660079.26,190584.0,0,213.34466303572177,2809175.818,14359.6,0,3776275.09,19164.5,0,4765412.4975000005,20114.25,0,69.63738855237436,40.07528064848602,0,0.1081199975854645,0.106845699329136,298.0,300.0,53933863.43362459,722043.0,11,4903078.493965872,74.69619320957975,26395.103892704454,64719.0,34866.11350608013,89.7752977776663,observado,123854933
431680,SANTA CRUZ DO SUL,43,2696725.94,14751.0,observado,2486656.63,13445.0,observado,2968587.57,14790.0,observado,3182875.44,15833.0,observado,3428657.26,17036.0,observado,3618998.85,17931.0,observado,3699297.84,18383.0,observado,4319351.99,19286.0,observado,4556546.63,19281.0,observado,4806498.8,19388.0,observado,4874209.81,19700.0,observado,2396202.93,9558.0,provisorio,2015_2025,40638406.76,189824.0,0,214.0846613705327,2952700.568,15171.0,0,3659148.345,18157.0,0,4639151.8075,19413.75,0,57.11555237862507,27.9661854854657,0,0.1080623678245217,0.1064196261462342,299.0,301.0,54240293.05938775,1449016.0,11,4930935.732671614,37.43250113138002,13100.200411865706,138270.0,14247.486801186085,36.94871056769293,observado,123854933
260110,ARARIPINA,26,,,sem_registro,,,sem_registro,,,sem_registro,2990056.75,15311.0,observado,4449264.51,22786.0,observado,4357198.89,22406.0,observado,4747427.17,24347.0,observado,5773848.54,26380.0,observado,5540823.93,24302.0,observado,6356488.03,26299.0,observado,6422480.33,26560.0,observado,3257436.07,13111.0,provisorio,2015_2025,40637588.15,188391.0,3,215.70875546071733,3719660.63,19048.5,3,4552313.029999999,23376.5,0,6023410.2075,25885.25,0,61.93440226561744,35.8912775284143,3,0.1080601910429503,0.1056162539474208,300.0,305.0,50544700.46029733,941647.0,11,4594972.769117939,53.676909139303085,20006.541729544086,90504.0,29346.76920357111,74.38031943725974,observado,104029144
310350,ARAGUARI,31,2504281.38,13977.0,observado,2493186.49,13908.0,observado,2930692.28,15088.0,observado,3071881.77,15817.0,observado,2943458.16,15143.0,observado,3181566.08,16438.0,observado,3349863.35,17285.0,observado,3920841.78,17963.0,observado,4549413.7,19847.0,observado,5477765.94,22690.0,observado,6096042.49,25135.0,observado,3616686.56,14587.0,provisorio,2015_2025,40518993.42,193291.0,0,209.62690151119295,2788700.016,14786.6,0,3265714.715,16861.5,0,5011015.977500001,21408.75,0,79.69003294544396,44.78480516142993,0,0.1077448335189461,0.1083633047319188,301.0,298.0,53419920.1458856,1305155.0,11,4856356.376898691,40.92994329860101,14809.81186142642,123432.0,20363.438978546892,51.765838113017814,observado,232083531
350190,AMPARO,35,2583165.8,14184.0,observado,2807330.99,15351.0,observado,2894906.21,14654.0,observado,3062580.73,15553.0,observado,3384669.47,17182.0,observado,3568174.93,18204.0,observado,3369957.13,17252.0,observado,3607389.58,16507.0,observado,3911242.19,17096.0,observado,5499803.41,22599.0,observado,5790027.14,23716.0,observado,3151223.18,12632.0,provisorio,2015_2025,40479247.58,192298.0,0,210.5026967519163,2946530.64,15384.8,0,3469066.0300000003,17728.0,0,4702115.58,19979.5,0,59.58142488550535,29.865191617700603,0,0.1076391445925337,0.1078066064811012,302.0,299.0,53819760.22100021,778306.0,11,4892705.474636382,69.14987192826499,24707.248819872904,69792.0,33980.97203117836,86.95568607226014,observado,500288837
354580,SANTA BARBARA D'OESTE,35,3633332.9,19972.0,observado,3656807.34,19875.0,observado,3651546.61,18517.0,observado,3471509.58,17628.0,observado,3445677.38,17589.0,observado,3190830.17,16433.0,observado,2996310.13,15367.0,observado,3442902.98,15771.0,observado,3871258.06,16765.0,observado,4277658.82,17516.0,observado,4466706.14,18317.0,observado,2233892.27,9054.0,provisorio,2015_2025,40104540.11,193750.0,0,206.99117476129032,3571774.762,18716.2,0,3093570.15,15900.0,0,4014631.5,17092.25,0,12.398786807934805,-8.676707878736067,0,0.1066427527632754,0.1086206305094871,303.0,297.0,54974552.483527265,2097190.0,11,4997686.58941157,26.21343439723023,9238.552539350274,189456.0,9668.207921628242,24.711667299869788,observado,500288837
330610,VALENCA,33,3216185.3,17797.0,observado,3309121.4,18154.0,observado,3520208.71,17835.0,observado,3414528.76,17328.0,observado,3538429.63,17914.0,observado,3365952.91,17190.0,observado,3534614.5,18077.0,observado,3778072.61,17261.0,observado,3972143.37,17338.0,observado,4336212.38,17949.0,observado,4097601.72,16917.0,observado,1427886.44,5866.0,provisorio,2015_2025,40083071.29,193760.0,0,206.8696908030553,3399694.76,17805.6,0,3450283.705,17633.5,0,4046007.52,17366.25,0,19.010905555532865,-2.4674821404501834,0,0.106585664611732,0.1086262367355779,304.0,296.0,54660414.345603704,809470.0,11,4969128.576873064,67.52617681396927,23936.649906729093,71449.0,23677.028369886215,60.11136902950707,observado,186284798
210820,PEDREIRAS,21,3274346.84,18248.0,observado,3342307.87,18631.0,observado,3193622.74,16310.0,observado,3671384.93,18831.0,observado,3710366.9,19142.0,observado,3519383.08,18580.0,observado,3456596.63,17894.0,observado,3851635.16,17534.0,observado,3808413.14,16661.0,observado,3995076.37,16443.0,observado,3896341.1,15889.0,observado,2034676.39,8162.0,provisorio,2015_2025,39719474.76,194163.0,0,204.5676815871201,3438405.856,18232.4,0,3487989.855,18237.0,0,3887866.4425,16631.75,0,13.07177236554824,-8.779151400802975,0,0.1056188180963993,0.1088521676470377,305.0,295.0,54375429.189186096,423367.0,11,4943220.835380554,128.4356815462379,45861.62832719603,38252.0,41537.69737530064,106.76424984894193,observado,76935230
352050,INDAIATUBA,35,2255701.36,12574.0,observado,2530917.33,14123.0,observado,2639679.53,13595.0,observado,2607277.92,13370.0,observado,2724011.55,13970.0,observado,3351227.17,17449.0,observado,3364497.57,17549.0,observado,3720156.4,17205.0,observado,4163905.37,18127.0,observado,5511875.06,22697.0,observado,6815843.12,27972.0,observado,3399353.74,13726.0,provisorio,2015_2025,39685092.38,188631.0,0,210.38478500352537,2551517.538,13526.4,0,3357862.37,17499.0,0,5052944.9875,21500.25,0,98.03685109923788,58.95027501774308,0,0.1055273912494713,0.1057508033736003,306.0,304.0,51919860.17365202,2776354.0,11,4719987.288513821,18.700734911200815,6794.1984343495105,269657.0,10373.177777695368,26.492986464806656,observado,500288837
170950,GURUPI,17,2860173.27,15916.0,observado,2939837.24,16230.0,observado,3212202.99,16432.0,observado,3310522.27,16881.0,observado,3445540.67,17510.0,observado,3556036.36,18171.0,observado,3538707.53,18147.0,observado,3879821.24,17862.0,observado,3972310.96,17362.0,observado,4252606.89,17560.0,observado,4193089.82,17267.0,observado,2126077.2800000003,8581.0,provisorio,2015_2025,39160849.24,189338.0,0,206.83037340628928,3153655.288,16593.8,0,3547371.945,18159.0,0,4074457.2275,17512.75,0,29.1979260702256,5.537911750171753,0,0.1041333662484735,0.1061471635582207,307.0,302.0,53050747.21622218,954444.0,11,4822795.201474744,55.582880940340324,19837.51796857647,90209.0,19141.10565464643,48.72000536229984,observado,17143550
431870,SAO LEOPOLDO,43,3052022.94,16417.0,observado,3014499.19,16227.0,observado,3187725.76,15922.0,observado,3237624.29,16212.0,observado,3318741.87,16583.0,observado,3227615.64,16345.0,observado,3285487.33,16679.0,observado,3834110.86,17284.0,observado,4082004.87,17426.0,observado,4409762.84,17816.0,observado,4185668.86,16947.0,observado,2188484.42,8271.0,provisorio,2015_2025,38835264.45,183858.0,0,211.22422984042035,3162122.81,16272.2,0,3256551.4850000003,16512.0,0,4127886.8575,17368.25,0,30.541636284518624,6.735721045709853,0,0.1032675974809419,0.1030749516604556,308.0,312.0,52614290.01322578,2530086.0,11,4783117.273929616,20.795455179478395,7266.867608452836,225737.0,7507.409064530848,19.4350270084876,observado,123854933
352410,ITUVERAVA,35,3268034.19,17994.0,observado,3398378.4,18441.0,observado,3148738.67,15923.0,observado,3140902.1,15893.0,observado,3107155.42,15696.0,observado,3371749.67,17290.0,observado,3094673.18,15984.0,observado,3293219.87,15019.0,observado,3965778.64,17265.0,observado,4382790.08,18042.0,observado,4662682.1,19199.0,observado,2359421.13,9509.0,provisorio,2015_2025,38834102.32,186746.0,0,207.95145448898504,3212641.756,16789.4,0,3233211.425,16637.0,0,4076117.6725,17381.25,0,26.877441746729257,3.5251408626871594,0,0.1032645072387417,0.1046940297554822,309.0,307.0,52746489.80224459,443783.0,11,4795135.43656769,118.8564902266301,42080.476268807055,38413.0,49980.475359904194,127.2273878468017,observado,500288837
291070,EUCLIDES DA CUNHA,29,,,sem_registro,,,sem_registro,,,sem_registro,,,sem_registro,418004.38,2160.0,observado,2797896.24,14394.0,observado,4296435.93,22013.0,observado,6075698.47,27788.0,observado,7633179.7,33339.0,observado,8560014.25,35630.0,observado,8911339.64,37095.0,observado,4720574.9,19047.0,provisorio,2015_2025,38692568.61,172419.0,4,224.4101207523533,418004.38,2160.0,4,3547166.085,18203.5,0,7795058.015000001,33463.0,0,1764.8268745413627,1449.212962962963,4,0.1028881522325055,0.0966619896351755,310.0,331.0,45066145.08392941,679759.0,11,4096922.2803572193,66.29723929205706,25364.724851013376,64768.0,57273.65365612648,144.2133748773872,observado,163780358
354160,PROMISSAO,35,2546484.08,13947.0,observado,2997174.02,16543.0,observado,3536839.03,17963.0,observado,3498745.69,17799.0,observado,3459117.41,17591.0,observado,3460874.06,17544.0,observado,3211623.51,16248.0,observado,3410555.63,15500.0,observado,3813253.37,16649.0,observado,4234891.1,17532.0,observado,4436399.56,18394.0,observado,2294279.72,8821.0,provisorio,2015_2025,38605957.46,185710.0,0,207.88302977761023,3207672.046,16768.6,0,3336248.785,16896.0,0,3973774.915,17018.75,0,23.883453732601456,1.4917762961726089,0,0.1026578428602833,0.1041132247324741,311.0,309.0,52330447.99015284,422560.0,11,4757313.4536502585,123.84146154428447,43948.78833775085,35973.0,51132.794039974426,129.26383198498047,observado,500288837
421580,SAO BENTO DO SUL,42,2295953.3,12516.0,observado,2548780.84,13974.0,observado,3151122.78,15942.0,observado,3429541.43,17366.0,observado,3586237.75,18219.0,observado,3573017.74,18347.0,observado,3418424.05,17611.0,observado,3826147.51,17420.0,observado,4281429.9,18572.0,observado,4267739.82,17486.0,observado,4224971.77,17323.0,observado,2121577.4,8583.0,provisorio,2015_2025,38603366.89,184776.0,0,208.91981041910205,3002327.22,15603.4,0,3495720.895,17979.0,0,4150072.25,17700.25,0,38.22851228055018,13.438417268031325,0,0.1026509542258477,0.1035896032155922,312.0,310.0,51908731.35819881,928326.0,11,4718975.578018073,55.91648985183956,19904.21468320396,87661.0,19761.353395466627,50.51733379963214,observado,81248649
431020,IJUI,43,2444357.55,13671.0,observado,2378297.67,13031.0,observado,2456887.21,12540.0,observado,2603697.82,13219.0,observado,2774850.2,13982.0,observado,3292928.81,16780.0,observado,3803688.14,19646.0,observado,4360177.95,20047.0,observado,4730100.05,20758.0,observado,4830017.26,19933.0,observado,4870868.26,19987.0,observado,2524984.6100000003,10070.0,provisorio,2015_2025,38545870.92,183594.0,0,209.95169188535573,2531618.09,13288.6,0,3548308.475,18213.0,0,4697790.88,20181.25,0,85.56475396334366,51.86889514320545,0,0.1024980655878836,0.1029269472916582,313.0,314.0,50910380.628398284,930373.0,11,4628216.4207634805,54.720397763475816,19733.3757535956,87848.0,22751.798561151078,58.11624360093064,observado,123854933
315700,SALINAS,31,2209573.76,12193.0,observado,2261323.42,12355.0,observado,2803520.32,14293.0,observado,2863920.78,14602.0,observado,2997668.03,15203.0,observado,3199915.77,16307.0,observado,3264011.74,16782.0,observado,3983518.53,18063.0,observado,4730788.2,20651.0,observado,4930046.94,20206.0,observado,5299866.04,21948.0,observado,2791289.17,11349.0,provisorio,2015_2025,38544153.53,182603.0,0,211.08171021286617,2627201.262,13729.2,0,3231963.755,16544.5,0,4736054.9275,20217.0,0,80.26997002485456,47.25548466043177,0,0.1024934988431543,0.1023713702860587,314.0,315.0,50839956.25481698,455370.0,11,4621814.204983362,111.64537904301332,40099.918747392236,41736.0,52587.69407705578,133.09970692700435,observado,232083531
421720,SAO MIGUEL DO OESTE,42,2754189.95,14947.0,observado,2809484.98,15016.0,observado,3170362.76,15874.0,observado,3250965.3,16182.0,observado,3186200.35,15951.0,observado,3386236.89,17007.0,observado,3444745.89,17267.0,observado,3859389.41,17272.0,observado,3965976.94,17079.0,observado,4331725.78,17635.0,observado,4300549.33,17549.0,observado,2101555.93,8451.0,provisorio,2015_2025,38459827.58,181779.0,0,211.57464602621863,3034240.668,15594.0,0,3415491.39,17137.0,0,4114410.365,17383.75,0,35.59934148901864,11.47717070668206,0,0.1022692660901365,0.1019094172561758,315.0,318.0,51915422.78582872,465506.0,11,4719583.889620792,111.52471243298415,39049.765201737464,47724.0,36771.85483195038,94.4517756948961,observado,81248649
211220,TIMON,21,3034871.04,16774.0,observado,3081704.3,16915.0,observado,3359628.25,17026.0,observado,3144489.4,16104.0,observado,3176468.68,16290.0,observado,3424757.29,18386.0,observado,3228416.42,16784.0,observado,3599385.26,16471.0,observado,3877232.13,16921.0,observado,4095536.03,16862.0,observado,4374826.61,18049.0,observado,2205969.83,8841.0,provisorio,2015_2025,38397315.41,186582.0,0,205.79324591868453,3159432.334,16621.8,0,3326586.855,17585.0,0,3986745.0075,17075.75,0,26.1854847972826,2.7310519919623744,0,0.1021030387784227,0.1046020876475929,316.0,308.0,52154779.27754261,1895130.0,11,4741343.570685692,27.520423019815322,9845.340425195105,182711.0,9878.441910996055,25.096848033867413,observado,76935230
500320,CORUMBA,50,1934081.62,10772.0,observado,2031296.45,11318.0,observado,2451625.94,12607.0,observado,2974853.25,15355.0,observado,3278692.41,16934.0,observado,3598465.94,18910.0,observado,3797295.48,20057.0,observado,4312785.01,19871.0,observado,4307257.39,18898.0,observado,4648529.04,19262.0,observado,5024416.75,20780.0,observado,2819607.02,11543.0,provisorio,2015_2025,38359299.28,184764.0,0,207.61240977679637,2534109.934,13397.2,0,3697880.71,19483.5,0,4573247.047499999,19702.75,0,80.46758690856383,47.0661780073448,0,0.1020019493570881,0.1035828757442832,317.0,311.0,50578741.24604392,1166620.0,11,4598067.3860039925,43.35494097996256,15837.547787625792,98751.0,21042.824882785997,53.32945961427633,observado,30634325
355500,TUPA,35,2404657.3,13075.0,observado,2469652.52,13243.0,observado,2752300.78,13651.0,observado,3021863.41,14943.0,observado,3059658.45,15269.0,observado,3312044.32,16624.0,observado,3617921.12,18367.0,observado,4100614.38,18742.0,observado,4180232.73,18213.0,observado,4638653.54,18587.0,observado,4693995.23,19309.0,observado,2346255.07,9387.0,provisorio,2015_2025,38251593.78,180023.0,0,212.4817038933914,2741626.492,14036.2,0,3464982.72,17495.5,0,4403373.97,18712.75,0,60.61173842786165,33.317778316068434,0,0.1017155475936908,0.1009249639546291,318.0,319.0,50953687.248757675,718745.0,11,4632153.386250698,70.89257977273954,25046.852499843473,65433.0,29509.574679443096,75.19151614198421,observado,500288837
210330,CODO,21,,,sem_registro,,,sem_registro,1717574.34,8703.0,observado,2529676.31,12802.0,observado,3434630.64,17527.0,observado,3723193.65,19494.0,observado,3705383.87,18933.0,observado,4666173.56,21209.0,observado,5497471.61,23932.0,observado,5941544.88,24246.0,observado,6797108.37,27693.0,observado,3558978.68,14254.0,provisorio,2015_2025,38012757.23,174539.0,2,217.7894753035138,2560627.096666667,13010.666666666666,2,3714288.76,19213.5,0,5725574.605,24270.0,0,123.6004849145488,86.53924984627999,2,0.101080452737033,0.0978505095664277,319.0,326.0,47350703.963179834,1320684.0,11,4304609.451198167,35.85316696740465,13215.803326155234,118283.0,23412.493764953542,60.2316684678751,observado,76935230
313380,ITAUNA,31,3049577.49,16767.0,observado,3073940.32,16807.0,observado,3404280.51,17344.0,observado,3407330.51,17514.0,observado,3225906.8,16633.0,observado,3207624.63,16603.0,observado,3092045.36,16041.0,observado,3561411.06,16350.0,observado,3611400.35,15807.0,observado,3914643.44,16198.0,observado,4269199.35,17632.0,observado,2277077.52,9223.0,provisorio,2015_2025,37817359.82,183696.0,0,205.86926127950528,3232207.126,17013.0,0,3149834.995,16322.0,0,3839163.55,16496.75,0,18.778388894623088,-3.034444248515844,0,0.1005608677317429,0.1029841307977845,320.0,313.0,51562749.86007572,1053813.0,11,4687522.714552338,48.9296961226287,17431.55569346744,103272.0,17073.359671546983,43.329819240576036,observado,232083531
354970,SAO JOSE DO RIO PARDO,35,1622372.94,9064.0,observado,2004477.86,10819.0,observado,2068624.62,10452.0,observado,2556539.46,13070.0,observado,2853001.1,14598.0,observado,3005762.68,15442.0,observado,3140945.05,16190.0,observado,3955490.58,18031.0,observado,4668834.35,20310.0,observado,5703990.73,23525.0,observado,6183073.75,25482.0,observado,3322727.99,13246.0,provisorio,2015_2025,37763113.120000005,176983.0,0,213.3714148816553,2221003.196,11600.6,0,3073353.865,15816.0,0,5127847.3525,21837.0,0,130.87978269167695,88.24026343464992,0,0.1004166192900339,0.0992206712230222,321.0,321.0,48772863.89663302,595671.0,11,4433896.717875729,81.87886248723376,29711.53539453826,53427.0,47694.98568139705,121.30163886031964,observado,500288837
355100,SAO VICENTE,35,3581966.82,19593.0,observado,3276497.21,17792.0,observado,3475457.02,17648.0,observado,3048536.13,15637.0,observado,3049828.77,15545.0,observado,2769872.27,14150.0,observado,3051493.87,15599.0,observado,3948483.2,18117.0,observado,3645356.6,15864.0,observado,3682308.58,15162.0,observado,4218331.45,17420.0,observado,2020771.32,8058.0,provisorio,2015_2025,37748131.92,182527.0,0,206.80848269023213,3286457.19,17243.0,0,2910683.0700000003,14874.5,0,3873619.957500001,16640.75,0,17.866131629117632,-3.4927216841616926,0,0.100376782493419,0.1023287629677685,322.0,316.0,51665595.95191526,3882852.0,11,4696872.359265023,13.306094579941563,4700.8487575627405,338326.0,5148.880074247915,13.068578688435748,observado,500288837
432120,TAQUARA,43,2767927.19,14812.0,observado,3138511.08,16561.0,observado,3420535.17,16942.0,observado,3413655.72,16924.0,observado,3407722.59,16932.0,observado,3451512.14,17551.0,observado,3297952.56,16623.0,observado,3382601.42,15238.0,observado,3421371.78,14643.0,observado,3698367.53,14932.0,observado,3702985.01,14910.0,observado,1926902.87,7586.0,provisorio,2015_2025,37103142.190000005,176068.0,0,210.73188875888863,3229670.35,16434.2,0,3374732.35,17087.0,0,3551331.435,14930.75,0,9.959563984602935,-9.14830049530857,0,0.0986616779161671,0.0987077015357129,323.0,322.0,50822779.32369179,618013.0,11,4620252.665790163,82.23577711745835,28489.36834662054,54353.0,27431.7884937354,71.40875554221518,observado,123854933
291470,ITABERABA,29,,,sem_registro,36929.36,65.0,observado,84987.64,180.0,observado,67634.66,155.0,observado,420618.01,2018.0,observado,4674960.0,23791.0,observado,5037163.45,25992.0,observado,6024956.38,27545.0,observado,6036007.8,26325.0,observado,7083405.07,29189.0,observado,7435788.83,30588.0,observado,3900504.33,15619.0,provisorio,2015_2025,36902451.2,165848.0,1,222.507664849742,152542.4175,604.5,1,4856061.725,24891.5,0,6645039.52,28411.75,0,4256.1913000362665,4600.0413564929695,1,0.0981280166506425,0.0929781384709028,324.0,341.0,43941633.782227665,726345.0,11,3994693.980202515,60.49691783137168,22833.22663472592,68425.0,44702.95944464742,113.90302866343488,observado,163780358
521250,LUZIANIA,52,2464197.15,13668.0,observado,2433184.78,13478.0,observado,2575453.28,13160.0,observado,2516097.39,12860.0,observado,2678019.19,13693.0,observado,2993958.83,15314.0,observado,2979724.67,15264.0,observado,3447737.4,15763.0,observado,4655978.3,20066.0,observado,5257162.6,21559.0,observado,4855594.83,19946.0,observado,3039070.62,12159.0,provisorio,2015_2025,36857108.42,174771.0,0,210.88801013898183,2533390.358,13371.8,0,2986841.75,15289.0,0,4554118.2825,19333.5,0,79.76378050539654,44.58412479995215,0,0.0980074447935939,0.0979805740117346,325.0,325.0,48712406.75970553,2293201.0,11,4428400.614518684,21.242100783884855,7621.2682621366375,221262.0,9014.652312642931,23.001631266316423,observado,77377189
410840,FRANCISCO BELTRAO,41,2475149.53,13617.0,observado,2420777.53,13115.0,observado,2827391.19,14450.0,observado,2827575.49,14311.0,observado,2846377.97,14396.0,observado,3054471.1,15551.0,observado,2985777.65,15183.0,observado,3542839.53,16136.0,observado,3933844.71,17041.0,observado,4507312.19,18331.0,observado,5246289.62,21354.0,observado,2253636.32,9011.0,provisorio,2015_2025,36667806.51,173485.0,0,211.36009747240396,2679454.342,13977.8,0,3020124.375,15367.0,0,4307571.5125,18215.5,0,60.76301226632359,30.317360385754565,0,0.0975040684494101,0.0972596133364561,326.0,329.0,48793402.56419723,1028251.0,11,4435763.869472475,47.452813140174165,16871.853273179408,102312.0,20871.452029087497,53.7463180904183,observado,126416037
320240,GUARAPARI,32,2480240.96,13654.0,observado,2557523.2,13995.0,observado,2854155.14,14592.0,observado,2983938.77,15285.0,observado,3282903.81,16757.0,observado,3283779.47,16776.0,observado,3192938.45,16329.0,observado,3452917.32,15753.0,observado,3729610.87,16250.0,observado,4103537.38,16922.0,observado,4710117.47,19326.0,observado,2627192.46,10578.0,provisorio,2015_2025,36631662.84,175639.0,0,208.56223754405343,2831752.376,14856.6,0,3238358.96,16552.5,0,3999045.76,17062.75,0,41.22159105058696,14.849629121064044,0,0.0974079581224198,0.0984671944364171,327.0,324.0,49195755.47393126,1393129.0,11,4472341.406721024,35.31313717102383,12607.518758133669,136311.0,14177.872658846314,36.217950023773135,observado,44111763
316930,TRES CORACOES,31,3102079.29,17097.0,observado,3098416.88,16971.0,observado,3279291.48,16690.0,observado,3371027.64,17141.0,observado,3315519.54,16916.0,observado,3082501.11,15698.0,observado,2811982.58,14308.0,observado,2940774.94,13328.0,observado,3504811.08,15058.0,observado,4045953.86,16560.0,observado,3892523.47,15900.0,observado,1773004.79,7098.0,provisorio,2015_2025,36444881.87,175667.0,0,207.46572702898092,3233266.9660000005,16963.0,0,2947241.845,15003.0,0,3596015.8375,15211.5,0,11.219267549340971,-10.325414136650355,0,0.0969112852582014,0.0984828918694713,328.0,323.0,49910756.97426046,863008.0,11,4537341.543114587,57.833481235701704,20355.199488301383,78291.0,20308.847760278957,52.11256262020439,observado,232083531
315180,POCOS DE CALDAS,31,2698249.82,15057.0,observado,2565001.03,14140.0,observado,2734627.86,14016.0,observado,2890361.88,14854.0,observado,3129087.94,16084.0,observado,3250862.52,16582.0,observado,3276815.68,16753.0,observado,3763007.76,17237.0,observado,3772071.14,16385.0,observado,3764090.47,15478.0,observado,4316972.39,17760.0,observado,2107385.85,7984.0,provisorio,2015_2025,36161148.49,174346.0,0,207.41025598522475,2803465.706,14830.2,0,3263839.1,16667.5,0,3904035.44,16715.0,0,39.25747090982965,12.709201494248212,0,0.0961568043787041,0.097742309402875,329.0,327.0,48737116.68679598,1841867.0,11,4430646.971526907,26.460714420094384,9465.721466316516,172339.0,10305.270426310934,26.255405668026015,observado,232083531
351840,GUARATINGUETA,35,2966527.33,16404.0,observado,2364242.9,12543.0,observado,2855667.24,13071.0,observado,2899433.42,13420.0,observado,3239838.92,16514.0,observado,3230447.52,16504.0,observado,3184528.05,16422.0,observado,3370828.08,15268.0,observado,3903481.56,16855.0,observado,4113687.43,16818.0,observado,3958030.67,16168.0,observado,1407865.24,5616.0,provisorio,2015_2025,36086713.12,169987.0,0,212.29101707777653,2865141.9620000003,14390.4,0,3207487.785,16463.0,0,3836506.935,16277.25,0,33.90285667806641,13.111866244162783,0,0.0959588718569003,0.09529855544989,330.0,333.0,48791157.02694071,1329344.0,11,4435559.729721882,36.703183695823434,12787.284555389728,121916.0,13261.589947176744,34.02839616817796,observado,500288837
317040,UNAI,31,2533180.91,14118.0,observado,2532968.75,14096.0,observado,3030323.55,15596.0,observado,2728929.47,14031.0,observado,2484564.76,12842.0,observado,2607636.89,13604.0,observado,3055878.2,15876.0,observado,3677409.3,16912.0,observado,4321526.09,18924.0,observado,4588007.16,18919.0,observado,4420490.47,18347.0,observado,2391464.5,9794.0,provisorio,2015_2025,35980915.55,173265.0,0,207.66407266326144,2661993.488,14136.6,0,2831757.545,14740.0,0,4251858.255,18275.5,0,59.72459264708765,29.27790274889295,0,0.0956775435068053,0.0971362763624583,331.0,330.0,48005600.66719763,946203.0,11,4364145.515199784,50.73499097677521,18311.60966515642,91320.0,20090.889180902323,50.737327321354755,observado,232083531
314480,NOVA LIMA,31,2622195.65,14665.0,observado,2582757.0,14460.0,observado,2731700.89,14084.0,observado,2841499.18,14593.0,observado,3165452.49,16200.0,observado,3177279.45,16271.0,observado,3106900.78,15906.0,observado,4059867.82,18462.0,observado,4358319.98,18967.0,observado,2560104.77,10447.0,observado,4753144.66,19551.0,observado,2429466.72,9684.0,provisorio,2015_2025,35959222.67,173606.0,0,207.1312205223322,2788721.0420000004,14800.4,0,3142090.115,16088.5,0,3932859.3075,16856.75,0,41.02734724156751,13.89388124645281,0,0.0956198595530131,0.0973274486721549,332.0,328.0,48439776.35447103,1122305.0,11,4403616.032224639,43.16097349158297,15468.700576046618,120959.0,16163.328069841848,41.18754199768435,observado,232083531
431140,LAJEADO,43,2168108.43,11842.0,observado,2552317.92,13907.0,observado,2918103.95,14819.0,observado,3140261.65,15991.0,observado,3291149.75,16727.0,observado,3576497.02,18210.0,observado,3696923.79,18791.0,observado,4294876.09,19458.0,observado,3046287.35,13075.0,observado,3583319.07,14567.0,observado,3625558.97,14655.0,observado,1898230.48,7420.0,provisorio,2015_2025,35893403.99,172042.0,0,208.63163640273888,2813988.34,14657.2,0,3636710.405,18500.5,0,3637510.37,15438.75,0,29.26529645819358,5.332191687361831,0,0.0954448398370609,0.0964506349115519,333.0,332.0,48579450.46460993,957793.0,11,4416313.678600903,50.720197855496885,17962.33632945741,96879.0,15127.117331929521,39.22548810827433,observado,123854933
431240,MONTENEGRO,43,2391279.85,12972.0,observado,2413195.81,13071.0,observado,2880439.0,14511.0,observado,2942560.27,14783.0,observado,3035037.65,15145.0,observado,3228730.34,16127.0,observado,2997369.83,15135.0,observado,3401685.52,15333.0,observado,3950523.09,16981.0,observado,4189346.83,16894.0,observado,4302483.91,17182.0,observado,2223363.81,8643.0,provisorio,2015_2025,35732652.099999994,168134.0,0,212.5248438745286,2732502.516,14096.4,0,3113050.085,15631.0,0,3961009.8375,16597.5,0,44.95905545581573,17.742827956073892,0,0.0950173813993259,0.0942597217552625,334.0,335.0,47941169.0167583,714835.0,11,4358288.0924325725,67.06606282115216,23520.67260276847,66352.0,25895.22546419098,67.96546104690498,observado,123854933
420290,BRUSQUE,42,1969152.24,10683.0,observado,1950438.1,10411.0,observado,2314286.73,11553.0,observado,2572732.17,12935.0,observado,2735614.05,13797.0,observado,2863922.03,14535.0,observado,3054243.45,15592.0,observado,3578952.96,16225.0,observado,4390841.7,19061.0,observado,4759358.13,19634.0,observado,5254375.73,21449.0,observado,2706590.31,10956.0,provisorio,2015_2025,35443917.29,165875.0,0,213.6784765033911,2308444.658,11875.8,0,2959082.74,15063.5,0,4495882.13,19092.25,0,94.7580642411918,60.76601155290593,0,0.0942496011212695,0.092993275281348,335.0,340.0,46439860.18077405,1517328.0,11,4221805.470979459,30.60634232069404,10932.046334082019,155307.0,13810.710399402473,35.46117525093396,observado,81248649
150060,ALTAMIRA,15,1963828.04,10875.0,observado,2341039.37,12954.0,observado,2772921.32,14245.0,observado,3174705.55,16279.0,observado,3203258.95,16495.0,observado,3322762.41,17205.0,observado,3049393.98,15658.0,observado,3481659.15,15972.0,observado,3694937.46,16238.0,observado,4149873.12,17251.0,observado,4038090.01,16689.0,observado,1817594.72,7014.0,provisorio,2015_2025,35192469.36,169861.0,0,207.1839289772225,2691150.646,14169.6,0,3186078.1950000003,16431.5,0,3841139.935,16537.5,0,42.73225249241583,16.711128048780477,0,0.0935809711018683,0.0952279170011457,336.0,334.0,47179038.547660224,1324365.0,11,4289003.504332747,35.62389412862785,12825.844838847297,138749.0,12028.194797800345,30.504868976242896,observado,93281750
354390,RIO CLARO,35,2718308.59,15053.0,observado,2558402.35,14117.0,observado,2798865.72,14097.0,observado,3003803.34,15104.0,observado,3230256.36,16279.0,observado,3247017.37,16362.0,observado,3021434.33,15201.0,observado,3340118.19,15147.0,observado,3582864.07,15431.0,observado,3759215.28,15248.0,observado,3908605.42,15868.0,observado,1985174.33,7952.0,provisorio,2015_2025,35168891.02,167907.0,0,209.4545850977029,2861927.272,14930.0,0,3134225.85,15781.5,0,3647700.74,15423.5,0,27.45609490806096,3.305425318151367,0,0.0935182734851822,0.094132460423001,337.0,336.0,47684861.12271139,2258865.0,11,4334987.374791944,21.110097824664773,7433.246342742926,210323.0,7544.586184107302,19.478615843948138,observado,500288837
240325,PARNAMIRIM,24,4039293.18,22398.0,observado,3932223.58,21647.0,observado,4150950.18,21220.0,observado,4538739.61,23223.0,observado,4531039.75,23225.0,observado,5282862.78,27293.0,observado,6264790.31,32229.0,observado,2377609.63,10944.0,observado,,,sem_registro,,,sem_registro,,,sem_registro,1317773.63,5243.0,provisorio,2015_2025,35117509.02,182179.0,3,192.763759928422,4238449.26,22342.6,0,5773826.545,29761.0,0,2377609.63,10944.0,3,-43.90378451764219,-51.01733907423487,3,0.0933816426222561,0.1021336662998083,338.0,317.0,52300384.8996929,2857106.0,11,4754580.445426627,18.305370854176534,6376.347254879589,271713.0,,,sem_registro,38082696
311330,CARANGOLA,31,2282238.78,12424.0,observado,2476682.92,13348.0,observado,2923627.61,14711.0,observado,3279979.11,16515.0,observado,3030996.93,15314.0,observado,2975563.6,15160.0,observado,3029764.9,15504.0,observado,3617610.74,16493.0,observado,3827413.22,16613.0,observado,3953309.06,16286.0,observado,3707777.8,15229.0,observado,393728.6,1578.0,provisorio,2015_2025,35104964.669999994,167597.0,0,209.4605790676444,2798705.07,14462.4,0,3002664.25,15332.0,0,3776527.705,16155.25,0,34.93839509855896,11.705180329682484,0,0.0933482857002728,0.0939586674141859,339.0,337.0,47344585.22510588,359794.0,11,4304053.202282353,131.5880343338296,46581.37712135277,32134.0,47392.17028692351,120.94055044820381,observado,232083531
351440,DRACENA,35,2506152.63,13840.0,observado,2514056.49,13799.0,observado,2724432.17,13880.0,observado,2887080.08,14724.0,observado,2957244.58,15087.0,observado,2885542.5,14705.0,observado,2882168.9,14751.0,observado,3242028.67,14860.0,observado,3487890.38,15152.0,observado,4171433.22,17021.0,observado,4420080.84,18140.0,observado,2338993.76,9331.0,provisorio,2015_2025,34678110.46,165959.0,0,208.9558894666755,2717793.1900000004,14266.0,0,2883855.7,14728.0,0,3830358.2775,16293.25,0,40.93634098406138,14.210360297210144,0,0.0922132294732687,0.0930403675805108,340.0,339.0,46605823.3280222,510856.0,11,4236893.0298202,91.23084260148104,32486.454108398455,46735.0,38814.59291751364,99.1313443394713,observado,500288837
421010,MAFRA,42,2824970.56,15558.0,observado,2842517.45,15551.0,observado,2903461.08,14755.0,observado,3130024.54,15909.0,observado,3047949.62,15584.0,observado,2845296.22,14605.0,observado,3041483.91,15565.0,observado,3319338.31,15068.0,observado,3404576.94,14756.0,observado,3637827.59,14965.0,observado,3582243.66,14870.0,observado,1978343.38,8080.0,provisorio,2015_2025,34579689.879999995,167186.0,0,206.83364564018515,2949784.65,15471.4,0,2943390.0650000004,15085.0,0,3485996.625,14914.75,0,18.17800411294432,-3.597929082048168,0,0.0919515174189484,0.0937282515218535,341.0,338.0,47177372.68360666,618245.0,11,4288852.06214606,76.30853898310001,27042.030263083405,57262.0,25968.355977786316,65.57097486884858,observado,81248649
351907,HORTOLANDIA,35,,,sem_registro,,,sem_registro,,,sem_registro,,,sem_registro,3164467.72,16092.0,observado,4514789.91,23133.0,observado,4258786.68,21883.0,observado,4990948.38,22717.0,observado,5856377.3,25364.0,observado,6543267.32,26926.0,observado,5175992.33,21188.0,observado,1162360.48,4549.0,provisorio,2015_2025,34504629.64,157303.0,4,219.351376896817,3164467.72,16092.0,4,4386788.295,22508.0,0,5641646.3325,24048.75,0,78.28105171823334,49.445376584638325,4,0.0917519232933278,0.0881876182763037,342.0,347.0,42009747.78248471,2561818.0,11,3819067.980225883,16.398412292553456,6140.2878736897,248842.0,8514.639811607365,21.801831126624503,observado,500288837
520450,CALDAS NOVAS,52,1260180.95,7047.0,observado,1454029.89,8107.0,observado,1453970.48,7486.0,observado,2494077.69,12817.0,observado,3520959.06,17870.0,observado,3538611.08,18096.0,observado,3505614.63,19024.0,observado,4062034.27,19606.0,observado,4323667.41,18671.0,observado,4388873.47,17911.0,observado,4282915.03,17464.0,observado,2190463.35,8776.0,provisorio,2015_2025,34284933.96,164099.0,0,208.92835398143805,2036643.614,10665.4,0,3522112.855,18560.0,0,4264372.545,18413.0,0,109.38236398781154,72.6423762821835,0,0.0911677262916632,0.0919976095276197,343.0,342.0,44675078.65655923,1030113.0,11,4061370.78695993,43.369104803608174,15930.194066087897,106820.0,16348.9983149223,42.025212217673115,observado,77377189
352670,LEME,35,1903835.98,10612.0,observado,1622599.78,9076.0,observado,1951379.65,10105.0,observado,1870980.81,9576.0,observado,2441394.63,12337.0,observado,3060441.39,15568.0,observado,3217430.86,16370.0,observado,4014767.2,18128.0,observado,4520526.81,19541.0,observado,4615162.33,18923.0,observado,4961539.64,20379.0,observado,2575392.26,10329.0,provisorio,2015_2025,34180059.08,160615.0,0,212.8073908414532,1958038.1700000004,10341.2,0,3138936.125,15969.0,0,4527998.995,19242.75,0,131.25182462607455,86.0785015278691,0,0.0908888514842662,0.0900444003575808,344.0,344.0,44416253.63140175,1117030.0,11,4037841.2392183407,39.76281176996298,14378.75437544202,101537.0,20070.51616652058,51.217121694264435,observado,500288837
280210,ESTANCIA,28,,,sem_registro,,,sem_registro,3501433.37,17459.0,observado,3681402.4,18347.0,observado,3775174.36,19423.0,observado,3720457.7,19308.0,observado,3293975.91,17118.0,observado,3622517.27,16718.0,observado,3877403.63,17069.0,observado,4254813.02,17656.0,observado,4316218.34,17864.0,observado,2621577.37,10535.0,provisorio,2015_2025,34043396.0,160962.0,2,211.49958375268696,3652670.043333333,18409.666666666668,2,3507216.805,18213.0,0,4017738.065,17326.75,0,9.99455240510898,-5.882326314074138,2,0.0905254480637973,0.0902389364029319,345.0,343.0,44303416.892359704,749129.0,11,4027583.353850882,59.139903664602095,21486.55305027572,67060.0,26638.83089770355,67.46257084189291,observado,25081519
291640,ITAPETINGA,29,,,sem_registro,,,sem_registro,1200.0,2.0,observado,7200.0,12.0,observado,359450.27,1790.0,observado,4423462.06,22828.0,observado,4762717.91,24468.0,observado,5252420.54,23982.0,observado,5844527.7,25607.0,observado,6674622.63,27547.0,observado,6491153.62,26855.0,observado,3236829.6,12981.0,provisorio,2015_2025,33816754.73,153091.0,2,220.89315981997632,122616.75666666668,601.3333333333334,2,4593089.984999999,23648.0,0,6065681.1225000005,25997.75,0,4846.861495439435,4223.35088691796,2,0.0899227819103825,0.0858262758468536,346.0,350.0,40260957.91495456,807075.0,11,3660087.083177687,49.88502668891312,18968.621255769292,68724.0,39076.596240032595,99.00029497126377,observado,163780358
210860,PINHEIRO,21,,,sem_registro,,,sem_registro,,,sem_registro,,,sem_registro,,,sem_registro,20715.2,120.0,observado,3611327.97,18612.0,observado,6087988.02,27726.0,observado,7164498.34,31116.0,observado,7789070.22,31712.0,observado,9088419.17,37161.0,observado,5343876.24,20742.0,provisorio,2015_2025,33762018.92,146447.0,5,230.54087089527272,,,5,1816021.585,9366.0,0,7532493.9375,31928.75,0,,,5,0.0897772328668797,0.082101499232118,347.0,357.0,38416943.79777978,926935.0,11,3492449.4361617984,41.44513239631666,15799.058186388473,88091.0,42184.78618701116,108.13837507766138,observado,76935230
432150,TORRES,43,1409379.98,7671.0,observado,1645855.73,8539.0,observado,1826302.87,9032.0,observado,2147082.48,10785.0,observado,2851632.76,14280.0,observado,3507644.27,17498.0,observado,3845005.87,19566.0,observado,4143672.9,19100.0,observado,3951011.66,17092.0,observado,4225372.68,17242.0,observado,4121297.83,16815.0,observado,2158329.97,8638.0,provisorio,2015_2025,33674259.03,157620.0,0,213.64204434716407,1976050.764,10061.4,0,3676325.07,18532.0,0,4110338.7675,17562.25,0,108.00775174316324,74.55075834376925,0,0.0895438688580635,0.0883653356433825,348.0,346.0,44052343.88806001,438442.0,11,4004758.535278183,100.4747352855338,35950.023036114246,43344.0,38794.29678848283,99.66164313722611,observado,123854933
241120,SANTA CRUZ,24,,,sem_registro,,,sem_registro,,,sem_registro,2154641.49,11145.0,observado,2731227.52,14102.0,observado,3345841.22,17350.0,observado,3610444.0,18694.0,observado,4375313.08,20038.0,observado,5039600.89,21987.0,observado,5995446.76,24728.0,observado,6417093.9,26521.0,observado,3532667.92,14258.0,provisorio,2015_2025,33669608.86,154565.0,3,217.83462530327049,2442934.505,12623.5,3,3478142.6100000003,18022.0,0,5456863.6575,23318.5,0,123.37330969501372,84.72293737869845,3,0.0895315035017158,0.0866526335726393,349.0,349.0,41160541.87953731,430758.0,11,3741867.4435943007,95.55374915738606,35882.096211794094,39101.0,67826.90979770338,172.01786780522394,observado,38082696
430160,BAGE,43,2516782.78,13623.0,observado,2803335.45,15086.0,observado,3017716.92,15022.0,observado,2645169.14,13092.0,observado,2686612.14,13230.0,observado,2577600.04,12698.0,observado,2546520.62,12612.0,observado,2982829.47,13373.0,observado,3360119.47,14345.0,observado,3957855.11,16024.0,observado,4078954.54,16601.0,observado,2132582.46,8471.0,provisorio,2015_2025,33173495.68,155706.0,0,213.05213466404635,2733923.2860000003,14010.6,0,2562060.33,12655.0,0,3594939.6475,15085.75,0,31.493801084658514,7.673832669550196,0,0.0882122794175541,0.087292303969601,350.0,348.0,44864844.55863739,1332552.0,11,4078622.232603399,33.66836307974277,11684.797291212652,121928.0,13615.412374516109,35.06456418906057,observado,123854933
500110,AQUIDAUANA,50,2053193.88,11434.0,observado,2339188.17,13050.0,observado,2723926.24,14011.0,observado,2773524.38,14256.0,observado,2881582.23,14811.0,observado,2902681.77,14991.0,observado,2928384.67,15105.0,observado,3415828.85,15574.0,observado,3556797.0,15511.0,observado,3775086.28,15564.0,observado,3773872.84,15524.0,observado,1864969.48,7500.0,provisorio,2015_2025,33124066.31,159831.0,0,207.2443162465354,2554282.98,13512.4,0,2915533.22,15048.0,0,3630396.2425,15543.25,0,42.12975895489856,15.029528433142891,0,0.0880808408305588,0.0896048722320611,351.0,345.0,44490815.07540758,525562.0,11,4044619.55230978,84.65378980102743,30411.44527191844,48689.0,31883.998439072482,81.24178149398415,observado,30634325
210005,ACAILANDIA,21,,,sem_registro,,,sem_registro,,,sem_registro,2267978.54,10549.0,observado,3180929.9,16313.0,observado,3449876.73,18003.0,observado,3628632.24,18618.0,observado,4396417.44,20045.0,observado,4835803.63,20941.0,observado,5545969.22,22654.0,observado,5698131.23,23271.0,observado,2464739.41,9780.0,provisorio,2015_2025,33003738.93,150394.0,3,219.4485081186749,2724454.22,13431.0,3,3539254.4850000003,18310.5,0,5119080.38,21727.75,0,87.89379327504356,61.773136773136784,3,0.0877608759836663,0.0843142766701616,352.0,353.0,40707893.985058025,1218850.0,11,3700717.635005275,33.39860851216969,12339.008081388194,110611.0,21038.594714811366,53.99544923042134,observado,76935230
420890,JARAGUA DO SUL,42,2047963.28,11067.0,observado,2250587.54,11932.0,observado,2334632.89,11698.0,observado,2539437.96,12774.0,observado,2647464.01,13184.0,observado,2544346.63,12805.0,observado,2625716.87,13184.0,observado,2969731.17,13344.0,observado,3514886.32,15082.0,observado,4288304.75,17643.0,observado,4617578.39,19012.0,observado,2449970.41,9909.0,provisorio,2015_2025,32380649.81,151725.0,0,213.41670660734883,2364017.1360000004,12131.0,0,2585031.75,12994.5,0,3847625.1575,16270.25,0,62.75792162870341,34.12125958288681,0,0.0861040077390388,0.0850604653628487,353.0,352.0,42980442.62726088,1986502.0,11,3907312.9661146253,21.6362443265906,7637.79749529575,199519.0,9528.917045494414,24.25789142968668,observado,81248649
410580,COLOMBO,41,,,sem_registro,,,sem_registro,,,sem_registro,1795347.2,8265.0,observado,2595196.28,13034.0,observado,3363198.57,17143.0,observado,3311576.13,17217.0,observado,4134276.78,18981.0,observado,5159726.17,22385.0,observado,5560666.42,22828.0,observado,6204951.58,22177.0,observado,3018748.27,10467.0,provisorio,2015_2025,32124939.129999995,142030.0,3,226.1841803140181,2195271.74,10649.5,3,3337387.35,17180.0,0,5264905.2375,21592.75,0,139.8293177818615,102.75834546222828,3,0.0854240425592519,0.0796252291678062,354.0,363.0,39193521.50611274,2636190.0,11,3563047.4096466126,14.867487360968951,5387.699672633611,241672.0,9176.48713959416,26.91132562047063,observado,126416037
431720,SANTA ROSA,43,1926416.32,10695.0,observado,1908704.82,10572.0,observado,2112025.43,10719.0,observado,2486119.44,12618.0,observado,2394216.22,12150.0,observado,2579447.86,13337.0,observado,2974665.21,15834.0,observado,3296737.85,15321.0,observado,3821606.15,16710.0,observado,4304520.71,17815.0,observado,4185944.73,17201.0,observado,2023829.84,8127.0,provisorio,2015_2025,31990404.74,152972.0,0,209.12588408336163,2165496.446,11350.8,0,2777056.535,14585.5,0,3902202.36,16761.75,0,80.19897318270641,47.67020826725869,0,0.0850662995792407,0.085759561756373,355.0,351.0,42221023.415925525,825143.0,11,3838274.8559932294,51.16812893756055,18538.847205878254,79488.0,21639.74436392915,55.196933432514015,observado,123854933
330580,TERESOPOLIS,33,,,sem_registro,,,sem_registro,,,sem_registro,185351.33,913.0,observado,3405162.04,16848.0,observado,4131530.93,20489.0,observado,4131999.6,20530.0,observado,4625117.95,20714.0,observado,4762821.21,20249.0,observado,5313653.39,21347.0,observado,5327598.01,21681.0,observado,2488912.7,9957.0,provisorio,2015_2025,31883234.46,142771.0,3,223.3173015528364,1795256.685,8880.5,3,4131765.265,20509.5,0,5007297.640000001,20997.75,0,178.91820049120165,136.44783514441755,3,0.0847813210296235,0.0800406505211354,356.0,362.0,39043299.59149584,1946607.0,11,3549390.8719541673,20.0571042801633,7334.351515226237,176735.0,12267.519167114608,31.5959861110642,observado,186284798
430930,GUAIBA,43,2040278.57,10954.0,observado,1677728.31,8605.0,observado,1347836.52,6283.0,observado,1962795.09,9274.0,observado,2510590.15,11769.0,observado,2580550.71,12123.0,observado,3294625.89,15727.0,observado,4075430.69,18068.0,observado,3570762.95,14703.0,observado,4213989.45,16242.0,observado,4404062.22,17191.0,observado,2219314.93,8475.0,provisorio,2015_2025,31678650.55,140939.0,0,224.7685207784928,1907845.728,9377.0,0,2937588.3,13925.0,0,4066061.3275,16551.0,0,113.12317174420924,76.50634531299988,0,0.0842373080257683,0.0790135899012986,357.0,367.0,41412068.01798372,1069559.0,11,3764733.4561803383,38.71882525226165,13177.300176988834,95946.0,17917.37018739708,48.11157814743726,observado,123854933
521150,ITUMBIARA,52,2021048.28,11187.0,observado,2123652.58,11683.0,observado,2309982.23,11823.0,observado,2423525.78,12377.0,observado,2459127.91,12493.0,observado,2771733.18,14114.0,observado,2788883.32,14158.0,observado,3147727.71,14349.0,observado,3605793.12,15720.0,observado,4164178.84,15958.0,observado,3849692.81,14655.0,observado,2327661.07,8456.0,provisorio,2015_2025,31665345.76,148517.0,0,213.21024367580816,2267467.356,11912.6,0,2780308.25,14136.0,0,3691848.12,15170.5,0,62.81813761203277,27.34835384382921,0,0.0842019290031777,0.0832619880329161,358.0,355.0,42148018.020979136,1169342.0,11,3831638.001907194,36.04421804825204,12700.903585093154,113322.0,12932.175570498224,35.60695827833021,observado,77377189
411850,PATO BRANCO,41,1981940.23,10536.0,observado,2041924.23,10541.0,observado,1833465.04,9026.0,observado,2233937.4,11011.0,observado,2376660.15,11683.0,observado,2358114.47,11774.0,observado,2598016.95,12941.0,observado,3365215.79,15082.0,observado,3803195.64,16308.0,observado,4432625.45,17970.0,observado,4503808.08,18375.0,observado,1880576.78,7486.0,provisorio,2015_2025,31528903.43,145247.0,0,217.0709441847336,2093585.41,10559.4,0,2478065.71,12357.5,0,4026211.24,16933.75,0,92.31177389605516,60.36659279883328,0,0.083839112583273,0.0814287521012205,359.0,358.0,41413700.16523413,953434.0,11,3764881.833203103,43.43635759290537,15234.090665950658,97821.0,18784.31011745944,48.25816544322439,observado,126416037
351110,CATANDUVA,35,2027052.52,11207.0,observado,2157078.47,11909.0,observado,2433819.3,12347.0,observado,2501196.01,12601.0,observado,2895337.96,14483.0,observado,2994440.22,15059.0,observado,2778124.23,14061.0,observado,3177293.62,14446.0,observado,3349354.17,14535.0,observado,3507789.59,14446.0,observado,3489747.63,14398.0,observado,1764043.48,7073.0,provisorio,2015_2025,31311233.72,149492.0,0,209.45089850961924,2402896.8520000004,12509.4,0,2886282.225,14560.0,0,3381046.2524999995,14456.25,0,40.70709068039508,15.563096551393365,0,0.0832603028773416,0.0838085950767703,360.0,354.0,42110950.58367104,1320653.0,11,3828268.2348791854,31.886461154952165,11319.551767193956,119275.0,12071.263885977784,30.666741062454086,observado,500288837
411070,IRATI,41,2136332.05,11796.0,observado,2066112.63,11232.0,observado,2280090.88,11555.0,observado,2463132.16,12514.0,observado,2424795.38,12312.0,observado,2487961.07,12637.0,observado,2618811.29,13320.0,observado,2921122.4,13231.0,observado,3216823.54,13995.0,observado,3712529.06,15369.0,observado,4519915.67,16275.0,observado,2241797.49,7796.0,provisorio,2015_2025,30847626.129999995,144236.0,0,213.86911818131392,2274092.62,11881.8,0,2553386.18,12978.5,0,3592597.6675,14717.5,0,57.97939080862944,23.86591257216921,0,0.0820275150317774,0.0808619626434394,361.0,360.0,41080825.12261643,664882.0,11,3734620.465692403,61.78664052059829,21693.47342836774,61004.0,26678.578453871876,77.6595822636331,observado,126416037
521020,IPORA,52,1888152.25,10579.0,observado,2096295.99,11717.0,observado,2465276.49,12712.0,observado,2347865.14,12091.0,observado,2403342.74,12349.0,observado,2410067.05,12404.0,observado,2654383.86,13677.0,observado,3124426.63,14356.0,observado,3355207.68,14711.0,observado,3851549.02,15958.0,observado,3857980.25,15992.0,observado,1957016.45,7931.0,provisorio,2015_2025,30454547.1,146546.0,0,207.81561489225228,2240186.5220000003,11889.6,0,2532225.455,13040.5,0,3547290.895,15254.25,0,58.34801522834978,28.29910173597092,0,0.0809822710345207,0.082157000870417,362.0,356.0,40573195.35779831,368996.0,11,3688472.305254392,109.95565089539808,39714.79365629979,37283.0,42893.543974465574,108.46064421017635,observado,77377189
350330,ARARAS,35,1785203.15,9917.0,observado,1956221.47,10772.0,observado,2275798.87,11587.0,observado,2377671.28,12114.0,observado,2461265.24,12523.0,observado,2646562.6,13459.0,observado,2812675.7,14310.0,observado,3198578.9,14553.0,observado,3425010.47,14820.0,observado,3695785.89,14935.0,observado,3762387.7,15071.0,observado,1894388.46,7404.0,provisorio,2015_2025,30397161.27,144061.0,0,211.00201491035048,2171232.002,11382.6,0,2729619.1500000004,13884.5,0,3520440.74,14844.75,0,62.14023820380299,30.41616150967265,0,0.0808296752719457,0.0807638536868502,363.0,361.0,40434852.780629,1464715.0,11,3675895.7073299093,27.60595254409834,9835.428735282974,135744.0,11102.516501650165,29.051324264681714,observado,500288837
430610,CRUZ ALTA,43,2189390.81,12011.0,observado,2207713.57,11909.0,observado,2547313.69,11732.0,observado,2514619.87,11515.0,observado,2625548.47,12015.0,observado,2749466.43,13872.0,observado,2736627.95,14326.0,observado,2853788.2,13294.0,observado,3010548.5,13227.0,observado,3534303.5,14609.0,observado,3111106.69,12659.0,observado,1504311.67,6070.0,provisorio,2015_2025,30080427.680000003,141169.0,0,213.08097160141392,2416917.2820000006,11836.4,0,2743047.1900000004,14099.0,0,3127436.7225,13447.25,0,29.39775580205393,13.609289986820317,0,0.0799874429003103,0.0791425331013873,364.0,366.0,40736943.04975872,670876.0,11,3703358.4590689745,60.722015767084706,21042.487732457266,60454.0,20939.88817944222,53.94024236621027,observado,123854933
432250,VACARIA,43,2168763.58,11572.0,observado,2353162.36,12295.0,observado,2602437.97,12826.0,observado,2421584.79,11973.0,observado,2507568.07,12450.0,observado,2693968.57,13583.0,observado,2554444.45,12970.0,observado,2831203.16,12814.0,observado,3100700.69,13319.0,observado,3410775.9,13924.0,observado,3435410.15,14021.0,observado,1634282.14,6595.0,provisorio,2015_2025,30080019.69,141747.0,0,212.20921564477555,2410703.354,12223.2,0,2624206.51,13276.5,0,3194522.475,13519.5,0,32.51412579235164,10.605242489691724,0,0.0799863580062663,0.0794665729694362,365.0,365.0,40672221.20763849,722543.0,11,3697474.6552398624,56.2903816210779,19617.794373483655,66146.0,21197.0489523176,54.43748320527991,observado,123854933
410150,ARAPONGAS,41,2001280.72,11243.0,observado,1980890.53,11073.0,observado,2125592.59,10876.0,observado,2356415.4,12030.0,observado,2350972.32,12091.0,observado,2360536.48,12126.0,observado,2371649.76,12274.0,observado,2977526.14,13661.0,observado,3475260.15,15225.0,observado,3515379.97,14590.0,observado,4367421.03,15699.0,observado,2263485.87,7847.0,provisorio,2015_2025,29882925.09,140888.0,0,212.10411880358865,2163030.312,11462.6,0,2366093.12,12200.0,0,3583896.8225,14793.75,0,65.68870082945004,29.06103327342837,0,0.0794622599704548,0.0789849981482355,366.0,369.0,39669279.23409714,1335746.0,11,3606298.112190649,29.698220495586092,10547.514272923147,124838.0,12575.49784520739,36.669187665094405,observado,126416037
430850,FREDERICO WESTPHALEN,43,2113737.34,11657.0,observado,1619228.75,8885.0,observado,2245259.69,11405.0,observado,2341598.04,11930.0,observado,2467656.45,12477.0,observado,2644241.82,13354.0,observado,2770572.65,13945.0,observado,3062015.13,13861.0,observado,3200404.24,13823.0,observado,3557205.88,14868.0,observado,3588910.83,14719.0,observado,2011642.28,8077.0,provisorio,2015_2025,29610830.82,140924.0,0,210.119148051432,2157496.054,11270.8,0,2707407.235,13649.5,0,3352134.02,14317.75,0,55.37150178259376,27.034017106150408,0,0.0787387288718728,0.0790051805621624,367.0,368.0,39559100.38579325,350883.0,11,3596281.8532539313,112.7415702265235,40162.67530772366,33726.0,43642.88679357172,111.53748889897692,observado,123854933
314710,PARA DE MINAS,31,1955088.97,10917.0,observado,2006456.77,11175.0,observado,2196596.83,11282.0,observado,2210191.91,11404.0,observado,2277318.14,11740.0,observado,2350955.58,12068.0,observado,2446038.14,12859.0,observado,3131785.09,14540.0,observado,3418359.96,14880.0,observado,3662598.77,15112.0,observado,3837954.41,15853.0,observado,2035531.33,8240.0,provisorio,2015_2025,29493344.57,141830.0,0,207.94856215187195,2129130.524,11303.6,0,2398496.8600000003,12463.5,0,3512674.5575,15096.25,0,64.98164475612955,33.55258501716267,0,0.0784263189283235,0.07951310464599,368.0,364.0,39221469.548692934,1054932.0,11,3565588.140790267,37.17914476828169,13444.46845863051,102844.0,15414.60853331259,39.11504933318242,observado,232083531
350160,AMERICANA,35,2703973.49,14721.0,observado,2519586.71,13555.0,observado,2449144.11,12335.0,observado,2380616.2,12039.0,observado,2307083.89,11681.0,observado,2301032.56,11556.0,observado,2315747.93,11602.0,observado,2428682.17,10981.0,observado,2728747.84,11749.0,observado,3385951.24,13771.0,observado,3531083.52,14432.0,observado,1704866.62,6589.0,provisorio,2015_2025,29051649.66,138422.0,0,209.87740142462903,2472080.8800000004,12866.2,0,2308390.245,11579.0,0,3018616.1925,12733.25,0,22.10831032761353,-1.033327633644754,0,0.0772517995109526,0.0776025027942411,369.0,370.0,39585364.68954161,2631276.0,11,3598669.517231055,15.044170466929964,5260.641605061574,247571.0,5829.438827649442,14.949657724866283,observado,500288837
421820,TIMBO,42,1637279.35,8948.0,observado,1593095.52,8684.0,observado,1835496.53,9294.0,observado,2031309.1,10215.0,observado,2356120.89,11835.0,observado,2586746.19,13112.0,observado,2620388.8,13395.0,observado,3172947.29,14553.0,observado,3692805.1,16210.0,observado,3880677.11,16289.0,observado,3485326.63,14640.0,observado,1915831.2,7792.0,provisorio,2015_2025,28892192.51,137175.0,0,210.6228723163842,1890660.278,9795.2,0,2603567.495,13253.5,0,3557939.0325,15423.0,0,88.18499938358568,57.45467167592289,0,0.0768277839412154,0.0769034064007169,370.0,372.0,38055095.02317418,496781.0,11,3459554.0930158347,76.60336249408529,27612.77101982564,49768.0,29416.492525317473,73.40342536227811,observado,81248649
432300,VIAMAO,43,1946260.41,10521.0,observado,2035323.01,10871.0,observado,2297902.58,11467.0,observado,2569556.43,12674.0,observado,2566487.59,12596.0,observado,2461451.13,12081.0,observado,2522343.13,12491.0,observado,2698824.99,12114.0,observado,3055118.34,12971.0,observado,3281054.33,13329.0,observado,3296742.06,13565.0,observado,1471534.28,5953.0,provisorio,2015_2025,28731064.0,134680.0,0,213.3283635283635,2283106.004,11625.8,0,2491897.13,12286.0,0,3082934.93,12994.75,0,35.03249190351656,11.77510364878116,0,0.076399324026006,0.0755046529910592,371.0,375.0,38716961.29301367,2697822.0,11,3519723.7539103334,14.351191921859066,4992.175169451506,231996.0,5847.083570406387,14.894553967228608,observado,123854933
110030,VILHENA,11,2230259.46,12476.0,observado,2506473.56,13982.0,observado,3243704.58,16601.0,observado,3368016.56,17327.0,observado,3527363.51,18069.0,observado,3475139.47,17992.0,observado,3421618.79,17663.0,observado,3868975.12,17790.0,observado,992047.79,4429.0,observado,1330865.73,5500.0,observado,746216.07,2961.0,observado,,,sem_registro,2015_2025,28710680.64,144790.0,0,198.29187540576007,2975163.534,15691.0,0,3448379.13,17827.5,0,1734526.1775000002,7670.0,0,-41.69980380312095,-51.11847555923779,0,0.0763451222419934,0.0811725475688704,372.0,359.0,40947692.145503715,1101200.0,11,3722517.467773065,37.184609649022626,13148.383581547401,109651.0,2700.385769395628,7.133046106149514,observado,19248748
351500,EMBU DAS ARTES,35,,,sem_registro,,,sem_registro,,,sem_registro,,,sem_registro,,,sem_registro,,,sem_registro,1657430.13,9009.0,observado,4832992.55,23095.0,observado,6433364.84,29604.0,observado,7365659.5,32110.0,observado,8353523.96,36436.0,observado,4472758.88,18938.0,provisorio,2015_2025,28642970.98,130254.0,6,219.90089348503693,,,5,1657430.13,9009.0,1,6746385.2125,30311.25,0,,,5,0.0761650741848094,0.0730233373232657,373.0,379.0,32237604.9595737,2918423.0,11,2930691.3599612457,11.046241398033699,4463.163838826654,259788.0,14025.282153140253,33.70339626401666,observado,500288837
351630,FRANCISCO MORATO,35,,,sem_registro,,,sem_registro,,,sem_registro,,,sem_registro,,,sem_registro,,,sem_registro,3406383.36,17531.0,observado,4709892.12,21638.0,observado,6247130.66,27343.0,observado,7274701.8,30088.0,observado,6785425.75,28258.0,observado,3362478.07,13741.0,provisorio,2015_2025,28423533.69,124858.0,6,227.6468763715581,,,5,3406383.36,17531.0,1,6254287.5825000005,26831.75,0,,,5,0.0755815642729558,0.0699982177246634,374.0,385.0,32428546.763403926,1892463.0,11,2948049.7057639933,17.135630531959634,6597.64550218419,171476.0,16479.27406750799,41.475992644700085,observado,500288837
421660,SAO JOSE,42,2285172.9,12806.0,observado,2378263.98,13343.0,observado,2368956.51,12255.0,observado,2147741.37,11096.0,observado,2177394.17,11256.0,observado,2296524.12,11996.0,observado,2387710.54,12392.0,observado,2754112.7,12789.0,observado,2965552.67,13182.0,observado,3148467.55,13071.0,observado,3339463.61,13799.0,observado,1944113.15,7746.0,provisorio,2015_2025,28249360.12,137985.0,0,204.7277611334565,2271505.786,12151.2,0,2342117.33,12194.0,0,3051899.1325,13210.25,0,34.355771898526875,8.715600105339384,0,0.0751184159881866,0.0773575107140727,375.0,371.0,38228480.59156274,2837313.0,11,3475316.4174147947,13.473480222859706,4863.22799070811,295658.0,4667.216851903212,11.838866165379091,observado,81248649
410550,CIANORTE,41,2171699.51,12070.0,observado,2226966.15,12269.0,observado,2296765.23,11641.0,observado,2059984.18,10522.0,observado,2071426.79,10604.0,observado,2166856.15,11382.0,observado,2514279.99,13142.0,observado,2775849.74,12761.0,observado,3166522.39,13817.0,observado,3330140.09,13735.0,observado,3357087.13,13789.0,observado,1483196.36,5976.0,provisorio,2015_2025,28137577.35,135732.0,0,207.3024588895765,2165368.372,11421.2,0,2340568.0700000003,12262.0,0,3157399.8375000004,13525.5,0,45.81351969151235,18.424508808181272,0,0.0748211722778334,0.0760944279758127,376.0,374.0,37834123.76538742,894253.0,11,3439465.796853402,42.30807586375156,15178.254923382981,82988.0,16615.655275461515,42.40043823020981,observado,126416037
250370,CAJAZEIRAS,25,,,sem_registro,,,sem_registro,,,sem_registro,400780.95,2061.0,observado,2683200.7,13715.0,observado,2909908.35,15037.0,observado,3274180.04,16918.0,observado,3940788.06,17938.0,observado,4274858.09,18530.0,observado,4936626.44,20330.0,observado,5181149.65,21382.0,observado,2928183.35,11723.0,provisorio,2015_2025,27601492.28,125911.0,3,219.21430438960851,1541990.8250000002,7888.0,3,3092044.1950000003,15977.5,0,4583355.5600000005,19545.0,0,197.2362406890456,147.78144016227182,3,0.0733956581733633,0.070588553332026,377.0,383.0,33496626.532175694,694751.0,11,3045147.866561427,48.21385868055705,18123.183701786682,66585.0,32112.33761357663,81.55916349160341,observado,44454005
312710,FRUTAL,31,1188880.35,6472.0,observado,1407348.27,7522.0,observado,1909307.2,9465.0,observado,2050521.36,10232.0,observado,2035390.44,10244.0,observado,2033364.78,10359.0,observado,2478060.45,12547.0,observado,3086125.07,13972.0,observado,3563204.24,15328.0,observado,3688154.62,15014.0,observado,3591127.44,14610.0,observado,1581052.6,6269.0,provisorio,2015_2025,27031484.22,125765.0,0,214.93646260883392,1718289.5240000002,8787.0,0,2255712.615,11453.0,0,3482152.8425,14731.0,0,102.65227680571014,67.645385228178,0,0.0718799387947362,0.0705067024311001,378.0,384.0,35302623.09098152,654396.0,11,3209329.371907411,53.94688092681117,19218.485443065056,61275.0,23843.329253365973,61.42858732263652,observado,232083531
315120,PIRAPORA,31,1886778.75,10474.0,observado,2019262.63,11226.0,observado,2433851.47,12409.0,observado,2443213.25,12458.0,observado,2362152.26,12051.0,observado,2457086.44,12711.0,observado,2487824.9,13034.0,observado,2372358.03,10916.0,observado,2457896.27,10637.0,observado,2780277.88,11329.0,observado,3243605.43,13228.0,observado,1762961.83,7080.0,provisorio,2015_2025,26944307.31,130473.0,0,206.5125145432388,2229051.672,11723.6,0,2472455.67,12872.5,0,2713534.4025,11527.5,0,21.73492595913229,-1.672694394213381,0,0.0716481249992333,0.0731461136746545,379.0,378.0,36570611.00343442,622958.0,11,3324601.00031222,58.70477785570523,20944.108591590444,57713.0,22920.31258122087,58.90842333265996,observado,232083531
311530,CATAGUASES,31,1963748.94,10864.0,observado,2025710.95,11193.0,observado,2169193.43,11032.0,observado,2333684.07,11990.0,observado,2379034.28,12213.0,observado,2278797.65,11727.0,observado,2245295.64,11564.0,observado,2605212.53,11908.0,observado,2824409.99,12315.0,observado,3114184.81,12877.0,observado,2942152.06,12124.0,observado,1374653.0,5540.0,provisorio,2015_2025,26881424.35,129807.0,0,207.08763279330083,2174274.334,11458.4,0,2262046.645,11645.5,0,2871489.8475,12306.0,0,32.06658435862308,7.397193325420659,0,0.0714809117127099,0.0727727390170064,380.0,380.0,36338500.04674783,794028.0,11,3303500.0042498033,45.76475898425223,16347.91216430655,67732.0,17899.958660603555,45.52964304951023,observado,232083531
520800,FORMOSA,52,3490446.09,18807.0,observado,3514569.4,17675.0,observado,3654856.52,18241.0,observado,3731022.2,19044.0,observado,3792277.04,19447.0,observado,4061668.46,21032.0,observado,3106213.03,16107.0,observado,1409176.53,6530.0,observado,23198.4,27.0,observado,42841.6,56.0,observado,32212.8,49.0,observado,5896.0,13.0,provisorio,2015_2025,26858482.07,137015.0,0,196.0258516950699,3636634.25,18642.8,0,3583940.745,18569.5,0,376857.3325,1665.5,0,-89.63719454327858,-91.06625614178128,0,0.0714199054553845,0.0768137067832639,381.0,373.0,40606662.21290058,1308678.0,11,3691514.746627325,31.028765068947884,10469.725937167126,121559.0,40.30964387663604,0.2777566003618578,observado,77377189
500830,TRES LAGOAS,50,1619436.84,8974.0,observado,1909575.23,10536.0,observado,1919554.49,9837.0,observado,1897926.61,9655.0,observado,2210867.45,11225.0,observado,2375812.42,12139.0,observado,2342257.63,12541.0,observado,2648560.3,12150.0,observado,2974254.77,12942.0,observado,3426911.84,14075.0,observado,3355957.25,13840.0,observado,1567379.03,6400.0,provisorio,2015_2025,26681114.83,127914.0,0,208.5863535656769,1911472.1240000003,10045.4,0,2359035.025,12340.0,0,3101421.04,13251.75,0,62.253009136742165,31.918589603201465,0,0.0709482648213879,0.0717114804180156,382.0,382.0,35500726.78051106,1389753.0,11,3227338.7982282783,25.54463043469671,9204.081588598838,143523.0,9643.053726580409,24.508568558627044,observado,30634325
500630,PARANAIBA,50,1847232.78,10147.0,observado,1900593.71,10373.0,observado,2235364.21,11293.0,observado,2401933.53,12168.0,observado,2516808.52,12825.0,observado,2363834.23,12228.0,observado,2567277.33,13325.0,observado,2700813.78,12363.0,observado,2696083.35,11890.0,observado,2725260.72,11281.0,observado,2649309.17,10998.0,observado,1345266.25,5415.0,provisorio,2015_2025,26604511.33,128891.0,0,206.4109311744032,2180386.55,11361.2,0,2465555.7800000003,12776.5,0,2692866.755,11633.0,0,23.50409861957734,2.3923529204661342,0,0.0707445669834649,0.072259208707088,383.0,381.0,36114046.912273124,461591.0,11,3283095.1738430113,78.23819552866742,27923.20474186022,42638.0,25793.89277170599,65.12666626928689,observado,30634325
240020,ASSU,24,1866097.4,10430.0,observado,2127359.37,11889.0,observado,2560944.03,13183.0,observado,2776013.74,14299.0,observado,2843786.11,14664.0,observado,3235936.0,16696.0,observado,3703247.64,19065.0,observado,4289086.65,19514.0,observado,3046275.78,13500.0,observado,,,sem_registro,,,sem_registro,,,sem_registro,2015_2025,26448746.72,133240.0,2,198.50455358751125,2434840.13,12893.0,0,3469591.8200000003,17880.5,0,3667681.215,16507.0,2,50.63334835868669,28.030714341115328,2,0.0703303703177523,0.0746973564339822,384.0,376.0,37347078.18894662,638195.0,11,3395188.9262678744,58.51985394581064,20877.63144493454,59099.0,,,sem_registro,38082696
352044,ILHA SOLTEIRA,35,2288204.34,12574.0,observado,2232659.93,12218.0,observado,2135692.75,10868.0,observado,2109208.73,10787.0,observado,2202239.73,11322.0,observado,2288002.07,11795.0,observado,2037732.93,10611.0,observado,2111326.5,9736.0,observado,2232817.42,9789.0,observado,3062397.12,12529.0,observado,2852748.69,11628.0,observado,1429122.16,5680.0,provisorio,2015_2025,25553030.21,123857.0,0,206.31074715195751,2193601.096,11553.8,0,2162867.5,11203.0,0,2564822.4325,10920.5,0,16.922918992742897,-5.481313507244368,0,0.067948553344913,0.0694370344929731,385.0,386.0,34915064.97001624,290207.0,11,3174096.815456022,120.31089866893714,42678.84647854807,26257.0,44285.33343489355,113.87842209108761,observado,500288837
350010,ADAMANTINA,35,1763731.21,9820.0,observado,1876426.62,10454.0,observado,2201138.73,11334.0,observado,2258430.97,11621.0,observado,2306603.34,11800.0,observado,2343970.98,11946.0,observado,2316296.19,11913.0,observado,2431993.55,11191.0,observado,2461664.86,10807.0,observado,2625211.32,10853.0,observado,2804550.78,11610.0,observado,1542248.45,6235.0,provisorio,2015_2025,25390018.55,123349.0,0,205.83886817079997,2081266.174,11005.8,0,2330133.585,11929.5,0,2580855.1275,11115.25,0,24.004087499285887,0.9944756401170318,0,0.067515085909375,0.0691522382075599,386.0,387.0,34447764.54564346,386799.0,11,3131614.95869486,89.05856671202216,31889.68947696349,35673.0,32545.62273988731,82.4036985104872,observado,500288837
330030,BARRA DO PIRAI,33,4458715.55,24430.0,observado,4517345.68,24474.0,observado,4859037.86,24427.0,observado,4098663.75,20531.0,observado,3877976.46,19424.0,observado,3444368.32,17353.0,observado,,,sem_registro,,,sem_registro,,,sem_registro,,,sem_registro,,,sem_registro,,,sem_registro,2015_2025,25256107.62,130639.0,5,193.32747204127404,4362347.86,22657.2,0,3444368.32,17353.0,1,,,4,,,4,0.0671590007838226,0.073239177027762,387.0,377.0,39791842.63006215,1079264.0,11,3617440.239096559,36.86942456161064,12104.452664037713,98506.0,,,sem_registro,186284798
430700,ERECHIM,43,1528370.4,8097.0,observado,1696707.79,8724.0,observado,1880352.82,9235.0,observado,1983856.85,9842.0,observado,1934297.3,9729.0,observado,1963702.18,10028.0,observado,2038758.38,10231.0,observado,2210708.36,9953.0,observado,2933573.25,12636.0,observado,3421924.56,13997.0,observado,3464938.14,14172.0,observado,1854319.84,7068.0,provisorio,2015_2025,25057190.03,116644.0,0,214.8176505435341,1804717.032,9125.4,0,2001230.28,10129.5,0,3007786.0775,12689.5,0,66.66247528936712,39.05691805290728,0,0.0666300552002939,0.0653932636136703,388.0,391.0,33205813.4958973,1166005.0,11,3018710.3178088455,28.478277105070134,10003.730687261204,109609.0,12929.59519747466,33.13388040875707,observado,123854933
430350,CAMAQUA,43,1682462.12,9368.0,observado,1827231.31,10080.0,observado,2267026.55,11461.0,observado,2340855.6,11852.0,observado,2305653.17,11678.0,observado,2226334.16,11278.0,observado,2026823.45,10291.0,observado,2250479.68,10218.0,observado,2490457.36,10774.0,observado,2603107.59,10658.0,observado,2721345.91,11169.0,observado,1462743.11,5928.0,provisorio,2015_2025,24741776.9,118827.0,0,208.2167933213832,2084645.75,10887.8,0,2126578.805,10784.5,0,2516347.635,10704.75,0,20.70864486208268,-1.68123955252667,0,0.0657913340892022,0.0666171027692946,389.0,388.0,33607288.25519604,716733.0,11,3055208.02319964,46.889550579080414,16578.97710863041,63961.0,17462.203530276263,44.595550952127084,observado,123854933
432260,VENANCIO AIRES,43,1723481.17,9517.0,observado,1723405.03,9407.0,observado,1938964.81,9771.0,observado,2104546.96,10470.0,observado,2227681.78,11154.0,observado,2517472.75,13033.0,observado,2411642.47,12368.0,observado,2550659.08,11618.0,observado,2273546.58,9957.0,observado,2526823.87,10395.0,observado,2579925.94,10601.0,observado,1249290.55,5053.0,provisorio,2015_2025,24578150.440000005,118291.0,0,207.77701126882016,1943615.95,10063.8,0,2464557.6100000003,12700.5,0,2482738.8675,10642.75,0,27.73814021746428,5.752797154156486,0,0.0653562318271778,0.066316609050827,390.0,389.0,33317185.330062486,777723.0,11,3028835.0300056804,42.839398256271814,15209.914069662334,70842.0,14964.286722565708,38.171520174796356,observado,123854933
430770,ESTEIO,43,2735001.95,14779.0,observado,2784738.66,14747.0,observado,2635220.68,13088.0,observado,2658194.88,13112.0,observado,2685644.39,13211.0,observado,2242965.64,11098.0,observado,955791.16,4720.0,observado,1099545.5,4949.0,observado,1270944.38,5418.0,observado,2449707.87,9866.0,observado,2954308.5,11745.0,observado,1778801.68,6531.0,provisorio,2015_2025,24472063.610000003,116733.0,0,209.6413491471992,2699760.1120000007,13787.4,0,1599378.4,7909.0,0,1943626.5625,7994.5,0,-28.00743466573597,-42.01589857406037,0,0.0650741343002619,0.0654431590258785,391.0,390.0,34570137.217352584,894903.0,11,3142739.7470320533,38.63003835874121,13044.207025789387,78144.0,15029.944717444718,39.626273848775206,observado,123854933
250630,GUARABIRA,25,,,sem_registro,,,sem_registro,,,sem_registro,246561.6,1255.0,observado,1970684.77,10106.0,observado,2378939.26,12359.0,observado,2725866.08,14144.0,observado,3325756.75,15242.0,observado,3945816.12,17302.0,observado,4519203.14,18787.0,observado,4771169.85,19735.0,observado,2575387.38,10331.0,provisorio,2015_2025,23883997.57,108930.0,3,219.26005296979716,1108623.185,5680.5,3,2552402.67,13251.5,0,4140486.465,17766.5,0,273.4800535494844,212.7629610069536,3,0.0635103966002362,0.0610686208072177,392.0,395.0,28734736.836890236,647426.0,11,2612248.803353658,44.38304429678486,16825.08889046779,60057.0,32860.449239888774,83.26917724224768,observado,44454005
412820,UNIAO DA VITORIA,41,1226244.66,6812.0,observado,1151916.91,6243.0,observado,1513515.03,7706.0,observado,1714416.15,8769.0,observado,2109630.67,10764.0,observado,2304318.43,11816.0,observado,2324285.09,12085.0,observado,2582136.57,11698.0,observado,2638948.02,11513.0,observado,2808796.86,11174.0,observado,3307461.06,11421.0,observado,1661677.86,5720.0,provisorio,2015_2025,23681669.45,110001.0,0,215.28594694593684,1543144.684,8058.8,0,2314301.76,11950.5,0,2834335.6275,11451.5,0,83.67270787293204,42.09931999801459,0,0.0629723820108896,0.0616690476215437,393.0,394.0,31175197.360630963,624482.0,11,2834108.850966451,49.92169087440625,17614.75911235232,56560.0,20192.71570014144,61.29264588880167,observado,126416037
410490,CASTRO,41,1238825.47,6828.0,observado,1527087.62,8318.0,observado,2121879.42,10765.0,observado,2387678.47,11949.0,observado,2478496.69,12314.0,observado,2601373.4,12777.0,observado,2570295.56,13108.0,observado,2885937.84,13168.0,observado,1367310.37,6204.0,observado,1015200.23,4182.0,observado,3366109.88,12063.0,observado,2074676.62,7178.0,provisorio,2015_2025,23560194.95,111676.0,0,210.9691872022637,1950793.534,10034.8,0,2585834.48,12942.5,0,2158639.58,8904.25,0,10.654435868147605,-11.266293299318365,0,0.062649366835176,0.0626080904917547,394.0,392.0,32073654.110933144,798224.0,11,2915786.7373575587,40.18127005819562,13990.559041071177,75644.0,15947.067844111893,46.64196439072208,observado,126416037
412710,TELEMACO BORBA,41,2236360.6,12369.0,observado,2005047.21,11078.0,observado,2042508.62,10432.0,observado,1985006.15,10136.0,observado,1960152.51,10015.0,observado,1860663.12,9508.0,observado,1599305.37,8243.0,observado,1430432.04,6559.0,observado,2557119.51,11100.0,observado,2750568.07,11318.0,observado,2714768.33,9687.0,observado,1459108.9500000002,5028.0,provisorio,2015_2025,23141931.53,110445.0,0,209.53353732627104,2045815.018,10806.0,0,1729984.245,8875.5,0,2363221.9875,9666.0,0,15.51493985073482,-10.549694614103275,0,0.0615371545428361,0.0619179640599757,395.0,393.0,31643013.000740677,852931.0,11,2876637.5455218796,37.09914752862855,12948.878631448499,77479.0,12502.742678661316,36.72584507353408,observado,126416037
354940,SAO JOAQUIM DA BARRA,35,,,sem_registro,,,sem_registro,548987.16,2822.0,observado,2243277.2,11451.0,observado,2875174.46,14574.0,observado,2713757.29,13845.0,observado,2464203.43,12542.0,observado,2627593.49,11896.0,observado,2739533.64,11863.0,observado,3022757.2,12402.0,observado,3610240.84,14823.0,observado,1942332.33,7815.0,provisorio,2015_2025,22845524.71,106218.0,2,215.08148063416743,1889146.2733333332,9615.666666666666,2,2588980.3600000003,13193.5,0,3000031.2925000004,12746.0,0,58.80354712854228,32.55451173432247,2,0.0607489734756574,0.0595482122913894,396.0,397.0,29012794.11030543,557382.0,11,2637526.7373004933,52.05190356040458,19056.58955617512,49885.0,29714.34298887441,75.85587610651893,observado,500288837
421930,VIDEIRA,42,1736039.4,9203.0,observado,1616139.27,8377.0,observado,1895510.85,9381.0,observado,1964603.79,9838.0,observado,1853670.87,9290.0,observado,1782787.9,9016.0,observado,1745284.16,8973.0,observado,2216617.32,10112.0,observado,2608234.12,11312.0,observado,2775469.41,11329.0,observado,2568867.55,10529.0,observado,1303666.69,5266.0,provisorio,2015_2025,22763224.64,107360.0,0,212.02705514157972,1813192.836,9217.8,0,1764036.0299999998,8994.5,0,2542297.1,10820.5,0,40.21107129501142,17.387012085313213,0,0.0605301277790521,0.0601884433109602,397.0,396.0,30659165.02412248,597525.0,11,2787196.820374771,51.31026320927573,17967.449060708757,59074.0,17823.407929038156,45.57937487963135,observado,81248649
330620,VASSOURAS,33,1529572.02,8351.0,observado,1563547.58,8467.0,observado,1672259.58,8391.0,observado,1731442.53,8669.0,observado,1879558.52,9527.0,observado,1915901.89,9810.0,observado,2003849.18,10257.0,observado,2305000.91,10448.0,observado,2387779.71,10203.0,observado,2561299.39,10288.0,observado,2391276.51,9673.0,observado,1239655.89,4789.0,provisorio,2015_2025,21941487.82,104084.0,0,210.8055783790016,1675276.046,8681.0,0,1959875.535,10033.5,0,2411339.13,10153.0,0,43.93682377047488,16.956571823522637,0,0.0583450316205778,0.0583518436436101,398.0,398.0,29497222.59688167,395479.0,11,2681565.690625606,74.58606549748954,26318.464444382633,35907.0,26939.03695658228,69.80293864787187,observado,186284798
430470,CARAZINHO,43,1372666.49,7568.0,observado,1412603.2,7764.0,observado,1736360.01,8837.0,observado,1818154.29,9181.0,observado,1796837.87,9007.0,observado,1908656.81,9640.0,observado,2009652.82,10108.0,observado,2473641.38,11106.0,observado,2390750.27,10302.0,observado,2234726.57,9175.0,observado,1983338.33,8068.0,observado,618696.6699999999,2470.0,provisorio,2015_2025,21137388.04,100756.0,0,209.7878839969828,1627324.372,8471.4,0,1959154.815,9874.0,0,2270614.1375,9662.75,0,39.53051871947262,14.063200887692703,0,0.0562068344538644,0.0564860916005878,399.0,400.0,28500288.731406562,687134.0,11,2590935.3392187785,41.47704629869365,14663.224349253567,63670.0,12671.587874980367,32.650135331709635,observado,123854933
420140,ARARANGUA,42,1394799.39,7557.0,observado,1514527.82,8156.0,observado,1668431.56,8444.0,observado,1963078.62,9932.0,observado,1775316.62,9040.0,observado,1846339.24,9556.0,observado,1541879.75,7909.0,observado,1947600.89,8855.0,observado,2319109.99,10108.0,observado,2473608.61,10197.0,observado,2528205.16,10499.0,observado,1467000.94,5978.0,provisorio,2015_2025,20972897.65,100253.0,0,209.1997012558228,1663230.802,8625.8,0,1694109.495,8732.5,0,2317131.1625,9914.75,0,39.31507038672557,14.942961812237709,0,0.0557694348989863,0.0562040984282199,400.0,401.0,28204674.97785179,771354.0,11,2564061.36162289,36.565150343229945,12997.015637437546,76611.0,13704.298338358722,34.589494297452575,observado,81248649
351340,CRUZEIRO,35,1638297.58,9158.0,observado,1591681.33,8912.0,observado,1654812.58,8566.0,observado,1827927.99,9438.0,observado,1956408.06,10144.0,observado,2023507.85,10518.0,observado,1838541.9,9589.0,observado,2044574.09,9448.0,observado,841826.86,3844.0,observado,2027352.9,8332.0,observado,3481044.52,14254.0,observado,1920236.1,7802.0,provisorio,2015_2025,20925975.66,102203.0,0,204.7491331956988,1733825.508,9243.6,0,1931024.875,10053.5,0,2098699.5925,8969.5,0,21.04445244440363,-2.9652949067462964,0,0.0556446637343001,0.0572973125159283,401.0,399.0,28369905.809325814,877462.0,11,2579082.346302347,32.331777113226345,11647.569923255936,76444.0,18646.329339124066,47.7297549062342,observado,500288837
431710,SANT'ANA DO LIVRAMENTO,43,1414056.11,7631.0,observado,1449476.16,7601.0,observado,1509958.64,7374.0,observado,1533660.52,7470.0,observado,1626556.59,7957.0,observado,1599380.37,7862.0,observado,1692726.22,8281.0,observado,1842062.8,8226.0,observado,2335680.84,9930.0,observado,2889524.92,11762.0,observado,2957643.92,12230.0,observado,1537343.51,6138.0,provisorio,2015_2025,20850727.090000004,96324.0,0,216.46450614592425,1506741.6039999998,7606.6,0,1646053.295,8071.5,0,2506228.12,10537.0,0,66.3343013391698,38.52443930271079,0,0.0554445688167598,0.0540014121971398,402.0,404.0,27657393.142645277,899561.0,11,2514308.467513207,30.74543376451989,10707.889737327429,87329.0,14004.511674243378,35.49853497492901,observado,123854933
330420,RESENDE,33,1151040.48,6418.0,observado,1323723.11,7359.0,observado,1512460.23,7789.0,observado,1785708.67,9140.0,observado,1628580.91,8281.0,observado,1685127.55,8591.0,observado,1689390.15,8546.0,observado,1742834.04,7958.0,observado,2356127.83,10070.0,observado,2819631.66,11354.0,observado,2856890.83,11575.0,observado,1267805.63,4991.0,provisorio,2015_2025,20551515.46,97081.0,0,211.6945175678042,1480302.6800000002,7797.4,0,1687258.85,8568.5,0,2443871.09,10239.25,0,65.09266131977817,31.31620796675816,0,0.0546489294254474,0.0544258035122143,403.0,403.0,27215058.316928357,1443925.0,11,2474096.2106298506,18.847972240198317,6723.410149419118,137697.0,8406.138114846366,21.746641602981757,observado,186284798
150170,BRAGANCA,15,1461733.27,8137.0,observado,1458617.64,8124.0,observado,1556253.17,7995.0,observado,1545828.11,7935.0,observado,1561614.43,8040.0,observado,1571580.04,8135.0,observado,1548744.71,7962.0,observado,1770639.64,8113.0,observado,1866350.92,8185.0,observado,2910051.79,12135.0,observado,3261688.18,13564.0,observado,1365206.14,5525.0,provisorio,2015_2025,20513101.9,98325.0,0,208.62549605898803,1516809.324,8046.2,0,1560162.375,8048.5,0,2452182.6325,10499.25,0,61.66716499561811,30.48706221570432,0,0.0545467831903677,0.0551232180379113,404.0,402.0,27240936.385146108,1396309.0,11,2476448.7622860097,19.50924643839301,7041.779434208332,132489.0,10237.83106522051,25.80391770180817,observado,93281750
421950,XANXERE,42,1626813.85,8758.0,observado,1499586.18,7864.0,observado,1404686.74,6932.0,observado,1579536.16,7959.0,observado,1603662.64,8036.0,observado,1712295.08,8691.0,observado,1595869.92,8025.0,observado,1866883.25,8508.0,observado,2236693.79,9620.0,observado,2466298.98,10019.0,observado,2610244.77,10712.0,observado,1228939.49,5003.0,provisorio,2015_2025,20202571.36,95124.0,0,212.3814322358185,1542857.114,7909.8,0,1654082.5,8358.0,0,2295030.1975,9714.75,0,48.75196002758293,22.819161040734272,0,0.0537210454681089,0.0533286650662423,405.0,405.0,27106555.25940197,565965.0,11,2464232.29630927,47.89440205560763,16807.39975086799,54891.0,19515.038895265163,49.84287923369556,observado,81248649
522010,SAO LUIS DE MONTES BELOS,52,,,sem_registro,937751.06,5116.0,observado,1770929.35,8971.0,observado,1547792.5,7851.0,observado,1748284.1,8860.0,observado,1737665.27,8791.0,observado,1704287.68,8736.0,observado,2113680.28,9680.0,observado,2444131.81,10688.0,observado,2802814.67,11586.0,observado,2859428.66,11752.0,observado,1470830.52,5956.0,provisorio,2015_2025,19666765.38,92031.0,1,213.69718225380575,1501189.2525,7699.5,1,1720976.475,8763.5,0,2555013.855,10926.5,0,70.1993170244869,41.91181245535424,1,0.0522962734972174,0.0515946593363541,406.0,407.0,25387790.4556354,372956.0,11,2307980.950512309,68.07181130115993,24676.101202286594,35288.0,33303.10587168443,84.93276277544675,observado,77377189
430040,ALEGRETE,43,1361246.19,7527.0,observado,1487366.96,8076.0,observado,1599949.84,8123.0,observado,1551301.63,7900.0,observado,1696019.07,8603.0,observado,1848930.35,9395.0,observado,1889944.48,9721.0,observado,1861130.99,8456.0,observado,1971882.06,8577.0,observado,1910577.38,7827.0,observado,2367879.02,9573.0,observado,1298226.92,5081.0,provisorio,2015_2025,19546227.97,93778.0,0,208.43084700036252,1539176.738,8045.8,0,1869437.415,9558.0,0,2027867.3625,8608.25,0,31.75013060131109,6.990603793283445,0,0.0519757501555185,0.052574067034419,407.0,406.0,26419455.930659737,822415.0,11,2401768.720969067,32.12423889479124,11402.7589477332,74285.0,12886.854681295012,33.41037977973011,observado,123854933
352340,ITATIBA,35,,,sem_registro,,,sem_registro,,,sem_registro,1523586.21,7403.0,observado,2209558.01,11285.0,observado,2296240.65,11712.0,observado,2344370.39,11939.0,observado,2582011.61,11764.0,observado,2710910.82,11796.0,observado,2823146.36,11599.0,observado,3018804.04,12351.0,observado,1621648.26,6465.0,provisorio,2015_2025,19508628.09,89849.0,3,217.12682489510175,1866572.11,9344.0,3,2320305.52,11825.5,0,2783718.2075,11877.5,0,49.13531561874669,27.113655821917803,3,0.0518757675925525,0.0503713808033388,408.0,408.0,24395171.812226124,1330560.0,11,2217742.8920205566,18.334514649640845,6752.720658970659,127112.0,9716.62785574926,24.892665368710727,observado,500288837
220190,BOM JESUS,22,636282.36,3547.0,observado,968929.34,5411.0,observado,1111552.84,5711.0,observado,1327426.44,6792.0,observado,1543736.27,7837.0,observado,1452310.98,7462.0,observado,1515804.59,7806.0,observado,1934137.21,8845.0,observado,2382292.59,10393.0,observado,2663285.72,11046.0,observado,3017722.4,12511.0,observado,1554843.62,6235.0,provisorio,2015_2025,18553480.74,87361.0,0,212.37715616808416,1117585.45,5859.6,0,1484057.785,7634.0,0,2499359.48,10698.75,0,123.63922866032304,82.58498873643252,0,0.0493359169317753,0.0489765517519448,409.0,409.0,23964159.623379868,294004.0,11,2178559.9657618064,81.50963804363161,29714.221575216667,30658.0,40808.27190292909,103.17120361560468,observado,36098338
292860,SANTO AMARO,29,,,sem_registro,,,sem_registro,,,sem_registro,,,sem_registro,,,sem_registro,2400.0,4.0,observado,27141.06,53.0,observado,35635.94,46.0,observado,4614500.48,19963.0,observado,6354811.65,26254.0,observado,6957515.63,28658.0,observado,3376343.63,13579.0,provisorio,2015_2025,17992004.76,74978.0,5,239.96378617727868,,,5,14770.53,28.5,0,4490615.925,18730.25,0,,,5,0.047842885370924,0.042034361983692,410.0,417.0,19670495.415467978,655424.0,11,1788226.8559516342,30.011863183935862,11439.617713113954,58398.0,49073.59841090449,124.87607714165961,observado,163780358
431800,SAO BORJA,43,1259241.49,6845.0,observado,1337717.69,7201.0,observado,1447112.01,7284.0,observado,1559626.79,7790.0,observado,1664396.29,8300.0,observado,1760105.87,8832.0,observado,1649084.41,8585.0,observado,1744966.31,8038.0,observado,1670475.73,7270.0,observado,1702670.47,7038.0,observado,1742350.45,7190.0,observado,882931.93,3609.0,provisorio,2015_2025,17537747.51,84373.0,0,207.8597123487372,1453618.8539999998,7484.0,0,1704595.14,8708.5,0,1715115.74,7384.0,0,17.989370823061734,-1.3361838588989872,0,0.0466349611940153,0.0473014113960101,411.0,410.0,23906118.218749836,672125.0,11,2173283.4744318034,35.56796461781638,12553.170913148595,61311.0,11727.096279623558,29.786545767862517,observado,123854933
500330,COXIM,50,,,sem_registro,,,sem_registro,1227824.28,6305.0,observado,1472118.16,7610.0,observado,1568633.45,8043.0,observado,1672246.18,8676.0,observado,1714967.23,8807.0,observado,2009057.27,9133.0,observado,2461195.8,10665.0,observado,2677213.1,10984.0,observado,2637401.51,10779.0,observado,1367013.33,5256.0,provisorio,2015_2025,17440656.98,81002.0,2,215.31143650774052,1422858.63,7319.333333333333,2,1693606.705,8741.5,0,2446216.92,10390.25,0,71.92269621332656,41.95623462974771,2,0.0463767859011919,0.0454115525807973,412.0,412.0,22064465.98368593,365504.0,11,2005860.5439714482,60.36723533445853,22161.727368236738,33440.0,32233.85167464115,82.66715892022992,observado,30634325
420430,CONCORDIA,42,1161035.93,6542.0,observado,1292763.29,7179.0,observado,1480454.46,7605.0,observado,1514689.82,7794.0,observado,1472757.51,7554.0,observado,1561416.21,8052.0,observado,1445963.04,7471.0,observado,1719602.26,7843.0,observado,1810865.03,7858.0,observado,2008232.1,8270.0,observado,1964739.73,8050.0,observado,1124446.14,4505.0,provisorio,2015_2025,17432519.38,84218.0,0,206.99279702676387,1384340.202,7334.8,0,1503689.625,7761.5,0,1875859.7800000005,8005.25,0,35.50569269677253,9.14067186562688,0,0.0463551470527596,0.0472145148916025,413.0,411.0,23512257.528712813,857831.0,11,2137477.95715571,27.408962288274513,9817.55147575688,87206.0,9231.016214480656,23.614659682861475,observado,81248649
210320,CHAPADINHA,21,,,sem_registro,,,sem_registro,,,sem_registro,,,sem_registro,,,sem_registro,23886.6,123.0,observado,1559408.31,7941.0,observado,1882407.8,8666.0,observado,3970211.51,17374.0,observado,4758378.41,19850.0,observado,5219030.68,21642.0,observado,3409194.0,13308.0,provisorio,2015_2025,17413323.310000002,75596.0,5,230.34715209799464,,,5,791647.4550000001,4032.0,0,3957507.1,16883.0,0,,,5,0.0463041024143865,0.0423808267561042,414.0,416.0,19612487.79235977,887482.0,11,1782953.4356690699,22.099025999805935,8518.031915013487,84395.0,25643.699271283844,64.81808004457444,observado,76935230
150553,PARAUAPEBAS,15,,,sem_registro,,,sem_registro,11000.0,21.0,observado,3600.0,6.0,observado,9600.0,16.0,observado,3000.0,5.0,observado,1699563.2,8714.0,observado,2103616.96,9602.0,observado,1989273.32,8869.0,observado,4415438.75,18467.0,observado,6705154.85,24899.0,observado,7688831.08,13294.0,provisorio,2015_2025,16940247.08,70599.0,2,239.95024122154703,8066.666666666667,14.333333333333334,2,851281.6,4359.5,0,3803370.97,15459.25,0,47049.22690082645,107755.23255813953,2,0.0450461363263651,0.0395793955785253,415.0,423.0,18974034.948221296,2587435.0,11,1724912.268020118,7.333144580722336,2728.532310956604,305771.0,8143.022065532703,22.984525837937163,observado,93281750
432240,URUGUAIANA,43,1136171.66,6177.0,observado,1271773.56,6506.0,observado,1399481.82,6796.0,observado,1103977.97,5416.0,observado,1268712.13,6323.0,observado,1475265.69,7436.0,observado,1466643.75,7493.0,observado,1814733.32,8272.0,observado,1672004.69,7255.0,observado,2022412.15,8156.0,observado,2043287.92,8364.0,observado,1121759.87,4227.0,provisorio,2015_2025,16674464.66,78194.0,0,213.2448098319564,1236023.4279999998,6243.6,0,1470954.72,7464.5,0,1888109.52,8011.75,0,52.75677444521709,28.31939906464218,0,0.0443393891893292,0.0438373242944972,416.0,413.0,22338577.51402025,1374784.0,11,2030779.7740018407,16.248790729322025,5687.729854289838,120819.0,6922.752216124947,17.72627004250217,observado,123854933
320230,GUACUI,32,,,sem_registro,,,sem_registro,,,sem_registro,,,sem_registro,135556.6,693.0,observado,1679683.44,8623.0,observado,2012880.8,10321.0,observado,2948619.43,13462.0,observado,2983923.7,13079.0,observado,3358364.54,13750.0,observado,3553597.82,14544.0,observado,1868774.94,7510.0,provisorio,2015_2025,16672626.330000002,74472.0,4,223.8777839993555,135556.6,693.0,4,1846282.12,9472.0,0,3211126.3725000005,13708.75,0,2268.845465657888,1878.1746031746031,4,0.0443345008507234,0.0417506869434969,417.0,418.0,19623018.090597317,339175.0,11,1783910.735508847,57.85514289259915,21956.80695806,31418.0,46291.93455980648,118.55306047381721,observado,44111763
280350,LAGARTO,28,,,sem_registro,,,sem_registro,,,sem_registro,,,sem_registro,,,sem_registro,,,sem_registro,,,sem_registro,2591122.79,11815.0,observado,4210056.7,18510.0,observado,4717820.0,19540.0,observado,4614620.71,19118.0,observado,2367174.14,9359.0,provisorio,2015_2025,16133620.2,68983.0,7,233.8782047750895,,,5,,,2,4033405.05,17245.75,0,,,5,0.042901219299512,0.03867342944225,418.0,424.0,17979839.096369203,1145407.0,11,1634530.8269426548,15.697336489448032,6022.575381501946,105957.0,18043.168455128023,45.64880235172395,observado,25081519
314700,PARACATU,31,1166083.28,6551.0,observado,1287612.3,7216.0,observado,1268506.93,6568.0,observado,1403630.18,7239.0,observado,1325056.5,6810.0,observado,1249636.95,6434.0,observado,1351154.42,7058.0,observado,1588129.75,7307.0,observado,1636234.07,7215.0,observado,1732333.33,7189.0,observado,1722270.47,7166.0,observado,291091.76,1208.0,provisorio,2015_2025,15730648.18,76753.0,0,204.9515742707125,1290177.838,6876.8,0,1300395.685,6746.0,0,1669741.905,7219.25,0,29.419515342814307,4.97978711028384,0,0.041829668662564,0.0430294671148111,419.0,414.0,21308097.132185303,1036736.0,11,1937099.739289573,20.55305992285915,7403.331224149638,99005.0,7238.018281904954,18.233383125292313,observado,232083531
410180,ARAUCARIA,41,,,sem_registro,,,sem_registro,,,sem_registro,,,sem_registro,,,sem_registro,,,sem_registro,,,sem_registro,2324369.23,10591.0,observado,3378087.94,14562.0,observado,4511365.17,18678.0,observado,5002255.62,20825.0,observado,2551943.14,10416.0,provisorio,2015_2025,15216077.96,64656.0,7,235.3389934422173,,,5,,,2,3804019.49,16164.0,0,,,5,0.0404613651088942,0.0362476154127556,420.0,428.0,16882590.963716142,1616075.0,11,1534780.9967014675,10.446663034646376,4000.804418111783,162247.0,12835.368296486222,32.315600903520156,observado,126416037
430210,BENTO GONCALVES,43,1234525.12,6781.0,observado,1227676.07,6652.0,observado,1328242.13,6636.0,observado,1350260.3,6718.0,observado,1419839.21,7060.0,observado,1460315.97,7393.0,observado,1231053.66,6170.0,observado,1263836.22,5780.0,observado,1461284.26,6403.0,observado,1582031.27,6555.0,observado,1609637.64,6613.0,observado,853359.22,3447.0,provisorio,2015_2025,15168701.85,72761.0,0,208.4729710971537,1312108.566,6769.4,0,1345684.815,6781.5,0,1479197.3475,6337.75,0,12.73437166936382,-6.376488315064844,0,0.0403353863849952,0.0407914616593589,421.0,419.0,20751651.46352301,1331300.0,11,1886513.769411183,15.58750954970556,5465.40974986855,127977.0,5167.334755463872,13.183150929642796,observado,123854933
420480,CURITIBANOS,42,1176190.68,6402.0,observado,1169747.95,6320.0,observado,1322648.47,6610.0,observado,1309981.36,6550.0,observado,1222710.14,6110.0,observado,1058279.47,5254.0,observado,1056111.61,5238.0,observado,1345416.99,6001.0,observado,1429153.74,6181.0,observado,1755370.45,7202.0,observado,2225929.34,9137.0,observado,1346233.45,5404.0,provisorio,2015_2025,15071540.2,71005.0,0,212.2602661784381,1240255.72,6398.4,0,1057195.54,5246.0,0,1688967.63,7130.25,0,36.178983314828,11.4380157539385,0,0.0400770219756141,0.0398070083578123,422.0,422.0,20290436.661201857,441536.0,11,1844585.1510183506,45.954206817115384,16081.361429192637,41741.0,21889.74868834,55.8948191154154,observado,81248649
431640,ROSARIO DO SUL,43,1134646.99,6209.0,observado,1015950.83,5583.0,observado,1231888.84,6279.0,observado,1228120.95,6256.0,observado,1395215.11,7140.0,observado,1337579.03,6889.0,observado,1118544.19,5873.0,observado,1429014.91,6528.0,observado,1700470.92,7328.0,observado,1725877.53,6946.0,observado,1575860.2,6365.0,observado,879578.1300000001,3463.0,provisorio,2015_2025,14893169.499999998,71396.0,0,208.59949436943245,1201164.5440000002,6293.4,0,1228061.61,6381.0,0,1607805.89,6791.75,0,33.85392517879713,7.918613150284437,0,0.0396027130218612,0.040026211797963,423.0,420.0,20128350.24359434,428896.0,11,1829850.02214494,46.93060845425077,16646.45974781765,37674.0,16894.940807984283,43.84287084103147,observado,123854933
261390,SERRA TALHADA,26,,,sem_registro,,,sem_registro,,,sem_registro,,,sem_registro,,,sem_registro,,,sem_registro,,,sem_registro,542399.21,2484.0,observado,3996944.08,17332.0,observado,5184741.44,21346.0,observado,5164630.55,21221.0,observado,2645049.01,10639.0,provisorio,2015_2025,14888715.28,62383.0,7,238.66622765817613,,,5,,,2,3722178.82,15595.75,0,,,5,0.0395908687199216,0.034973320222314,424.0,429.0,16363761.997378677,985723.0,11,1487614.7270344251,16.600771207914065,6328.654195955659,98816.0,21475.267163212437,54.78163883073913,observado,104029144
432080,SOLEDADE,43,1118621.94,6249.0,observado,1145498.46,6400.0,observado,1269510.53,6541.0,observado,1291751.7,6654.0,observado,1181502.63,6086.0,observado,1183075.01,6151.0,observado,1222266.82,6345.0,observado,1489154.87,6788.0,observado,1459409.82,6382.0,observado,1613601.35,6754.0,observado,1679773.32,6975.0,observado,922840.58,3755.0,provisorio,2015_2025,14654166.45,71325.0,0,205.4562418506835,1201377.052,6386.0,0,1202670.915,6248.0,0,1560484.8400000003,6724.75,0,29.891347383585654,5.304572502348881,0,0.0389671754218561,0.0399864075927183,425.0,421.0,19851138.34791153,340332.0,11,1804648.9407192299,58.32874471960183,20957.476816755407,30939.0,22544.361485503734,56.90722875387052,observado,123854933
355060,SAO ROQUE,35,2841895.04,15871.0,observado,2886002.83,16013.0,observado,3150995.64,16139.0,observado,4424216.35,22556.0,observado,1203678.56,6146.0,observado,,,sem_registro,,,sem_registro,,,sem_registro,,,sem_registro,,,sem_registro,,,sem_registro,,,sem_registro,2015_2025,14506788.42,76725.0,6,189.07511788856303,2901357.684,15345.0,0,,,2,,,4,,,4,0.0385752796720752,0.0430137696817569,426.0,415.0,23234001.823696725,951189.0,11,2112181.9839724298,24.426272616374586,8066.220277988917,81366.0,,,sem_registro,500288837
316870,TIMOTEO,31,,,sem_registro,,,sem_registro,,,sem_registro,,,sem_registro,,,sem_registro,,,sem_registro,,,sem_registro,2211101.97,10091.0,observado,3908545.14,17070.0,observado,4104505.46,17002.0,observado,4171460.31,17290.0,observado,2258419.4,9110.0,provisorio,2015_2025,14395612.88,61453.0,7,234.2540295835842,,,5,,,2,3598903.22,15363.25,0,,,5,0.0382796506586761,0.0344519411958684,427.0,430.0,16037243.273334248,958158.0,11,1457931.20666675,16.73757696886552,6413.660377516026,84172.0,20541.272632229247,51.94496999157651,observado,232083531
120020,CRUZEIRO DO SUL,12,,,sem_registro,67496.01,337.0,observado,958473.42,4325.0,observado,936247.27,4324.0,observado,998204.34,5137.0,observado,1056234.93,5520.0,observado,1217713.95,6378.0,observado,1710386.1,7932.0,observado,2181763.57,9756.0,observado,2545533.99,10734.0,observado,2513379.31,10571.0,observado,1411249.16,5645.0,provisorio,2015_2025,14185432.89,65014.0,1,218.19043421416927,740105.26,3530.75,1,1136974.44,5949.0,0,2237765.7425,9748.25,0,202.3577676640212,176.09573036890177,1,0.0377207570110272,0.0364483183068067,428.0,427.0,17612598.433144867,985363.0,11,1601145.312104079,17.87422344166045,6597.974553540167,98916.0,10686.845404181326,26.6326584935837,observado,9452331
431330,NOVA PRATA,43,947155.28,5275.0,observado,921688.69,5137.0,observado,902743.37,4660.0,observado,1085425.22,5591.0,observado,1117131.92,5728.0,observado,1041038.55,5324.0,observado,1223790.86,6314.0,observado,1455971.74,6729.0,observado,1719012.68,7560.0,observado,1808268.83,7565.0,observado,1712542.89,7129.0,observado,731259.53,3007.0,provisorio,2015_2025,13934770.03,67012.0,0,207.9443984659464,994828.896,5278.2,0,1132414.705,5819.0,0,1673949.035,7245.75,0,68.26501941495675,37.27691258383541,0,0.0370542145863392,0.0375684422797509,429.0,425.0,18500765.150178652,290758.0,11,1681887.740925332,63.62942773777042,23047.345214921,26637.0,26763.52442091827,67.387473924479,observado,123854933
421003,LUZERNA,42,,,sem_registro,,,sem_registro,,,sem_registro,,,sem_registro,,,sem_registro,,,sem_registro,1958365.81,10037.0,observado,2296463.76,10554.0,observado,2587974.13,11233.0,observado,3156722.31,12863.0,observado,3677557.52,14927.0,observado,1875567.05,7510.0,provisorio,2015_2025,13677083.53,59614.0,6,229.4273749454826,,,5,1958365.81,10037.0,1,2929679.43,12394.25,0,,,5,0.0363689954656472,0.033420956217768,430.0,431.0,15633293.558575759,63385.0,11,1421208.505325069,246.6402707040429,94050.64289658437,5951.0,250831.79297597043,647.7278258098015,observado,81248649
431830,SAO GABRIEL,43,1172183.39,6306.0,observado,1133117.05,6069.0,observado,1225254.1,6207.0,observado,1124503.05,5733.0,observado,1171080.88,6007.0,observado,1153652.77,5946.0,observado,1108714.87,5805.0,observado,1027166.77,4762.0,observado,1368046.68,6032.0,observado,1607192.26,6683.0,observado,1370652.2,5705.0,observado,603715.34,2446.0,provisorio,2015_2025,13461564.019999998,65255.0,0,206.29168676729748,1165227.694,6064.4,0,1131183.82,5875.5,0,1343264.4775,5795.5,0,15.279141099782343,-4.434074269507282,0,0.0357959033978276,0.0365834283555952,431.0,426.0,18404145.671052616,675084.0,11,1673104.151913874,27.262008388663656,9666.204501958275,60090.0,9494.092195040772,23.908266817099747,observado,123854933
292880,SANTO ESTEVAO,29,,,sem_registro,,,sem_registro,,,sem_registro,,,sem_registro,,,sem_registro,,,sem_registro,15411.7,30.0,observado,278898.64,1190.0,observado,3079166.62,13511.0,observado,3996173.22,16461.0,observado,5358604.08,21881.0,observado,2927000.3,11642.0,provisorio,2015_2025,12728254.26,53073.0,6,239.82541518286132,,,5,15411.7,30.0,1,3178210.64,13260.75,0,,,5,0.0338459453327287,0.0297539237317678,432.0,434.0,13908052.2137901,588715.0,11,1264368.3830718272,23.62442304644879,9015.058220021572,55146.0,39678.30849018968,101.84991816381444,observado,163780358
431740,SANTIAGO,43,598694.8,3356.0,observado,798110.29,4460.0,observado,836691.75,4274.0,observado,832175.6,4164.0,observado,868287.08,4233.0,observado,886038.45,4380.0,observado,921150.61,4690.0,observado,1311307.89,5936.0,observado,1427397.46,6192.0,observado,1659042.73,6762.0,observado,1511095.1,6142.0,observado,810977.2,3214.0,provisorio,2015_2025,11649991.76,54589.0,0,213.4128077085127,786791.904,4097.4,0,903594.53,4535.0,0,1477210.795,6258.0,0,87.75114328070157,52.73100014643435,0,0.0309787168123164,0.0306038276071349,433.0,433.0,15323177.38052965,548751.0,11,1393016.1255026953,27.923734773202508,9947.86342075003,50336.0,12202.002542911634,31.46560792092592,observado,123854933
420900,JOACABA,42,1807829.04,10029.0,observado,1794530.1,9897.0,observado,2209039.82,11248.0,observado,2249299.15,11431.0,observado,2228908.63,11306.0,observado,186736.93,953.0,observado,,,sem_registro,,,sem_registro,,,sem_registro,,,sem_registro,,,sem_registro,,,sem_registro,2015_2025,10476343.67,54864.0,5,190.95114592446777,2057921.348,10782.2,0,186736.93,953.0,1,,,4,,,4,0.027857846637776,0.0307579988246322,434.0,432.0,16588144.359695282,333243.0,11,1508013.123608662,49.77792289619072,16463.661652307776,31809.0,,,sem_registro,81248649
410590,COLORADO,41,,,sem_registro,,,sem_registro,,,sem_registro,,,sem_registro,,,sem_registro,,,sem_registro,1251898.92,6469.0,observado,1995356.45,9136.0,observado,2015915.08,8824.0,observado,2393586.42,9967.0,observado,2486782.51,10373.0,observado,1325003.02,5472.0,provisorio,2015_2025,10143539.38,44769.0,6,226.5750715897161,,,5,1251898.92,6469.0,1,2222910.115,9575.0,0,,,5,0.0269728803591531,0.0250985135859573,435.0,436.0,11598536.10288642,260310.0,11,1054412.3729896746,44.556629030334676,17198.340440244327,23313.0,44494.48805387552,111.80537201711306,observado,126416037
314560,OLIVEIRA,31,,,sem_registro,,,sem_registro,,,sem_registro,,,sem_registro,,,sem_registro,,,sem_registro,,,sem_registro,,,sem_registro,1154124.75,4803.0,observado,4143288.85,17220.0,observado,4699074.93,19556.0,observado,2497600.55,10077.0,provisorio,2015_2025,9996488.53,41579.0,8,240.42157170687125,,,5,,,2,3332162.8433333333,13859.666666666666,1,,,6,0.0265818546199932,0.0233101274629882,436.0,437.0,10811847.22418176,452543.0,11,982895.2021983418,23.891314690939335,9187.85618162252,40576.0,48195.97791798107,121.38532034377076,observado,232083531
210910,PRESIDENTE DUTRA,21,,,sem_registro,,,sem_registro,,,sem_registro,,,sem_registro,,,sem_registro,,,sem_registro,,,sem_registro,2440.0,40.0,observado,1735018.19,7492.0,observado,3313221.5,13782.0,observado,4454824.8,18544.0,observado,2344092.41,9160.0,provisorio,2015_2025,9505504.489999998,39858.0,7,238.48423127101205,,,5,,,2,2376376.1225,9964.5,0,,,5,0.0252762695305041,0.0223452959527594,437.0,439.0,10312420.74452938,516760.0,11,937492.7949572164,19.955919081448602,7713.058286245066,46606.0,39788.86838604472,100.18710520424055,observado,76935230
431880,SAO LOURENCO DO SUL,43,748597.04,4172.0,observado,807612.29,4377.0,observado,792851.64,3984.0,observado,856396.57,4322.0,observado,805603.53,4025.0,observado,862841.69,4300.0,observado,941068.21,4757.0,observado,878711.23,4035.0,observado,817727.95,3585.0,observado,896143.4,3611.0,observado,967713.15,3884.0,observado,523088.86,2059.0,provisorio,2015_2025,9375266.7,45052.0,0,208.09879028677972,802212.214,4176.0,0,901954.95,4528.5,0,890073.9325,3778.75,0,10.952428418149209,-9.512691570881229,0,0.0249299517220637,0.0252571697843273,438.0,435.0,12844194.427907715,479111.0,11,1167654.0389007013,26.808389763348607,9403.248933963112,43278.0,8974.536716114422,23.437025388525587,observado,123854933
314180,MINAS NOVAS,31,,,sem_registro,,,sem_registro,,,sem_registro,,,sem_registro,,,sem_registro,,,sem_registro,,,sem_registro,269224.93,1242.0,observado,2288246.12,9888.0,observado,2881149.67,11933.0,observado,3792537.05,15928.0,observado,2037476.05,8369.0,provisorio,2015_2025,9231157.77,38991.0,7,236.75098792028928,,,5,,,2,2307789.4425,9747.75,0,,,5,0.0245467488988717,0.021859236150686,439.0,440.0,10098763.52515819,318585.0,11,918069.4113780172,31.698804165789944,12238.805970149253,23843.0,66803.67403430775,166.72163622378847,observado,232083531
290390,BOM JESUS DA LAPA,29,,,sem_registro,,,sem_registro,,,sem_registro,,,sem_registro,,,sem_registro,,,sem_registro,7200.0,12.0,observado,38911.4,71.0,observado,19003.96,39.0,observado,3523626.65,14576.0,observado,5379891.56,22254.0,observado,2353043.49,9142.0,provisorio,2015_2025,8968633.57,36952.0,6,242.7103693981381,,,5,7200.0,12.0,1,2240358.3925,9235.0,0,,,5,0.0238486657572077,0.0207161266507693,440.0,441.0,9595537.989621367,758032.0,11,872321.6354201243,12.658486699270437,4874.728243662536,68866.0,32314.930444631602,81.88261316543596,observado,163780358
352250,ITAPEVI,35,,,sem_registro,,,sem_registro,,,sem_registro,,,sem_registro,,,sem_registro,,,sem_registro,,,sem_registro,,,sem_registro,3373040.5,14588.0,observado,3541267.38,14493.0,observado,1400662.55,5711.0,observado,,,sem_registro,2015_2025,8314970.43,34792.0,8,238.9908723269717,,,5,,,2,2771656.81,11597.333333333334,1,,,6,0.022110497548863,0.0195051818151539,441.0,444.0,9241059.236288274,2590816.0,11,840096.2942080249,3.5668527739091753,1342.8973728740289,242995.0,2350.2541204551535,6.041700742094706,observado,500288837
430780,ESTRELA,43,403102.13,2209.0,observado,,,sem_registro,,,sem_registro,,,sem_registro,,,sem_registro,,,sem_registro,,,sem_registro,320446.63,1464.0,observado,2323303.4,10151.0,observado,2469200.99,10201.0,observado,2587156.74,10857.0,observado,1263273.53,5092.0,provisorio,2015_2025,8103209.890000001,34882.0,6,232.30347715153948,403102.13,2209.0,4,,,2,1925026.94,8168.25,0,377.55315507759775,269.7713897691263,4,0.0215474010303567,0.0195556378499712,442.0,443.0,9199405.84100974,367240.0,11,836309.6219099764,25.05011937972372,9498.42065134517,33263.0,32639.870125965786,81.52378883801862,observado,123854933
510704,PRIMAVERA DO LESTE,51,,,sem_registro,,,sem_registro,,,sem_registro,,,sem_registro,,,sem_registro,,,sem_registro,,,sem_registro,520383.03,2375.0,observado,2326440.32,10089.0,observado,2480493.24,10185.0,observado,2759498.99,11381.0,observado,1335463.33,5393.0,provisorio,2015_2025,8086815.58,34030.0,7,237.6378366147517,,,5,,,2,2021703.895,8507.5,0,,,5,0.0215038066058038,0.019077987387034,443.0,445.0,8920633.918045055,788141.0,11,810966.7198222778,11.318576140620847,4317.755325506477,96006.0,11854.467429119013,30.12693110495094,observado,39070198
330040,BARRA MANSA,33,1699094.43,9310.0,observado,1687314.36,9128.0,observado,1912671.94,9621.0,observado,1807929.2,9114.0,observado,748715.3,3804.0,observado,,,sem_registro,1364.68,4.0,observado,682.34,2.0,observado,12282.12,36.0,observado,95976.38,162.0,observado,44200.0,210.0,observado,6200.0,31.0,provisorio,2015_2025,8010230.75,41391.0,1,193.52590539006064,1571145.046,8195.4,0,1364.68,4.0,1,38285.21000000001,102.5,0,-97.563228799437,-98.74929838689997,0,0.0213001584136364,0.0232047304124809,444.0,438.0,12810806.977825142,1986903.0,11,1164618.816165922,6.447625766242813,2083.1917813803693,181679.0,115.58848298372403,0.2550002281682988,observado,186284798
354130,PRESIDENTE EPITACIO,35,,,sem_registro,,,sem_registro,,,sem_registro,,,sem_registro,,,sem_registro,,,sem_registro,,,sem_registro,307708.59,1405.0,observado,1923938.42,8242.0,observado,2768749.12,11308.0,observado,2902369.47,11817.0,observado,1510130.6,6094.0,provisorio,2015_2025,7902765.6,32772.0,7,241.14383009886487,,,5,,,2,1975691.4,8193.0,0,,,5,0.0210143957695396,0.0183727241448098,445.0,449.0,8669734.533794342,468469.0,11,788157.6848903947,18.506527718577626,6995.5536011988,40322.0,29306.582014781012,75.445555788786,observado,500288837
353930,PIRASSUNUNGA,35,,,sem_registro,,,sem_registro,,,sem_registro,,,sem_registro,,,sem_registro,,,sem_registro,177887.2,916.0,observado,1309678.78,5996.0,observado,1747778.06,7660.0,observado,2130012.52,8836.0,observado,2284000.42,9469.0,observado,1234205.86,5001.0,provisorio,2015_2025,7649356.98,32877.0,6,232.6659056483256,,,5,177887.2,916.0,1,1867867.445,7990.25,0,,,5,0.0203405520417068,0.0184315895187634,446.0,448.0,8553665.270133652,830760.0,11,777605.9336485137,10.296192968045707,3957.460638451538,75594.0,12526.126412149113,31.66882014426955,observado,500288837
432000,SAPUCAIA DO SUL,43,,,sem_registro,,,sem_registro,,,sem_registro,42717.79,191.0,observado,1028745.7,4905.0,observado,1554244.39,7615.0,observado,1866080.67,9099.0,observado,1690442.62,7504.0,observado,1282873.67,5620.0,observado,,,sem_registro,,,sem_registro,,,sem_registro,2015_2025,7465104.84,34934.0,5,213.6916711513139,535731.745,2548.0,3,1710162.5299999998,8357.0,0,1486658.145,6562.0,2,177.50047647447138,157.53532182103612,5,0.0198506036379044,0.0195847902256434,447.0,442.0,9740572.036881417,1521995.0,11,885506.5488074016,6.3998712458854445,2295.2769227231365,136572.0,,,sem_registro,123854933
220840,PIRIPIRI,22,,,sem_registro,,,sem_registro,,,sem_registro,,,sem_registro,,,sem_registro,,,sem_registro,,,sem_registro,,,sem_registro,,,sem_registro,2017941.88,8360.0,observado,5219730.89,21543.0,observado,2654889.64,10706.0,provisorio,2015_2025,7237672.77,29903.0,9,242.0383496639133,,,5,,,2,3618836.385,14951.5,2,,,7,0.0192458346530233,0.0167642978793558,448.0,450.0,7692269.111889174,710829.0,11,699297.1919899249,10.821546549014142,4206.778282821888,67887.0,31733.616156259664,80.59062544792819,observado,36098338
221060,SAO RAIMUNDO NONATO,22,,,sem_registro,,,sem_registro,,,sem_registro,,,sem_registro,,,sem_registro,,,sem_registro,,,sem_registro,,,sem_registro,1878542.86,8176.0,observado,2535256.81,10511.0,observado,2673479.33,11099.0,observado,1302542.5499999998,5253.0,provisorio,2015_2025,7087279.0,29786.0,8,237.93993822601223,,,5,,,2,2362426.333333333,9928.666666666666,1,,,6,0.0188459196910949,0.0166987050340933,449.0,451.0,7750924.742677727,401739.0,11,704629.5220616115,19.293433653884055,7414.266476493444,41139.0,26979.265417243976,68.11552847130439,observado,36098338
431060,ITAQUI,43,490712.06,2738.0,observado,556364.79,2933.0,observado,551514.51,2696.0,observado,607985.56,2977.0,observado,696578.78,3420.0,observado,611851.86,3037.0,observado,686932.25,3453.0,observado,758974.38,3451.0,observado,726246.59,3166.0,observado,668710.47,2755.0,observado,647218.43,2661.0,observado,403138.94,1621.0,provisorio,2015_2025,7003089.679999999,33287.0,0,210.3851257247574,580631.14,2952.8,0,649392.0549999999,3245.0,0,700287.4675,3008.25,0,20.60797626183122,1.877878623679208,0,0.0186220502535339,0.0186614447884867,450.0,446.0,9531080.132992221,413082.0,11,866461.8302720201,23.073094768090165,8058.206360964651,36811.0,7228.817473037951,18.428767481285586,observado,123854933
522160,URUACU,52,,,sem_registro,,,sem_registro,,,sem_registro,,,sem_registro,,,sem_registro,,,sem_registro,,,sem_registro,500070.61,2281.0,observado,2056753.62,8936.0,observado,2076408.2,8493.0,observado,2367381.12,9752.0,observado,1292292.9500000002,5166.0,provisorio,2015_2025,7000613.55,29462.0,7,237.61501425565132,,,5,,,2,1750153.3875,7365.5,0,,,5,0.0186154659286999,0.016517063308751,451.0,452.0,7730621.922324376,456661.0,11,702783.8111203979,16.928579235635134,6451.612903225806,44533.0,21898.367502750767,55.719762615202015,observado,77377189
231340,TIANGUA,23,,,sem_registro,,,sem_registro,,,sem_registro,,,sem_registro,,,sem_registro,,,sem_registro,,,sem_registro,,,sem_registro,,,sem_registro,1990167.48,8305.0,observado,4858286.17,20267.0,observado,2982929.74,12126.0,provisorio,2015_2025,6848453.65,28572.0,9,239.69108392832143,,,5,,,2,3424226.825,14286.0,2,,,7,0.0182108546165722,0.0160181091866687,452.0,453.0,7282849.012201437,865429.0,11,662077.1829274034,8.415305024677284,3301.48400388709,86968.0,23303.973875448442,58.55266146878334,observado,99832842
313520,JANUARIA,31,,,sem_registro,,,sem_registro,,,sem_registro,,,sem_registro,,,sem_registro,,,sem_registro,,,sem_registro,,,sem_registro,,,sem_registro,2689229.2,11224.0,observado,4123560.4,17218.0,observado,2282074.67,9313.0,provisorio,2015_2025,6812789.6,28442.0,9,239.5327192180578,,,5,,,2,3406394.8,14221.0,2,,,7,0.0181160196563344,0.0159452282474881,453.0,454.0,7282226.567215413,741902.0,11,662020.597019583,9.815617921525233,3833.659971263051,67123.0,25651.416057089227,64.39083131946286,observado,232083531
292990,SEABRA,29,,,sem_registro,,,sem_registro,,,sem_registro,,,sem_registro,,,sem_registro,,,sem_registro,,,sem_registro,,,sem_registro,,,sem_registro,2437252.34,10227.0,observado,3960599.11,16621.0,observado,2417577.18,9741.0,provisorio,2015_2025,6397851.449999999,26848.0,9,238.2989962008343,,,5,,,2,3198925.725,13424.0,2,,,7,0.0170126496533091,0.0150515958086127,454.0,455.0,6834059.843527407,503542.0,11,621278.1675934007,13.571975810413843,5331.829321089403,48721.0,34114.652819112904,85.20551825896662,observado,163780358
330023,ARMACAO DOS BUZIOS,33,,,sem_registro,,,sem_registro,,,sem_registro,,,sem_registro,,,sem_registro,,,sem_registro,,,sem_registro,,,sem_registro,,,sem_registro,513080.45,2075.0,observado,5600120.08,22920.0,observado,3422729.24,13692.0,provisorio,2015_2025,6113200.53,24995.0,9,244.57693658731748,,,5,,,2,3056600.265,12497.5,2,,,7,0.0162557289255776,0.0140127621139851,455.0,456.0,6434524.44508159,397829.0,11,584956.76773469,16.174096018846264,6282.850169293843,42527.0,53895.172478660614,138.0243220663562,observado,186284798
355070,SAO SEBASTIAO,35,3339642.73,18435.0,observado,2688910.25,14711.0,observado,,,sem_registro,,,sem_registro,,,sem_registro,,,sem_registro,,,sem_registro,,,sem_registro,,,sem_registro,,,sem_registro,,,sem_registro,,,sem_registro,2015_2025,6028552.98,33146.0,9,181.8787479635552,3014276.49,16573.0,3,,,2,,,4,,,7,0.0160306409998238,0.0185823970006062,456.0,447.0,10319673.758873735,944085.0,11,938152.1598976123,10.930873553624657,3510.9126826503966,84280.0,,,sem_registro,500288837
150010,ABAETETUBA,15,,,sem_registro,,,sem_registro,,,sem_registro,,,sem_registro,,,sem_registro,,,sem_registro,,,sem_registro,,,sem_registro,,,sem_registro,1580761.15,6486.0,observado,4010612.81,16549.0,observado,1823454.41,7055.0,provisorio,2015_2025,5591373.96,23035.0,9,242.7338380724984,,,5,,,2,2795686.98,11517.5,2,,,7,0.0148681298722738,0.0129139418001859,457.0,457.0,5943714.342148721,1755254.0,11,540337.6674680655,3.3862417303414327,1312.3456776056344,172344.0,9602.307013879219,24.39144887826523,observado,93281750
352310,ITAQUAQUECETUBA,35,,,sem_registro,,,sem_registro,,,sem_registro,,,sem_registro,,,sem_registro,,,sem_registro,,,sem_registro,,,sem_registro,,,sem_registro,786704.17,3172.0,observado,4706814.42,18938.0,observado,2573012.42,9577.0,provisorio,2015_2025,5493518.59,22110.0,9,248.4630750791497,,,5,,,2,2746759.295,11055.0,2,,,7,0.0146079207787187,0.0123953658867858,458.0,458.0,5799393.398575485,4072284.0,11,527217.5816886805,1.4241132000065528,542.9385573304809,382983.0,4944.867004540672,12.881623719818535,observado,500288837
314520,NOVA SERRANA,31,,,sem_registro,,,sem_registro,,,sem_registro,,,sem_registro,,,sem_registro,,,sem_registro,,,sem_registro,2400.0,4.0,observado,175637.82,699.0,observado,2140455.11,8770.0,observado,2599973.13,10733.0,observado,1325065.73,5386.0,provisorio,2015_2025,4918466.06,20206.0,7,243.416116994952,,,5,,,2,1229616.515,5051.5,0,,,5,0.013078787553042,0.0113279404390952,459.0,459.0,5285884.427749436,1135518.0,11,480534.9479772215,4.655042392766505,1779.452197147029,114791.0,9350.036152660052,23.740182372055145,observado,232083531
120010,BRASILEIA,12,,,sem_registro,,,sem_registro,,,sem_registro,,,sem_registro,,,sem_registro,,,sem_registro,,,sem_registro,,,sem_registro,463.24,4.0,observado,2132121.26,8784.0,observado,2720649.27,11173.0,observado,1658557.65,6636.0,provisorio,2015_2025,4853233.77,19961.0,8,243.13580331646708,,,5,,,2,1617744.59,6653.666666666667,1,,,6,0.0129053271179996,0.0111905878998703,460.0,460.0,5199072.251112718,287650.0,11,472642.931919338,18.074299499783482,6939.335998609421,28028.0,39863.70772085058,101.74275195944564,observado,9452331
351350,CUBATAO,35,,,sem_registro,,,sem_registro,,,sem_registro,,,sem_registro,,,sem_registro,,,sem_registro,,,sem_registro,,,sem_registro,110846.2,460.0,observado,2114998.95,8681.0,observado,2620406.81,10640.0,observado,1455904.73,5429.0,provisorio,2015_2025,4846251.960000001,19781.0,8,244.99529649663825,,,5,,,2,1615417.3200000003,6593.666666666667,1,,,6,0.0128867616529519,0.0110896758302356,461.0,462.0,5201964.761746588,1364453.0,11,472905.887431508,3.812490984846373,1449.7384666236214,114870.0,9262.644728823887,23.91030570410868,observado,500288837
210140,BALSAS,21,,,sem_registro,,,sem_registro,,,sem_registro,,,sem_registro,,,sem_registro,,,sem_registro,,,sem_registro,,,sem_registro,,,sem_registro,1768747.07,7367.0,observado,3033298.54,12573.0,observado,1584131.19,6186.0,provisorio,2015_2025,4802045.61,19940.0,9,240.8247547642929,,,5,,,2,2401022.805,9970.0,2,,,7,0.01276921169874,0.0111788148250796,462.0,461.0,5126265.481848119,1079770.0,11,466024.13471346535,4.747553165811348,1846.689572779388,105974.0,11864.23084907619,30.001216111898422,observado,76935230
150180,BREVES,15,,,sem_registro,,,sem_registro,,,sem_registro,,,sem_registro,,,sem_registro,,,sem_registro,,,sem_registro,552751.18,2514.0,observado,1030066.51,4498.0,observado,1233766.4,5120.0,observado,1357443.72,5640.0,observado,779256.42,3006.0,provisorio,2015_2025,4174027.81,17772.0,7,234.8653955660589,,,5,,,2,1043506.9525,4443.0,0,,,5,0.0110992375064755,0.0099633850085915,463.0,463.0,4628369.509931249,1158589.0,11,420760.8645392044,3.994832947603722,1533.9348120860805,116058.0,4859.639145944269,12.259415962197771,observado,93281750
352940,MAUA,35,546693.08,3046.0,observado,,,sem_registro,,,sem_registro,,,sem_registro,,,sem_registro,,,sem_registro,,,sem_registro,,,sem_registro,,,sem_registro,418152.66,1639.0,observado,3187746.21,12955.0,observado,1655099.6,6614.0,provisorio,2015_2025,4152591.95,17640.0,8,235.40770691609976,546693.08,3046.0,4,,,2,1802949.435,7297.0,2,229.79188889678284,139.5600787918582,6,0.0110422369995011,0.0098893828241927,464.0,464.0,4772129.375555342,4973763.0,11,433829.94323230383,0.9594605483927043,354.661048385297,429014.0,3019.7149743365017,7.788167867221775,observado,500288837
316940,TRES PONTAS,31,,,sem_registro,,,sem_registro,,,sem_registro,,,sem_registro,,,sem_registro,,,sem_registro,,,sem_registro,,,sem_registro,,,sem_registro,1075349.86,4461.0,observado,2993280.06,12266.0,observado,1620636.13,6510.0,provisorio,2015_2025,4068629.92,16727.0,9,243.23727625993905,,,5,,,2,2034314.96,8363.5,2,,,7,0.0108189719531439,0.0093775343821016,465.0,466.0,4321075.612248194,623697.0,11,392825.0556589268,6.928164817608862,2681.9112485710207,57209.0,21440.682410110297,54.841083498352155,observado,232083531
500325,COSTA RICA,50,,,sem_registro,,,sem_registro,,,sem_registro,,,sem_registro,,,sem_registro,,,sem_registro,,,sem_registro,136704.3,618.0,observado,961604.51,4149.0,observado,1289171.04,5307.0,observado,1651820.7,6731.0,observado,946232.78,3761.0,provisorio,2015_2025,4039300.55,16805.0,7,240.36301993454327,,,5,,,2,1009825.1375,4201.25,0,,,5,0.0107409816621436,0.0094212629456099,466.0,465.0,4419344.075524688,253438.0,11,401758.55232042616,17.437574773809324,6630.813058815174,28740.0,23420.320111343077,60.241970748170104,observado,30634325
320060,ARACRUZ,32,,,sem_registro,,,sem_registro,,,sem_registro,,,sem_registro,,,sem_registro,,,sem_registro,,,sem_registro,,,sem_registro,,,sem_registro,311638.43,1284.0,observado,3594515.49,14803.0,observado,1861915.46,7243.0,provisorio,2015_2025,3906153.92,16087.0,9,242.81431715049425,,,5,,,2,1953076.96,8043.5,2,,,7,0.0103869289013986,0.0090187359122896,467.0,467.0,4110618.2804272096,1097814.0,11,373692.5709479281,3.74436678747694,1465.3666285909999,103363.0,14321.372251192399,36.45006307347975,observado,44111763
353390,OLIMPIA,35,,,sem_registro,,,sem_registro,,,sem_registro,,,sem_registro,,,sem_registro,,,sem_registro,,,sem_registro,,,sem_registro,437331.98,1745.0,observado,1593372.48,6486.0,observado,1715938.32,6987.0,observado,986717.02,3966.0,provisorio,2015_2025,3746642.78,15218.0,8,246.1981061900381,,,5,,,2,1248880.9266666668,5072.666666666667,1,,,6,0.0099627697658157,0.008531554864998,468.0,468.0,4054844.894020822,605415.0,11,368622.26309280196,6.697628724132739,2513.6476631731953,56874.0,12285.051165734783,31.62357245025162,observado,500288837
150220,CAPANEMA,15,,,sem_registro,,,sem_registro,,,sem_registro,,,sem_registro,,,sem_registro,,,sem_registro,,,sem_registro,,,sem_registro,,,sem_registro,435532.41,1756.0,observado,3168742.04,13128.0,observado,1902766.07,7462.0,provisorio,2015_2025,3604274.45,14884.0,9,242.15764915345335,,,5,,,2,1802137.225,7442.0,2,,,7,0.0095841954055096,0.0083443069135649,469.0,469.0,3800718.334089928,770242.0,11,345519.8485536298,4.934447010277196,1932.3796936547215,75309.0,17432.17942078636,44.10248240351117,observado,93281750
330060,BOM JESUS DO ITABAPOANA,33,,,sem_registro,,,sem_registro,,,sem_registro,,,sem_registro,,,sem_registro,,,sem_registro,,,sem_registro,,,sem_registro,,,sem_registro,914461.6,3671.0,observado,2516194.05,10089.0,observado,1790972.17,7036.0,provisorio,2015_2025,3430655.65,13760.0,9,249.32090479651163,,,5,,,2,1715327.825,6880.0,2,,,7,0.009122522320301,0.0077141671009576,470.0,471.0,3643923.5150745893,402333.0,11,331265.77409768995,9.056983928921042,3420.052543539804,37176.0,27138.476436410587,70.94217544946187,observado,186284798
150360,ITAITUBA,15,,,sem_registro,,,sem_registro,,,sem_registro,,,sem_registro,,,sem_registro,,,sem_registro,,,sem_registro,,,sem_registro,,,sem_registro,647245.42,2686.0,observado,2761998.14,11462.0,observado,1313850.61,5105.0,provisorio,2015_2025,3409243.56,14148.0,9,240.97,,,5,,,2,1704621.78,7074.0,2,,,7,0.00906558502059,0.0079316886732811,471.0,470.0,3607429.413617421,1221495.0,11,327948.12851067464,2.9532903643628674,1158.2527967777191,135369.0,8467.226617615554,21.385883247067007,observado,93281750
316210,SAO GOTARDO,31,,,sem_registro,,,sem_registro,,,sem_registro,,,sem_registro,,,sem_registro,,,sem_registro,,,sem_registro,,,sem_registro,5436.37,30.0,observado,1002741.18,4166.0,observado,1353612.3,5580.0,observado,885806.0,3439.0,provisorio,2015_2025,2361789.85,9776.0,8,241.59061477086743,,,5,,,2,787263.2833333333,3258.6666666666665,1,,,6,0.0062802807453104,0.005480646626378,472.0,473.0,2528782.0983580095,416811.0,11,229889.28166890994,6.066975435768272,2345.4275438987934,43851.0,12724.90935212424,32.35473304240567,observado,232083531
330360,PARACAMBI,33,2052030.45,11138.0,observado,167321.17,899.0,observado,,,sem_registro,,,sem_registro,,,sem_registro,,,sem_registro,,,sem_registro,,,sem_registro,,,sem_registro,,,sem_registro,,,sem_registro,,,sem_registro,2015_2025,2219351.62,12037.0,9,184.3774711306804,1109675.81,6018.5,3,,,2,,,4,,,7,0.005901520512572,0.0067482143455106,473.0,472.0,3916456.989155751,531045.0,11,356041.54446870467,7.3750002149643645,2266.66290050749,43627.0,,,sem_registro,186284798
150810,TUCURUI,15,,,sem_registro,,,sem_registro,,,sem_registro,,,sem_registro,,,sem_registro,,,sem_registro,,,sem_registro,,,sem_registro,,,sem_registro,,,sem_registro,2025593.82,8406.0,observado,839936.62,3266.0,provisorio,2015_2025,2025593.82,8406.0,10,240.97,,,5,,,2,2025593.82,8406.0,3,,,8,0.0053862954257195,0.0047125936519367,474.0,474.0,2123124.166782606,1161549.0,11,193011.28788932782,1.8278386592236797,723.6887983201741,96119.0,8745.40933634349,22.088496205564,observado,93281750
500190,BATAGUASSU,50,,,sem_registro,,,sem_registro,,,sem_registro,,,sem_registro,,,sem_registro,,,sem_registro,,,sem_registro,,,sem_registro,,,sem_registro,582220.75,2400.0,observado,822489.27,3387.0,observado,556973.89,2119.0,provisorio,2015_2025,1404710.02,5787.0,9,242.73544496284777,,,5,,,2,702355.01,2893.5,2,,,7,0.0037352913898544,0.003244323038753,475.0,475.0,1502960.3634187586,253703.0,11,136632.76031079623,5.9240937766552175,2281.013626169182,24222.0,13983.155808768888,35.59125249854315,observado,30634325
430440,CANELA,43,290946.58,1624.0,observado,,,sem_registro,,,sem_registro,,,sem_registro,,,sem_registro,,,sem_registro,,,sem_registro,,,sem_registro,,,sem_registro,,,sem_registro,,,sem_registro,,,sem_registro,2015_2025,290946.58,1624.0,10,179.15429802955666,290946.58,1624.0,4,,,2,,,4,,,8,0.0007736616381376,0.0009104511171479,476.0,476.0,516559.0078374709,509198.0,11,46959.909803406445,1.0144560815978674,318.93291018425055,50715.0,,,sem_registro,123854933
350170,AMERICO BRASILIENSE,35,1200.0,2.0,observado,3800.0,7.0,observado,4800.0,8.0,observado,6000.0,10.0,observado,5400.0,9.0,observado,2400.0,4.0,observado,2400.0,4.0,observado,10555.2,15.0,observado,14606.4,17.0,observado,8592.0,10.0,observado,13747.2,16.0,observado,2577.6,3.0,provisorio,2015_2025,73500.8,102.0,0,720.5960784313726,4240.0,7.2,0,2400.0,4.0,0,11875.2,14.5,0,180.07547169811323,101.38888888888889,0,0.0001954473887695,5.718350612628485e-05,477.0,479.0,92866.24881668219,413005.0,11,8442.386256062016,0.224855023103067,24.69703756613116,33708.0,47.466476800759466,0.4274686761605127,observado,500288837
350210,ANDRADINA,35,,,sem_registro,,,sem_registro,,,sem_registro,,,sem_registro,,,sem_registro,,,sem_registro,,,sem_registro,,,sem_registro,,,sem_registro,17184.0,4.0,observado,12028.8,14.0,observado,249696.13,993.0,provisorio,2015_2025,29212.8,18.0,9,1622.9333333333334,,,5,,,2,14606.4,9.0,2,,,7,7.768031747473427e-05,1.0091206963462033e-05,478.0,486.0,31522.954584420084,644119.0,11,2865.7231440381893,0.04893964404779254,2.794514678188347,61625.0,22.718052738336716,0.20459188428423922,observado,500288837
210990,SANTA INES,21,,,sem_registro,,,sem_registro,,,sem_registro,,,sem_registro,,,sem_registro,,,sem_registro,,,sem_registro,,,sem_registro,7686.0,126.0,observado,9272.0,152.0,observado,9638.0,158.0,observado,1815329.25,7235.0,provisorio,2015_2025,26596.0,436.0,8,61.0,,,5,,,2,8865.333333333334,145.33333333333334,1,,,6,7.072193434241267e-05,0.0002444314575594,479.0,477.0,29137.771832417005,960066.0,11,2648.888348401546,0.03034975911282871,45.41354448548329,88249.0,179.03885596437354,0.11447223429697946,observado,76935230
250970,MONTEIRO,25,,,sem_registro,,,sem_registro,,,sem_registro,,,sem_registro,,,sem_registro,,,sem_registro,,,sem_registro,,,sem_registro,,,sem_registro,13722.1,22.0,observado,10310.4,6.0,observado,19748.68,14.0,provisorio,2015_2025,24032.5,28.0,9,858.3035714285714,,,5,,,2,12016.25,14.0,2,,,7,6.390528226364989e-05,1.5697433054274273e-05,480.0,482.0,25911.19099963631,365313.0,11,2355.5628181487555,0.07092874055846989,7.664660168129795,33886.0,17.706427433158236,0.318917417281884,observado,44454005
352260,ITAPIRA,35,,,sem_registro,,,sem_registro,,,sem_registro,,,sem_registro,,,sem_registro,,,sem_registro,,,sem_registro,,,sem_registro,,,sem_registro,11310.4,17.0,observado,10133.54,13.0,observado,7202.22,12.0,provisorio,2015_2025,21443.94,30.0,9,714.7980000000001,,,5,,,2,10721.97,15.0,2,,,7,5.7021992657641634e-05,1.681867827243672e-05,481.0,481.0,23071.17985629019,813153.0,11,2097.3799869354716,0.028372495528258754,3.689342596042811,74038.0,17.558551014343987,0.14345957437072157,observado,500288837
292530,PORTO SEGURO,29,,,sem_registro,,,sem_registro,6000.0,10.0,observado,3000.0,5.0,observado,4800.0,8.0,observado,,,sem_registro,,,sem_registro,,,sem_registro,,,sem_registro,,,sem_registro,,,sem_registro,,,sem_registro,2015_2025,13800.0,23.0,8,600.0,4600.0,7.666666666666667,2,,,2,,,4,,,6,3.6695845011478975e-05,1.2894320008868151e-05,482.0,484.0,21083.10514826265,1747211.0,11,1916.6459225693318,0.012066719559493759,1.3163836537201288,182630.0,,,sem_registro,163780358
210160,BARRA DO CORDA,21,,,sem_registro,,,sem_registro,,,sem_registro,,,sem_registro,,,sem_registro,,,sem_registro,,,sem_registro,,,sem_registro,3477.0,57.0,observado,4392.0,72.0,observado,5002.0,82.0,observado,3843.0,46.0,provisorio,2015_2025,12871.0,211.0,8,61.0,,,5,,,2,4290.333333333333,70.33333333333333,1,,,6,3.422552327121347e-05,0.0001182913705161,483.0,478.0,14071.655517154632,959390.0,11,1279.2414106504211,0.014667294340314815,21.993141475312438,87757.0,93.43983955695842,0.05974271422156951,observado,76935230
510792,SORRISO,51,,,sem_registro,,,sem_registro,,,sem_registro,,,sem_registro,,,sem_registro,,,sem_registro,,,sem_registro,,,sem_registro,,,sem_registro,,,sem_registro,8588.08,26.0,observado,283385.25,1113.0,provisorio,2015_2025,8588.08,26.0,10,330.3107692307692,,,5,,,2,8588.08,26.0,3,,,8,2.283672845117264e-05,1.4576187836111823e-05,484.0,483.0,9001.587590873654,1086130.0,11,818.3261446248777,0.008287762598283496,2.3938202609264083,124665.0,20.855893795371596,0.07220621337884454,observado,39070198
355150,SERRANA,35,,,sem_registro,,,sem_registro,,,sem_registro,,,sem_registro,,,sem_registro,2800.0,6.0,observado,5000.0,9.0,observado,600.0,1.0,observado,,,sem_registro,,,sem_registro,,,sem_registro,,,sem_registro,2015_2025,8400.0,16.0,8,525.0,,,5,3900.0,7.5,0,600.0,1.0,3,,,8,2.2336601311335032e-05,8.969961745299585e-06,485.0,487.0,11268.230647489867,490888.0,11,1024.3846043172607,0.0229547893765785,3.2593992927103534,45580.0,,,sem_registro,500288837
210360,COROATA,21,,,sem_registro,,,sem_registro,,,sem_registro,,,sem_registro,,,sem_registro,,,sem_registro,,,sem_registro,,,sem_registro,,,sem_registro,1891.0,31.0,observado,3965.0,65.0,observado,3111.0,30.0,provisorio,2015_2025,5856.0,96.0,9,61.0,,,5,,,2,2928.0,48.0,2,,,7,1.557180205704499e-05,5.381977047179751e-05,486.0,480.0,6237.395168672641,696725.0,11,567.0359244247855,0.008952449199716734,13.778750583085149,61337.0,105.97192559140485,0.06775536533597631,observado,76935230
315140,PITANGUI,31,,,sem_registro,4200.0,7.0,observado,200.0,1.0,observado,1200.0,2.0,observado,,,sem_registro,,,sem_registro,,,sem_registro,,,sem_registro,,,sem_registro,,,sem_registro,,,sem_registro,,,sem_registro,2015_2025,5600.0,10.0,8,560.0,1866.6666666666667,3.333333333333333,2,,,2,,,4,,,6,1.489106754089002e-05,5.60622609081224e-06,487.0,488.0,9000.308848186294,304323.0,11,818.2098952896631,0.029574855821565556,3.2859823279870404,27834.0,,,sem_registro,232083531
521310,MINEIROS,52,,,sem_registro,,,sem_registro,,,sem_registro,,,sem_registro,,,sem_registro,,,sem_registro,,,sem_registro,,,sem_registro,,,sem_registro,,,sem_registro,4036.8,7.0,observado,522144.84,2105.0,provisorio,2015_2025,4036.8,7.0,10,576.6857142857143,,,5,,,2,4036.8,7.0,3,,,8,1.073433240161872e-05,3.924358263568568e-06,488.0,489.0,4231.167942874166,745457.0,11,384.6516311703788,0.005675938307473357,0.9390212983445055,74999.0,9.333457779437058,0.056416324789319405,observado,77377189
313630,JOAO PINHEIRO,31,,,sem_registro,,,sem_registro,,,sem_registro,,,sem_registro,,,sem_registro,,,sem_registro,,,sem_registro,,,sem_registro,,,sem_registro,,,sem_registro,1718.4,2.0,observado,419527.17,1482.0,provisorio,2015_2025,1718.4,2.0,10,859.2,,,5,,,2,1718.4,2.0,3,,,8,4.569430439690252e-06,1.121245218162448e-06,489.0,491.0,1801.1392670023204,528848.0,11,163.7399333638473,0.003405778724704112,0.3781804979880798,48725.0,4.104669061056953,0.036965403119596105,observado,232083531
432190,TRES PASSOS,43,,,sem_registro,,,sem_registro,,,sem_registro,,,sem_registro,,,sem_registro,,,sem_registro,,,sem_registro,,,sem_registro,,,sem_registro,,,sem_registro,1342.0,22.0,observado,1403.0,16.0,provisorio,2015_2025,1342.0,22.0,10,61.0,,,5,,,2,1342.0,22.0,3,,,8,3.568537971406144e-06,1.2333697399786927e-05,490.0,485.0,1406.6159778381714,273320.0,11,127.87417980347013,0.0051464070607279795,8.049173130396605,26304.0,83.63746958637469,0.05347536412097671,observado,123854933
330400,PIRAI,33,,,sem_registro,,,sem_registro,,,sem_registro,,,sem_registro,,,sem_registro,,,sem_registro,,,sem_registro,,,sem_registro,859.2,1.0,observado,,,sem_registro,,,sem_registro,,,sem_registro,2015_2025,859.2,1.0,10,859.2,,,5,,,2,859.2,1.0,3,,,8,2.284715219845126e-06,5.60622609081224e-07,491.0,492.0,987.0542329777892,315618.0,11,89.73220299798083,0.0031273698996184917,0.3168387100862435,29066.0,,,sem_registro,186284798
510410,GUARANTA DO NORTE,51,,,sem_registro,,,sem_registro,,,sem_registro,,,sem_registro,,,sem_registro,,,sem_registro,,,sem_registro,,,sem_registro,,,sem_registro,,,sem_registro,800.0,4.0,observado,400.0,2.0,provisorio,2015_2025,800.0,4.0,10,200.0,,,5,,,2,800.0,4.0,3,,,8,2.127295362984289e-06,2.242490436324896e-06,492.0,490.0,838.5192118260337,371266.0,11,76.22901925691215,0.0022585402698497405,1.0773946442712234,31209.0,12.816815662148738,0.026867865417861313,observado,39070198
230523,HORIZONTE,23,,,sem_registro,,,sem_registro,,,sem_registro,,,sem_registro,,,sem_registro,,,sem_registro,,,sem_registro,,,sem_registro,,,sem_registro,,,sem_registro,,,sem_registro,1118598.98,4422.0,provisorio,2015_2025,,,11,,,,5,,,2,,,4,,,9,,,,,,778785.0,11,,,,81161.0,,,sem_registro,99832842
231330,TAUA,23,,,sem_registro,,,sem_registro,,,sem_registro,,,sem_registro,,,sem_registro,,,sem_registro,,,sem_registro,,,sem_registro,,,sem_registro,,,sem_registro,,,sem_registro,419690.65,1493.0,provisorio,2015_2025,,,11,,,,5,,,2,,,4,,,9,,,,,,662291.0,11,,,,64655.0,,,sem_registro,99832842
270800,SANTANA DO IPANEMA,27,,,sem_registro,,,sem_registro,,,sem_registro,,,sem_registro,,,sem_registro,,,sem_registro,,,sem_registro,,,sem_registro,,,sem_registro,,,sem_registro,,,sem_registro,475849.87,1890.0,provisorio,2015_2025,,,11,,,,5,,,2,,,4,,,9,,,,,,522794.0,11,,,,47418.0,,,sem_registro,36194945
270840,SAO JOSE DA TAPERA,27,,,sem_registro,,,sem_registro,,,sem_registro,,,sem_registro,,,sem_registro,,,sem_registro,,,sem_registro,,,sem_registro,,,sem_registro,,,sem_registro,,,sem_registro,757920.0700000001,3049.0,provisorio,2015_2025,,,11,,,,5,,,2,,,4,,,9,,,,,,351397.0,11,,,,31569.0,,,sem_registro,36194945
320090,BARRA DE SAO FRANCISCO,32,,,sem_registro,,,sem_registro,,,sem_registro,,,sem_registro,,,sem_registro,,,sem_registro,,,sem_registro,,,sem_registro,,,sem_registro,,,sem_registro,,,sem_registro,1363561.11,5400.0,provisorio,2015_2025,,,11,,,,5,,,2,,,4,,,9,,,,,,491088.0,11,,,,45415.0,,,sem_registro,44111763
411580,MEDIANEIRA,41,,,sem_registro,,,sem_registro,,,sem_registro,,,sem_registro,,,sem_registro,,,sem_registro,,,sem_registro,,,sem_registro,,,sem_registro,,,sem_registro,,,sem_registro,1718.4,2.0,provisorio,2015_2025,,,11,,,,5,,,2,,,4,,,9,,,,,,546361.0,11,,,,57910.0,,,sem_registro,126416037
