modelo,MAE,RMSE,MAPE_pct
media_movel_12m,19485963.301041663,22180207.775804196,5.518896403815518
sazonal_ingenuo_12m,29828531.243076924,34306178.46260412,8.52039087704345
tendencia_linear,50928000.604430586,56698588.190681435,13.623398787840832
