modelo,MAE,RMSE,MAPE_pct
media_movel_12m,23539136.12388888,25995148.835278932,7.1471866319315875
tendencia_linear,30133680.78512976,35264767.10949149,8.939624037645592
sazonal_ingenuo_12m,35435230.66499999,37872700.34798265,10.859733963971426
