modelo,tipo,inicio_teste,meses_teste,MAE,RMSE,MAPE_pct
ridge,aprendizagem,2022-01,52,12571232.741822453,14662822.593416782,3.5059995912308337
media_movel_12m,baseline,2022-01,52,19485963.301041663,22180207.775804196,5.518896403815518
sazonal_ingenuo_12m,baseline,2022-01,52,29828531.243076924,34306178.46260412,8.52039087704345
tendencia_linear,baseline,2022-01,52,50928000.604430586,56698588.190681435,13.623398787840832
regressao_linear,aprendizagem,2022-01,52,51440457.453291655,56264965.4852754,13.90673042897144
random_forest,aprendizagem,2022-01,52,86644483.40239626,93908213.53424145,23.340647712431945
gradient_boosting,aprendizagem,2022-01,52,94293470.75313304,101025079.11164485,25.49856430403953
