cod_municipio,municipio,uf_ibge,ano,valor_aprovado,qtd_aprovada,custo_medio
355030,SAO PAULO,35,2015,180867255.49,981936.0,184.19454576469343
355030,SAO PAULO,35,2016,187215012.36,1004704.0,186.33847616810525
355030,SAO PAULO,35,2017,203429366.31,1014049.0,200.61098261523853
355030,SAO PAULO,35,2018,203984564.94,1010720.0,201.82104335523192
355030,SAO PAULO,35,2019,207921445.09,1037699.0,200.36778014626591
355030,SAO PAULO,35,2020,208572716.94,1049898.0,198.65998119817354
355030,SAO PAULO,35,2021,202862718.33,1024378.0,198.03502059786524
355030,SAO PAULO,35,2022,229477261.53,1037539.0,221.1745886467882
355030,SAO PAULO,35,2023,243790094.99,1047357.0,232.76695051448553
355030,SAO PAULO,35,2024,270324227.8,1097025.0,246.41574057109
355030,SAO PAULO,35,2025,275369317.74,1119238.0,246.032852476417
355030,SAO PAULO,35,2026,140957811.24,556519.0,253.28481370806747
330455,RIO DE JANEIRO,33,2015,86303419.91,463254.0,186.29827245960098
330455,RIO DE JANEIRO,33,2016,86443106.59,455989.0,189.57278923395083
330455,RIO DE JANEIRO,33,2017,90335755.21,445451.0,202.79616660418316
330455,RIO DE JANEIRO,33,2018,89245137.24,440203.0,202.73632219680465
330455,RIO DE JANEIRO,33,2019,88399509.51,436784.0,202.38724291640722
330455,RIO DE JANEIRO,33,2020,88539871.02,439614.0,201.40366553385468
330455,RIO DE JANEIRO,33,2021,84836304.46,419467.0,202.24786326457146
330455,RIO DE JANEIRO,33,2022,94548641.71,421856.0,224.12539281176512
330455,RIO DE JANEIRO,33,2023,103534416.42,439330.0,235.66434438804544
330455,RIO DE JANEIRO,33,2024,115184093.37,463022.0,248.76591904920286
330455,RIO DE JANEIRO,33,2025,115863123.3,465996.0,248.6354460124121
330455,RIO DE JANEIRO,33,2026,59066698.510000005,230954.0,255.7509223048746
310620,BELO HORIZONTE,31,2015,63552224.63,344592.0,184.42745226238566
310620,BELO HORIZONTE,31,2016,66747486.12,360134.0,185.34069574102972
310620,BELO HORIZONTE,31,2017,69863091.66,351557.0,198.72479188296634
310620,BELO HORIZONTE,31,2018,68522344.72,344558.0,198.87027647014435
310620,BELO HORIZONTE,31,2019,70125546.13,352346.0,199.02466930233348
310620,BELO HORIZONTE,31,2020,71886680.77,362954.0,198.06003176711098
310620,BELO HORIZONTE,31,2021,70983272.61,359261.0,197.5813478501702
310620,BELO HORIZONTE,31,2022,78732616.88,357849.0,220.01631101386337
310620,BELO HORIZONTE,31,2023,85575348.13,370560.0,230.93520112802244
310620,BELO HORIZONTE,31,2024,93605948.66,383348.0,244.18008874443063
310620,BELO HORIZONTE,31,2025,97023914.56,397636.0,244.00183725819593
310620,BELO HORIZONTE,31,2026,49255551.71,195112.0,252.44757734019436
261160,RECIFE,26,2015,54130198.56,295893.0,182.93842219991686
261160,RECIFE,26,2016,56604516.43,305157.0,185.49309512808162
261160,RECIFE,26,2017,63078827.84,317160.0,198.88645428175056
261160,RECIFE,26,2018,66913002.74,336544.0,198.82393606779502
261160,RECIFE,26,2019,69170865.75,346932.0,199.37874208778666
261160,RECIFE,26,2020,71092551.68,358044.0,198.55814279809186
261160,RECIFE,26,2021,67978056.61,342547.0,198.4488452971417
261160,RECIFE,26,2022,75993262.55,342951.0,221.58635650573987
261160,RECIFE,26,2023,82567794.12,354964.0,232.60892405990467
261160,RECIFE,26,2024,88367148.64,358673.0,246.37245803280425
261160,RECIFE,26,2025,87632831.93,355791.0,246.30424021405827
261160,RECIFE,26,2026,45570814.49,177583.0,256.61698749317225
230440,FORTALEZA,23,2015,45155136.62,246594.0,183.11530945602894
230440,FORTALEZA,23,2016,45719604.15,246496.0,185.47807733188367
230440,FORTALEZA,23,2017,47693680.03,239810.0,198.8811143405196
230440,FORTALEZA,23,2018,48218242.14,242206.0,199.07947012047597
230440,FORTALEZA,23,2019,50198050.69,252427.0,198.8616538246701
230440,FORTALEZA,23,2020,52356404.72,265275.0,197.36652424842146
230440,FORTALEZA,23,2021,53702845.04,271362.0,197.90112484430392
230440,FORTALEZA,23,2022,62105996.55,280481.0,221.4267510098723
230440,FORTALEZA,23,2023,69152650.56,298428.0,231.72306405565163
230440,FORTALEZA,23,2024,77913644.42,317580.0,245.33548844385666
230440,FORTALEZA,23,2025,80490065.7,327667.0,245.64593230322248
230440,FORTALEZA,23,2026,41622494.46,164130.0,253.59467775543777
292740,SALVADOR,29,2015,45330936.59,248882.0,182.13826869761576
292740,SALVADOR,29,2016,45232830.22,245904.0,183.94507702192726
292740,SALVADOR,29,2017,47620523.23,239534.0,198.80485956064692
292740,SALVADOR,29,2018,46470887.13,233518.0,199.00344782843294
292740,SALVADOR,29,2019,46070850.65,232181.0,198.42644596241723
292740,SALVADOR,29,2020,45023821.87,228875.0,196.71795464773348
292740,SALVADOR,29,2021,43982649.37,223404.0,196.87494122755186
292740,SALVADOR,29,2022,49433967.81,224501.0,220.19486688255287
292740,SALVADOR,29,2023,53317718.95,229026.0,232.80203535843094
292740,SALVADOR,29,2024,66679248.04,271626.0,245.48183178340807
292740,SALVADOR,29,2025,70870483.9,289435.0,244.85802995491218
292740,SALVADOR,29,2026,32632624.05,128267.0,254.4116885091255
520870,GOIANIA,52,2015,41275873.16,225712.0,182.86964432551216
520870,GOIANIA,52,2016,40454259.02,218599.0,185.06150083028743
520870,GOIANIA,52,2017,42097359.45,212552.0,198.05675528811776
520870,GOIANIA,52,2018,41581175.99,209989.0,198.01597221759235
520870,GOIANIA,52,2019,42039115.03,212002.0,198.29584169017275
520870,GOIANIA,52,2020,40571900.25,206316.0,196.64931585528996
520870,GOIANIA,52,2021,37976418.52,193428.0,196.33361519531817
520870,GOIANIA,52,2022,41656229.73,189014.0,220.38700694128477
520870,GOIANIA,52,2023,45121304.79,195383.0,230.9377212449394
520870,GOIANIA,52,2024,48912299.62,199655.0,244.98409566502215
520870,GOIANIA,52,2025,51004665.66,208142.0,245.04744674308884
520870,GOIANIA,52,2026,25771269.57,102047.0,252.5431376718571
211130,SAO LUIS,21,2015,21472726.71,115785.0,185.4534413784169
211130,SAO LUIS,21,2016,24882643.03,132629.0,187.61087718372303
211130,SAO LUIS,21,2017,30311300.82,150634.0,201.22482852476864
211130,SAO LUIS,21,2018,31227484.67,155191.0,201.2196884484281
211130,SAO LUIS,21,2019,31736685.65,157869.0,201.03177729636596
211130,SAO LUIS,21,2020,30527594.6,153427.0,198.97146264998992
211130,SAO LUIS,21,2021,30689735.32,153793.0,199.55222487369386
211130,SAO LUIS,21,2022,42631646.15,192382.0,221.5989341518437
211130,SAO LUIS,21,2023,45910767.52,197591.0,232.3525237485513
211130,SAO LUIS,21,2024,50408828.48,204979.0,245.92191629386423
211130,SAO LUIS,21,2025,51743748.8,210498.0,245.81586903438512
211130,SAO LUIS,21,2026,26418247.130000003,102549.0,257.6158434504481
240810,NATAL,24,2015,24872177.78,136547.0,182.15103795762633
240810,NATAL,24,2016,25115495.24,137271.0,182.96286353271995
240810,NATAL,24,2017,27963136.59,141344.0,197.83745040468645
240810,NATAL,24,2018,26868649.82,135534.0,198.24287499815546
240810,NATAL,24,2019,27461810.03,138688.0,198.01143595696817
240810,NATAL,24,2020,28415425.55,144488.0,196.66287546370634
240810,NATAL,24,2021,29052657.39,147185.0,197.38871073818663
240810,NATAL,24,2022,38135285.79,173123.0,220.27856373792042
240810,NATAL,24,2023,49659824.85,214860.0,231.1264304663502
240810,NATAL,24,2024,53755087.14,220032.0,244.30576979712043
240810,NATAL,24,2025,54329124.73,222480.0,244.1977918464581
240810,NATAL,24,2026,29255469.339999996,117181.0,249.66051953815034
530010,BRASILIA,53,2015,25649535.16,142197.0,180.38028340963592
530010,BRASILIA,53,2016,25196754.25,138846.0,181.47266936029845
530010,BRASILIA,53,2017,26731089.94,135989.0,196.56803079660855
530010,BRASILIA,53,2018,28807135.54,146572.0,196.53914485713506
530010,BRASILIA,53,2019,35617735.27,180693.0,197.11740504612797
530010,BRASILIA,53,2020,35954106.06,184630.0,194.73599122569465
530010,BRASILIA,53,2021,35465721.61,182130.0,194.72751117333772
530010,BRASILIA,53,2022,37540951.84,172027.0,218.2270913286868
530010,BRASILIA,53,2023,41769607.8,183138.0,228.07723028535855
530010,BRASILIA,53,2024,43747767.03,180712.0,242.08556725618664
530010,BRASILIA,53,2025,43382189.7,179135.0,242.1759550060011
530010,BRASILIA,53,2026,25816634.229999997,102927.0,250.82470323627422
270430,MACEIO,27,2015,24152057.58,133187.0,181.33945189845855
270430,MACEIO,27,2016,24393352.85,133653.0,182.51257248247327
270430,MACEIO,27,2017,25881092.72,131516.0,196.79044922290822
270430,MACEIO,27,2018,26849118.14,136645.0,196.48811255442936
270430,MACEIO,27,2019,28929164.4,146674.0,197.23444100522246
270430,MACEIO,27,2020,30198138.89,154928.0,194.91724472012805
270430,MACEIO,27,2021,30107364.11,153275.0,196.42710233240908
270430,MACEIO,27,2022,35711819.87,162076.0,220.33996316542854
270430,MACEIO,27,2023,39554961.46,171392.0,230.78650963872292
270430,MACEIO,27,2024,44031220.11,181052.0,243.1965408280494
270430,MACEIO,27,2025,49372881.84,202406.0,243.92993211663688
270430,MACEIO,27,2026,26088369.29,103892.0,251.11047327994456
221100,TERESINA,22,2015,22018676.09,121112.0,181.80424805139046
221100,TERESINA,22,2016,23687739.97,128809.0,183.8981745840741
221100,TERESINA,22,2017,26359320.4,133595.0,197.30768666492008
221100,TERESINA,22,2018,27410497.12,139181.0,196.94137217005195
221100,TERESINA,22,2019,29209941.7,148207.0,197.08881294405796
221100,TERESINA,22,2020,29723850.7,151590.0,196.08055082789102
221100,TERESINA,22,2021,28584731.39,146161.0,195.57016844438667
221100,TERESINA,22,2022,33412437.06,152366.0,219.2906360999173
221100,TERESINA,22,2023,35800289.73,155564.0,230.13222680054508
221100,TERESINA,22,2024,39949940.33,163914.0,243.7250041485169
221100,TERESINA,22,2025,40351229.68,165601.0,243.6653744844536
221100,TERESINA,22,2026,21006245.7,84184.0,249.52776893471443
431490,PORTO ALEGRE,43,2015,28405897.6,149514.0,189.98821247508596
431490,PORTO ALEGRE,43,2016,28788970.86,147839.0,194.73191011843966
431490,PORTO ALEGRE,43,2017,30444671.92,147310.0,206.6707753716652
431490,PORTO ALEGRE,43,2018,29860570.42,145297.0,205.5140190093395
431490,PORTO ALEGRE,43,2019,29722614.81,144636.0,205.49942483199203
431490,PORTO ALEGRE,43,2020,28548913.91,141013.0,202.4559005907257
431490,PORTO ALEGRE,43,2021,27161743.23,135399.0,200.60519819201028
431490,PORTO ALEGRE,43,2022,30963469.66,139388.0,222.1387039056447
431490,PORTO ALEGRE,43,2023,33767391.51,143373.0,235.521273252286
431490,PORTO ALEGRE,43,2024,35157688.45,140235.0,250.70551895033338
431490,PORTO ALEGRE,43,2025,36282442.15,145541.0,249.2936158883064
431490,PORTO ALEGRE,43,2026,15817095.940000001,61432.0,257.47323772626646
150140,BELEM,15,2015,16859967.48,93536.0,180.2511063120082
150140,BELEM,15,2016,17846762.69,96978.0,184.02898275897627
150140,BELEM,15,2017,25329557.48,124994.0,202.64618685696914
150140,BELEM,15,2018,26355599.59,130358.0,202.17861266665645
150140,BELEM,15,2019,27101675.11,134398.0,201.6523691572791
150140,BELEM,15,2020,26167882.41,129108.0,202.68211427641975
150140,BELEM,15,2021,28689290.12,141540.0,202.6938683057793
150140,BELEM,15,2022,34788255.25,154770.0,224.77389190411577
150140,BELEM,15,2023,38110021.99,162369.0,234.71242657157464
150140,BELEM,15,2024,42564587.08,171358.0,248.3956808552854
150140,BELEM,15,2025,43068373.92,173584.0,248.11257903954282
150140,BELEM,15,2026,20263525.66,78580.0,257.8712860778824
130260,MANAUS,13,2015,19926790.52,108710.0,183.30227688345138
130260,MANAUS,13,2016,19170810.85,103437.0,185.33804006303356
130260,MANAUS,13,2017,20374336.45,102427.0,198.91568092397512
130260,MANAUS,13,2018,20271810.92,101989.0,198.764679720362
130260,MANAUS,13,2019,23052023.67,116850.0,197.27876482670092
130260,MANAUS,13,2020,31090085.07,158129.0,196.61216519424013
130260,MANAUS,13,2021,29860678.34,150818.0,197.99147542070574
130260,MANAUS,13,2022,36970768.76,168584.0,219.30176505480947
130260,MANAUS,13,2023,39308585.08,169950.0,231.2949989997058
130260,MANAUS,13,2024,42109777.67,172003.0,244.8200186624652
130260,MANAUS,13,2025,41494503.87,169564.0,244.71293358260007
130260,MANAUS,13,2026,20815751.17,81477.0,255.48008849123067
500270,CAMPO GRANDE,50,2015,20995008.69,114843.0,182.81487500326534
500270,CAMPO GRANDE,50,2016,20823070.61,112967.0,184.32879168252674
500270,CAMPO GRANDE,50,2017,22817024.11,114972.0,198.45722532442682
500270,CAMPO GRANDE,50,2018,23396404.21,117851.0,198.52529219098693
500270,CAMPO GRANDE,50,2019,24325725.41,123045.0,197.69779682230077
500270,CAMPO GRANDE,50,2020,26239998.22,133288.0,196.8669214032771
500270,CAMPO GRANDE,50,2021,25721143.83,131072.0,196.23675407409667
500270,CAMPO GRANDE,50,2022,29410167.26,133092.0,220.97622141075348
500270,CAMPO GRANDE,50,2023,34492141.87,148845.0,231.73194846988477
500270,CAMPO GRANDE,50,2024,38664673.15,158227.0,244.3620440885563
500270,CAMPO GRANDE,50,2025,39471862.03,161694.0,244.1145746286195
500270,CAMPO GRANDE,50,2026,16421570.36,65466.0,250.84120551125775
410690,CURITIBA,41,2015,21031176.4,113907.0,184.63462649354295
410690,CURITIBA,41,2016,20584978.81,109854.0,187.38488184317364
410690,CURITIBA,41,2017,22498926.59,111725.0,201.37772736630117
410690,CURITIBA,41,2018,22968124.94,113940.0,201.58087537300335
410690,CURITIBA,41,2019,23166803.2,114714.0,201.95271021845633
410690,CURITIBA,41,2020,24622802.08,122808.0,200.49835580743925
410690,CURITIBA,41,2021,23454482.35,119954.0,195.52897235606983
410690,CURITIBA,41,2022,26358969.05,118508.0,222.42354144867858
410690,CURITIBA,41,2023,30213580.03,129322.0,233.63062765809377
410690,CURITIBA,41,2024,34276864.55,139160.0,246.3126225208393
410690,CURITIBA,41,2025,35722675.04,145785.0,245.0366981513873
410690,CURITIBA,41,2026,18439545.6,73417.0,251.1617963142052
350950,CAMPINAS,35,2015,19766798.82,106414.0,185.75374311650722
350950,CAMPINAS,35,2016,22027434.93,116497.0,189.08156373125487
350950,CAMPINAS,35,2017,24618243.83,121961.0,201.85341076245683
350950,CAMPINAS,35,2018,25688034.71,127193.0,201.96107262192103
350950,CAMPINAS,35,2019,24806023.73,123156.0,201.41953075773816
350950,CAMPINAS,35,2020,24535394.62,122713.0,199.94128266768803
350950,CAMPINAS,35,2021,24349882.87,120859.0,201.47347628227936
350950,CAMPINAS,35,2022,25783332.7,115203.0,223.80782358098313
350950,CAMPINAS,35,2023,29524484.99,125813.0,234.66958891370524
350950,CAMPINAS,35,2024,31655160.86,127756.0,247.77827154889007
350950,CAMPINAS,35,2025,32168756.33,130121.0,247.22186526386977
350950,CAMPINAS,35,2026,16524862.010000002,65012.0,254.18172045160895
354340,RIBEIRAO PRETO,35,2015,16826365.85,91166.0,184.56843395564138
354340,RIBEIRAO PRETO,35,2016,17671586.26,94882.0,186.24803714086974
354340,RIBEIRAO PRETO,35,2017,19513722.85,97530.0,200.07918435353227
354340,RIBEIRAO PRETO,35,2018,20944095.09,103998.0,201.38940258466508
354340,RIBEIRAO PRETO,35,2019,21174460.07,107063.0,197.77570281049475
354340,RIBEIRAO PRETO,35,2020,21293329.36,108195.0,196.80511446924532
354340,RIBEIRAO PRETO,35,2021,21181267.73,107268.0,197.461197468024
354340,RIBEIRAO PRETO,35,2022,23183063.19,105149.0,220.47820892257656
354340,RIBEIRAO PRETO,35,2023,25399179.78,109699.0,231.5351988623415
354340,RIBEIRAO PRETO,35,2024,28391696.35,115969.0,244.82142943372799
354340,RIBEIRAO PRETO,35,2025,28559615.18,116560.0,245.02072048730267
354340,RIBEIRAO PRETO,35,2026,14696696.860000001,58342.0,251.90594871619075
250750,JOAO PESSOA,25,2015,12139709.84,66398.0,182.83246242356697
250750,JOAO PESSOA,25,2016,13338228.39,70986.0,187.89942228044967
250750,JOAO PESSOA,25,2017,16156501.43,79264.0,203.8315178391199
250750,JOAO PESSOA,25,2018,18053261.74,89207.0,202.37494523972333
250750,JOAO PESSOA,25,2019,21001055.52,104355.0,201.24627971826936
250750,JOAO PESSOA,25,2020,21769708.61,107975.0,201.61804686269969
250750,JOAO PESSOA,25,2021,21600291.31,107932.0,200.12870427676685
250750,JOAO PESSOA,25,2022,24986593.78,112600.0,221.90580621669628
250750,JOAO PESSOA,25,2023,28855318.94,123564.0,233.52529005211875
250750,JOAO PESSOA,25,2024,33922584.4,137846.0,246.0904516634505
250750,JOAO PESSOA,25,2025,32091465.43,130540.0,245.83626037996015
250750,JOAO PESSOA,25,2026,13238018.83,52894.0,250.2744891670133
280030,ARACAJU,28,2015,18338853.48,101545.0,180.5982912009454
280030,ARACAJU,28,2016,18710838.32,103463.0,180.84569672249984
280030,ARACAJU,28,2017,18433539.56,93795.0,196.5300875313183
280030,ARACAJU,28,2018,18878144.77,95954.0,196.74161337724325
280030,ARACAJU,28,2019,19232589.48,98059.0,196.1328330902824
280030,ARACAJU,28,2020,19801864.96,101616.0,194.86955754999212
280030,ARACAJU,28,2021,20306294.19,103641.0,195.929161142791
280030,ARACAJU,28,2022,21473105.13,97663.0,219.86939915833017
280030,ARACAJU,28,2023,24331399.93,105340.0,230.97968416555915
280030,ARACAJU,28,2024,28386939.33,116303.0,244.07744709938694
280030,ARACAJU,28,2025,31679573.9,129631.0,244.38270089716193
280030,ARACAJU,28,2026,17108276.669999998,67927.0,251.86268597170488
250400,CAMPINA GRANDE,25,2015,16492547.33,91696.0,179.861142579829
250400,CAMPINA GRANDE,25,2016,16487474.23,91459.0,180.27175269793022
250400,CAMPINA GRANDE,25,2017,17763925.03,91046.0,195.10934066296159
250400,CAMPINA GRANDE,25,2018,18709324.2,95832.0,195.23044703230653
250400,CAMPINA GRANDE,25,2019,19751726.33,101263.0,195.05373463160285
250400,CAMPINA GRANDE,25,2020,21016291.74,108656.0,193.42044378589307
250400,CAMPINA GRANDE,25,2021,21281120.39,109815.0,193.79065145927242
250400,CAMPINA GRANDE,25,2022,23808331.6,108916.0,218.59351794043118
250400,CAMPINA GRANDE,25,2023,22976268.67,100429.0,228.78121528642126
250400,CAMPINA GRANDE,25,2024,24449342.67,100993.0,242.08947818165618
250400,CAMPINA GRANDE,25,2025,25613635.92,106046.0,241.5332583972993
250400,CAMPINA GRANDE,25,2026,12873875.83,51624.0,249.37772799473115
510340,CUIABA,51,2015,15871684.66,86599.0,183.2779207612097
510340,CUIABA,51,2016,15945037.73,85963.0,185.487218105464
510340,CUIABA,51,2017,17433412.22,87042.0,200.28735805702993
510340,CUIABA,51,2018,18145994.31,91100.0,199.1876433589462
510340,CUIABA,51,2019,19246662.97,97306.0,197.79523328468952
510340,CUIABA,51,2020,19068946.41,96556.0,197.49105607108828
510340,CUIABA,51,2021,19360794.29,97739.0,198.08668279806423
510340,CUIABA,51,2022,22826939.39,102905.0,221.82536698897042
510340,CUIABA,51,2023,24525150.03,105206.0,233.1155070053039
510340,CUIABA,51,2024,26699785.42,108147.0,246.8841985445736
510340,CUIABA,51,2025,27436542.52,111119.0,246.91135197400985
510340,CUIABA,51,2026,14363452.75,56508.0,254.18441194167198
351880,GUARULHOS,35,2015,16240606.71,88754.0,182.98450447303784
351880,GUARULHOS,35,2016,16822541.8,90949.0,184.96675939262664
351880,GUARULHOS,35,2017,17597068.81,88489.0,198.86165297381595
351880,GUARULHOS,35,2018,17665266.68,88647.0,199.27653141110247
351880,GUARULHOS,35,2019,18297932.21,91748.0,199.43685104852423
351880,GUARULHOS,35,2020,19279887.49,97206.0,198.3405087134539
351880,GUARULHOS,35,2021,19212483.47,97433.0,197.18661510987036
351880,GUARULHOS,35,2022,21531317.72,97167.0,221.5908458633075
351880,GUARULHOS,35,2023,23094675.7,99316.0,232.53731221555438
351880,GUARULHOS,35,2024,26056200.47,105847.0,246.1685307094202
351880,GUARULHOS,35,2025,27974438.07,113946.0,245.50609999473434
351880,GUARULHOS,35,2026,14620929.1,58117.0,251.5774919558821
311860,CONTAGEM,31,2015,16720576.18,92118.0,181.5125836427191
311860,CONTAGEM,31,2016,17026301.21,93152.0,182.7797708047063
311860,CONTAGEM,31,2017,18248874.74,92579.0,197.11678393588176
311860,CONTAGEM,31,2018,15865046.11,80350.0,197.44923596764156
311860,CONTAGEM,31,2019,16934907.89,85752.0,197.4870310896539
311860,CONTAGEM,31,2020,18108819.58,92263.0,196.27390806715582
311860,CONTAGEM,31,2021,17801156.37,91096.0,195.41095514621938
311860,CONTAGEM,31,2022,19100884.08,87385.0,218.58309870115005
311860,CONTAGEM,31,2023,21151433.48,91981.0,229.95437622987356
311860,CONTAGEM,31,2024,23742155.11,97478.0,243.56424126469562
311860,CONTAGEM,31,2025,24563554.08,100595.0,244.1826540086485
311860,CONTAGEM,31,2026,10677104.42,42731.0,249.86788092953594
291080,FEIRA DE SANTANA,29,2015,16866143.85,92800.0,181.74723976293106
291080,FEIRA DE SANTANA,29,2016,16644439.08,91161.0,182.58289268437161
291080,FEIRA DE SANTANA,29,2017,18903705.78,96169.0,196.56756106437626
291080,FEIRA DE SANTANA,29,2018,18596558.46,94532.0,196.7223634324885
291080,FEIRA DE SANTANA,29,2019,18255174.85,92831.0,196.64955510551434
291080,FEIRA DE SANTANA,29,2020,17412979.11,88949.0,195.76362983282556
291080,FEIRA DE SANTANA,29,2021,15938072.77,81103.0,196.51643921926438
291080,FEIRA DE SANTANA,29,2022,17658315.15,80848.0,218.413753586978
291080,FEIRA DE SANTANA,29,2023,18355405.57,79900.0,229.72973178973717
291080,FEIRA DE SANTANA,29,2024,20118903.87,82397.0,244.17034443001566
291080,FEIRA DE SANTANA,29,2025,21662824.77,88598.0,244.50692758301543
291080,FEIRA DE SANTANA,29,2026,11925014.559999999,47619.0,250.42555618555616
260400,CARPINA,26,2015,11693702.2,64420.0,181.52285315119528
260400,CARPINA,26,2016,12342112.76,67875.0,181.83591543278084
260400,CARPINA,26,2017,14329118.16,73154.0,195.87607184842935
260400,CARPINA,26,2018,14663524.45,74797.0,196.04428586708022
260400,CARPINA,26,2019,14787667.96,75119.0,196.85656039084654
260400,CARPINA,26,2020,17182730.6,87707.0,195.91059550548988
260400,CARPINA,26,2021,17723875.96,90302.0,196.27334898451863
260400,CARPINA,26,2022,20940059.68,95381.0,219.54120506180476
260400,CARPINA,26,2023,22945200.66,99438.0,230.74881493996259
260400,CARPINA,26,2024,24799770.04,101580.0,244.14028391415633
260400,CARPINA,26,2025,24099309.35,98966.0,243.51099721116344
260400,CARPINA,26,2026,12247199.399999999,48927.0,250.31576430191916
317020,UBERLANDIA,31,2015,12492164.46,68501.0,182.36470212113693
317020,UBERLANDIA,31,2016,12889558.39,70442.0,182.9811531472701
317020,UBERLANDIA,31,2017,14350431.81,72416.0,198.16659039438798
317020,UBERLANDIA,31,2018,14936168.22,75496.0,197.8405242661863
317020,UBERLANDIA,31,2019,15929031.38,80522.0,197.822103027744
317020,UBERLANDIA,31,2020,16874262.89,85258.0,197.91999448732085
317020,UBERLANDIA,31,2021,16321046.12,83378.0,195.74763270886803
317020,UBERLANDIA,31,2022,18611228.92,84759.0,219.57820314066944
317020,UBERLANDIA,31,2023,20526899.63,89116.0,230.33910442569234
317020,UBERLANDIA,31,2024,21697928.9,88717.0,244.57464634737423
317020,UBERLANDIA,31,2025,22559587.24,92466.0,243.97710769363871
317020,UBERLANDIA,31,2026,11727579.02,46236.0,253.6460554546241
330490,SAO GONCALO,33,2015,14562389.45,78600.0,185.27213040712468
330490,SAO GONCALO,33,2016,14688295.4,78135.0,187.98611889678122
330490,SAO GONCALO,33,2017,16469652.65,81807.0,201.32326879117923
330490,SAO GONCALO,33,2018,16454916.01,81954.0,200.78234143543938
330490,SAO GONCALO,33,2019,16740462.08,83591.0,200.26632149394072
330490,SAO GONCALO,33,2020,16252078.82,81770.0,198.75356267579798
330490,SAO GONCALO,33,2021,14865432.19,75477.0,196.9531405593757
330490,SAO GONCALO,33,2022,17235943.05,78238.0,220.30142705590634
330490,SAO GONCALO,33,2023,18343196.09,78755.0,232.91468592470318
330490,SAO GONCALO,33,2024,19613420.61,79725.0,246.01342878645343
330490,SAO GONCALO,33,2025,19558600.26,79679.0,245.4674413584508
330490,SAO GONCALO,33,2026,10628349.23,42673.0,249.06496449745742
354980,SAO JOSE DO RIO PRETO,35,2015,12502792.58,67623.0,184.8896467178327
354980,SAO JOSE DO RIO PRETO,35,2016,13509532.44,72003.0,187.62457730927878
354980,SAO JOSE DO RIO PRETO,35,2017,14821623.6,73821.0,200.7778762140854
354980,SAO JOSE DO RIO PRETO,35,2018,14697653.64,73159.0,200.90014406976587
354980,SAO JOSE DO RIO PRETO,35,2019,15098960.73,75283.0,200.56268652949538
354980,SAO JOSE DO RIO PRETO,35,2020,15727031.58,79162.0,198.668952022435
354980,SAO JOSE DO RIO PRETO,35,2021,14631770.33,73785.0,198.3027760384902
354980,SAO JOSE DO RIO PRETO,35,2022,16203451.7,73143.0,221.5311335329423
354980,SAO JOSE DO RIO PRETO,35,2023,19094869.82,82096.0,232.59196331124537
354980,SAO JOSE DO RIO PRETO,35,2024,21307158.74,86355.0,246.73914353540616
354980,SAO JOSE DO RIO PRETO,35,2025,22269247.42,90545.0,245.94673830691923
354980,SAO JOSE DO RIO PRETO,35,2026,11617636.48,45847.0,253.40014570200887
355220,SOROCABA,35,2015,10798919.49,59112.0,182.6857404587901
355220,SOROCABA,35,2016,10212831.42,55385.0,184.39706454816286
355220,SOROCABA,35,2017,10848841.78,54440.0,199.2807086700955
355220,SOROCABA,35,2018,10858933.83,54077.0,200.8050341180169
355220,SOROCABA,35,2019,10591880.26,53043.0,199.68478894481834
355220,SOROCABA,35,2020,10204643.09,51260.0,199.0761429964885
355220,SOROCABA,35,2021,10163280.26,51102.0,198.8822406168056
355220,SOROCABA,35,2022,20465061.51,92452.0,221.35877547267773
355220,SOROCABA,35,2023,24304787.23,105079.0,231.30013827691548
355220,SOROCABA,35,2024,28338831.0,113467.0,249.7539460812395
355220,SOROCABA,35,2025,29240586.19,119698.0,244.28633886948822
355220,SOROCABA,35,2026,15429303.43,60636.0,254.45780443960683
411370,LONDRINA,41,2015,11510677.85,63209.0,182.10504595864512
411370,LONDRINA,41,2016,10990867.43,60333.0,182.17007988994413
411370,LONDRINA,41,2017,12506611.01,63544.0,196.81812618028454
411370,LONDRINA,41,2018,12879997.29,65269.0,197.3371323292834
411370,LONDRINA,41,2019,14451697.22,73108.0,197.67600289981945
411370,LONDRINA,41,2020,16127329.45,82356.0,195.82458412258973
411370,LONDRINA,41,2021,16992235.96,88145.0,192.77594826705996
411370,LONDRINA,41,2022,18378357.87,83643.0,219.7238007962412
411370,LONDRINA,41,2023,19843786.82,85796.0,231.29034943354003
411370,LONDRINA,41,2024,21838568.2,89384.0,244.3230130672156
411370,LONDRINA,41,2025,22571723.04,92582.0,243.80249983798146
411370,LONDRINA,41,2026,12135769.809999999,48344.0,251.0294930084395
260410,CARUARU,26,2015,9079315.42,50528.0,179.68879472767574
260410,CARUARU,26,2016,8786002.29,48707.0,180.38479664113987
260410,CARUARU,26,2017,10069911.08,51465.0,195.6652303507238
260410,CARUARU,26,2018,11764162.81,60174.0,195.50242313956196
260410,CARUARU,26,2019,12885405.84,66154.0,194.7789376303776
260410,CARUARU,26,2020,12956234.44,65648.0,197.35916463563245
260410,CARUARU,26,2021,12578110.13,64249.0,195.7712980746782
260410,CARUARU,26,2022,14986290.91,69139.0,216.75596855609714
260410,CARUARU,26,2023,18084312.73,79304.0,228.03783831836984
260410,CARUARU,26,2024,28256204.5,116607.0,242.3199679264538
260410,CARUARU,26,2025,30012399.22,123418.0,243.17683984507931
260410,CARUARU,26,2026,16740604.66,64599.0,259.14649855260916
330170,DUQUE DE CAXIAS,33,2015,15758330.74,84692.0,186.06634322013886
330170,DUQUE DE CAXIAS,33,2016,15227817.41,80541.0,189.06913758210104
330170,DUQUE DE CAXIAS,33,2017,16085965.48,79858.0,201.43211049613063
330170,DUQUE DE CAXIAS,33,2018,15587192.65,77770.0,200.4268053233895
330170,DUQUE DE CAXIAS,33,2019,15475325.22,77100.0,200.71757743190662
330170,DUQUE DE CAXIAS,33,2020,14714379.44,73872.0,199.18750595624863
330170,DUQUE DE CAXIAS,33,2021,13644016.13,68214.0,200.01782815844257
330170,DUQUE DE CAXIAS,33,2022,15679749.62,70748.0,221.6281678634025
330170,DUQUE DE CAXIAS,33,2023,17271253.7,73935.0,233.60050990735104
330170,DUQUE DE CAXIAS,33,2024,18327873.62,74067.0,247.4499253378698
330170,DUQUE DE CAXIAS,33,2025,16701052.04,67221.0,248.44991951919786
330170,DUQUE DE CAXIAS,33,2026,7993892.09,31484.0,253.90331882861136
293330,VITORIA DA CONQUISTA,29,2015,12339973.88,68050.0,181.33686818515798
293330,VITORIA DA CONQUISTA,29,2016,12591780.6,69310.0,181.67336026547395
293330,VITORIA DA CONQUISTA,29,2017,12333387.84,62766.0,196.4979103336201
293330,VITORIA DA CONQUISTA,29,2018,13044853.96,66616.0,195.82163384171972
293330,VITORIA DA CONQUISTA,29,2019,13427490.95,68596.0,195.74743352382063
293330,VITORIA DA CONQUISTA,29,2020,13821137.59,70693.0,195.50928083402883
293330,VITORIA DA CONQUISTA,29,2021,14939645.78,76966.0,194.10708338746977
293330,VITORIA DA CONQUISTA,29,2022,17158654.74,78440.0,218.74878556858744
293330,VITORIA DA CONQUISTA,29,2023,17511286.69,76638.0,228.4935239698322
293330,VITORIA DA CONQUISTA,29,2024,19216967.71,79364.0,242.13708621037247
293330,VITORIA DA CONQUISTA,29,2025,19826787.51,81852.0,242.22728228998682
293330,VITORIA DA CONQUISTA,29,2026,10159917.48,40720.0,249.50681434184676
313670,JUIZ DE FORA,31,2015,11101312.17,61104.0,181.67897633542813
313670,JUIZ DE FORA,31,2016,12077145.51,65763.0,183.6465111080699
313670,JUIZ DE FORA,31,2017,13393445.57,67283.0,199.06136126510413
313670,JUIZ DE FORA,31,2018,13184915.56,66231.0,199.07468647612146
313670,JUIZ DE FORA,31,2019,13234921.79,66522.0,198.95556041610294
313670,JUIZ DE FORA,31,2020,13886479.37,70641.0,196.57818221712603
313670,JUIZ DE FORA,31,2021,13594388.97,69513.0,195.56613827629366
313670,JUIZ DE FORA,31,2022,15741581.07,71226.0,221.00891626653188
313670,JUIZ DE FORA,31,2023,17731270.46,76507.0,231.76010639549324
313670,JUIZ DE FORA,31,2024,18934654.41,77446.0,244.48847467913126
313670,JUIZ DE FORA,31,2025,20817024.37,84918.0,245.142659624579
313670,JUIZ DE FORA,31,2026,11160559.56,44200.0,252.50134751131222
270030,ARAPIRACA,27,2015,10017806.58,54819.0,182.74332950254475
270030,ARAPIRACA,27,2016,10960639.01,59016.0,185.72317693506847
270030,ARAPIRACA,27,2017,12205579.48,61092.0,199.79014404504682
270030,ARAPIRACA,27,2018,12910575.97,64779.0,199.30187205730252
270030,ARAPIRACA,27,2019,13202424.09,66594.0,198.2524565276151
270030,ARAPIRACA,27,2020,13178195.03,66557.0,197.99863320161666
270030,ARAPIRACA,27,2021,13310376.91,66999.0,198.66530709413573
270030,ARAPIRACA,27,2022,15465862.02,69792.0,221.59935264786793
270030,ARAPIRACA,27,2023,17588746.25,75650.0,232.50160277594185
270030,ARAPIRACA,27,2024,21223921.42,86788.0,244.54903235470343
270030,ARAPIRACA,27,2025,22535601.46,92438.0,243.7915301066661
270030,ARAPIRACA,27,2026,10777620.93,42856.0,251.48452795407877
312770,GOVERNADOR VALADARES,31,2015,10233003.0,56289.0,181.79400948675584
312770,GOVERNADOR VALADARES,31,2016,10717370.74,58748.0,182.4295421120719
312770,GOVERNADOR VALADARES,31,2017,12285806.28,62420.0,196.82483627042615
312770,GOVERNADOR VALADARES,31,2018,13047646.49,66438.0,196.38830925073
312770,GOVERNADOR VALADARES,31,2019,13341519.94,68053.0,196.04602207103287
312770,GOVERNADOR VALADARES,31,2020,14282029.39,73398.0,194.58335908335377
312770,GOVERNADOR VALADARES,31,2021,13774181.51,70456.0,195.50047561598728
312770,GOVERNADOR VALADARES,31,2022,15732789.54,71570.0,219.82380243118624
312770,GOVERNADOR VALADARES,31,2023,17295402.48,75587.0,228.81451149007106
312770,GOVERNADOR VALADARES,31,2024,19171839.24,79720.0,240.48970446562967
312770,GOVERNADOR VALADARES,31,2025,19496863.43,81010.0,240.6723050240711
312770,GOVERNADOR VALADARES,31,2026,9910547.8,39872.0,248.55908406902088
330045,BELFORD ROXO,33,2015,12716421.99,69087.0,184.06389031221502
330045,BELFORD ROXO,33,2016,12802332.59,68349.0,187.308264788073
330045,BELFORD ROXO,33,2017,13531068.06,67119.0,201.59817726724177
330045,BELFORD ROXO,33,2018,13767774.59,68140.0,202.0512854417376
330045,BELFORD ROXO,33,2019,14154187.63,70141.0,201.79620521520937
330045,BELFORD ROXO,33,2020,13826372.47,68971.0,200.4664637311334
330045,BELFORD ROXO,33,2021,13070725.8,65091.0,200.80695948748675
330045,BELFORD ROXO,33,2022,14931968.67,66819.0,223.46890360526197
330045,BELFORD ROXO,33,2023,15843872.26,67625.0,234.29016280961181
330045,BELFORD ROXO,33,2024,18418738.19,74453.0,247.3874550387493
330045,BELFORD ROXO,33,2025,17288028.87,69868.0,247.43843919963362
330045,BELFORD ROXO,33,2026,8507374.11,33686.0,252.54925221160124
210530,IMPERATRIZ,21,2015,10838501.84,59824.0,181.1731385397165
210530,IMPERATRIZ,21,2016,11051146.13,60614.0,182.320027221434
210530,IMPERATRIZ,21,2017,11814573.7,60102.0,196.57538351469168
210530,IMPERATRIZ,21,2018,11955573.43,61039.0,195.86778010779992
210530,IMPERATRIZ,21,2019,13230256.74,67566.0,195.8123425983483
210530,IMPERATRIZ,21,2020,14345158.97,74272.0,193.14356648535116
210530,IMPERATRIZ,21,2021,14092665.78,72873.0,193.3866559631139
210530,IMPERATRIZ,21,2022,16065081.58,73459.0,218.6945313712411
210530,IMPERATRIZ,21,2023,18009367.53,78637.0,229.01900543001386
210530,IMPERATRIZ,21,2024,19000024.41,78609.0,241.70291455176888
210530,IMPERATRIZ,21,2025,17606607.62,72831.0,241.74606445057736
210530,IMPERATRIZ,21,2026,9350832.25,37385.0,250.1225692122509
520140,APARECIDA DE GOIANIA,52,2015,8274955.32,45661.0,181.22588905192615
520140,APARECIDA DE GOIANIA,52,2016,9132719.21,50369.0,181.3162701264667
520140,APARECIDA DE GOIANIA,52,2017,11584087.64,59363.0,195.1398622037296
520140,APARECIDA DE GOIANIA,52,2018,13307693.52,68043.0,195.57770115956086
520140,APARECIDA DE GOIANIA,52,2019,13868467.81,70738.0,196.05399940625972
520140,APARECIDA DE GOIANIA,52,2020,14083768.49,71994.0,195.62419771092036
520140,APARECIDA DE GOIANIA,52,2021,13816860.22,71074.0,194.4010498916622
520140,APARECIDA DE GOIANIA,52,2022,15378014.53,70525.0,218.050542786246
520140,APARECIDA DE GOIANIA,52,2023,16643233.55,72003.0,231.1463904281766
520140,APARECIDA DE GOIANIA,52,2024,19466334.63,79573.0,244.63492176994708
520140,APARECIDA DE GOIANIA,52,2025,19632554.47,80577.0,243.64960807674646
520140,APARECIDA DE GOIANIA,52,2026,8196442.470000001,32770.0,250.12030729325605
355410,TAUBATE,35,2015,9944327.39,54362.0,182.9279163754093
355410,TAUBATE,35,2016,10968947.95,59501.0,184.34896808457
355410,TAUBATE,35,2017,12750147.29,64056.0,199.04688538154113
355410,TAUBATE,35,2018,13089467.33,65854.0,198.7649547483828
355410,TAUBATE,35,2019,12817500.71,64711.0,198.0729815641854
355410,TAUBATE,35,2020,13769544.15,69775.0,197.3420874238624
355410,TAUBATE,35,2021,13765296.61,70539.0,195.1444819178043
355410,TAUBATE,35,2022,15426996.52,69934.0,220.59365287270856
355410,TAUBATE,35,2023,15378574.11,66353.0,231.76908519584646
355410,TAUBATE,35,2024,16174467.42,66089.0,244.7376631512052
355410,TAUBATE,35,2025,16718144.48,67964.0,245.98529339061858
355410,TAUBATE,35,2026,9024600.27,35613.0,253.40747114817623
220800,PICOS,22,2015,7544927.59,40904.0,184.45451765108547
220800,PICOS,22,2016,8713856.7,46837.0,186.04643124025876
220800,PICOS,22,2017,10763070.38,54001.0,199.31242717727451
220800,PICOS,22,2018,11443168.55,57520.0,198.94242958970793
220800,PICOS,22,2019,12294719.45,61904.0,198.60945092401136
220800,PICOS,22,2020,12642896.5,64388.0,196.35485649499907
220800,PICOS,22,2021,12797975.52,64847.0,197.35647786327817
220800,PICOS,22,2022,15255970.97,69019.0,221.04016241904404
220800,PICOS,22,2023,16869224.26,72903.0,231.3927308889895
220800,PICOS,22,2024,17970709.37,73568.0,244.27345272401044
220800,PICOS,22,2025,18055129.91,73867.0,244.4275510038312
220800,PICOS,22,2026,9066813.52,36552.0,248.05246005690523
310670,BETIM,31,2015,5514128.23,30918.0,178.3468604049421
310670,BETIM,31,2016,5791115.36,32483.0,178.28141981959794
310670,BETIM,31,2017,6649931.96,34183.0,194.53915572067987
310670,BETIM,31,2018,12030748.61,61126.0,196.81884320910905
310670,BETIM,31,2019,13449826.19,68214.0,197.17105271645116
310670,BETIM,31,2020,13648881.96,69230.0,197.15270778564206
310670,BETIM,31,2021,13693768.64,69537.0,196.92780304010816
310670,BETIM,31,2022,15837265.25,72024.0,219.88872112073753
310670,BETIM,31,2023,17334313.64,75149.0,230.6659255612184
310670,BETIM,31,2024,18873328.76,76986.0,245.15273893954748
310670,BETIM,31,2025,19694883.03,79996.0,246.19834779238963
310670,BETIM,31,2026,10666443.57,40961.0,260.40486243011645
291840,JUAZEIRO,29,2015,6629538.95,36493.0,181.66604417285507
291840,JUAZEIRO,29,2016,7846617.52,42847.0,183.131083156347
291840,JUAZEIRO,29,2017,9080862.67,46089.0,197.0288500509883
291840,JUAZEIRO,29,2018,9792716.54,49722.0,196.94936929327056
291840,JUAZEIRO,29,2019,10328426.01,52386.0,197.1600429504066
291840,JUAZEIRO,29,2020,11920791.94,61042.0,195.28835785197077
291840,JUAZEIRO,29,2021,12936861.49,66392.0,194.8557279491505
291840,JUAZEIRO,29,2022,15323492.97,69963.0,219.0228116290039
291840,JUAZEIRO,29,2023,17409156.63,75745.0,229.8390207934517
291840,JUAZEIRO,29,2024,19781153.08,81416.0,242.9639515574334
291840,JUAZEIRO,29,2025,20794443.38,85476.0,243.2781526978333
291840,JUAZEIRO,29,2026,10678034.620000001,42968.0,248.5113251722212
230370,CAUCAIA,23,2015,7241386.19,39970.0,181.17053264948711
230370,CAUCAIA,23,2016,8303700.27,45667.0,181.8315253903256
230370,CAUCAIA,23,2017,9606624.42,49009.0,196.01755636719787
230370,CAUCAIA,23,2018,10359733.67,52773.0,196.30746158073256
230370,CAUCAIA,23,2019,11560503.33,58815.0,196.5570573833206
230370,CAUCAIA,23,2020,11654130.83,60464.0,192.74495286451443
230370,CAUCAIA,23,2021,11624093.45,59234.0,196.2402243643853
230370,CAUCAIA,23,2022,14213015.39,64514.0,220.3090087422885
230370,CAUCAIA,23,2023,16850188.13,73065.0,230.61914911380276
230370,CAUCAIA,23,2024,19257690.12,78851.0,244.22886355277677
230370,CAUCAIA,23,2025,20225503.16,82842.0,244.14551990536202
230370,CAUCAIA,23,2026,10922227.549999999,43645.0,250.25151907434983
355280,TABOAO DA SERRA,35,2015,9129196.14,50190.0,181.89273042438734
355280,TABOAO DA SERRA,35,2016,9878973.09,54015.0,182.89314246042767
355280,TABOAO DA SERRA,35,2017,10732830.7,54484.0,196.99050546949562
355280,TABOAO DA SERRA,35,2018,10613798.72,53944.0,196.7558712739137
355280,TABOAO DA SERRA,35,2019,10683997.29,54163.0,197.25637963185198
355280,TABOAO DA SERRA,35,2020,12539904.62,63937.0,196.12907424495987
355280,TABOAO DA SERRA,35,2021,12130230.19,61708.0,196.5746773513969
355280,TABOAO DA SERRA,35,2022,13248251.42,60112.0,220.39279045781208
355280,TABOAO DA SERRA,35,2023,16095682.79,69668.0,231.03408724234941
355280,TABOAO DA SERRA,35,2024,17038747.02,69669.0,244.56712483313956
355280,TABOAO DA SERRA,35,2025,16754809.96,68366.0,245.07518298569465
355280,TABOAO DA SERRA,35,2026,8581530.01,34025.0,252.21249110947832
355240,SUMARE,35,2015,8008298.63,43532.0,183.96348961683358
355240,SUMARE,35,2016,8780859.85,46939.0,187.0695977758367
355240,SUMARE,35,2017,10276319.8,51531.0,199.42015097708176
355240,SUMARE,35,2018,12792079.11,64090.0,199.59555484474956
355240,SUMARE,35,2019,12730991.61,63779.0,199.61102572947206
355240,SUMARE,35,2020,12711849.37,64036.0,198.5109839777625
355240,SUMARE,35,2021,11791481.31,59052.0,199.6796266002845
355240,SUMARE,35,2022,12677785.0,56926.0,222.70640831957277
355240,SUMARE,35,2023,15824564.79,67327.0,235.04039672048359
355240,SUMARE,35,2024,16306299.06,65520.0,248.87513827838828
355240,SUMARE,35,2025,15434437.17,62485.0,247.01027718652477
355240,SUMARE,35,2026,7920929.01,31181.0,254.0306279465059
411520,MARINGA,41,2015,9430768.89,51574.0,182.85897719781286
411520,MARINGA,41,2016,10192524.42,54787.0,186.03910453209704
411520,MARINGA,41,2017,11030027.74,55467.0,198.85747814015542
411520,MARINGA,41,2018,11548983.26,58238.0,198.30665991277172
411520,MARINGA,41,2019,12327009.03,62248.0,198.03060387482327
411520,MARINGA,41,2020,11997989.62,60654.0,197.81036073465887
411520,MARINGA,41,2021,10977649.09,55514.0,197.74559732680044
411520,MARINGA,41,2022,12531616.51,56709.0,220.98108783438255
411520,MARINGA,41,2023,13967652.79,60040.0,232.63912041972017
411520,MARINGA,41,2024,15270567.89,62385.0,244.77948048409073
411520,MARINGA,41,2025,15921537.87,65281.0,243.8923709808367
411520,MARINGA,41,2026,8238046.0600000005,33289.0,247.47051758839257
240800,MOSSORO,24,2015,8087930.52,44520.0,181.6695983827493
240800,MOSSORO,24,2016,8153727.8,44748.0,182.21435147939573
240800,MOSSORO,24,2017,8994341.41,45868.0,196.09185946629458
240800,MOSSORO,24,2018,9355505.06,47673.0,196.243262643425
240800,MOSSORO,24,2019,9837651.58,50284.0,195.64178625407683
240800,MOSSORO,24,2020,10030108.21,51540.0,194.60823069460614
240800,MOSSORO,24,2021,10229693.75,52425.0,195.130066762041
240800,MOSSORO,24,2022,12641730.81,57854.0,218.5109207660663
240800,MOSSORO,24,2023,14916800.42,64750.0,230.37529606177606
240800,MOSSORO,24,2024,19175608.0,78942.0,242.9075523802285
240800,MOSSORO,24,2025,18769870.65,77271.0,242.9096381566176
240800,MOSSORO,24,2026,7861873.890000001,31853.0,246.81737638526985
351620,FRANCA,35,2015,7742282.95,41411.0,186.96198956798918
351620,FRANCA,35,2016,8058697.59,42291.0,190.55348868553594
351620,FRANCA,35,2017,8886918.56,43853.0,202.6524652817367
351620,FRANCA,35,2018,9216967.97,45358.0,203.20490255302263
351620,FRANCA,35,2019,10054665.7,49634.0,202.57617157593583
351620,FRANCA,35,2020,10874133.09,53908.0,201.71650014840097
351620,FRANCA,35,2021,11237942.67,55670.0,201.86712178911444
351620,FRANCA,35,2022,12106101.54,53948.0,224.4031574849855
351620,FRANCA,35,2023,14236465.79,59932.0,237.54364596542746
351620,FRANCA,35,2024,16496604.1,65769.0,250.82643950797487
351620,FRANCA,35,2025,17169252.61,68646.0,250.11293607784867
351620,FRANCA,35,2026,7949659.390000001,31089.0,255.70650036990577
420910,JOINVILLE,42,2015,8748507.81,47135.0,185.60534231462822
420910,JOINVILLE,42,2016,8999132.94,48377.0,186.02089712053248
420910,JOINVILLE,42,2017,10155454.55,50586.0,200.7562280077492
420910,JOINVILLE,42,2018,10707503.55,53471.0,200.24879934917993
420910,JOINVILLE,42,2019,11020179.72,54876.0,200.8196610540127
420910,JOINVILLE,42,2020,10641336.83,53447.0,199.100732127154
420910,JOINVILLE,42,2021,9564319.67,48045.0,199.07003163700696
420910,JOINVILLE,42,2022,10871879.69,49034.0,221.72124831749397
420910,JOINVILLE,42,2023,12859432.23,55709.0,230.8322215440952
420910,JOINVILLE,42,2024,15021344.02,61742.0,243.29215153380196
420910,JOINVILLE,42,2025,15652775.81,64735.0,241.79772626863368
420910,JOINVILLE,42,2026,8176530.399999999,33224.0,246.10313026727664
314330,MONTES CLAROS,31,2015,8466682.64,46507.0,182.05179091319587
314330,MONTES CLAROS,31,2016,8749261.6,47835.0,182.9050193373053
314330,MONTES CLAROS,31,2017,9106869.54,45963.0,198.13479407349388
314330,MONTES CLAROS,31,2018,9795025.87,49491.0,197.91529510416032
314330,MONTES CLAROS,31,2019,10383778.37,52451.0,197.97102762578405
314330,MONTES CLAROS,31,2020,10745182.0,54576.0,196.8847478745236
314330,MONTES CLAROS,31,2021,10533005.56,53778.0,195.86086429394922
314330,MONTES CLAROS,31,2022,11806126.86,53947.0,218.8467729438152
314330,MONTES CLAROS,31,2023,12801436.61,56151.0,227.98234421470676
314330,MONTES CLAROS,31,2024,14225345.98,58533.0,243.03121282011858
314330,MONTES CLAROS,31,2025,15635614.33,64878.0,241.00025170319677
314330,MONTES CLAROS,31,2026,8467375.34,34141.0,248.0119311092235
354870,SAO BERNARDO DO CAMPO,35,2015,8355968.44,45376.0,184.14951604372357
354870,SAO BERNARDO DO CAMPO,35,2016,9221522.33,49186.0,187.48266437604195
354870,SAO BERNARDO DO CAMPO,35,2017,9657555.22,48064.0,200.93115887150466
354870,SAO BERNARDO DO CAMPO,35,2018,10353362.69,51632.0,200.52220890145645
354870,SAO BERNARDO DO CAMPO,35,2019,10547436.8,52696.0,200.15630787915592
354870,SAO BERNARDO DO CAMPO,35,2020,10410846.04,52635.0,197.79321820081694
354870,SAO BERNARDO DO CAMPO,35,2021,10408925.26,52473.0,198.36726049587406
354870,SAO BERNARDO DO CAMPO,35,2022,11275630.78,50668.0,222.5394880397884
354870,SAO BERNARDO DO CAMPO,35,2023,11763092.82,49829.0,236.0692131088322
354870,SAO BERNARDO DO CAMPO,35,2024,14481058.91,58143.0,249.05936931358892
354870,SAO BERNARDO DO CAMPO,35,2025,15423415.47,62036.0,248.62040540976207
354870,SAO BERNARDO DO CAMPO,35,2026,7744586.14,30631.0,252.83491038490416
260790,JABOATAO DOS GUARARAPES,26,2015,8149112.96,45320.0,179.8127308031774
260790,JABOATAO DOS GUARARAPES,26,2016,9102067.48,50496.0,180.25323748415718
260790,JABOATAO DOS GUARARAPES,26,2017,9877749.22,50669.0,194.9465989066293
260790,JABOATAO DOS GUARARAPES,26,2018,9558242.11,48925.0,195.36519386816553
260790,JABOATAO DOS GUARARAPES,26,2019,9901486.89,50454.0,196.24780770602928
260790,JABOATAO DOS GUARARAPES,26,2020,9684640.61,50820.0,190.56750511609602
260790,JABOATAO DOS GUARARAPES,26,2021,9599677.56,52225.0,183.81383551938728
260790,JABOATAO DOS GUARARAPES,26,2022,11131057.62,52744.0,211.03931480357954
260790,JABOATAO DOS GUARARAPES,26,2023,12749922.38,55468.0,229.86086356097212
260790,JABOATAO DOS GUARARAPES,26,2024,14751972.33,60391.0,244.2743509794506
260790,JABOATAO DOS GUARARAPES,26,2025,16163527.06,66194.0,244.1841716771913
260790,JABOATAO DOS GUARARAPES,26,2026,8135406.109999999,32431.0,250.85276772224105
354990,SAO JOSE DOS CAMPOS,35,2015,7742387.65,42443.0,182.41848243526613
354990,SAO JOSE DOS CAMPOS,35,2016,8659624.56,47059.0,184.0163318387556
354990,SAO JOSE DOS CAMPOS,35,2017,10118822.78,51035.0,198.27222063289898
354990,SAO JOSE DOS CAMPOS,35,2018,10163529.43,51406.0,197.7109565031319
354990,SAO JOSE DOS CAMPOS,35,2019,10256210.44,51744.0,198.21062229437229
354990,SAO JOSE DOS CAMPOS,35,2020,10414503.04,52880.0,196.9459727685325
354990,SAO JOSE DOS CAMPOS,35,2021,8984695.13,45906.0,195.71940770269683
354990,SAO JOSE DOS CAMPOS,35,2022,11298628.75,51375.0,219.92464720194647
354990,SAO JOSE DOS CAMPOS,35,2023,12842625.34,55261.0,232.39943793995766
354990,SAO JOSE DOS CAMPOS,35,2024,14461923.04,59020.0,245.03427719417147
354990,SAO JOSE DOS CAMPOS,35,2025,15405360.39,62835.0,245.17164621628075
354990,SAO JOSE DOS CAMPOS,35,2026,7989597.27,31662.0,252.34025866969867
320150,COLATINA,32,2015,9920424.84,54376.0,182.44123951743416
320150,COLATINA,32,2016,10197053.55,55578.0,183.4728408722876
320150,COLATINA,32,2017,11137604.58,56346.0,197.66451176658504
320150,COLATINA,32,2018,11247619.76,57049.0,197.15717646233938
320150,COLATINA,32,2019,11382896.28,57728.0,197.18154587028823
320150,COLATINA,32,2020,10998278.0,56019.0,196.33120905407094
320150,COLATINA,32,2021,10699602.55,54597.0,195.97418447900068
320150,COLATINA,32,2022,11711136.43,53635.0,218.34877281625805
320150,COLATINA,32,2023,10425189.64,45413.0,229.5639935701231
320150,COLATINA,32,2024,11957323.47,49237.0,242.8523969778825
320150,COLATINA,32,2025,12106737.65,50073.0,241.78175164260182
320150,COLATINA,32,2026,6412465.34,26054.0,246.12210562677515
110020,PORTO VELHO,11,2015,6867118.95,37350.0,183.85860642570282
110020,PORTO VELHO,11,2016,7801568.22,41820.0,186.55112912482065
110020,PORTO VELHO,11,2017,9464729.33,47390.0,199.71996898079763
110020,PORTO VELHO,11,2018,10535412.43,52599.0,200.29681990151903
110020,PORTO VELHO,11,2019,10914288.97,54473.0,200.361444568869
110020,PORTO VELHO,11,2020,10800208.98,54838.0,196.94753601517198
110020,PORTO VELHO,11,2021,10294940.15,51968.0,198.10152690116996
110020,PORTO VELHO,11,2022,11709927.27,53205.0,220.0907296306738
110020,PORTO VELHO,11,2023,12670178.83,54057.0,234.38553434337828
110020,PORTO VELHO,11,2024,14178066.78,57343.0,247.2501749123694
110020,PORTO VELHO,11,2025,14634927.62,59102.0,247.62152922066934
110020,PORTO VELHO,11,2026,7304400.01,28694.0,254.56192967170836
316860,TEOFILO OTONI,31,2015,7040309.38,39044.0,180.31731840999896
316860,TEOFILO OTONI,31,2016,7798602.01,42562.0,183.22921878671116
316860,TEOFILO OTONI,31,2017,8134429.75,41111.0,197.86504220281677
316860,TEOFILO OTONI,31,2018,8466223.33,42787.0,197.86905672283638
316860,TEOFILO OTONI,31,2019,9322415.72,47027.0,198.2353907329832
316860,TEOFILO OTONI,31,2020,10185014.11,51635.0,197.25020063910137
316860,TEOFILO OTONI,31,2021,10728935.62,54601.0,196.49705353381805
316860,TEOFILO OTONI,31,2022,12091058.3,54880.0,220.31811771137026
316860,TEOFILO OTONI,31,2023,12732621.76,55207.0,230.63419059177278
316860,TEOFILO OTONI,31,2024,15000910.2,61726.0,243.0241745779736
316860,TEOFILO OTONI,31,2025,16623402.07,68431.0,242.92209773348335
316860,TEOFILO OTONI,31,2026,8641807.280000001,34601.0,249.75599780353173
350600,BAURU,35,2015,8807892.36,48010.0,183.45953676317433
350600,BAURU,35,2016,9423728.45,50831.0,185.39333182506738
350600,BAURU,35,2017,10215489.46,51155.0,199.69679327533967
350600,BAURU,35,2018,10311664.34,51829.0,198.95549480020838
350600,BAURU,35,2019,10068210.61,50705.0,198.56445340696183
350600,BAURU,35,2020,9956355.73,50533.0,197.02680881800012
350600,BAURU,35,2021,10135737.64,51230.0,197.8476993948858
350600,BAURU,35,2022,11448436.75,51654.0,221.63698358307198
350600,BAURU,35,2023,12093634.63,51648.0,234.1549455932466
350600,BAURU,35,2024,12758960.83,51126.0,249.5591446622071
350600,BAURU,35,2025,13514489.26,54463.0,248.14074252244643
350600,BAURU,35,2026,7416417.15,27703.0,267.7116972891023
261640,VITORIA DE SANTO ANTAO,26,2015,8207227.17,45527.0,180.27164473828716
261640,VITORIA DE SANTO ANTAO,26,2016,8173324.57,45039.0,181.47215901774018
261640,VITORIA DE SANTO ANTAO,26,2017,9030332.05,45886.0,196.79928627468075
261640,VITORIA DE SANTO ANTAO,26,2018,9036568.47,46178.0,195.68990579929837
261640,VITORIA DE SANTO ANTAO,26,2019,9676378.22,49455.0,195.66026124759884
261640,VITORIA DE SANTO ANTAO,26,2020,10136129.75,52009.0,194.89184083524006
261640,VITORIA DE SANTO ANTAO,26,2021,10256313.79,52959.0,193.66517098132516
261640,VITORIA DE SANTO ANTAO,26,2022,12307775.5,56432.0,218.0992256166714
261640,VITORIA DE SANTO ANTAO,26,2023,12928439.76,56667.0,228.1475948965006
261640,VITORIA DE SANTO ANTAO,26,2024,14197222.08,58486.0,242.74564989912116
261640,VITORIA DE SANTO ANTAO,26,2025,14216053.5,58595.0,242.6154706032938
261640,VITORIA DE SANTO ANTAO,26,2026,7657838.3100000005,30562.0,250.56731594790918
353440,OSASCO,35,2015,9322569.43,50995.0,182.81340190214726
353440,OSASCO,35,2016,9018676.95,48935.0,184.29911004393583
353440,OSASCO,35,2017,8797301.48,44433.0,197.9902657934418
353440,OSASCO,35,2018,8514219.43,42929.0,198.33258240350347
353440,OSASCO,35,2019,9573473.8,48262.0,198.36463055820315
353440,OSASCO,35,2020,9388715.99,47586.0,197.29996196360275
353440,OSASCO,35,2021,9150784.86,46521.0,196.70223898884373
353440,OSASCO,35,2022,11058459.93,50288.0,219.90255985523385
353440,OSASCO,35,2023,12011863.61,52107.0,230.52303164641987
353440,OSASCO,35,2024,14256130.39,58424.0,244.01154303026155
353440,OSASCO,35,2025,15264300.81,62497.0,244.2405365057523
353440,OSASCO,35,2026,8203277.71,32199.0,254.7680893816578
260120,ARCOVERDE,26,2015,8689600.7,47984.0,181.09371248749582
260120,ARCOVERDE,26,2016,8865093.52,48707.0,182.0086131356889
260120,ARCOVERDE,26,2017,9901002.5,50614.0,195.61786264669854
260120,ARCOVERDE,26,2018,10109631.36,51870.0,194.90324580682474
260120,ARCOVERDE,26,2019,10531756.66,53738.0,195.9834132271391
260120,ARCOVERDE,26,2020,10952464.26,57036.0,192.02721544287817
260120,ARCOVERDE,26,2021,10280561.73,55488.0,185.27540603373703
260120,ARCOVERDE,26,2022,12086952.12,56985.0,212.10760937088705
260120,ARCOVERDE,26,2023,10837591.83,47455.0,228.37618438520704
260120,ARCOVERDE,26,2024,11370356.64,46878.0,242.55208498656089
260120,ARCOVERDE,26,2025,12986976.06,53416.0,243.12895125056164
260120,ARCOVERDE,26,2026,6906028.12,27606.0,250.16402666087083
210300,CAXIAS,21,2015,9857035.55,53289.0,184.97317551464656
210300,CAXIAS,21,2016,9974983.75,53545.0,186.29160052292465
210300,CAXIAS,21,2017,9706125.95,48620.0,199.6323724804607
210300,CAXIAS,21,2018,10555051.45,53103.0,198.76563376833698
210300,CAXIAS,21,2019,10907912.98,55061.0,198.10597301175062
210300,CAXIAS,21,2020,10871584.29,55310.0,196.55730048815764
210300,CAXIAS,21,2021,10533027.22,53343.0,197.45847102712634
210300,CAXIAS,21,2022,10863037.85,49112.0,221.1890749714937
210300,CAXIAS,21,2023,11243948.74,48432.0,232.15949661380907
210300,CAXIAS,21,2024,11381943.99,46492.0,244.81510776047492
210300,CAXIAS,21,2025,11356123.82,46421.0,244.63333017384375
210300,CAXIAS,21,2026,6147604.49,24313.0,252.8525681734052
231290,SOBRAL,23,2015,7663290.29,42750.0,179.2582523976608
231290,SOBRAL,23,2016,8684416.58,48457.0,179.2190308933694
231290,SOBRAL,23,2017,10050169.31,51567.0,194.89536544689435
231290,SOBRAL,23,2018,10387431.15,53267.0,195.0068738618657
231290,SOBRAL,23,2019,10531232.96,53845.0,195.58423177639523
231290,SOBRAL,23,2020,10290778.1,52812.0,194.85681473907445
231290,SOBRAL,23,2021,10204923.43,52372.0,194.85456789887726
231290,SOBRAL,23,2022,12057565.3,55327.0,217.9327507365301
231290,SOBRAL,23,2023,13306559.67,58160.0,228.79229143741404
231290,SOBRAL,23,2024,11637767.48,48264.0,241.12728907674457
231290,SOBRAL,23,2025,11686056.84,48455.0,241.1733946961098
231290,SOBRAL,23,2026,6783367.4,25502.0,265.99354560426633
352390,ITU,35,2015,5485190.24,30012.0,182.7665680394509
352390,ITU,35,2016,6000124.97,32573.0,184.20547600773645
352390,ITU,35,2017,7179038.08,36182.0,198.41462826819966
352390,ITU,35,2018,10336831.93,52259.0,197.80003310434566
352390,ITU,35,2019,15206305.9,76763.0,198.09421075257612
352390,ITU,35,2020,16525541.15,83404.0,198.13847237542564
352390,ITU,35,2021,15513461.54,78567.0,197.45518525589623
352390,ITU,35,2022,9289309.98,41902.0,221.69132690563697
352390,ITU,35,2023,9730349.2,41966.0,231.86267931182385
352390,ITU,35,2024,11128214.8,44510.0,250.01605931251405
352390,ITU,35,2025,10873739.4,44511.0,244.29330727235964
352390,ITU,35,2026,5571794.51,22242.0,250.50780100710367
330100,CAMPOS DOS GOYTACAZES,33,2015,9971645.1,54383.0,183.35959950719894
330100,CAMPOS DOS GOYTACAZES,33,2016,9187010.46,49628.0,185.11748327557027
330100,CAMPOS DOS GOYTACAZES,33,2017,9460522.68,47600.0,198.75047647058824
330100,CAMPOS DOS GOYTACAZES,33,2018,9309414.95,46774.0,199.02969491597895
330100,CAMPOS DOS GOYTACAZES,33,2019,9699284.15,48846.0,198.56864738156656
330100,CAMPOS DOS GOYTACAZES,33,2020,9610999.13,48735.0,197.20937991176774
330100,CAMPOS DOS GOYTACAZES,33,2021,9199969.68,46888.0,196.21160382187338
330100,CAMPOS DOS GOYTACAZES,33,2022,9909897.25,45115.0,219.65858916103292
330100,CAMPOS DOS GOYTACAZES,33,2023,11954075.17,51316.0,232.95025274768102
330100,CAMPOS DOS GOYTACAZES,33,2024,13425949.27,54314.0,247.19131844459991
330100,CAMPOS DOS GOYTACAZES,33,2025,13694745.94,55387.0,247.25560041164894
330100,CAMPOS DOS GOYTACAZES,33,2026,6956968.4399999995,27613.0,251.94540397638792
351380,DIADEMA,35,2015,7776207.28,42842.0,181.50896970262826
351380,DIADEMA,35,2016,8477949.74,46482.0,182.3921031797255
351380,DIADEMA,35,2017,9604873.27,48513.0,197.98555583039598
351380,DIADEMA,35,2018,10272856.3,51545.0,199.29879328741876
351380,DIADEMA,35,2019,10642210.32,53499.0,198.92353726237874
351380,DIADEMA,35,2020,10455083.62,52786.0,198.06546470655096
351380,DIADEMA,35,2021,9711254.97,48979.0,198.27385144653832
351380,DIADEMA,35,2022,11251237.65,50880.0,221.1328154481132
351380,DIADEMA,35,2023,12010794.91,51824.0,231.76124787743132
351380,DIADEMA,35,2024,12054058.98,49462.0,243.70342849055842
351380,DIADEMA,35,2025,12853737.53,52616.0,244.29332389387258
351380,DIADEMA,35,2026,6521149.74,25944.0,251.35483117483813
120040,RIO BRANCO,12,2015,6253849.83,34953.0,178.9216899836924
120040,RIO BRANCO,12,2016,7020355.3,38077.0,184.37259500485857
120040,RIO BRANCO,12,2017,8332802.66,42147.0,197.70808503570836
120040,RIO BRANCO,12,2018,8640072.25,43493.0,198.65431793621963
120040,RIO BRANCO,12,2019,9186895.33,46647.0,196.9450410530152
120040,RIO BRANCO,12,2020,10217402.09,51829.0,197.13677844450018
120040,RIO BRANCO,12,2021,9748137.89,49088.0,198.5849472376141
120040,RIO BRANCO,12,2022,10248470.79,46194.0,221.85718469931157
120040,RIO BRANCO,12,2023,10998540.98,46950.0,234.2607237486688
120040,RIO BRANCO,12,2024,13894967.29,56133.0,247.5365166657759
120040,RIO BRANCO,12,2025,15875709.17,64347.0,246.72026932102506
120040,RIO BRANCO,12,2026,9155114.14,35172.0,260.2955231434095
150080,ANANINDEUA,15,2015,3424953.58,19012.0,180.14693772354303
150080,ANANINDEUA,15,2016,2671574.3,14654.0,182.31024293708202
150080,ANANINDEUA,15,2017,6517459.13,31180.0,209.02691244387427
150080,ANANINDEUA,15,2018,8979758.48,42723.0,210.18557872808557
150080,ANANINDEUA,15,2019,9477061.12,48156.0,196.7991760112966
150080,ANANINDEUA,15,2020,11907226.64,61242.0,194.42909506547795
150080,ANANINDEUA,15,2021,12191681.06,62062.0,196.44357352325096
150080,ANANINDEUA,15,2022,13822946.24,62814.0,220.06155060973668
150080,ANANINDEUA,15,2023,13144154.28,56884.0,231.0694444835103
150080,ANANINDEUA,15,2024,13835029.36,56742.0,243.82343519791334
150080,ANANINDEUA,15,2025,14594349.28,59990.0,243.27970128354724
150080,ANANINDEUA,15,2026,8238419.710000001,33101.0,248.88733603214408
330510,SAO JOAO DE MERITI,33,2015,9111772.96,48873.0,186.43776645591637
330510,SAO JOAO DE MERITI,33,2016,8921257.36,46940.0,190.0566118449084
330510,SAO JOAO DE MERITI,33,2017,10113538.69,50093.0,201.89524863753417
330510,SAO JOAO DE MERITI,33,2018,10021279.8,49675.0,201.73688575742327
330510,SAO JOAO DE MERITI,33,2019,9881712.08,49221.0,200.7621153572662
330510,SAO JOAO DE MERITI,33,2020,9139597.91,46236.0,197.67276386365603
330510,SAO JOAO DE MERITI,33,2021,8368065.9,42583.0,196.51189206960524
330510,SAO JOAO DE MERITI,33,2022,9374491.07,42626.0,219.9242497536715
330510,SAO JOAO DE MERITI,33,2023,10521046.33,45537.0,231.04390561521402
330510,SAO JOAO DE MERITI,33,2024,12094468.78,49376.0,244.94630549254697
330510,SAO JOAO DE MERITI,33,2025,13707933.31,56213.0,243.8569958906303
330510,SAO JOAO DE MERITI,33,2026,7515562.26,30515.0,246.29075077830575
220390,FLORIANO,22,2015,6880534.7,38365.0,179.34405578000784
220390,FLORIANO,22,2016,7380683.38,41028.0,179.89381349322414
220390,FLORIANO,22,2017,8486445.33,43605.0,194.6209226006192
220390,FLORIANO,22,2018,9260471.73,47337.0,195.62861461436086
220390,FLORIANO,22,2019,9808293.86,49961.0,196.31900602469926
220390,FLORIANO,22,2020,10011599.45,51496.0,194.41508952151622
220390,FLORIANO,22,2021,10099620.81,51958.0,194.380476731206
220390,FLORIANO,22,2022,11447325.42,52328.0,218.76099640727716
220390,FLORIANO,22,2023,11126721.62,48648.0,228.71899399769774
220390,FLORIANO,22,2024,12548854.3,51815.0,242.18574351056645
220390,FLORIANO,22,2025,13268454.21,54860.0,241.8602663142545
220390,FLORIANO,22,2026,7297482.09,29528.0,247.13770285830398
260290,CABO DE SANTO AGOSTINHO,26,2015,7036891.26,38532.0,182.62460448458424
260290,CABO DE SANTO AGOSTINHO,26,2016,7550568.04,41358.0,182.56608249915374
260290,CABO DE SANTO AGOSTINHO,26,2017,8250984.58,41863.0,197.09491866325874
260290,CABO DE SANTO AGOSTINHO,26,2018,8310509.27,42243.0,196.73103875198257
260290,CABO DE SANTO AGOSTINHO,26,2019,8654870.35,43865.0,197.3069725293514
260290,CABO DE SANTO AGOSTINHO,26,2020,9166558.51,46956.0,195.21591511201976
260290,CABO DE SANTO AGOSTINHO,26,2021,9784518.81,50536.0,193.61482527307268
260290,CABO DE SANTO AGOSTINHO,26,2022,11205249.66,52646.0,212.84142498955288
260290,CABO DE SANTO AGOSTINHO,26,2023,11664113.6,50762.0,229.78041842322997
260290,CABO DE SANTO AGOSTINHO,26,2024,13268881.57,54485.0,243.53274424153437
260290,CABO DE SANTO AGOSTINHO,26,2025,13663386.36,56148.0,243.34591365676425
260290,CABO DE SANTO AGOSTINHO,26,2026,6951615.08,27746.0,250.54476609240973
292400,PAULO AFONSO,29,2015,5809471.16,32405.0,179.27699922851411
292400,PAULO AFONSO,29,2016,5954491.18,33116.0,179.80707754559728
292400,PAULO AFONSO,29,2017,6965254.08,35813.0,194.48954513724067
292400,PAULO AFONSO,29,2018,7685553.69,39176.0,196.1801534102512
292400,PAULO AFONSO,29,2019,7993375.12,40761.0,196.10350874610535
292400,PAULO AFONSO,29,2020,8967072.83,45571.0,196.77147374426718
292400,PAULO AFONSO,29,2021,9764297.15,49543.0,197.08732111499103
292400,PAULO AFONSO,29,2022,11866646.85,53683.0,221.0503669690591
292400,PAULO AFONSO,29,2023,12854523.77,55692.0,230.8145473317532
292400,PAULO AFONSO,29,2024,14073793.86,57805.0,243.4701818181818
292400,PAULO AFONSO,29,2025,14198191.15,58271.0,243.6579284721388
292400,PAULO AFONSO,29,2026,7336335.03,29483.0,248.83271817657635
330350,NOVA IGUACU,33,2015,9398080.22,50767.0,185.1218354442847
330350,NOVA IGUACU,33,2016,9569526.49,50819.0,188.30607627068616
330350,NOVA IGUACU,33,2017,10183708.82,50553.0,201.4461816311594
330350,NOVA IGUACU,33,2018,9645284.2,48294.0,199.720135006419
330350,NOVA IGUACU,33,2019,8184575.88,41385.0,197.76672417542588
330350,NOVA IGUACU,33,2020,9111462.23,46122.0,197.55132539785785
330350,NOVA IGUACU,33,2021,9304918.03,46811.0,198.7763139005789
330350,NOVA IGUACU,33,2022,9582779.31,43154.0,222.06004796774343
330350,NOVA IGUACU,33,2023,10396173.66,44516.0,233.5379113127864
330350,NOVA IGUACU,33,2024,10594526.3,42722.0,247.98760123589722
330350,NOVA IGUACU,33,2025,11391724.9,46168.0,246.7450376884422
330350,NOVA IGUACU,33,2026,5624839.06,22456.0,250.4826799073744
210120,BACABAL,21,2015,6118617.1,33631.0,181.93384377508846
210120,BACABAL,21,2016,7123433.45,38949.0,182.89130529667
210120,BACABAL,21,2017,8105712.98,41308.0,196.2262268809916
210120,BACABAL,21,2018,8162669.05,41657.0,195.9495174880572
210120,BACABAL,21,2019,8556659.95,43550.0,196.47898851894374
210120,BACABAL,21,2020,8772123.63,44756.0,195.99882987755834
210120,BACABAL,21,2021,9423017.72,48118.0,195.831450184962
210120,BACABAL,21,2022,11192380.25,50842.0,220.14043999055897
210120,BACABAL,21,2023,13207606.66,57210.0,230.86185387170076
210120,BACABAL,21,2024,14658514.19,60201.0,243.49286872311092
210120,BACABAL,21,2025,12588226.47,51790.0,243.0628783548948
210120,BACABAL,21,2026,4915302.5,19615.0,250.58896252867703
260600,GARANHUNS,26,2015,6971160.68,38660.0,180.31972788411795
260600,GARANHUNS,26,2016,6899279.89,37993.0,181.59344852999237
260600,GARANHUNS,26,2017,8046624.65,41043.0,196.05352069780474
260600,GARANHUNS,26,2018,8616009.58,44097.0,195.38765857087785
260600,GARANHUNS,26,2019,9295651.8,47566.0,195.426392801581
260600,GARANHUNS,26,2020,9129590.24,46786.0,195.1350882742701
260600,GARANHUNS,26,2021,9130225.57,46614.0,195.86874265242201
260600,GARANHUNS,26,2022,11054634.29,50364.0,219.49476391867205
260600,GARANHUNS,26,2023,12441136.48,54268.0,229.25363897692932
260600,GARANHUNS,26,2024,12614572.06,52096.0,242.14089488636364
260600,GARANHUNS,26,2025,12396074.73,51165.0,242.2764532395192
260600,GARANHUNS,26,2026,6210343.279999999,24905.0,249.36130415579197
330414,QUEIMADOS,33,2015,6910654.73,37433.0,184.6139697593033
330414,QUEIMADOS,33,2016,7184050.16,38401.0,187.07976771438246
330414,QUEIMADOS,33,2017,7800730.67,39038.0,199.82403478661817
330414,QUEIMADOS,33,2018,8591597.67,42788.0,200.79456085818452
330414,QUEIMADOS,33,2019,9277808.85,46423.0,199.85371152230576
330414,QUEIMADOS,33,2020,9303237.41,47059.0,197.69305361354895
330414,QUEIMADOS,33,2021,8959422.26,45509.0,196.87143773759036
330414,QUEIMADOS,33,2022,10443699.49,49303.0,211.82685617508062
330414,QUEIMADOS,33,2023,11548101.75,50360.0,229.31099583002384
330414,QUEIMADOS,33,2024,12969076.9,52911.0,245.11116592013005
330414,QUEIMADOS,33,2025,12510881.12,50927.0,245.66302982700728
330414,QUEIMADOS,33,2026,6232789.84,24918.0,250.13202664740348
160030,MACAPA,16,2015,5560671.8,31060.0,179.03
160030,MACAPA,16,2016,5874762.92,32687.0,179.72780983265517
160030,MACAPA,16,2017,7634081.04,39319.0,194.15755843231008
160030,MACAPA,16,2018,8203264.68,42258.0,194.12335368450942
160030,MACAPA,16,2019,8499067.15,43762.0,194.21112266349803
160030,MACAPA,16,2020,8222947.03,42341.0,194.20767176023242
160030,MACAPA,16,2021,8492738.28,43717.0,194.26626438227692
160030,MACAPA,16,2022,10536125.06,47951.0,219.726909970595
160030,MACAPA,16,2023,12284229.66,53009.0,231.73856628119754
160030,MACAPA,16,2024,14008239.85,57087.0,245.38406029393732
160030,MACAPA,16,2025,14232831.17,57832.0,246.1065010720708
160030,MACAPA,16,2026,7691752.5,29637.0,259.5320882680433
410830,FOZ DO IGUACU,41,2015,6045764.13,32999.0,183.2105254704688
410830,FOZ DO IGUACU,41,2016,6809948.09,36636.0,185.8813213778797
410830,FOZ DO IGUACU,41,2017,7627988.31,38199.0,199.69078536087332
410830,FOZ DO IGUACU,41,2018,8126881.82,40654.0,199.9036212918778
410830,FOZ DO IGUACU,41,2019,8861445.48,44215.0,200.41717697613933
410830,FOZ DO IGUACU,41,2020,9398034.98,47237.0,198.95495014501344
410830,FOZ DO IGUACU,41,2021,9294328.23,47569.0,195.3862437722046
410830,FOZ DO IGUACU,41,2022,11269433.3,50995.0,220.99094617119326
410830,FOZ DO IGUACU,41,2023,12121649.44,52424.0,231.2232839920647
410830,FOZ DO IGUACU,41,2024,12290144.43,50286.0,244.4048926142465
410830,FOZ DO IGUACU,41,2025,12658096.7,51856.0,244.10090828448008
410830,FOZ DO IGUACU,41,2026,6665463.66,26331.0,253.14130340663098
330330,NITEROI,33,2015,9263733.21,49238.0,188.14194747958896
330330,NITEROI,33,2016,9201240.07,47745.0,192.7163068384124
330330,NITEROI,33,2017,9463292.3,46203.0,204.81986667532414
330330,NITEROI,33,2018,9039690.86,43913.0,205.85455013321794
330330,NITEROI,33,2019,8526150.07,41433.0,205.78162503318612
330330,NITEROI,33,2020,8641124.31,42663.0,202.54375711975248
330330,NITEROI,33,2021,8423666.83,41626.0,202.3655126603565
330330,NITEROI,33,2022,9149562.57,41031.0,222.99145938436791
330330,NITEROI,33,2023,10136101.04,43337.0,233.89023328795253
330330,NITEROI,33,2024,10736695.38,43302.0,247.94917971456286
330330,NITEROI,33,2025,10923015.1,43999.0,248.2559853633037
330330,NITEROI,33,2026,5666368.49,22326.0,253.80132983964884
431440,PELOTAS,43,2015,7930042.59,42163.0,188.0806059815478
431440,PELOTAS,43,2016,8322724.55,42707.0,194.8796344861498
431440,PELOTAS,43,2017,8889572.71,43318.0,205.2166007202549
431440,PELOTAS,43,2018,8459791.17,42050.0,201.18409441141497
431440,PELOTAS,43,2019,8277256.96,41333.0,200.2578317567077
431440,PELOTAS,43,2020,8483220.69,42826.0,198.08575841778358
431440,PELOTAS,43,2021,8645284.9,44601.0,193.83612250846394
431440,PELOTAS,43,2022,9659607.97,44313.0,217.98587254304607
431440,PELOTAS,43,2023,10745594.34,46640.0,230.3943897941681
431440,PELOTAS,43,2024,11360418.84,46507.0,244.2733102543703
431440,PELOTAS,43,2025,11785434.42,48335.0,243.82816633909175
431440,PELOTAS,43,2026,6062397.49,24279.0,249.69716586350344
320130,CARIACICA,32,2015,8009661.5,44316.0,180.7397215452658
320130,CARIACICA,32,2016,8751606.33,48168.0,181.6892196063777
320130,CARIACICA,32,2017,9363596.01,48187.0,194.31788677444123
320130,CARIACICA,32,2018,9812568.43,50380.0,194.77110817784833
320130,CARIACICA,32,2019,8769848.02,44923.0,195.2195539033457
320130,CARIACICA,32,2020,8414027.35,43173.0,194.89095846941373
320130,CARIACICA,32,2021,8540835.77,44169.0,193.3671980348208
320130,CARIACICA,32,2022,9566133.06,44294.0,215.96904908113967
320130,CARIACICA,32,2023,10293091.98,45322.0,227.11027712810557
320130,CARIACICA,32,2024,11280719.61,46642.0,241.85754491659875
320130,CARIACICA,32,2025,10503756.38,43383.0,242.11687481271468
320130,CARIACICA,32,2026,4812583.61,19459.0,247.31916388303614
230420,CRATO,23,2015,6799877.6,37675.0,180.4877929661579
230420,CRATO,23,2016,7033280.85,38593.0,182.24239758505428
230420,CRATO,23,2017,7923371.21,40358.0,196.3271522374746
230420,CRATO,23,2018,7606576.32,38621.0,196.95441133062323
230420,CRATO,23,2019,7665740.78,38852.0,197.30620765983733
230420,CRATO,23,2020,8001140.74,41154.0,194.4195154784468
230420,CRATO,23,2021,8534337.26,43431.0,196.50335612811125
230420,CRATO,23,2022,10191394.93,46552.0,218.92496412613852
230420,CRATO,23,2023,11687549.83,50915.0,229.55022743788666
230420,CRATO,23,2024,12822508.77,52840.0,242.6667064723694
230420,CRATO,23,2025,12880197.89,53058.0,242.75694315654567
230420,CRATO,23,2026,6431566.94,25960.0,247.7491117103236
150240,CASTANHAL,15,2015,4852983.02,26818.0,180.9599157282422
150240,CASTANHAL,15,2016,4951093.9,27115.0,182.59612391665132
150240,CASTANHAL,15,2017,5363128.52,27287.0,196.54518708542528
150240,CASTANHAL,15,2018,6323762.7,32114.0,196.91607087251666
150240,CASTANHAL,15,2019,7609309.67,38577.0,197.24990719858982
150240,CASTANHAL,15,2020,8063665.37,41512.0,194.24902124686838
150240,CASTANHAL,15,2021,8656114.58,44710.0,193.60578349362558
150240,CASTANHAL,15,2022,11056903.53,50626.0,218.40365681665546
150240,CASTANHAL,15,2023,13011118.8,56718.0,229.40016925843648
150240,CASTANHAL,15,2024,14014131.69,57919.0,241.96087104404427
150240,CASTANHAL,15,2025,13767832.61,56865.0,242.1143517101908
150240,CASTANHAL,15,2026,9084143.25,36146.0,251.3180780722625
291800,JEQUIE,29,2015,6747619.27,36886.0,182.93171582714308
291800,JEQUIE,29,2016,7446694.82,40320.0,184.68985168650795
291800,JEQUIE,29,2017,8309562.84,41967.0,198.0023075273429
291800,JEQUIE,29,2018,8376351.68,42393.0,197.58808482532493
291800,JEQUIE,29,2019,8209851.79,41537.0,197.6515345354744
291800,JEQUIE,29,2020,8320335.37,42204.0,197.14565846839162
291800,JEQUIE,29,2021,8249476.64,41751.0,197.58752221503676
291800,JEQUIE,29,2022,9275294.67,42091.0,220.3628963436364
291800,JEQUIE,29,2023,10234252.68,44235.0,231.36097388945404
291800,JEQUIE,29,2024,11508700.72,47016.0,244.78264250467927
291800,JEQUIE,29,2025,12762019.13,52254.0,244.23047288245877
291800,JEQUIE,29,2026,6828253.37,27404.0,249.1699521967596
510760,RONDONOPOLIS,51,2015,7542520.4,41515.0,181.68181139347226
510760,RONDONOPOLIS,51,2016,8011396.76,43893.0,182.52105711616886
510760,RONDONOPOLIS,51,2017,8743869.18,44486.0,196.55327923391627
510760,RONDONOPOLIS,51,2018,7887979.46,40101.0,196.70281189995262
510760,RONDONOPOLIS,51,2019,7367222.78,37453.0,196.70581208447922
510760,RONDONOPOLIS,51,2020,7658434.46,39292.0,194.91078234755167
510760,RONDONOPOLIS,51,2021,8068221.21,41345.0,195.14381932519046
510760,RONDONOPOLIS,51,2022,9877710.08,45094.0,219.04710338404223
510760,RONDONOPOLIS,51,2023,10045586.45,44077.0,227.90994055856794
510760,RONDONOPOLIS,51,2024,11345744.48,47221.0,240.269043010525
510760,RONDONOPOLIS,51,2025,12596148.22,52252.0,241.06537969838476
510760,RONDONOPOLIS,51,2026,7043569.85,27914.0,252.33108296911942
230350,CASCAVEL,23,2015,5679112.78,31257.0,181.69091019611608
230350,CASCAVEL,23,2016,6096234.22,33176.0,183.75434711839884
230350,CASCAVEL,23,2017,6732542.94,34025.0,197.8704758265981
230350,CASCAVEL,23,2018,7143449.13,36171.0,197.49105996516545
230350,CASCAVEL,23,2019,8097995.77,40994.0,197.541000390301
230350,CASCAVEL,23,2020,8379494.22,42463.0,197.33636860325458
230350,CASCAVEL,23,2021,7854567.42,39702.0,197.83807918996524
230350,CASCAVEL,23,2022,9504876.28,43075.0,220.65876448055715
230350,CASCAVEL,23,2023,11617203.61,50372.0,230.62819840387516
230350,CASCAVEL,23,2024,13418790.0,55171.0,243.22180130865854
230350,CASCAVEL,23,2025,14524578.95,59648.0,243.50487778299356
230350,CASCAVEL,23,2026,6571576.800000001,26352.0,249.37677595628418
313130,IPATINGA,31,2015,8218462.84,45540.0,180.46690469916555
313130,IPATINGA,31,2016,8908992.49,49223.0,180.99247282774314
313130,IPATINGA,31,2017,9811280.43,50153.0,195.62699001056765
313130,IPATINGA,31,2018,10149408.1,51993.0,195.2072028926971
313130,IPATINGA,31,2019,10212750.29,52347.0,195.0971457772174
313130,IPATINGA,31,2020,9625423.19,49950.0,192.70116496496496
313130,IPATINGA,31,2021,9412426.54,48414.0,194.41538687156606
313130,IPATINGA,31,2022,8563290.88,39102.0,218.99879494655008
313130,IPATINGA,31,2023,7609199.62,32931.0,231.06494245543712
313130,IPATINGA,31,2024,8686515.97,35597.0,244.02382138944296
313130,IPATINGA,31,2025,9297051.34,38178.0,243.5185536172665
313130,IPATINGA,31,2026,4989694.26,19722.0,253.00143291755398
314790,PASSOS,31,2015,7170876.59,39280.0,182.55795799389003
314790,PASSOS,31,2016,7359635.69,40076.0,183.64197250224575
314790,PASSOS,31,2017,8363001.45,42404.0,197.22199438732196
314790,PASSOS,31,2018,8839484.51,44932.0,196.73027040861746
314790,PASSOS,31,2019,8692254.59,44084.0,197.17481603302787
314790,PASSOS,31,2020,8714986.94,44135.0,197.46203557267472
314790,PASSOS,31,2021,8489860.04,43109.0,196.939387134937
314790,PASSOS,31,2022,9952568.45,45106.0,220.6484381235312
314790,PASSOS,31,2023,10083540.07,43438.0,232.13637989778536
314790,PASSOS,31,2024,10741971.3,43610.0,246.31899335014907
314790,PASSOS,31,2025,11145163.86,45200.0,246.5744216814159
314790,PASSOS,31,2026,5679375.04,22552.0,251.83465058531394
354140,PRESIDENTE PRUDENTE,35,2015,7862776.22,43142.0,182.2534008622688
354140,PRESIDENTE PRUDENTE,35,2016,7569835.73,41082.0,184.26161652305146
354140,PRESIDENTE PRUDENTE,35,2017,8653844.28,43569.0,198.6238903807753
354140,PRESIDENTE PRUDENTE,35,2018,9216881.74,46594.0,197.81263124007384
354140,PRESIDENTE PRUDENTE,35,2019,8925939.03,45331.0,196.9058487569213
354140,PRESIDENTE PRUDENTE,35,2020,8968743.04,45561.0,196.85132108601653
354140,PRESIDENTE PRUDENTE,35,2021,9065005.37,46181.0,196.29296398951948
354140,PRESIDENTE PRUDENTE,35,2022,9567874.92,43505.0,219.9258687507183
354140,PRESIDENTE PRUDENTE,35,2023,9532512.8,41254.0,231.06881272119068
354140,PRESIDENTE PRUDENTE,35,2024,10012008.62,40872.0,244.96008563319631
354140,PRESIDENTE PRUDENTE,35,2025,9989601.23,40775.0,244.99328583690988
354140,PRESIDENTE PRUDENTE,35,2026,5232197.92,20188.0,259.1736635625124
310160,ALFENAS,31,2015,7168112.68,39948.0,179.4360839090818
310160,ALFENAS,31,2016,7435560.41,41122.0,180.81709085161228
310160,ALFENAS,31,2017,7837278.58,40364.0,194.16506243186998
310160,ALFENAS,31,2018,7975165.22,41109.0,194.00046753752218
310160,ALFENAS,31,2019,7905709.27,41140.0,192.1660007292173
310160,ALFENAS,31,2020,8936345.01,46827.0,190.83744442308924
310160,ALFENAS,31,2021,9484114.87,50242.0,188.76865709963775
310160,ALFENAS,31,2022,10363310.77,49749.0,208.3119413455547
310160,ALFENAS,31,2023,10803745.57,49371.0,218.82776467967025
310160,ALFENAS,31,2024,10710834.72,46337.0,231.15080216673502
310160,ALFENAS,31,2025,10735314.36,47003.0,228.39636533838265
310160,ALFENAS,31,2026,4636536.5600000005,19732.0,234.97549969592544
350760,BRAGANCA PAULISTA,35,2015,9449903.51,52048.0,181.5613185905318
350760,BRAGANCA PAULISTA,35,2016,8617865.76,46938.0,183.60104307810303
350760,BRAGANCA PAULISTA,35,2017,8799013.98,44516.0,197.65958262197861
350760,BRAGANCA PAULISTA,35,2018,8906350.36,45100.0,197.48005232815964
350760,BRAGANCA PAULISTA,35,2019,8975137.92,45268.0,198.26672086241936
350760,BRAGANCA PAULISTA,35,2020,9498940.46,48217.0,197.003970798681
350760,BRAGANCA PAULISTA,35,2021,8706623.56,44271.0,196.66652119897904
350760,BRAGANCA PAULISTA,35,2022,9641926.05,43949.0,219.388974720699
350760,BRAGANCA PAULISTA,35,2023,8977780.1,39417.0,227.76416520790522
350760,BRAGANCA PAULISTA,35,2024,8881236.29,36409.0,243.92969567963962
350760,BRAGANCA PAULISTA,35,2025,8802162.51,36085.0,243.92857170569488
350760,BRAGANCA PAULISTA,35,2026,4566179.8100000005,18221.0,250.59984687997368
354780,SANTO ANDRE,35,2015,6817894.57,37678.0,180.95160491533522
354780,SANTO ANDRE,35,2016,6483946.91,35658.0,181.8370887318414
354780,SANTO ANDRE,35,2017,7331112.77,37313.0,196.47610135877574
354780,SANTO ANDRE,35,2018,8019204.29,40813.0,196.48651875627863
354780,SANTO ANDRE,35,2019,8094276.76,41277.0,196.096537054534
354780,SANTO ANDRE,35,2020,8096396.84,41280.0,196.13364437984495
354780,SANTO ANDRE,35,2021,8295488.36,42102.0,197.0331186166928
354780,SANTO ANDRE,35,2022,9372717.99,42581.0,220.11502759446702
354780,SANTO ANDRE,35,2023,10914729.98,47041.0,232.02589188155014
354780,SANTO ANDRE,35,2024,11959459.07,48655.0,245.8012346110369
354780,SANTO ANDRE,35,2025,11653707.9,47466.0,245.5169574010871
354780,SANTO ANDRE,35,2026,5926731.16,23302.0,254.34431207621665
150680,SANTAREM,15,2015,6266796.05,34970.0,179.20491993136974
150680,SANTAREM,15,2016,6820111.62,38046.0,179.25962308784105
150680,SANTAREM,15,2017,7661632.36,38893.0,196.99257861311804
150680,SANTAREM,15,2018,7768189.16,39491.0,196.70783621584664
150680,SANTAREM,15,2019,7757105.67,39557.0,196.09944308213463
150680,SANTAREM,15,2020,7807780.02,39998.0,195.20426071303564
150680,SANTAREM,15,2021,8663502.68,44693.0,193.84473362718992
150680,SANTAREM,15,2022,9717615.59,44889.0,216.48099957673372
150680,SANTAREM,15,2023,10159154.41,44550.0,228.03938069584737
150680,SANTAREM,15,2024,11051511.27,45961.0,240.45410826570352
150680,SANTAREM,15,2025,12246786.18,50945.0,240.39230896064382
150680,SANTAREM,15,2026,6376573.53,24976.0,255.30803691543883
354850,SANTOS,35,2015,7004381.67,38969.0,179.7424021658241
354850,SANTOS,35,2016,6830975.04,37620.0,181.57828389154704
354850,SANTOS,35,2017,7851428.4,39834.0,197.10369031480644
354850,SANTOS,35,2018,7810920.8,39758.0,196.46161275718094
354850,SANTOS,35,2019,8137045.42,41394.0,196.57548002125912
354850,SANTOS,35,2020,8318625.47,42334.0,196.49986937213586
354850,SANTOS,35,2021,7815130.05,39640.0,197.15262487386477
354850,SANTOS,35,2022,7976765.83,36043.0,221.3124831451322
354850,SANTOS,35,2023,9848668.0,42141.0,233.70750575449088
354850,SANTOS,35,2024,10938150.27,44116.0,247.94066257140267
354850,SANTOS,35,2025,11879946.86,48204.0,246.4514741515227
354850,SANTOS,35,2026,6793694.69,27034.0,251.30186764814678
350280,ARACATUBA,35,2015,4625491.38,25870.0,178.79750212601468
350280,ARACATUBA,35,2016,5321986.39,29743.0,178.9324005648388
350280,ARACATUBA,35,2017,6977116.58,35910.0,194.29453021442495
350280,ARACATUBA,35,2018,8087207.77,41581.0,194.4928638079892
350280,ARACATUBA,35,2019,8222438.69,42307.0,194.35173115560073
350280,ARACATUBA,35,2020,8657312.12,44707.0,193.6455615451719
350280,ARACATUBA,35,2021,8853343.66,45576.0,194.25451246269967
350280,ARACATUBA,35,2022,10226502.57,46261.0,221.06099241261538
350280,ARACATUBA,35,2023,10589383.87,46210.0,229.1578418091322
350280,ARACATUBA,35,2024,11322359.5,46378.0,244.13212083315366
350280,ARACATUBA,35,2025,11707577.93,47809.0,244.88230103118659
350280,ARACATUBA,35,2026,6178156.58,24581.0,251.3386998087954
230765,MARACANAU,23,2015,5808570.75,32019.0,181.41012367656703
230765,MARACANAU,23,2016,5905565.03,32295.0,182.86313763740517
230765,MARACANAU,23,2017,6347688.54,32130.0,197.5626685340803
230765,MARACANAU,23,2018,6410028.69,32486.0,197.31664994151328
230765,MARACANAU,23,2019,6399314.98,32518.0,196.79300633495296
230765,MARACANAU,23,2020,7152428.51,36978.0,193.42388744658984
230765,MARACANAU,23,2021,7475070.88,38559.0,193.8606001192977
230765,MARACANAU,23,2022,8923624.05,40539.0,220.1244246281359
230765,MARACANAU,23,2023,10389468.93,44914.0,231.31916395778597
230765,MARACANAU,23,2024,13703675.75,55898.0,245.15502790797524
230765,MARACANAU,23,2025,14466186.35,58931.0,245.47668205189117
230765,MARACANAU,23,2026,7678937.4,30459.0,252.10733773268987
320500,SERRA,32,2015,8053090.01,44491.0,181.00492256860937
320500,SERRA,32,2016,7897118.74,43472.0,181.65989004416636
320500,SERRA,32,2017,7814191.67,39668.0,196.98980714933953
320500,SERRA,32,2018,7509747.86,38099.0,197.11141657261345
320500,SERRA,32,2019,7007253.07,35722.0,196.160715245507
320500,SERRA,32,2020,6797628.71,34798.0,195.34538507960227
320500,SERRA,32,2021,8300052.44,42653.0,194.59481021264625
320500,SERRA,32,2022,10126632.67,46208.0,219.1532347212604
320500,SERRA,32,2023,10098214.84,43963.0,229.69803789550303
320500,SERRA,32,2024,10714831.07,43529.0,246.15385306347494
320500,SERRA,32,2025,10432514.76,42312.0,246.56160805445262
320500,SERRA,32,2026,5198591.55,20562.0,252.82518967026553
355250,SUZANO,35,2015,5585186.68,30422.0,183.59038459009926
355250,SUZANO,35,2016,5419471.11,29056.0,186.51814117566082
355250,SUZANO,35,2017,5394281.1,26809.0,201.21157447125964
355250,SUZANO,35,2018,5440516.78,27005.0,201.4633134604703
355250,SUZANO,35,2019,5935576.18,29556.0,200.82474556773582
355250,SUZANO,35,2020,7175562.11,35728.0,200.8386170510524
355250,SUZANO,35,2021,7427012.68,37223.0,199.52751470864786
355250,SUZANO,35,2022,11527341.26,52111.0,221.20744679626182
355250,SUZANO,35,2023,12555959.88,54007.0,232.4876382691133
355250,SUZANO,35,2024,13143625.43,53341.0,246.40755572636434
355250,SUZANO,35,2025,13050470.78,53000.0,246.23529773584903
355250,SUZANO,35,2026,7037781.15,27850.0,252.70309335727111
520110,ANAPOLIS,52,2015,7241355.85,39985.0,181.1018094285357
520110,ANAPOLIS,52,2016,7349792.5,40184.0,182.90345659964166
520110,ANAPOLIS,52,2017,8369456.62,42498.0,196.93765871335123
520110,ANAPOLIS,52,2018,9011391.85,45947.0,196.1257938494352
520110,ANAPOLIS,52,2019,9344293.55,47697.0,195.9094607627314
520110,ANAPOLIS,52,2020,9093197.59,46329.0,196.2744196939282
520110,ANAPOLIS,52,2021,8318479.08,42497.0,195.7427366637645
520110,ANAPOLIS,52,2022,8886486.14,40514.0,219.3435883891988
520110,ANAPOLIS,52,2023,8777806.17,38229.0,229.61118967276153
520110,ANAPOLIS,52,2024,9078532.56,37145.0,244.40793000403823
520110,ANAPOLIS,52,2025,9455976.25,38829.0,243.52870921218675
520110,ANAPOLIS,52,2026,4544118.26,18250.0,248.992781369863
410640,CORNELIO PROCOPIO,41,2015,7166360.06,39686.0,180.57652723882475
410640,CORNELIO PROCOPIO,41,2016,7257842.65,39628.0,183.1493552538609
410640,CORNELIO PROCOPIO,41,2017,7651662.98,38854.0,196.9337257425233
410640,CORNELIO PROCOPIO,41,2018,7756694.37,39344.0,197.1506295750305
410640,CORNELIO PROCOPIO,41,2019,8094650.9,41220.0,196.37678068898595
410640,CORNELIO PROCOPIO,41,2020,8354414.9,42821.0,195.10088274444783
410640,CORNELIO PROCOPIO,41,2021,7896248.72,40550.0,194.7286983970407
410640,CORNELIO PROCOPIO,41,2022,8322818.5,38103.0,218.42948061832402
410640,CORNELIO PROCOPIO,41,2023,8666976.93,37766.0,229.49152491659163
410640,CORNELIO PROCOPIO,41,2024,9400786.8,38568.0,243.7457685127567
410640,CORNELIO PROCOPIO,41,2025,10990998.56,39300.0,279.6691745547074
410640,CORNELIO PROCOPIO,41,2026,5944399.66,20468.0,290.42405999609144
354910,SAO JOAO DA BOA VISTA,35,2015,6380336.78,34905.0,182.79148488755195
354910,SAO JOAO DA BOA VISTA,35,2016,6617649.32,35943.0,184.1151078095874
354910,SAO JOAO DA BOA VISTA,35,2017,7447603.66,37644.0,197.84304696631602
354910,SAO JOAO DA BOA VISTA,35,2018,7791890.21,39525.0,197.13827223276408
354910,SAO JOAO DA BOA VISTA,35,2019,7723404.94,39161.0,197.22185184239422
354910,SAO JOAO DA BOA VISTA,35,2020,8265197.33,42013.0,196.72952014852547
354910,SAO JOAO DA BOA VISTA,35,2021,7916666.35,40421.0,195.85528190791914
354910,SAO JOAO DA BOA VISTA,35,2022,8453743.58,38319.0,220.61493201805894
354910,SAO JOAO DA BOA VISTA,35,2023,9117932.66,39271.0,232.17979323164676
354910,SAO JOAO DA BOA VISTA,35,2024,9878823.95,40038.0,246.7361993606074
354910,SAO JOAO DA BOA VISTA,35,2025,10051009.47,40690.0,247.0142410911772
354910,SAO JOAO DA BOA VISTA,35,2026,5322190.55,20997.0,253.4738557889222
353060,MOGI DAS CRUZES,35,2015,5509381.2,30558.0,180.29259768309444
353060,MOGI DAS CRUZES,35,2016,5467302.63,30246.0,180.7611793294981
353060,MOGI DAS CRUZES,35,2017,5780380.09,29427.0,196.43117171305263
353060,MOGI DAS CRUZES,35,2018,5855725.76,29870.0,196.04036692333443
353060,MOGI DAS CRUZES,35,2019,6420045.82,32714.0,196.24765604939782
353060,MOGI DAS CRUZES,35,2020,8356353.83,42729.0,195.566332701444
353060,MOGI DAS CRUZES,35,2021,8406336.88,43295.0,194.16415013280982
353060,MOGI DAS CRUZES,35,2022,9295758.37,42536.0,218.53861129396273
353060,MOGI DAS CRUZES,35,2023,9845527.39,42960.0,229.17894297020484
353060,MOGI DAS CRUZES,35,2024,11347329.95,46891.0,241.99377172591753
353060,MOGI DAS CRUZES,35,2025,11215896.94,46403.0,241.70628924853995
353060,MOGI DAS CRUZES,35,2026,5715403.93,22925.0,249.30878647764447
261000,PALMARES,26,2015,5536487.88,30338.0,182.49350253807106
261000,PALMARES,26,2016,5398499.49,29669.0,181.9575816508814
261000,PALMARES,26,2017,6183057.07,31489.0,196.35609482676492
261000,PALMARES,26,2018,6334176.2,32328.0,195.93467582281613
261000,PALMARES,26,2019,7362005.24,37564.0,195.98565754445747
261000,PALMARES,26,2020,7389647.84,38128.0,193.81157784305498
261000,PALMARES,26,2021,7566412.3,38606.0,195.9905791845827
261000,PALMARES,26,2022,9171511.35,41643.0,220.24136949787479
261000,PALMARES,26,2023,9661065.81,41938.0,230.36543969669512
261000,PALMARES,26,2024,11302087.19,46200.0,244.63392186147186
261000,PALMARES,26,2025,11456669.78,46739.0,245.1201305119921
261000,PALMARES,26,2026,5765041.38,22812.0,252.71968174644923
140010,BOA VISTA,14,2015,5112544.97,28705.0,178.10642640654936
140010,BOA VISTA,14,2016,5678171.93,32016.0,177.35419571464266
140010,BOA VISTA,14,2017,6992733.16,36321.0,192.52589851601002
140010,BOA VISTA,14,2018,6811713.24,35220.0,193.4046916524702
140010,BOA VISTA,14,2019,7157442.68,36473.0,196.23948345351354
140010,BOA VISTA,14,2020,7312114.58,37171.0,196.71557343090043
140010,BOA VISTA,14,2021,7109171.29,35720.0,199.0249521276596
140010,BOA VISTA,14,2022,8450868.21,37739.0,223.92930946765946
140010,BOA VISTA,14,2023,10031371.66,42783.0,234.47097351751864
140010,BOA VISTA,14,2024,11108003.61,44879.0,247.51005169455647
140010,BOA VISTA,14,2025,11437050.82,46294.0,247.05255151855533
140010,BOA VISTA,14,2026,5796234.18,22866.0,253.4870191550774
220220,CAMPO MAIOR,22,2015,5963792.9,32886.0,181.34747004804478
220220,CAMPO MAIOR,22,2016,6047017.39,33349.0,181.32529880955948
220220,CAMPO MAIOR,22,2017,6677948.32,33948.0,196.71109697183928
220220,CAMPO MAIOR,22,2018,6927784.73,35062.0,197.58669585306032
220220,CAMPO MAIOR,22,2019,7764955.3,39433.0,196.91515481956736
220220,CAMPO MAIOR,22,2020,8260471.17,42324.0,195.17227034306777
220220,CAMPO MAIOR,22,2021,8277645.09,42573.0,194.4341505179339
220220,CAMPO MAIOR,22,2022,9434422.03,43061.0,219.0943552170177
220220,CAMPO MAIOR,22,2023,10459432.31,45519.0,229.7816803971968
220220,CAMPO MAIOR,22,2024,10624743.93,43772.0,242.72923170063052
220220,CAMPO MAIOR,22,2025,8395464.91,34599.0,242.65050752911935
220220,CAMPO MAIOR,22,2026,4017476.23,16234.0,247.47297215720093
291480,ITABUNA,29,2015,6501212.24,35526.0,182.99871192929123
291480,ITABUNA,29,2016,6515579.32,35078.0,185.74546211300532
291480,ITABUNA,29,2017,7458258.32,37514.0,198.81266513834836
291480,ITABUNA,29,2018,7257897.35,36718.0,197.66592270820848
291480,ITABUNA,29,2019,6973159.62,35352.0,197.24936693822133
291480,ITABUNA,29,2020,6887329.31,35004.0,196.75835075991313
291480,ITABUNA,29,2021,6882021.75,35020.0,196.5168974871502
291480,ITABUNA,29,2022,8126090.76,36849.0,220.5240511275747
291480,ITABUNA,29,2023,9138936.94,39784.0,229.7138784435954
291480,ITABUNA,29,2024,10037416.94,41089.0,244.2847706198739
291480,ITABUNA,29,2025,10435260.37,42653.0,244.65478090638405
291480,ITABUNA,29,2026,5634210.13,22623.0,249.047877381426
230190,BARBALHA,23,2015,5409155.91,30054.0,179.98123078458775
230190,BARBALHA,23,2016,5750463.64,31588.0,182.04582879574522
230190,BARBALHA,23,2017,6433358.43,32757.0,196.39644747687515
230190,BARBALHA,23,2018,6337454.49,32225.0,196.66266842513576
230190,BARBALHA,23,2019,6560921.07,33427.0,196.27609626948276
230190,BARBALHA,23,2020,7007292.21,36020.0,194.5389286507496
230190,BARBALHA,23,2021,7420080.54,38037.0,195.07533559428978
230190,BARBALHA,23,2022,8952330.12,40859.0,219.1030157370469
230190,BARBALHA,23,2023,9911156.99,43137.0,229.75999698634584
230190,BARBALHA,23,2024,10643472.41,43790.0,243.05714569536426
230190,BARBALHA,23,2025,11305682.63,46555.0,242.84572290838796
230190,BARBALHA,23,2026,6088076.26,24524.0,248.24972516718316
431690,SANTA MARIA,43,2015,5885459.14,31950.0,184.20842378716745
431690,SANTA MARIA,43,2016,6261152.78,33922.0,184.57498909262426
431690,SANTA MARIA,43,2017,6891806.83,34763.0,198.25121048240945
431690,SANTA MARIA,43,2018,7101292.98,35793.0,198.39893219344566
431690,SANTA MARIA,43,2019,7150596.86,36028.0,198.47332241589876
431690,SANTA MARIA,43,2020,7431023.84,37472.0,198.30870623398803
431690,SANTA MARIA,43,2021,7466284.83,37766.0,197.69858682412752
431690,SANTA MARIA,43,2022,8941716.07,40412.0,221.26388374740176
431690,SANTA MARIA,43,2023,9963045.68,42945.0,231.9954751426243
431690,SANTA MARIA,43,2024,10072268.35,41082.0,245.1747322428314
431690,SANTA MARIA,43,2025,9577801.48,39216.0,244.23198388412894
431690,SANTA MARIA,43,2026,4959312.78,19717.0,251.52471369883858
150420,MARABA,15,2015,5441809.88,30017.0,181.2909311390212
150420,MARABA,15,2016,5664070.92,31441.0,180.14919754460735
150420,MARABA,15,2017,6260181.69,32135.0,194.80882806908357
150420,MARABA,15,2018,6569301.25,33712.0,194.86536693165638
150420,MARABA,15,2019,7060446.99,36331.0,194.336709421706
150420,MARABA,15,2020,7118051.93,36866.0,193.07904112190093
150420,MARABA,15,2021,6813417.68,34998.0,194.68020115435166
150420,MARABA,15,2022,7746609.49,35510.0,218.1529003097719
150420,MARABA,15,2023,11160309.56,48463.0,230.28515692383883
150420,MARABA,15,2024,10826270.23,44596.0,242.76325746703742
150420,MARABA,15,2025,11278803.78,46436.0,242.88921914032215
150420,MARABA,15,2026,5664425.16,22560.0,251.0826755319149
521880,RIO VERDE,52,2015,5911692.8,32758.0,180.46562061175896
521880,RIO VERDE,52,2016,5720585.62,31958.0,179.00324238062458
521880,RIO VERDE,52,2017,6507750.78,33426.0,194.691281637049
521880,RIO VERDE,52,2018,7167166.18,36573.0,195.96877970087223
521880,RIO VERDE,52,2019,7568337.96,38451.0,196.83071857689006
521880,RIO VERDE,52,2020,7177746.66,36526.0,196.51061326178612
521880,RIO VERDE,52,2021,6903947.52,35139.0,196.4753555878084
521880,RIO VERDE,52,2022,8122505.52,37167.0,218.54078940996044
521880,RIO VERDE,52,2023,9318023.89,40881.0,227.93042953939485
521880,RIO VERDE,52,2024,10133811.27,41922.0,241.73014813224557
521880,RIO VERDE,52,2025,10150049.83,42128.0,240.933579329662
521880,RIO VERDE,52,2026,5115577.79,20796.0,245.98854539334488
290570,CAMACARI,29,2015,5728325.51,31772.0,180.29477244114312
290570,CAMACARI,29,2016,5933133.62,32764.0,181.08697411793432
290570,CAMACARI,29,2017,6330330.31,32379.0,195.50728280675744
290570,CAMACARI,29,2018,6310891.41,32232.0,195.79583674609086
290570,CAMACARI,29,2019,6360529.3,32428.0,196.1431263105958
290570,CAMACARI,29,2020,6752393.73,34552.0,195.42700075248902
290570,CAMACARI,29,2021,6815953.31,34992.0,194.78604566758116
290570,CAMACARI,29,2022,7669104.95,34957.0,219.38681666046858
290570,CAMACARI,29,2023,9578255.1,41649.0,229.97563206799683
290570,CAMACARI,29,2024,10688607.57,44038.0,242.7132833007857
290570,CAMACARI,29,2025,11143278.87,45853.0,243.02180598870302
290570,CAMACARI,29,2026,6180643.57,24771.0,249.5112659965282
350320,ARARAQUARA,35,2015,5803879.05,31905.0,181.911269393512
350320,ARARAQUARA,35,2016,5869707.69,32209.0,182.23812257443572
350320,ARARAQUARA,35,2017,6683709.28,33875.0,197.30507099630998
350320,ARARAQUARA,35,2018,6998500.51,35151.0,199.09819094762594
350320,ARARAQUARA,35,2019,7159322.04,35710.0,200.4850753290395
350320,ARARAQUARA,35,2020,7322213.0,36525.0,200.47126625598904
350320,ARARAQUARA,35,2021,7132012.45,35811.0,199.1570313590796
350320,ARARAQUARA,35,2022,7767029.51,34865.0,222.7744015488312
350320,ARARAQUARA,35,2023,8760740.5,37443.0,233.97538925833933
350320,ARARAQUARA,35,2024,9831355.43,38798.0,253.39851100572193
350320,ARARAQUARA,35,2025,10396724.43,42143.0,246.70109935220557
350320,ARARAQUARA,35,2026,5467062.04,21725.0,251.6484253164557
320520,VILA VELHA,32,2015,3746105.47,20651.0,181.40068132293837
320520,VILA VELHA,32,2016,3883453.67,21243.0,182.81098102904485
320520,VILA VELHA,32,2017,4236730.51,21491.0,197.13975664231538
320520,VILA VELHA,32,2018,3995601.8,20291.0,196.91497708343599
320520,VILA VELHA,32,2019,3978854.99,20299.0,196.01236464850487
320520,VILA VELHA,32,2020,3990769.2,20544.0,194.25473130841124
320520,VILA VELHA,32,2021,8815678.91,45154.0,195.23583536342295
320520,VILA VELHA,32,2022,9858424.75,44927.0,219.43207314087297
320520,VILA VELHA,32,2023,12842338.2,55555.0,231.16439924399242
320520,VILA VELHA,32,2024,14279257.76,58462.0,244.2485334063152
320520,VILA VELHA,32,2025,13321307.64,54536.0,244.266312894235
320520,VILA VELHA,32,2026,6126514.6899999995,24581.0,249.23781335177574
353870,PIRACICABA,35,2015,6703502.49,36893.0,181.7012032092809
353870,PIRACICABA,35,2016,6470727.4,35187.0,183.89539886890046
353870,PIRACICABA,35,2017,6971626.44,35064.0,198.82575975359345
353870,PIRACICABA,35,2018,6798605.07,34387.0,197.7085837671213
353870,PIRACICABA,35,2019,6746322.49,34091.0,197.89159866240357
353870,PIRACICABA,35,2020,6577298.38,33401.0,196.91920541301158
353870,PIRACICABA,35,2021,7396325.23,37666.0,196.36609223172093
353870,PIRACICABA,35,2022,8315866.1,37985.0,218.92499934184545
353870,PIRACICABA,35,2023,8722314.03,38105.0,228.90208712767352
353870,PIRACICABA,35,2024,9421805.3,38994.0,241.62192388572603
353870,PIRACICABA,35,2025,9580623.58,40125.0,238.76943501557633
353870,PIRACICABA,35,2026,4996713.26,20265.0,246.5686286701209
431410,PASSO FUNDO,43,2015,5177313.61,28229.0,183.40407417903575
431410,PASSO FUNDO,43,2016,5383383.34,28807.0,186.87761099732703
431410,PASSO FUNDO,43,2017,5561597.84,27890.0,199.41189817138758
431410,PASSO FUNDO,43,2018,6105710.14,30663.0,199.12305188663862
431410,PASSO FUNDO,43,2019,6755859.87,33698.0,200.48251736008072
431410,PASSO FUNDO,43,2020,6874696.17,34594.0,198.72510175174887
431410,PASSO FUNDO,43,2021,7295996.72,36623.0,199.21898042213908
431410,PASSO FUNDO,43,2022,8607589.56,38682.0,222.5218334108888
431410,PASSO FUNDO,43,2023,9877365.26,42047.0,234.91248507622421
431410,PASSO FUNDO,43,2024,10255673.4,41393.0,247.763472084652
431410,PASSO FUNDO,43,2025,10431083.26,42283.0,246.6968583118511
431410,PASSO FUNDO,43,2026,5769289.4,22660.0,254.60235657546338
291072,EUNAPOLIS,29,2015,5790452.89,31858.0,181.75820484650637
291072,EUNAPOLIS,29,2016,6151585.94,33934.0,181.28089644604233
291072,EUNAPOLIS,29,2017,6438854.08,32850.0,196.00773455098934
291072,EUNAPOLIS,29,2018,6364637.99,32412.0,196.36671572257188
291072,EUNAPOLIS,29,2019,6330314.14,32289.0,196.05172473597818
291072,EUNAPOLIS,29,2020,6430007.46,33103.0,194.2424390538622
291072,EUNAPOLIS,29,2021,6687976.48,34215.0,195.46913575916997
291072,EUNAPOLIS,29,2022,7893158.35,36017.0,219.15091068106727
291072,EUNAPOLIS,29,2023,8755560.72,38117.0,229.70225148883702
291072,EUNAPOLIS,29,2024,10183769.26,41972.0,242.63245163442295
291072,EUNAPOLIS,29,2025,10796786.69,44422.0,243.05044099770382
291072,EUNAPOLIS,29,2026,5554280.34,22518.0,246.65957633892884
292870,SANTO ANTONIO DE JESUS,29,2015,5633170.54,31089.0,181.19497378494
292870,SANTO ANTONIO DE JESUS,29,2016,4884242.63,26764.0,182.4929991780003
292870,SANTO ANTONIO DE JESUS,29,2017,5769357.4,29322.0,196.75865902735148
292870,SANTO ANTONIO DE JESUS,29,2018,6339833.19,32263.0,196.50476366115984
292870,SANTO ANTONIO DE JESUS,29,2019,7188125.29,36703.0,195.845715336621
292870,SANTO ANTONIO DE JESUS,29,2020,7502635.32,38234.0,196.2294115185437
292870,SANTO ANTONIO DE JESUS,29,2021,6475462.52,33238.0,194.82106384258978
292870,SANTO ANTONIO DE JESUS,29,2022,7889273.44,36046.0,218.86682128391502
292870,SANTO ANTONIO DE JESUS,29,2023,8661902.14,37627.0,230.20443139235124
292870,SANTO ANTONIO DE JESUS,29,2024,9582365.64,39495.0,242.622246866692
292870,SANTO ANTONIO DE JESUS,29,2025,10411436.08,43009.0,242.07575344695297
292870,SANTO ANTONIO DE JESUS,29,2026,5524258.65,22332.0,247.36963326168728
291170,GUANAMBI,29,2015,5142246.39,28339.0,181.45475810720208
291170,GUANAMBI,29,2016,5394896.27,29734.0,181.43863153292526
291170,GUANAMBI,29,2017,6606582.66,33682.0,196.14579478653286
291170,GUANAMBI,29,2018,6911720.13,35208.0,196.31106935923654
291170,GUANAMBI,29,2019,6954839.06,35520.0,195.8006492117117
291170,GUANAMBI,29,2020,6742137.97,34551.0,195.13582732771843
291170,GUANAMBI,29,2021,6960994.97,35637.0,195.3305544798945
291170,GUANAMBI,29,2022,7989819.6,36359.0,219.74805687725183
291170,GUANAMBI,29,2023,8456850.76,36805.0,229.77450781143867
291170,GUANAMBI,29,2024,9411394.07,38851.0,242.2432902627989
291170,GUANAMBI,29,2025,9935735.34,41012.0,242.264101726324
291170,GUANAMBI,29,2026,5022541.0600000005,20295.0,247.4767706331609
355710,VOTUPORANGA,35,2015,4538116.21,24707.0,183.67734690573522
355710,VOTUPORANGA,35,2016,4825063.74,26123.0,184.7055751636489
355710,VOTUPORANGA,35,2017,5661307.79,28422.0,199.18752339736824
355710,VOTUPORANGA,35,2018,5783506.79,29204.0,198.038172510615
355710,VOTUPORANGA,35,2019,6319689.34,32045.0,197.2129611483851
355710,VOTUPORANGA,35,2020,7035429.52,36015.0,195.34720310981535
355710,VOTUPORANGA,35,2021,7002301.77,35883.0,195.14259593679458
355710,VOTUPORANGA,35,2022,8365786.38,38183.0,219.09714742162743
355710,VOTUPORANGA,35,2023,9428165.25,40968.0,230.13486745752783
355710,VOTUPORANGA,35,2024,9831753.16,40475.0,242.90928128474368
355710,VOTUPORANGA,35,2025,9997469.0,41210.0,242.59813152147538
355710,VOTUPORANGA,35,2026,5162326.26,20659.0,249.88267873566
510790,SINOP,51,2015,4229568.4,23290.0,181.60448261056248
510790,SINOP,51,2016,4662405.81,25472.0,183.04042909861806
510790,SINOP,51,2017,5249060.96,26520.0,197.92839215686274
510790,SINOP,51,2018,5706021.05,28797.0,198.14637114977253
510790,SINOP,51,2019,6618364.97,33256.0,199.01265846764494
510790,SINOP,51,2020,7781964.48,39422.0,197.40156460859419
510790,SINOP,51,2021,7476332.81,37917.0,197.1762747580241
510790,SINOP,51,2022,8187354.44,37093.0,220.72505432291808
510790,SINOP,51,2023,9450384.06,40755.0,231.8828133971292
510790,SINOP,51,2024,10459458.02,42718.0,244.8489634346177
510790,SINOP,51,2025,9671871.35,39388.0,245.55375622016857
510790,SINOP,51,2026,4332902.18,17277.0,250.79019389940382
172100,PALMAS,17,2015,4980870.27,27470.0,181.32035930105567
172100,PALMAS,17,2016,5232902.29,28800.0,181.69799618055555
172100,PALMAS,17,2017,5582230.01,28610.0,195.11464557846907
172100,PALMAS,17,2018,5895628.12,30090.0,195.93313791957462
172100,PALMAS,17,2019,6345075.86,32438.0,195.6062599420433
172100,PALMAS,17,2020,6637229.37,34017.0,195.1150709939148
172100,PALMAS,17,2021,6634910.89,33827.0,196.14245691311672
172100,PALMAS,17,2022,7517010.82,34243.0,219.51963379376807
172100,PALMAS,17,2023,8146940.16,35500.0,229.49127211267606
172100,PALMAS,17,2024,9848172.17,40678.0,242.10069742858548
172100,PALMAS,17,2025,10709298.69,44244.0,242.05086994846758
172100,PALMAS,17,2026,5639072.81,22849.0,246.7973569959298
291360,ILHEUS,29,2015,4729084.65,25837.0,183.0353620776406
291360,ILHEUS,29,2016,4930329.01,26749.0,184.31825526187893
291360,ILHEUS,29,2017,5573429.54,28063.0,198.60419555999002
291360,ILHEUS,29,2018,7132287.57,36028.0,197.96512629066282
291360,ILHEUS,29,2019,7365720.03,37336.0,197.28198066209558
291360,ILHEUS,29,2020,7100453.75,36776.0,193.0730299651947
291360,ILHEUS,29,2021,6488703.82,34680.0,187.10218627450982
291360,ILHEUS,29,2022,7639802.68,36799.0,207.6089752438925
291360,ILHEUS,29,2023,8650390.43,38179.0,226.5745679562063
291360,ILHEUS,29,2024,9304650.65,37987.0,244.94302392923896
291360,ILHEUS,29,2025,9010240.68,36807.0,244.79693210530604
291360,ILHEUS,29,2026,4842815.47,19187.0,252.40086881742846
317010,UBERABA,31,2015,4881810.95,27071.0,180.3336023789295
317010,UBERABA,31,2016,5467646.48,29935.0,182.65062568899285
317010,UBERABA,31,2017,6210377.79,31710.0,195.84918921475875
317010,UBERABA,31,2018,6353290.07,32086.0,198.0081677367076
317010,UBERABA,31,2019,6752424.68,34593.0,195.1962732344694
317010,UBERABA,31,2020,7128340.45,36571.0,194.91784337316454
317010,UBERABA,31,2021,6699020.49,34756.0,192.74428846817815
317010,UBERABA,31,2022,7131862.64,32868.0,216.98498965559205
317010,UBERABA,31,2023,8110187.13,35203.0,230.38340851631963
317010,UBERABA,31,2024,9040477.8,37106.0,243.63924432706304
317010,UBERABA,31,2025,9650969.85,39657.0,243.36106740298055
317010,UBERABA,31,2026,5266109.97,21076.0,249.862875782881
240200,CAICO,24,2015,4436022.03,24853.0,178.49040478010704
240200,CAICO,24,2016,4508280.46,25222.0,178.7439719292681
240200,CAICO,24,2017,5683529.7,29168.0,194.85496777290183
240200,CAICO,24,2018,6046957.28,30862.0,195.93536647009267
240200,CAICO,24,2019,6297795.13,32079.0,196.32142928395524
240200,CAICO,24,2020,6329046.63,32508.0,194.69197212993726
240200,CAICO,24,2021,6865964.0,35168.0,195.23328025477707
240200,CAICO,24,2022,7966404.07,36327.0,219.2970537066094
240200,CAICO,24,2023,8479645.3,36870.0,229.98766748033634
240200,CAICO,24,2024,10003907.52,41245.0,242.5483699842405
240200,CAICO,24,2025,10204958.74,42028.0,242.8133325402113
240200,CAICO,24,2026,5134671.22,20746.0,247.5017458787236
330190,ITABORAI,33,2015,6793941.96,36739.0,184.9245205367593
330190,ITABORAI,33,2016,6275349.81,33250.0,188.73232511278195
330190,ITABORAI,33,2017,5063389.9,25290.0,200.21312376433374
330190,ITABORAI,33,2018,5896069.0,29390.0,200.614800952705
330190,ITABORAI,33,2019,6274634.69,31391.0,199.8864225414928
330190,ITABORAI,33,2020,5892299.14,29683.0,198.50753427888014
330190,ITABORAI,33,2021,6447081.55,32510.0,198.310721316518
330190,ITABORAI,33,2022,7530156.18,33972.0,221.65772341928647
330190,ITABORAI,33,2023,8675583.04,37278.0,232.72662267289016
330190,ITABORAI,33,2024,8673047.48,35033.0,247.56793537521767
330190,ITABORAI,33,2025,9157293.47,36980.0,247.62827122769068
330190,ITABORAI,33,2026,4672823.12,18466.0,253.0500985595148
354880,SAO CAETANO DO SUL,35,2015,5836372.13,32217.0,181.15815035540243
354880,SAO CAETANO DO SUL,35,2016,6063773.1,33222.0,182.52281921618203
354880,SAO CAETANO DO SUL,35,2017,6167686.31,31395.0,196.45441344163083
354880,SAO CAETANO DO SUL,35,2018,6693729.21,33802.0,198.02760812969646
354880,SAO CAETANO DO SUL,35,2019,7026499.75,35143.0,199.9402370315568
354880,SAO CAETANO DO SUL,35,2020,7719044.15,39520.0,195.31994306680164
354880,SAO CAETANO DO SUL,35,2021,7584065.58,39051.0,194.20925405239302
354880,SAO CAETANO DO SUL,35,2022,7111473.68,31768.0,223.85651221354823
354880,SAO CAETANO DO SUL,35,2023,7366239.51,31011.0,237.53634226564768
354880,SAO CAETANO DO SUL,35,2024,7967863.98,31757.0,250.90102906445824
354880,SAO CAETANO DO SUL,35,2025,7758076.3,31385.0,247.19057830173648
354880,SAO CAETANO DO SUL,35,2026,3940984.43,15568.0,253.14648188591985
293050,SERRINHA,29,2015,5099216.77,28142.0,181.19596226281
293050,SERRINHA,29,2016,5397183.84,29751.0,181.4118463244933
293050,SERRINHA,29,2017,6118279.34,31179.0,196.23077520125725
293050,SERRINHA,29,2018,6591386.66,33614.0,196.09051764145892
293050,SERRINHA,29,2019,6864714.7,35071.0,195.73763793447577
293050,SERRINHA,29,2020,6228790.12,32063.0,194.26722764557277
293050,SERRINHA,29,2021,6125009.88,31330.0,195.4998365783594
293050,SERRINHA,29,2022,7146124.49,32543.0,219.59021878745045
293050,SERRINHA,29,2023,7854773.56,34197.0,229.69188993186535
293050,SERRINHA,29,2024,9017056.17,37086.0,243.13908671735965
293050,SERRINHA,29,2025,9509777.81,39195.0,242.62732006633502
293050,SERRINHA,29,2026,5239725.15,20966.0,249.91534627492132
420540,FLORIANOPOLIS,42,2015,4222847.82,22905.0,184.36358087753766
420540,FLORIANOPOLIS,42,2016,4716757.92,24611.0,191.65242858884238
420540,FLORIANOPOLIS,42,2017,5479020.06,26892.0,203.74163543061132
420540,FLORIANOPOLIS,42,2018,6030842.88,29675.0,203.22975164279697
420540,FLORIANOPOLIS,42,2019,6606642.33,32618.0,202.5459050217671
420540,FLORIANOPOLIS,42,2020,6734334.1,33433.0,201.42775401549366
420540,FLORIANOPOLIS,42,2021,6921879.16,34021.0,203.4590153140707
420540,FLORIANOPOLIS,42,2022,7691014.67,34803.0,220.98711806453466
420540,FLORIANOPOLIS,42,2023,7870875.5,33710.0,233.48785226935627
420540,FLORIANOPOLIS,42,2024,9567661.91,38184.0,250.56730332076262
420540,FLORIANOPOLIS,42,2025,9352318.12,37510.0,249.32866222340706
420540,FLORIANOPOLIS,42,2026,5760891.37,22442.0,256.7013354424739
230428,EUSEBIO,23,2015,3672046.62,20454.0,179.52706658844235
230428,EUSEBIO,23,2016,4723282.63,25758.0,183.37148186971038
230428,EUSEBIO,23,2017,6359123.14,32285.0,196.96834876877807
230428,EUSEBIO,23,2018,6410659.58,32529.0,197.0752122721264
230428,EUSEBIO,23,2019,6730282.5,34163.0,197.0050200509323
230428,EUSEBIO,23,2020,6772680.06,34344.0,197.20125960866525
230428,EUSEBIO,23,2021,6613118.05,33510.0,197.3475992241122
230428,EUSEBIO,23,2022,7393917.98,33549.0,220.39160571104952
230428,EUSEBIO,23,2023,7931260.31,34277.0,231.38723663097701
230428,EUSEBIO,23,2024,9272095.54,37880.0,244.77548944033788
230428,EUSEBIO,23,2025,9684842.36,39590.0,244.62850113665064
230428,EUSEBIO,23,2026,5088544.609999999,20238.0,251.43515218895143
420820,ITAJAI,42,2015,3312196.34,17819.0,185.88003479432066
420820,ITAJAI,42,2016,3706982.38,19838.0,186.86270692610142
420820,ITAJAI,42,2017,4100466.73,20529.0,199.74020799844124
420820,ITAJAI,42,2018,4268491.38,21404.0,199.42493832928423
420820,ITAJAI,42,2019,5252596.33,26549.0,197.84535500395495
420820,ITAJAI,42,2020,5795499.04,29499.0,196.46425438150445
420820,ITAJAI,42,2021,6171167.01,31654.0,194.95694098692107
420820,ITAJAI,42,2022,8142321.9,37441.0,217.47073796105875
420820,ITAJAI,42,2023,9877232.51,42684.0,231.40362922875082
420820,ITAJAI,42,2024,11353175.09,46851.0,242.32513905786428
420820,ITAJAI,42,2025,12259104.53,50768.0,241.4730643318626
420820,ITAJAI,42,2026,6193363.58,25053.0,247.21045703109408
313940,MANHUACU,31,2015,5552803.8,30674.0,181.02640020864575
313940,MANHUACU,31,2016,5774340.52,31528.0,183.14959781781272
313940,MANHUACU,31,2017,6274604.17,31777.0,197.4574116499355
313940,MANHUACU,31,2018,6293931.61,31895.0,197.33286126352093
313940,MANHUACU,31,2019,6599761.9,33456.0,197.26691475370637
313940,MANHUACU,31,2020,6636302.66,33813.0,196.26482891195695
313940,MANHUACU,31,2021,6382634.67,32515.0,196.2981599261879
313940,MANHUACU,31,2022,6821603.58,30932.0,220.53548364153627
313940,MANHUACU,31,2023,8101171.37,34980.0,231.59437878787878
313940,MANHUACU,31,2024,8531152.18,34960.0,244.02609210526316
313940,MANHUACU,31,2025,8606418.68,35286.0,243.90462733095276
313940,MANHUACU,31,2026,4611023.62,18435.0,250.12333170599405
313510,JANAUBA,31,2015,4345998.41,24073.0,180.53414240019939
313510,JANAUBA,31,2016,4825975.37,26764.0,180.31592325511883
313510,JANAUBA,31,2017,5227089.8,26823.0,194.87342206315475
313510,JANAUBA,31,2018,5779513.63,29607.0,195.20767487418516
313510,JANAUBA,31,2019,6172202.43,31691.0,194.76199646587358
313510,JANAUBA,31,2020,6585456.76,34815.0,189.15573057590117
313510,JANAUBA,31,2021,6753788.29,35714.0,189.10758498067986
313510,JANAUBA,31,2022,8247466.49,37687.0,218.8411518560777
313510,JANAUBA,31,2023,9157391.77,39986.0,229.0149494823188
313510,JANAUBA,31,2024,9042359.83,37459.0,241.39351904749194
313510,JANAUBA,31,2025,9269534.01,38459.0,241.0237918302608
313510,JANAUBA,31,2026,4749640.45,19427.0,244.48656251608588
290070,ALAGOINHAS,29,2015,3965651.96,22066.0,179.7177540106952
290070,ALAGOINHAS,29,2016,3934374.49,21912.0,179.55341776195692
290070,ALAGOINHAS,29,2017,4897008.1,24925.0,196.46973319959878
290070,ALAGOINHAS,29,2018,5405963.15,27527.0,196.387661205362
290070,ALAGOINHAS,29,2019,6086441.3,31005.0,196.30515400741814
290070,ALAGOINHAS,29,2020,6365238.87,32532.0,195.66085300627074
290070,ALAGOINHAS,29,2021,6205918.56,31616.0,196.29044028340078
290070,ALAGOINHAS,29,2022,7571707.31,34374.0,220.27425699656717
290070,ALAGOINHAS,29,2023,9002468.51,38994.0,230.8680440580602
290070,ALAGOINHAS,29,2024,10170428.4,41827.0,243.15462261218832
290070,ALAGOINHAS,29,2025,10775041.4,44240.0,243.5588019891501
290070,ALAGOINHAS,29,2026,5713026.53,22888.0,249.60793996854247
522185,VALPARAISO DE GOIAS,52,2015,4630210.62,25720.0,180.02374105754276
522185,VALPARAISO DE GOIAS,52,2016,4796321.2,26479.0,181.13679519619322
522185,VALPARAISO DE GOIAS,52,2017,5152647.05,26279.0,196.07470033106281
522185,VALPARAISO DE GOIAS,52,2018,5094979.13,26051.0,195.57710375801312
522185,VALPARAISO DE GOIAS,52,2019,5749418.84,29300.0,196.22589897610922
522185,VALPARAISO DE GOIAS,52,2020,6659239.84,33969.0,196.0387364950396
522185,VALPARAISO DE GOIAS,52,2021,6816008.24,34820.0,195.7498058587019
522185,VALPARAISO DE GOIAS,52,2022,8202822.24,37419.0,219.2154317325423
522185,VALPARAISO DE GOIAS,52,2023,8954828.24,38918.0,230.09476951539133
522185,VALPARAISO DE GOIAS,52,2024,9084955.66,37245.0,243.92416861323667
522185,VALPARAISO DE GOIAS,52,2025,9420366.44,38634.0,243.83616607133612
522185,VALPARAISO DE GOIAS,52,2026,4950880.0,19650.0,251.95318066157762
510250,CACERES,51,2015,5146002.28,28268.0,182.04338050091977
510250,CACERES,51,2016,5192079.56,28294.0,183.50461440588109
510250,CACERES,51,2017,6059707.74,30699.0,197.39104661389624
510250,CACERES,51,2018,6105848.61,30863.0,197.8371710462366
510250,CACERES,51,2019,6382963.57,32268.0,197.81094489897112
510250,CACERES,51,2020,6403477.61,32650.0,196.12488851454825
510250,CACERES,51,2021,6325686.33,32096.0,197.08643849700897
510250,CACERES,51,2022,7602800.44,34451.0,220.68446315056167
510250,CACERES,51,2023,8225111.1,35497.0,231.71285179029212
510250,CACERES,51,2024,8454127.44,34570.0,244.55098177610643
510250,CACERES,51,2025,8727818.49,35704.0,244.44931912390769
510250,CACERES,51,2026,4650927.29,18564.0,250.53476028873087
220770,PARNAIBA,22,2015,3972940.16,21910.0,181.32999361022365
220770,PARNAIBA,22,2016,4588241.2,25153.0,182.413278734147
220770,PARNAIBA,22,2017,5442162.18,27703.0,196.44667292351008
220770,PARNAIBA,22,2018,5971864.95,30427.0,196.26860847273804
220770,PARNAIBA,22,2019,6618701.37,33754.0,196.0864303489957
220770,PARNAIBA,22,2020,6971575.7,35789.0,194.79660510212636
220770,PARNAIBA,22,2021,6594183.39,33936.0,194.312334688826
220770,PARNAIBA,22,2022,7275434.2,33293.0,218.52744420749107
220770,PARNAIBA,22,2023,8209822.66,35812.0,229.2478124650955
220770,PARNAIBA,22,2024,9179700.15,37902.0,242.195666455596
220770,PARNAIBA,22,2025,9439534.56,38899.0,242.66779505899896
220770,PARNAIBA,22,2026,4911619.24,19817.0,247.84877832164304
293290,VALENCA,29,2015,3625752.23,20230.0,179.22650667325755
293290,VALENCA,29,2016,4879005.9,27067.0,180.25661876085272
293290,VALENCA,29,2017,5815139.04,29733.0,195.5786176975078
293290,VALENCA,29,2018,6351326.57,32499.0,195.43144619834456
293290,VALENCA,29,2019,6460478.28,33062.0,195.4049446494465
293290,VALENCA,29,2020,6697293.62,34479.0,194.24268743293018
293290,VALENCA,29,2021,6867771.68,35426.0,193.8624648563202
293290,VALENCA,29,2022,7545045.58,34400.0,219.3327203488372
293290,VALENCA,29,2023,8293023.57,36219.0,228.96887186283442
293290,VALENCA,29,2024,8433801.09,34856.0,241.96124311452834
293290,VALENCA,29,2025,8891378.33,36861.0,241.21370364341718
293290,VALENCA,29,2026,4955069.720000001,19907.0,248.91092178630635
351550,FERNANDOPOLIS,35,2015,4941896.22,27309.0,180.9621816983412
351550,FERNANDOPOLIS,35,2016,5287721.16,29172.0,181.26015220074044
351550,FERNANDOPOLIS,35,2017,5976041.83,30566.0,195.51272099718642
351550,FERNANDOPOLIS,35,2018,6050542.01,30923.0,195.6647805840313
351550,FERNANDOPOLIS,35,2019,6014940.42,30755.0,195.57601755812064
351550,FERNANDOPOLIS,35,2020,6134685.52,31444.0,195.09876351609208
351550,FERNANDOPOLIS,35,2021,6770836.73,34754.0,194.82179691546298
351550,FERNANDOPOLIS,35,2022,7825611.22,35814.0,218.50704249734738
351550,FERNANDOPOLIS,35,2023,8253002.81,35894.0,229.9270855853346
351550,FERNANDOPOLIS,35,2024,8653864.37,35497.0,243.7914294165704
351550,FERNANDOPOLIS,35,2025,8522310.03,35017.0,243.37636091041492
351550,FERNANDOPOLIS,35,2026,4033204.58,16089.0,250.6808738889925
350750,BOTUCATU,35,2015,5653354.3,31047.0,182.09019551003317
350750,BOTUCATU,35,2016,5738363.72,31340.0,183.10031014677728
350750,BOTUCATU,35,2017,6397589.02,32421.0,197.32855309830046
350750,BOTUCATU,35,2018,6488760.85,32876.0,197.37075222046477
350750,BOTUCATU,35,2019,6366656.14,32179.0,197.85127381211348
350750,BOTUCATU,35,2020,6456898.71,32799.0,196.86266989847252
350750,BOTUCATU,35,2021,6685933.24,34022.0,196.5179366292399
350750,BOTUCATU,35,2022,7274582.83,33302.0,218.44282115188278
350750,BOTUCATU,35,2023,7472926.35,32476.0,230.10611990392906
350750,BOTUCATU,35,2024,7978437.09,33015.0,241.66097501135846
350750,BOTUCATU,35,2025,7786901.29,32112.0,242.49194351021424
350750,BOTUCATU,35,2026,3765230.71,15078.0,249.71685303090595
293010,SENHOR DO BONFIM,29,2015,5367804.81,29777.0,180.266810289821
293010,SENHOR DO BONFIM,29,2016,5603526.24,31168.0,179.78459445585216
293010,SENHOR DO BONFIM,29,2017,6157455.55,31594.0,194.89319332784706
293010,SENHOR DO BONFIM,29,2018,6145129.53,31440.0,195.45577385496185
293010,SENHOR DO BONFIM,29,2019,6232975.0,31920.0,195.2686403508772
293010,SENHOR DO BONFIM,29,2020,6168028.09,31689.0,194.6425601943892
293010,SENHOR DO BONFIM,29,2021,6085446.51,31308.0,194.3735310463779
293010,SENHOR DO BONFIM,29,2022,7025630.96,32137.0,218.6150219373308
293010,SENHOR DO BONFIM,29,2023,7397372.45,32274.0,229.2053185226498
293010,SENHOR DO BONFIM,29,2024,8238655.89,33977.0,242.47743738411276
293010,SENHOR DO BONFIM,29,2025,8597706.93,35292.0,243.61631332879972
293010,SENHOR DO BONFIM,29,2026,4757391.57,19122.0,248.791526513963
352590,JUNDIAI,35,2015,6871958.91,37847.0,181.57209052236638
352590,JUNDIAI,35,2016,7015437.97,38507.0,182.18604331679953
352590,JUNDIAI,35,2017,8041390.88,40147.0,200.29867437168406
352590,JUNDIAI,35,2018,7792595.24,39038.0,199.61563707157129
352590,JUNDIAI,35,2019,7829464.59,39237.0,199.54289548130592
352590,JUNDIAI,35,2020,7802762.78,39563.0,197.22373884690242
352590,JUNDIAI,35,2021,6541155.71,33337.0,196.21308786033535
352590,JUNDIAI,35,2022,6443187.84,29116.0,221.29371616980353
352590,JUNDIAI,35,2023,5663002.4,24353.0,232.53818420728453
352590,JUNDIAI,35,2024,5742792.53,23200.0,247.5341607758621
352590,JUNDIAI,35,2025,5373040.59,21658.0,248.08572305845414
352590,JUNDIAI,35,2026,2449077.01,9642.0,254.00093445343288
320490,SAO MATEUS,32,2015,5338965.4,29505.0,180.9512082697848
320490,SAO MATEUS,32,2016,5448882.06,29798.0,182.86066380293977
320490,SAO MATEUS,32,2017,5928217.46,30131.0,196.74811523016163
320490,SAO MATEUS,32,2018,5805412.59,29614.0,196.03608394678193
320490,SAO MATEUS,32,2019,6368698.05,32590.0,195.41878030070572
320490,SAO MATEUS,32,2020,6510785.56,33247.0,195.83076849039008
320490,SAO MATEUS,32,2021,6502466.09,33202.0,195.845614420818
320490,SAO MATEUS,32,2022,7042420.1,32073.0,219.57472328750038
320490,SAO MATEUS,32,2023,7495266.7,32655.0,229.52891440820702
320490,SAO MATEUS,32,2024,8344094.65,34355.0,242.87861010042207
320490,SAO MATEUS,32,2025,8216518.0,33926.0,242.1894122501916
320490,SAO MATEUS,32,2026,4230519.949999999,17088.0,247.57256261704114
411840,PARANAVAI,41,2015,5361311.59,29521.0,181.61009417025167
411840,PARANAVAI,41,2016,5398972.42,29388.0,183.71350279025452
411840,PARANAVAI,41,2017,5883974.99,29718.0,197.99363988155326
411840,PARANAVAI,41,2018,5818883.62,29582.0,196.70352308836456
411840,PARANAVAI,41,2019,6001139.34,30521.0,196.62328691720455
411840,PARANAVAI,41,2020,6039211.59,30553.0,197.66345661637155
411840,PARANAVAI,41,2021,6338218.77,32129.0,197.27407544585887
411840,PARANAVAI,41,2022,7205228.87,32809.0,219.61135267761895
411840,PARANAVAI,41,2023,7451391.45,32140.0,231.8416754822651
411840,PARANAVAI,41,2024,8114766.93,33097.0,245.18134362631054
411840,PARANAVAI,41,2025,9095222.88,32380.0,280.8901445336628
411840,PARANAVAI,41,2026,4475640.7700000005,15339.0,291.78178303670387
320530,VITORIA,32,2015,7169388.35,39477.0,181.60924968969272
320530,VITORIA,32,2016,7053552.36,38400.0,183.68625937500002
320530,VITORIA,32,2017,6904214.89,34700.0,198.9687288184438
320530,VITORIA,32,2018,5964066.7,29762.0,200.39199986560044
320530,VITORIA,32,2019,4157411.44,20501.0,202.79066582117946
320530,VITORIA,32,2020,6411962.86,32244.0,198.8575505520407
320530,VITORIA,32,2021,6119161.37,30844.0,198.39065523278433
320530,VITORIA,32,2022,6740089.33,30481.0,221.12428496440407
320530,VITORIA,32,2023,7134433.55,30680.0,232.54346642764014
320530,VITORIA,32,2024,7571100.88,30661.0,246.92935259776263
320530,VITORIA,32,2025,7867608.44,31669.0,248.4324872904102
320530,VITORIA,32,2026,4033515.31,15677.0,257.288722969956
316720,SETE LAGOAS,31,2015,5207618.46,28613.0,182.0018334323559
316720,SETE LAGOAS,31,2016,5008364.8,27488.0,182.20186263096625
316720,SETE LAGOAS,31,2017,5453976.68,27761.0,196.46182342134648
316720,SETE LAGOAS,31,2018,5389942.28,27507.0,195.94802341222234
316720,SETE LAGOAS,31,2019,5536106.73,28090.0,197.08461124955502
316720,SETE LAGOAS,31,2020,5725575.65,28954.0,197.7473112523313
316720,SETE LAGOAS,31,2021,5708021.34,29031.0,196.61814405290895
316720,SETE LAGOAS,31,2022,6877311.13,31604.0,217.6088827363625
316720,SETE LAGOAS,31,2023,8262581.09,35887.0,230.23883551146653
316720,SETE LAGOAS,31,2024,9051581.67,37296.0,242.69577622265123
316720,SETE LAGOAS,31,2025,9537820.92,39068.0,244.1338415071158
316720,SETE LAGOAS,31,2026,5032532.3,20107.0,250.2875764659074
352900,MARILIA,35,2015,4818642.36,26443.0,182.22752183942822
352900,MARILIA,35,2016,5123953.83,27661.0,185.24109142836485
352900,MARILIA,35,2017,5538501.32,27717.0,199.8232608146625
352900,MARILIA,35,2018,5686345.36,28560.0,199.10172829131653
352900,MARILIA,35,2019,5965785.39,29961.0,199.11836687694
352900,MARILIA,35,2020,6184096.33,31111.0,198.77523480441002
352900,MARILIA,35,2021,5998906.74,30328.0,197.8009344500132
352900,MARILIA,35,2022,7001506.51,31562.0,221.83342342056903
352900,MARILIA,35,2023,7844783.51,33621.0,233.32986853454685
352900,MARILIA,35,2024,8817153.39,35752.0,246.61986434325354
352900,MARILIA,35,2025,8900919.57,36079.0,246.70638238310374
352900,MARILIA,35,2026,4458421.69,17773.0,250.8536369774377
320120,CACHOEIRO DE ITAPEMIRIM,32,2015,6317844.3,34921.0,180.91819535523038
320120,CACHOEIRO DE ITAPEMIRIM,32,2016,6429045.25,35365.0,181.791184787219
320120,CACHOEIRO DE ITAPEMIRIM,32,2017,6601123.61,33662.0,196.1001607153467
320120,CACHOEIRO DE ITAPEMIRIM,32,2018,6426336.26,32811.0,195.85920148730608
320120,CACHOEIRO DE ITAPEMIRIM,32,2019,6484432.62,33145.0,195.63833519384522
320120,CACHOEIRO DE ITAPEMIRIM,32,2020,6625043.22,33888.0,195.4982064447592
320120,CACHOEIRO DE ITAPEMIRIM,32,2021,6154343.48,31546.0,195.09108856907375
320120,CACHOEIRO DE ITAPEMIRIM,32,2022,6061385.55,27593.0,219.67113217120283
320120,CACHOEIRO DE ITAPEMIRIM,32,2023,6507081.82,28248.0,230.3554878221467
320120,CACHOEIRO DE ITAPEMIRIM,32,2024,7483389.97,30802.0,242.95143075124992
320120,CACHOEIRO DE ITAPEMIRIM,32,2025,7490563.72,30942.0,242.0840191325706
320120,CACHOEIRO DE ITAPEMIRIM,32,2026,3674459.54,14869.0,247.1221696146345
351640,FRANCO DA ROCHA,35,2015,4899130.5,27028.0,181.26130309308866
351640,FRANCO DA ROCHA,35,2016,4958847.22,26995.0,183.69502574550842
351640,FRANCO DA ROCHA,35,2017,5508893.53,27700.0,198.87702274368232
351640,FRANCO DA ROCHA,35,2018,5549534.89,27994.0,198.240154676002
351640,FRANCO DA ROCHA,35,2019,5662974.23,28526.0,198.51974444366545
351640,FRANCO DA ROCHA,35,2020,5689627.57,28834.0,197.3235614205452
351640,FRANCO DA ROCHA,35,2021,5947130.89,30222.0,196.781513136126
351640,FRANCO DA ROCHA,35,2022,6947732.06,31577.0,220.02508344681254
351640,FRANCO DA ROCHA,35,2023,8251398.26,35706.0,231.09276480143393
351640,FRANCO DA ROCHA,35,2024,8942747.54,36552.0,244.6582277303567
351640,FRANCO DA ROCHA,35,2025,8672793.23,35545.0,243.99474553383038
351640,FRANCO DA ROCHA,35,2026,4915783.86,19632.0,250.39648838630808
312230,DIVINOPOLIS,31,2015,5699554.05,31610.0,180.30857481809554
312230,DIVINOPOLIS,31,2016,5714689.75,31434.0,181.799635744735
312230,DIVINOPOLIS,31,2017,6184499.4,31355.0,197.24125019933027
312230,DIVINOPOLIS,31,2018,6126430.58,31200.0,196.3599544871795
312230,DIVINOPOLIS,31,2019,6227462.1,31697.0,196.46850175095435
312230,DIVINOPOLIS,31,2020,6215259.21,31663.0,196.29407226099863
312230,DIVINOPOLIS,31,2021,6367117.8,32441.0,196.267618137542
312230,DIVINOPOLIS,31,2022,7144826.32,32576.0,219.3279199410609
312230,DIVINOPOLIS,31,2023,7202354.29,31563.0,228.18978835978837
312230,DIVINOPOLIS,31,2024,7555050.48,31262.0,241.6688145352185
312230,DIVINOPOLIS,31,2025,7502600.32,30894.0,242.84975464491487
312230,DIVINOPOLIS,31,2026,3926676.05,15294.0,256.7461782398326
500370,DOURADOS,50,2015,4431058.39,24763.0,178.93867423171665
500370,DOURADOS,50,2016,5049398.36,28051.0,180.0077843927133
500370,DOURADOS,50,2017,5638303.14,28133.0,200.41599331745635
500370,DOURADOS,50,2018,6826885.34,31757.0,214.97261517145824
500370,DOURADOS,50,2019,6582191.55,33795.0,194.76820683533066
500370,DOURADOS,50,2020,6443046.58,33265.0,193.68845874041787
500370,DOURADOS,50,2021,6336340.19,32812.0,193.11045318785813
500370,DOURADOS,50,2022,7396104.21,34140.0,216.64042794376098
500370,DOURADOS,50,2023,7684841.0,33786.0,227.45637246196648
500370,DOURADOS,50,2024,7995130.28,33305.0,240.05795766401442
500370,DOURADOS,50,2025,7542676.57,30974.0,243.51638696971654
500370,DOURADOS,50,2026,3924832.42,15648.0,250.8200677402863
230640,ITAPIPOCA,23,2015,2933460.35,16163.0,181.4923188764462
230640,ITAPIPOCA,23,2016,2992905.44,16312.0,183.47875429131926
230640,ITAPIPOCA,23,2017,3840713.98,19557.0,196.3856409469755
230640,ITAPIPOCA,23,2018,4082940.38,20743.0,196.83461312249915
230640,ITAPIPOCA,23,2019,4389683.6,22366.0,196.2659214879728
230640,ITAPIPOCA,23,2020,5116764.67,26319.0,194.41333903263802
230640,ITAPIPOCA,23,2021,5919550.12,30383.0,194.83099496428923
230640,ITAPIPOCA,23,2022,7824727.75,35731.0,218.98988973160561
230640,ITAPIPOCA,23,2023,9558481.98,41524.0,230.1917440516328
230640,ITAPIPOCA,23,2024,10963618.57,45120.0,242.9880002216312
230640,ITAPIPOCA,23,2025,12618623.0,51681.0,244.1636771734293
230640,ITAPIPOCA,23,2026,5603453.109999999,22426.0,249.8641358244894
310860,BRASILIA DE MINAS,31,2015,4147461.98,23026.0,180.12081907409015
310860,BRASILIA DE MINAS,31,2016,4713725.87,25900.0,181.99713783783784
310860,BRASILIA DE MINAS,31,2017,5794980.56,29393.0,197.1551240091178
310860,BRASILIA DE MINAS,31,2018,5992761.38,30574.0,196.00841826388435
310860,BRASILIA DE MINAS,31,2019,6033033.17,30832.0,195.67440224442137
310860,BRASILIA DE MINAS,31,2020,6032085.16,30900.0,195.21311197411003
310860,BRASILIA DE MINAS,31,2021,6373835.24,32512.0,196.04562130905512
310860,BRASILIA DE MINAS,31,2022,7648415.03,34688.0,220.4916694534133
310860,BRASILIA DE MINAS,31,2023,8706822.36,37697.0,230.9685746876409
310860,BRASILIA DE MINAS,31,2024,7367668.72,30190.0,244.0433494534614
310860,BRASILIA DE MINAS,31,2025,7813745.34,31373.0,249.0595524814331
310860,BRASILIA DE MINAS,31,2026,4336328.89,16848.0,257.37944503798667
315250,POUSO ALEGRE,31,2015,4713132.12,26206.0,179.8493520567809
315250,POUSO ALEGRE,31,2016,4734528.77,26144.0,181.0942766982864
315250,POUSO ALEGRE,31,2017,5184627.69,26540.0,195.35145779954786
315250,POUSO ALEGRE,31,2018,5234970.5,26769.0,195.56092868616685
315250,POUSO ALEGRE,31,2019,5206378.68,26594.0,195.77268105587726
315250,POUSO ALEGRE,31,2020,5880413.48,30423.0,193.28841600105184
315250,POUSO ALEGRE,31,2021,5921319.16,30620.0,193.38076943174397
315250,POUSO ALEGRE,31,2022,6997528.16,32323.0,216.48758345450608
315250,POUSO ALEGRE,31,2023,8154319.37,35924.0,226.9880684222247
315250,POUSO ALEGRE,31,2024,8452129.22,35287.0,239.52529883526512
315250,POUSO ALEGRE,31,2025,9197497.27,37946.0,242.38384203868654
315250,POUSO ALEGRE,31,2026,4901007.850000001,19692.0,248.88319368271382
510840,VARZEA GRANDE,51,2015,2992603.39,16437.0,182.0650599257772
510840,VARZEA GRANDE,51,2016,3605525.27,19738.0,182.66923041848213
510840,VARZEA GRANDE,51,2017,4403313.85,22323.0,197.2545737580074
510840,VARZEA GRANDE,51,2018,5315743.6,26764.0,198.6154386489314
510840,VARZEA GRANDE,51,2019,5825078.04,29279.0,198.95071689606885
510840,VARZEA GRANDE,51,2020,6042100.82,30606.0,197.41556622884403
510840,VARZEA GRANDE,51,2021,6140985.95,31062.0,197.70091912948297
510840,VARZEA GRANDE,51,2022,7106745.44,32337.0,219.77132819989487
510840,VARZEA GRANDE,51,2023,7639747.45,33114.0,230.71049858066075
510840,VARZEA GRANDE,51,2024,9151056.06,37236.0,245.75830003222688
510840,VARZEA GRANDE,51,2025,10021858.09,40638.0,246.61297529405974
510840,VARZEA GRANDE,51,2026,5309873.04,21108.0,251.5573735076748
312090,CURVELO,31,2015,3673011.84,20181.0,182.0034606808384
312090,CURVELO,31,2016,3809922.12,20824.0,182.95822704571648
312090,CURVELO,31,2017,4323154.76,21881.0,197.57573968282983
312090,CURVELO,31,2018,4724143.28,23912.0,197.5637035797926
312090,CURVELO,31,2019,5725889.54,29050.0,197.1046313253012
312090,CURVELO,31,2020,6599670.72,33553.0,196.6939087413942
312090,CURVELO,31,2021,6784338.95,34740.0,195.28897380541164
312090,CURVELO,31,2022,7589122.76,34627.0,219.16778121119356
312090,CURVELO,31,2023,7852380.56,34120.0,230.1401101992966
312090,CURVELO,31,2024,8532604.61,35079.0,243.23967644459645
312090,CURVELO,31,2025,8616791.56,35326.0,243.92208458359283
312090,CURVELO,31,2026,4507391.65,18105.0,248.95838994752833
314800,PATOS DE MINAS,31,2015,5381172.6,29625.0,181.6429569620253
314800,PATOS DE MINAS,31,2016,5478533.06,30024.0,182.4717912336797
314800,PATOS DE MINAS,31,2017,5939571.8,30358.0,195.65095856117003
314800,PATOS DE MINAS,31,2018,5957239.76,30456.0,195.60151562910428
314800,PATOS DE MINAS,31,2019,6014744.58,30793.0,195.3283077322768
314800,PATOS DE MINAS,31,2020,6424502.41,32888.0,195.34487989540258
314800,PATOS DE MINAS,31,2021,5124528.05,26495.0,193.41491036044536
314800,PATOS DE MINAS,31,2022,6655875.27,30626.0,217.32760628224383
314800,PATOS DE MINAS,31,2023,7148779.56,33190.0,215.3895619162398
314800,PATOS DE MINAS,31,2024,7738114.19,35253.0,219.5022888832156
314800,PATOS DE MINAS,31,2025,7594708.65,34739.0,218.6219709836207
314800,PATOS DE MINAS,31,2026,3245975.05,14794.0,219.41158915776666
230730,JUAZEIRO DO NORTE,23,2015,4125778.43,22693.0,181.80841801436566
230730,JUAZEIRO DO NORTE,23,2016,4278902.42,23509.0,182.01124760729934
230730,JUAZEIRO DO NORTE,23,2017,5352595.17,27062.0,197.7900809252827
230730,JUAZEIRO DO NORTE,23,2018,5574617.13,28364.0,196.5384688337329
230730,JUAZEIRO DO NORTE,23,2019,5811365.01,29601.0,196.32326644370121
230730,JUAZEIRO DO NORTE,23,2020,5942030.76,30506.0,194.78236281387268
230730,JUAZEIRO DO NORTE,23,2021,5747903.66,29393.0,195.55348756506652
230730,JUAZEIRO DO NORTE,23,2022,6233733.24,28340.0,219.96235850388146
230730,JUAZEIRO DO NORTE,23,2023,7115664.73,30879.0,230.43701965737233
230730,JUAZEIRO DO NORTE,23,2024,8493463.76,34849.0,243.72187896352835
230730,JUAZEIRO DO NORTE,23,2025,9033116.32,37068.0,243.69041545268158
230730,JUAZEIRO DO NORTE,23,2026,4633215.74,18498.0,250.4711720185966
313170,ITABIRA,31,2015,4053636.3,22438.0,180.65943043051965
313170,ITABIRA,31,2016,4175671.42,23285.0,179.328813399184
313170,ITABIRA,31,2017,4863925.27,24759.0,196.45079647804837
313170,ITABIRA,31,2018,5581534.74,28400.0,196.53291338028168
313170,ITABIRA,31,2019,5660677.18,28875.0,196.04076813852814
313170,ITABIRA,31,2020,5913403.93,30381.0,194.64151706658765
313170,ITABIRA,31,2021,5979662.25,30798.0,194.15748587570621
313170,ITABIRA,31,2022,6927631.36,32055.0,216.11702885665264
313170,ITABIRA,31,2023,7534404.77,32998.0,228.3291341899509
313170,ITABIRA,31,2024,8397092.61,34558.0,242.9854913478789
313170,ITABIRA,31,2025,8545405.21,34821.0,245.40952901984437
313170,ITABIRA,31,2026,4383341.2299999995,17620.0,248.7707849035187
355170,SERTAOZINHO,35,2015,4535378.84,25263.0,179.526534457507
355170,SERTAOZINHO,35,2016,4597277.22,25268.0,181.94068466044007
355170,SERTAOZINHO,35,2017,5552860.44,28143.0,197.30876026010023
355170,SERTAOZINHO,35,2018,5613013.13,28345.0,198.02480613864878
355170,SERTAOZINHO,35,2019,6280478.1,31843.0,197.23261313318469
355170,SERTAOZINHO,35,2020,5981456.75,30509.0,196.05548362778197
355170,SERTAOZINHO,35,2021,5978200.68,30641.0,195.10462060637707
355170,SERTAOZINHO,35,2022,6778236.63,30855.0,219.68033155080212
355170,SERTAOZINHO,35,2023,5898968.61,25514.0,231.20516618327196
355170,SERTAOZINHO,35,2024,8049076.4,32639.0,246.60916081987807
355170,SERTAOZINHO,35,2025,8105883.01,32738.0,247.59860131956748
355170,SERTAOZINHO,35,2026,4273414.28,16977.0,251.71787005949227
350570,BARUERI,35,2015,2499127.97,13885.0,179.98761037090387
350570,BARUERI,35,2016,2620496.2,14595.0,179.5475299760192
350570,BARUERI,35,2017,3210664.14,16440.0,195.29587226277374
350570,BARUERI,35,2018,3487578.84,17904.0,194.79327747989277
350570,BARUERI,35,2019,4513501.57,23133.0,195.1109484286517
350570,BARUERI,35,2020,6490777.27,33485.0,193.84134000298639
350570,BARUERI,35,2021,6162996.62,31631.0,194.8403977111062
350570,BARUERI,35,2022,7499917.9,34291.0,218.7138870257502
350570,BARUERI,35,2023,8920963.13,38875.0,229.4781512540193
350570,BARUERI,35,2024,9889123.49,40754.0,242.65405825195074
350570,BARUERI,35,2025,10613090.7,43322.0,244.98154978994503
350570,BARUERI,35,2026,5643707.08,21863.0,258.1396459772218
420460,CRICIUMA,42,2015,4696877.59,25728.0,182.55898592972636
420460,CRICIUMA,42,2016,5236116.68,28396.0,184.39627694041414
420460,CRICIUMA,42,2017,6051390.43,30556.0,198.04262436182745
420460,CRICIUMA,42,2018,6276866.97,31625.0,198.47800695652174
420460,CRICIUMA,42,2019,6095528.59,30787.0,197.99033975379217
420460,CRICIUMA,42,2020,5978801.61,30534.0,195.808004519552
420460,CRICIUMA,42,2021,5688543.06,28963.0,196.40724579636085
420460,CRICIUMA,42,2022,6001459.16,27222.0,220.46356476379398
420460,CRICIUMA,42,2023,6431304.07,28144.0,228.51421510801592
420460,CRICIUMA,42,2024,7177303.29,29759.0,241.18092980274875
420460,CRICIUMA,42,2025,7595263.0,31628.0,240.1436385481219
420460,CRICIUMA,42,2026,4090434.41,16563.0,246.9621692930025
352230,ITAPETININGA,35,2015,5079613.05,28154.0,180.42242842935283
352230,ITAPETININGA,35,2016,5237417.51,28874.0,181.38870644870818
352230,ITAPETININGA,35,2017,5600138.14,28628.0,195.61751222579292
352230,ITAPETININGA,35,2018,5523042.64,28286.0,195.25711093827334
352230,ITAPETININGA,35,2019,5595500.26,28628.0,195.4555071957524
352230,ITAPETININGA,35,2020,5571030.22,28597.0,194.81170122740147
352230,ITAPETININGA,35,2021,5452637.8,27981.0,194.86929702297988
352230,ITAPETININGA,35,2022,4255134.65,19378.0,219.58585251315927
352230,ITAPETININGA,35,2023,7854655.6,34225.0,229.50052885317749
352230,ITAPETININGA,35,2024,8748866.5,35312.0,247.75901959673766
352230,ITAPETININGA,35,2025,8231485.21,34014.0,242.0028579408479
352230,ITAPETININGA,35,2026,4093002.46,16410.0,249.42123461304084
311340,CARATINGA,31,2015,4763533.58,26086.0,182.60881622326153
311340,CARATINGA,31,2016,4759711.18,25759.0,184.778569820257
311340,CARATINGA,31,2017,5249132.59,26644.0,197.00993056598108
311340,CARATINGA,31,2018,5847436.63,29908.0,195.51413100173866
311340,CARATINGA,31,2019,6240179.99,31897.0,195.6353258927172
311340,CARATINGA,31,2020,6083027.57,31261.0,194.58838712773104
311340,CARATINGA,31,2021,5733139.88,29504.0,194.31737662689804
311340,CARATINGA,31,2022,6534813.73,29904.0,218.52640884162656
311340,CARATINGA,31,2023,6863133.68,29839.0,230.00548543852005
311340,CARATINGA,31,2024,7295492.86,30027.0,242.9644273487195
311340,CARATINGA,31,2025,7438974.54,30616.0,242.97669649856283
311340,CARATINGA,31,2026,3929332.4800000004,15846.0,247.9699911649628
150812,ULIANOPOLIS,15,2015,3435821.9,19050.0,180.35810498687664
150812,ULIANOPOLIS,15,2016,3732699.64,20640.0,180.8478507751938
150812,ULIANOPOLIS,15,2017,4576769.41,23396.0,195.62187596170287
150812,ULIANOPOLIS,15,2018,5280480.62,27091.0,194.91641578383965
150812,ULIANOPOLIS,15,2019,5713260.05,29408.0,194.27570899075081
150812,ULIANOPOLIS,15,2020,5594688.25,29057.0,192.5418401762054
150812,ULIANOPOLIS,15,2021,5556201.9,28834.0,192.6961885274329
150812,ULIANOPOLIS,15,2022,6731839.55,30890.0,217.9294124312075
150812,ULIANOPOLIS,15,2023,7655133.67,33505.0,228.47735173854647
150812,ULIANOPOLIS,15,2024,8398832.05,34846.0,241.02714945761352
150812,ULIANOPOLIS,15,2025,9096021.44,37818.0,240.52095404304828
150812,ULIANOPOLIS,15,2026,4820822.55,19589.0,246.09845066108528
231180,RUSSAS,23,2015,3507363.37,19346.0,181.2965662152383
231180,RUSSAS,23,2016,4046595.35,22137.0,182.79782039120025
231180,RUSSAS,23,2017,4316126.63,21938.0,196.7420288996262
231180,RUSSAS,23,2018,4542991.1,23129.0,196.41969389078645
231180,RUSSAS,23,2019,4863500.0,24610.0,197.622917513206
231180,RUSSAS,23,2020,5003878.91,25372.0,197.22051513479425
231180,RUSSAS,23,2021,5254480.16,26865.0,195.58831788572493
231180,RUSSAS,23,2022,6473633.57,29311.0,220.86020845416397
231180,RUSSAS,23,2023,7523323.64,32289.0,232.9995862367989
231180,RUSSAS,23,2024,9181081.75,37145.0,247.16871045901198
231180,RUSSAS,23,2025,9962669.09,40636.0,245.16854734717984
231180,RUSSAS,23,2026,5384523.53,21470.0,250.7928984629716
291750,JACOBINA,29,2015,3018797.74,16886.0,178.77518299182756
291750,JACOBINA,29,2016,2985600.35,16676.0,179.03576097385465
291750,JACOBINA,29,2017,3412333.93,17558.0,194.3463908189999
291750,JACOBINA,29,2018,4139034.32,21233.0,194.9340328733575
291750,JACOBINA,29,2019,5194343.07,26528.0,195.806056619421
291750,JACOBINA,29,2020,5651619.58,29120.0,194.08034271978022
291750,JACOBINA,29,2021,5746580.7,29534.0,194.5750897270942
291750,JACOBINA,29,2022,6534265.35,29909.0,218.47154201076597
291750,JACOBINA,29,2023,7736208.02,33580.0,230.38141810601547
291750,JACOBINA,29,2024,9159645.2,37800.0,242.31865608465606
291750,JACOBINA,29,2025,10482961.7,43329.0,241.9386946386946
291750,JACOBINA,29,2026,5777477.23,23341.0,247.5248374105651
421870,TUBARAO,42,2015,3324787.47,18101.0,183.67976741616485
421870,TUBARAO,42,2016,3697454.39,19793.0,186.80616329005204
421870,TUBARAO,42,2017,4486912.02,22170.0,202.38664952638698
421870,TUBARAO,42,2018,5043616.18,24949.0,202.1570475770572
421870,TUBARAO,42,2019,5362168.04,26472.0,202.55998942278634
421870,TUBARAO,42,2020,5850780.19,29022.0,201.5981045413824
421870,TUBARAO,42,2021,5696254.08,28450.0,200.21982706502635
421870,TUBARAO,42,2022,6635094.26,29790.0,222.72891104397448
421870,TUBARAO,42,2023,7106818.82,30644.0,231.91550776661012
421870,TUBARAO,42,2024,8320135.72,33995.0,244.74586615678774
421870,TUBARAO,42,2025,8753382.34,36001.0,243.14275547901445
421870,TUBARAO,42,2026,4584111.41,18489.0,247.937228081562
410940,GUARAPUAVA,41,2015,4640336.47,25730.0,180.34731713952584
410940,GUARAPUAVA,41,2016,4621080.79,25461.0,181.49643729625703
410940,GUARAPUAVA,41,2017,4867529.46,24839.0,195.96318128749144
410940,GUARAPUAVA,41,2018,4878825.69,24847.0,196.35471847707976
410940,GUARAPUAVA,41,2019,5061751.28,25820.0,196.03994113090627
410940,GUARAPUAVA,41,2020,5280036.12,27046.0,195.22428898912963
410940,GUARAPUAVA,41,2021,5421351.53,27801.0,195.0056303730082
410940,GUARAPUAVA,41,2022,6070832.05,27682.0,219.306121306264
410940,GUARAPUAVA,41,2023,6535371.1,28417.0,229.9810359995777
410940,GUARAPUAVA,41,2024,7309938.42,30008.0,243.59965409224208
410940,GUARAPUAVA,41,2025,9254329.01,33085.0,279.71373764545865
410940,GUARAPUAVA,41,2026,4884337.59,16809.0,290.5787131893628
292660,RIBEIRA DO POMBAL,29,2015,3345129.37,18677.0,179.10421213256947
292660,RIBEIRA DO POMBAL,29,2016,3938938.87,22007.0,178.98572590539374
292660,RIBEIRA DO POMBAL,29,2017,5011673.33,25596.0,195.7990830598531
292660,RIBEIRA DO POMBAL,29,2018,5400878.86,27543.0,196.08898304469378
292660,RIBEIRA DO POMBAL,29,2019,5609190.35,28426.0,197.32605185393652
292660,RIBEIRA DO POMBAL,29,2020,5219531.82,26719.0,195.3490706987537
292660,RIBEIRA DO POMBAL,29,2021,5226313.8,26814.0,194.90989035578428
292660,RIBEIRA DO POMBAL,29,2022,5742952.43,26088.0,220.1377043084943
292660,RIBEIRA DO POMBAL,29,2023,6802119.48,29602.0,229.7858077156949
292660,RIBEIRA DO POMBAL,29,2024,8088851.17,33341.0,242.60973486098197
292660,RIBEIRA DO POMBAL,29,2025,9037624.0,37178.0,243.09064500511056
292660,RIBEIRA DO POMBAL,29,2026,5008531.79,20083.0,249.3916143006523
352220,ITAPECERICA DA SERRA,35,2015,3567395.45,19583.0,182.16797477403873
352220,ITAPECERICA DA SERRA,35,2016,4143859.59,22633.0,183.08927627800114
352220,ITAPECERICA DA SERRA,35,2017,5006892.86,25422.0,196.95117850680515
352220,ITAPECERICA DA SERRA,35,2018,5067591.25,25710.0,197.10584402956047
352220,ITAPECERICA DA SERRA,35,2019,5549206.44,28174.0,196.9619663519557
352220,ITAPECERICA DA SERRA,35,2020,6072446.18,30876.0,196.6720488405234
352220,ITAPECERICA DA SERRA,35,2021,6066950.48,30958.0,195.9735926093417
352220,ITAPECERICA DA SERRA,35,2022,6498018.06,29553.0,219.87676581057758
352220,ITAPECERICA DA SERRA,35,2023,6899412.86,29936.0,230.472102485302
352220,ITAPECERICA DA SERRA,35,2024,7718519.46,31612.0,244.16422434518537
352220,ITAPECERICA DA SERRA,35,2025,7513733.77,30818.0,243.80990881952104
352220,ITAPECERICA DA SERRA,35,2026,3720006.0100000002,14955.0,248.74664058843197
420200,BALNEARIO CAMBORIU,42,2015,2756519.91,15037.0,183.31581498969211
420200,BALNEARIO CAMBORIU,42,2016,3265821.9,17793.0,183.54532119372786
420200,BALNEARIO CAMBORIU,42,2017,3774921.4,18844.0,200.32484610486097
420200,BALNEARIO CAMBORIU,42,2018,4355234.09,21682.0,200.86865095470895
420200,BALNEARIO CAMBORIU,42,2019,4913405.8,24592.0,199.79691769681196
420200,BALNEARIO CAMBORIU,42,2020,5340733.72,26886.0,198.64367031168638
420200,BALNEARIO CAMBORIU,42,2021,5589870.31,27734.0,201.55297865435926
420200,BALNEARIO CAMBORIU,42,2022,7108789.5,31939.0,222.57395347380944
420200,BALNEARIO CAMBORIU,42,2023,7654363.77,32971.0,232.1544317733766
420200,BALNEARIO CAMBORIU,42,2024,8681891.6,35267.0,246.17607395015168
420200,BALNEARIO CAMBORIU,42,2025,9530018.96,38943.0,244.71712400174616
420200,BALNEARIO CAMBORIU,42,2026,4672575.15,18615.0,251.01128928283643
353620,PARIQUERA-ACU,35,2015,3697080.88,20438.0,180.89249828750366
353620,PARIQUERA-ACU,35,2016,4203948.15,23118.0,181.84739813132626
353620,PARIQUERA-ACU,35,2017,4964630.89,25309.0,196.16068947805127
353620,PARIQUERA-ACU,35,2018,5033502.68,25558.0,196.94431019641598
353620,PARIQUERA-ACU,35,2019,5155934.7,26254.0,196.38663441761256
353620,PARIQUERA-ACU,35,2020,5176401.47,26643.0,194.2874852681755
353620,PARIQUERA-ACU,35,2021,5381295.6,28115.0,191.4030090698915
353620,PARIQUERA-ACU,35,2022,6740116.76,31021.0,217.27593436704169
353620,PARIQUERA-ACU,35,2023,7203289.18,31367.0,229.64546115344152
353620,PARIQUERA-ACU,35,2024,7748661.96,31828.0,243.45425285911776
353620,PARIQUERA-ACU,35,2025,7959774.08,32707.0,243.36607087167886
353620,PARIQUERA-ACU,35,2026,4272405.35,17042.0,250.69858878065952
430510,CAXIAS DO SUL,43,2015,4777898.99,25845.0,184.86744012381507
430510,CAXIAS DO SUL,43,2016,4970871.11,26429.0,188.08396496273033
430510,CAXIAS DO SUL,43,2017,5136853.85,25449.0,201.8489469134347
430510,CAXIAS DO SUL,43,2018,5066415.13,25097.0,201.87333665378333
430510,CAXIAS DO SUL,43,2019,5498458.81,27268.0,201.6451081854188
430510,CAXIAS DO SUL,43,2020,5749831.14,28723.0,200.18212373359327
430510,CAXIAS DO SUL,43,2021,5784528.53,28984.0,199.57661226883798
430510,CAXIAS DO SUL,43,2022,6529403.09,29364.0,222.3608190301049
430510,CAXIAS DO SUL,43,2023,6634475.04,28417.0,233.46852377098216
430510,CAXIAS DO SUL,43,2024,7023166.12,28418.0,247.13794496445914
430510,CAXIAS DO SUL,43,2025,6819676.81,27634.0,246.7857280885865
430510,CAXIAS DO SUL,43,2026,3252631.79,12855.0,253.0246433294438
412410,SANTO ANTONIO DA PLATINA,41,2015,3666795.49,20408.0,179.67441640533124
412410,SANTO ANTONIO DA PLATINA,41,2016,3943909.41,21842.0,180.56539739950554
412410,SANTO ANTONIO DA PLATINA,41,2017,4499580.01,23032.0,195.3621053317124
412410,SANTO ANTONIO DA PLATINA,41,2018,4759929.4,24416.0,194.95123689384013
412410,SANTO ANTONIO DA PLATINA,41,2019,5281693.83,27130.0,194.6809373387394
412410,SANTO ANTONIO DA PLATINA,41,2020,5516925.66,28216.0,195.52472568755317
412410,SANTO ANTONIO DA PLATINA,41,2021,5733120.08,29377.0,195.1567580079654
412410,SANTO ANTONIO DA PLATINA,41,2022,6414717.14,29357.0,218.50724324692575
412410,SANTO ANTONIO DA PLATINA,41,2023,6907738.32,30207.0,228.68005164365877
412410,SANTO ANTONIO DA PLATINA,41,2024,7502877.58,31072.0,241.46748133367663
412410,SANTO ANTONIO DA PLATINA,41,2025,8496388.11,30579.0,277.8504238202688
412410,SANTO ANTONIO DA PLATINA,41,2026,4469048.71,15575.0,286.9373168539326
411990,PONTA GROSSA,41,2015,4430744.91,24668.0,179.61508472514998
411990,PONTA GROSSA,41,2016,4229329.18,23246.0,181.93793254753504
411990,PONTA GROSSA,41,2017,5024169.78,25527.0,196.81787049006934
411990,PONTA GROSSA,41,2018,5089595.79,25875.0,196.69935420289855
411990,PONTA GROSSA,41,2019,5073853.0,25850.0,196.28058027079302
411990,PONTA GROSSA,41,2020,4953161.9,25355.0,195.35247091303492
411990,PONTA GROSSA,41,2021,4565385.82,23382.0,195.25215208279874
411990,PONTA GROSSA,41,2022,5478700.54,24979.0,219.33226069898714
411990,PONTA GROSSA,41,2023,6847462.13,29713.0,230.45340860902635
411990,PONTA GROSSA,41,2024,8105608.05,33327.0,243.2144522459267
411990,PONTA GROSSA,41,2025,8601278.9,30776.0,279.48007863270084
411990,PONTA GROSSA,41,2026,4775428.84,16465.0,290.0351557849985
313620,JOAO MONLEVADE,31,2015,4376811.26,24284.0,180.23436254323835
313620,JOAO MONLEVADE,31,2016,4409537.44,24333.0,181.21634981301116
313620,JOAO MONLEVADE,31,2017,4863281.25,24835.0,195.82368632977654
313620,JOAO MONLEVADE,31,2018,5356324.49,27423.0,195.32233854793424
313620,JOAO MONLEVADE,31,2019,5593207.46,28670.0,195.08920334844785
313620,JOAO MONLEVADE,31,2020,5921374.11,30374.0,194.94877559755054
313620,JOAO MONLEVADE,31,2021,5776768.08,30243.0,191.01174089872038
313620,JOAO MONLEVADE,31,2022,6320322.58,29330.0,215.4900300034095
313620,JOAO MONLEVADE,31,2023,6476128.7,28215.0,229.52786461102252
313620,JOAO MONLEVADE,31,2024,7047927.76,28774.0,244.94084103704733
313620,JOAO MONLEVADE,31,2025,7132237.31,29180.0,244.4221148046607
313620,JOAO MONLEVADE,31,2026,3883742.02,14386.0,269.9667746420131
330070,CABO FRIO,33,2015,4633745.19,25328.0,182.94951002842706
330070,CABO FRIO,33,2016,4714825.43,25489.0,184.9749079995292
330070,CABO FRIO,33,2017,4827327.55,24507.0,196.97749826580161
330070,CABO FRIO,33,2018,5156500.23,25951.0,198.70140765288428
330070,CABO FRIO,33,2019,5387464.14,26477.0,203.47713638252065
330070,CABO FRIO,33,2020,5774669.77,29392.0,196.47080055797494
330070,CABO FRIO,33,2021,5713956.34,28754.0,198.7186596647423
330070,CABO FRIO,33,2022,6141144.3,27666.0,221.97441986553892
330070,CABO FRIO,33,2023,6822064.81,29258.0,233.16921218128374
330070,CABO FRIO,33,2024,6802714.64,27574.0,246.7075738014071
330070,CABO FRIO,33,2025,7112853.71,28919.0,245.95780317438363
330070,CABO FRIO,33,2026,3646805.05,14549.0,250.6567496047838
230410,CRATEUS,23,2015,0.0,0.0,0.0
230410,CRATEUS,23,2016,431622.36,2243.0,192.43083370485957
230410,CRATEUS,23,2017,3649706.24,17665.0,206.60663685253326
230410,CRATEUS,23,2018,4705780.88,22874.0,205.72619043455452
230410,CRATEUS,23,2019,4937662.6,25298.0,195.1799588900308
230410,CRATEUS,23,2020,5242409.8,26851.0,195.24076570705
230410,CRATEUS,23,2021,5880802.52,30050.0,195.70058302828616
230410,CRATEUS,23,2022,7708429.19,35280.0,218.49289087301588
230410,CRATEUS,23,2023,8894288.84,38822.0,229.10434392870022
230410,CRATEUS,23,2024,10035750.01,41441.0,242.1695907434666
230410,CRATEUS,23,2025,10375666.74,42811.0,242.3598313517554
230410,CRATEUS,23,2026,4817151.0,19367.0,248.7298497444106
312610,FORMIGA,31,2015,4328550.11,24225.0,178.68111909184728
312610,FORMIGA,31,2016,4253849.74,23785.0,178.8459003573681
312610,FORMIGA,31,2017,4602100.15,23904.0,192.5242699966533
312610,FORMIGA,31,2018,4734203.71,24607.0,192.39255943430732
312610,FORMIGA,31,2019,5224547.94,27179.0,192.2273792266088
312610,FORMIGA,31,2020,5541840.37,28933.0,191.54046832336778
312610,FORMIGA,31,2021,5579852.18,28849.0,193.41579188186765
312610,FORMIGA,31,2022,6718966.8,31030.0,216.53131807927812
312610,FORMIGA,31,2023,7333066.6,32410.0,226.25938290651033
312610,FORMIGA,31,2024,6899189.96,28597.0,241.2557247263699
312610,FORMIGA,31,2025,6659044.17,27437.0,242.7030713999344
312610,FORMIGA,31,2026,3344128.97,13539.0,246.99970234138416
330630,VOLTA REDONDA,33,2015,1336979.8,7389.0,180.94191365543375
330630,VOLTA REDONDA,33,2016,1238498.88,6846.0,180.90839614373354
330630,VOLTA REDONDA,33,2017,1162291.17,5920.0,196.33296790540538
330630,VOLTA REDONDA,33,2018,3321038.08,16950.0,195.93145014749263
330630,VOLTA REDONDA,33,2019,4653318.26,23761.0,195.83848575396658
330630,VOLTA REDONDA,33,2020,5639787.68,28864.0,195.3917572062084
330630,VOLTA REDONDA,33,2021,5881235.91,30164.0,194.97533185253945
330630,VOLTA REDONDA,33,2022,7245205.39,32963.0,219.7981187998665
330630,VOLTA REDONDA,33,2023,8769478.69,38021.0,230.64829147050312
330630,VOLTA REDONDA,33,2024,9937373.55,40715.0,244.07155962176105
330630,VOLTA REDONDA,33,2025,10796691.85,44444.0,242.92799590495903
330630,VOLTA REDONDA,33,2026,5222283.83,20923.0,249.59536538737274
352240,ITAPEVA,35,2015,4208421.95,23250.0,181.00739569892474
352240,ITAPEVA,35,2016,4308164.71,23722.0,181.61051808447854
352240,ITAPEVA,35,2017,4623803.45,23634.0,195.64201785563174
352240,ITAPEVA,35,2018,4970350.52,25445.0,195.33702181175082
352240,ITAPEVA,35,2019,5509084.08,28142.0,195.76021888991542
352240,ITAPEVA,35,2020,5580400.69,28587.0,195.20763598838636
352240,ITAPEVA,35,2021,5578835.42,28831.0,193.50128056605737
352240,ITAPEVA,35,2022,6325808.01,28998.0,218.1463552658804
352240,ITAPEVA,35,2023,6614354.41,28792.0,229.72889726312866
352240,ITAPEVA,35,2024,6967232.51,28770.0,242.17005596107055
352240,ITAPEVA,35,2025,6958986.03,28709.0,242.397367724407
352240,ITAPEVA,35,2026,3548274.1999999997,14315.0,247.8710583304226
290320,BARREIRAS,29,2015,2560823.24,14408.0,177.73620488617436
290320,BARREIRAS,29,2016,2359350.85,13214.0,178.54933025578933
290320,BARREIRAS,29,2017,2201073.56,11489.0,191.58095221516234
290320,BARREIRAS,29,2018,2875092.33,14801.0,194.2498702790352
290320,BARREIRAS,29,2019,4391145.91,22034.0,199.28954842516112
290320,BARREIRAS,29,2020,6529279.03,29225.0,223.41416698032506
290320,BARREIRAS,29,2021,5264090.36,27375.0,192.2955382648402
290320,BARREIRAS,29,2022,6131562.76,28036.0,218.70319446426024
290320,BARREIRAS,29,2023,5774808.53,24952.0,231.43669966335364
290320,BARREIRAS,29,2024,10145357.99,41939.0,241.90748444168912
290320,BARREIRAS,29,2025,11090619.6,45760.0,242.3649388111888
290320,BARREIRAS,29,2026,5865674.5600000005,23627.0,248.26150421128372
313820,LAVRAS,31,2015,3792752.29,20942.0,181.10745344284214
313820,LAVRAS,31,2016,4087972.58,22404.0,182.4661926441707
313820,LAVRAS,31,2017,4561654.54,23154.0,197.013671071953
313820,LAVRAS,31,2018,4934240.52,24946.0,197.79686202196743
313820,LAVRAS,31,2019,5281760.09,26711.0,197.73726517165213
313820,LAVRAS,31,2020,5531436.41,28143.0,196.54750417510573
313820,LAVRAS,31,2021,5503063.37,28142.0,195.54627851609695
313820,LAVRAS,31,2022,6407901.06,29256.0,219.02861156685807
313820,LAVRAS,31,2023,7213189.8,31420.0,229.5731954169319
313820,LAVRAS,31,2024,7363617.83,30197.0,243.8526287379541
313820,LAVRAS,31,2025,7033795.78,28817.0,244.0849422216053
313820,LAVRAS,31,2026,3238272.71,13000.0,249.09790076923076
320320,LINHARES,32,2015,4798738.1,26494.0,181.12546614327772
320320,LINHARES,32,2016,5290997.31,29024.0,182.2973163588754
320320,LINHARES,32,2017,5475008.49,27892.0,196.29314821454182
320320,LINHARES,32,2018,5463260.64,28007.0,195.06768450744457
320320,LINHARES,32,2019,5630809.36,28854.0,195.1483108061274
320320,LINHARES,32,2020,4957202.87,25444.0,194.82797005187865
320320,LINHARES,32,2021,4950592.96,25300.0,195.67561106719367
320320,LINHARES,32,2022,5854473.67,26821.0,218.27947019126805
320320,LINHARES,32,2023,5967452.86,25999.0,229.52624562483174
320320,LINHARES,32,2024,6335157.18,26122.0,242.52190414210244
320320,LINHARES,32,2025,6799303.4,28111.0,241.8734089858063
320320,LINHARES,32,2026,3381732.0199999996,13742.0,246.08732498908452
354730,SANTANA DE PARNAIBA,35,2015,4004693.57,22076.0,181.4048545932234
354730,SANTANA DE PARNAIBA,35,2016,4424872.57,24533.0,180.36410426772105
354730,SANTANA DE PARNAIBA,35,2017,5039489.21,25841.0,195.01912503386092
354730,SANTANA DE PARNAIBA,35,2018,4989873.23,25564.0,195.19141096854955
354730,SANTANA DE PARNAIBA,35,2019,5567479.12,28595.0,194.70114075887392
354730,SANTANA DE PARNAIBA,35,2020,5616271.38,28651.0,196.02357265016929
354730,SANTANA DE PARNAIBA,35,2021,5437963.63,27430.0,198.24876522056144
354730,SANTANA DE PARNAIBA,35,2022,6582431.67,29817.0,220.76103129087434
354730,SANTANA DE PARNAIBA,35,2023,6499159.19,28226.0,230.25434670162264
354730,SANTANA DE PARNAIBA,35,2024,6161085.07,25304.0,243.4826537306355
354730,SANTANA DE PARNAIBA,35,2025,6698876.72,27504.0,243.56009016870271
354730,SANTANA DE PARNAIBA,35,2026,3544462.95,14211.0,249.41685666033356
316250,SAO JOAO DEL REI,31,2015,4788256.0,26585.0,180.11119052097047
316250,SAO JOAO DEL REI,31,2016,4938440.75,27179.0,181.70060524669782
316250,SAO JOAO DEL REI,31,2017,4871789.1,24882.0,195.79571979744392
316250,SAO JOAO DEL REI,31,2018,5019168.96,25634.0,195.8012389794804
316250,SAO JOAO DEL REI,31,2019,5110273.34,26036.0,196.2772061760639
316250,SAO JOAO DEL REI,31,2020,5175562.51,26454.0,195.64385385952974
316250,SAO JOAO DEL REI,31,2021,5315795.04,27419.0,193.8726809876363
316250,SAO JOAO DEL REI,31,2022,6289592.59,28803.0,218.36588515085234
316250,SAO JOAO DEL REI,31,2023,6216845.24,27298.0,227.73995311011797
316250,SAO JOAO DEL REI,31,2024,6768032.78,28116.0,240.71819533361787
316250,SAO JOAO DEL REI,31,2025,6700148.38,27731.0,241.6122166528434
316250,SAO JOAO DEL REI,31,2026,3325015.14,13351.0,249.04614935210847
230550,IGUATU,23,2015,3839348.77,21455.0,178.94890561640642
230550,IGUATU,23,2016,3996277.36,22295.0,179.24545234357478
230550,IGUATU,23,2017,4280467.69,22035.0,194.2576668935784
230550,IGUATU,23,2018,4765634.29,24304.0,196.08436018762345
230550,IGUATU,23,2019,4852965.61,24609.0,197.20287740257632
230550,IGUATU,23,2020,4841819.76,24711.0,195.9378317348549
230550,IGUATU,23,2021,4629858.13,23749.0,194.94960335172007
230550,IGUATU,23,2022,5422677.86,24722.0,219.34624464040127
230550,IGUATU,23,2023,6641296.56,28829.0,230.36860661139823
230550,IGUATU,23,2024,7824787.94,32249.0,242.63660702657447
230550,IGUATU,23,2025,8498297.48,34944.0,243.19761561355313
230550,IGUATU,23,2026,4916458.2,19652.0,250.17597191125586
330250,MAGE,33,2015,5039448.95,27029.0,186.4460005919568
330250,MAGE,33,2016,5036804.18,26628.0,189.154430674478
330250,MAGE,33,2017,5622733.45,27836.0,201.99502263256215
330250,MAGE,33,2018,5506050.34,27255.0,202.01982535314622
330250,MAGE,33,2019,5556070.29,27693.0,200.63085581193803
330250,MAGE,33,2020,5289403.86,26456.0,199.93210840641066
330250,MAGE,33,2021,5009820.85,25057.0,199.9369776908648
330250,MAGE,33,2022,5428317.71,24471.0,221.82655837521963
330250,MAGE,33,2023,5603255.54,24114.0,232.36524591523596
330250,MAGE,33,2024,5827696.46,23858.0,244.26592589487802
330250,MAGE,33,2025,6735678.3,27541.0,244.56912603028212
330250,MAGE,33,2026,3443158.2800000003,13870.0,248.24500937274695
410430,CAMPO MOURAO,41,2015,3497645.26,19330.0,180.94388308329022
410430,CAMPO MOURAO,41,2016,3560843.79,19549.0,182.14966443296333
410430,CAMPO MOURAO,41,2017,3774288.98,19185.0,196.73124732864216
410430,CAMPO MOURAO,41,2018,4395302.23,22453.0,195.75567763773216
410430,CAMPO MOURAO,41,2019,4757254.51,24271.0,196.005706810597
410430,CAMPO MOURAO,41,2020,5371466.55,27411.0,195.96025500711391
410430,CAMPO MOURAO,41,2021,5819313.84,30083.0,193.44193863643918
410430,CAMPO MOURAO,41,2022,6621014.65,30599.0,216.3800990228439
410430,CAMPO MOURAO,41,2023,7061342.67,30829.0,229.04870965649226
410430,CAMPO MOURAO,41,2024,7195163.5,29623.0,242.89111501198394
410430,CAMPO MOURAO,41,2025,7515968.96,30881.0,243.3848955668534
410430,CAMPO MOURAO,41,2026,4237011.279999999,16999.0,249.2506194482028
313240,ITAJUBA,31,2015,4025403.33,22273.0,180.73018138553405
313240,ITAJUBA,31,2016,4457912.36,24459.0,182.26061408888344
313240,ITAJUBA,31,2017,5119121.48,26058.0,196.4510507329803
313240,ITAJUBA,31,2018,5271432.36,26822.0,196.53390351204237
313240,ITAJUBA,31,2019,5137650.96,26123.0,196.67155227194425
313240,ITAJUBA,31,2020,4750962.54,24331.0,195.26375981258477
313240,ITAJUBA,31,2021,4780002.13,24488.0,195.19773480888597
313240,ITAJUBA,31,2022,5908344.97,26908.0,219.5757756057678
313240,ITAJUBA,31,2023,6422449.38,27793.0,231.08154499334364
313240,ITAJUBA,31,2024,7172145.96,29406.0,243.90076719036932
313240,ITAJUBA,31,2025,7026104.42,28904.0,243.08415513423748
313240,ITAJUBA,31,2026,3599297.6999999997,14525.0,247.80018588640274
330010,ANGRA DOS REIS,33,2015,3725784.86,20333.0,183.23832489057196
330010,ANGRA DOS REIS,33,2016,3875357.12,20814.0,186.1899260113385
330010,ANGRA DOS REIS,33,2017,4615198.32,23212.0,198.82811993796312
330010,ANGRA DOS REIS,33,2018,4443638.14,22394.0,198.42985353219612
330010,ANGRA DOS REIS,33,2019,4624938.02,23476.0,197.0070719032203
330010,ANGRA DOS REIS,33,2020,4669648.64,24009.0,194.4957574242992
330010,ANGRA DOS REIS,33,2021,4824760.28,24659.0,195.65920272517135
330010,ANGRA DOS REIS,33,2022,5690508.88,25910.0,219.62596989579313
330010,ANGRA DOS REIS,33,2023,6625906.97,28787.0,230.17011046653002
330010,ANGRA DOS REIS,33,2024,7588329.46,31123.0,243.8174167014748
330010,ANGRA DOS REIS,33,2025,8279332.71,33944.0,243.9115222130568
330010,ANGRA DOS REIS,33,2026,4231347.23,17036.0,248.37680382718952
313420,ITUIUTABA,31,2015,3787076.38,20766.0,182.36908311663296
313420,ITUIUTABA,31,2016,3978290.91,21528.0,184.7961217948718
313420,ITUIUTABA,31,2017,4373577.74,22033.0,198.5012363273272
313420,ITUIUTABA,31,2018,4495766.77,22715.0,197.9206150121065
313420,ITUIUTABA,31,2019,4840975.27,24606.0,196.73962732666828
313420,ITUIUTABA,31,2020,5491313.52,28088.0,195.50389917402447
313420,ITUIUTABA,31,2021,5400286.18,27774.0,194.4367458774393
313420,ITUIUTABA,31,2022,5784750.88,26537.0,217.98812525907223
313420,ITUIUTABA,31,2023,6275102.69,27188.0,230.80413013094014
313420,ITUIUTABA,31,2024,7181079.28,29541.0,243.0885643681663
313420,ITUIUTABA,31,2025,7482741.2,30582.0,244.67795435223334
313420,ITUIUTABA,31,2026,3989592.25,15873.0,251.34456309456309
291460,IRECE,29,2015,23400.0,39.0,600.0
291460,IRECE,29,2016,1200.0,2.0,600.0
291460,IRECE,29,2017,682.34,2.0,341.17
291460,IRECE,29,2018,4074003.15,19136.0,212.89732180183947
291460,IRECE,29,2019,6713616.73,34318.0,195.62960341511746
291460,IRECE,29,2020,6952765.11,35402.0,196.3946983221287
291460,IRECE,29,2021,7391443.19,37651.0,196.31465804361108
291460,IRECE,29,2022,8176211.2,37372.0,218.77906454029755
291460,IRECE,29,2023,8090461.88,34944.0,231.5264961080586
291460,IRECE,29,2024,8688165.3,35853.0,242.32742866705718
291460,IRECE,29,2025,8545517.45,35616.0,239.93478913971248
291460,IRECE,29,2026,4379310.71,17685.0,247.62853887475262
251080,PATOS,25,2015,2168390.31,12085.0,179.42824244931734
251080,PATOS,25,2016,2269004.93,12670.0,179.08484056827152
251080,PATOS,25,2017,2610490.62,13457.0,193.98756186371406
251080,PATOS,25,2018,2991162.81,15347.0,194.9021183293152
251080,PATOS,25,2019,4433079.35,22741.0,194.93774899960422
251080,PATOS,25,2020,4486130.0,23471.0,191.13501768139406
251080,PATOS,25,2021,5656009.93,29279.0,193.1763355988934
251080,PATOS,25,2022,6984032.78,32220.0,216.76079391682185
251080,PATOS,25,2023,7822178.26,34394.0,227.42857068093272
251080,PATOS,25,2024,9404482.0,39217.0,239.80625749037407
251080,PATOS,25,2025,9560562.6,39504.0,242.0150516403402
251080,PATOS,25,2026,4400326.48,17113.0,257.13355227020395
350550,BARRETOS,35,2015,3813485.18,20506.0,185.96923729640105
350550,BARRETOS,35,2016,4036285.14,21198.0,190.40877158222474
350550,BARRETOS,35,2017,4513002.15,21995.0,205.18309388497389
350550,BARRETOS,35,2018,5481236.05,24771.0,221.27633321222396
350550,BARRETOS,35,2019,5435062.39,26845.0,202.46088247345872
350550,BARRETOS,35,2020,5488928.18,27492.0,199.65546995489595
350550,BARRETOS,35,2021,5550786.63,27735.0,200.1365289345592
350550,BARRETOS,35,2022,5910306.93,26435.0,223.57885114431625
350550,BARRETOS,35,2023,6167958.12,26158.0,235.7962428320208
350550,BARRETOS,35,2024,6602330.54,26382.0,250.2589091046926
350550,BARRETOS,35,2025,6536568.53,26200.0,249.48734847328245
350550,BARRETOS,35,2026,3244754.06,12806.0,253.37764016867095
316370,SAO LOURENCO,31,2015,4193413.09,23290.0,180.0520863031344
316370,SAO LOURENCO,31,2016,4562421.73,25294.0,180.37565153791414
316370,SAO LOURENCO,31,2017,5041999.5,25871.0,194.8900119825287
316370,SAO LOURENCO,31,2018,4988349.22,25496.0,195.65222858487604
316370,SAO LOURENCO,31,2019,5100516.94,26054.0,195.7671351807784
316370,SAO LOURENCO,31,2020,5496024.84,28218.0,194.7701764830959
316370,SAO LOURENCO,31,2021,5105614.5,26590.0,192.01257991726212
316370,SAO LOURENCO,31,2022,5373172.84,24678.0,217.73129264932328
316370,SAO LOURENCO,31,2023,5923759.12,25924.0,228.5048264156766
316370,SAO LOURENCO,31,2024,6409346.17,26503.0,241.83474210466738
316370,SAO LOURENCO,31,2025,6421700.59,26259.0,244.55236642674893
316370,SAO LOURENCO,31,2026,4079570.0100000002,16278.0,250.61862698120163
317070,VARGINHA,31,2015,4375912.32,23900.0,183.09256569037657
317070,VARGINHA,31,2016,4449518.26,24317.0,182.97973680963935
317070,VARGINHA,31,2017,5115588.51,26024.0,196.57195319704886
317070,VARGINHA,31,2018,5173428.06,26375.0,196.1489311848341
317070,VARGINHA,31,2019,5343606.27,27273.0,195.930270597294
317070,VARGINHA,31,2020,5799208.38,29511.0,196.51005997763545
317070,VARGINHA,31,2021,5608622.95,28613.0,196.01659909831196
317070,VARGINHA,31,2022,6387694.15,29213.0,218.65930065381852
317070,VARGINHA,31,2023,6757556.81,29428.0,229.63017568302297
317070,VARGINHA,31,2024,5909061.37,24330.0,242.87140854911632
317070,VARGINHA,31,2025,5141117.79,21281.0,241.58252854659085
317070,VARGINHA,31,2026,2490335.81,10102.0,246.5190863195407
290460,BRUMADO,29,2015,3395225.38,19005.0,178.649059721126
290460,BRUMADO,29,2016,4810581.7,26890.0,178.89853849014503
290460,BRUMADO,29,2017,5938001.57,30566.0,194.26819243604007
290460,BRUMADO,29,2018,6502850.25,33460.0,194.34698894202032
290460,BRUMADO,29,2019,6419005.81,33043.0,194.26219804497168
290460,BRUMADO,29,2020,6067123.57,31408.0,193.17128024707083
290460,BRUMADO,29,2021,4456871.47,23110.0,192.8546720034617
290460,BRUMADO,29,2022,4649704.72,21292.0,218.37801615630283
290460,BRUMADO,29,2023,5170024.0,22406.0,230.74283674015888
290460,BRUMADO,29,2024,6179083.17,25515.0,242.174531452087
290460,BRUMADO,29,2025,6208325.29,25754.0,241.06256465015144
290460,BRUMADO,29,2026,2637052.8099999996,10796.0,244.26202389773988
420420,CHAPECO,42,2015,4619659.24,25080.0,184.1969393939394
420420,CHAPECO,42,2016,4626740.5,24479.0,189.008558356142
420420,CHAPECO,42,2017,5062759.14,25010.0,202.429393842463
420420,CHAPECO,42,2018,4843537.94,23916.0,202.52291102191003
420420,CHAPECO,42,2019,4885635.07,24703.0,197.7749694369105
420420,CHAPECO,42,2020,5019328.68,25697.0,195.32741876483635
420420,CHAPECO,42,2021,4909634.05,25275.0,194.24862710187932
420420,CHAPECO,42,2022,5517554.45,25221.0,218.76826652392847
420420,CHAPECO,42,2023,5575701.35,24340.0,229.07565119145437
420420,CHAPECO,42,2024,6683925.34,27593.0,242.23264378646758
420420,CHAPECO,42,2025,6791360.36,28094.0,241.73703851356163
420420,CHAPECO,42,2026,3628866.95,14599.0,248.5695561339818
110012,JI-PARANA,11,2015,3505359.31,19430.0,180.40964024704067
110012,JI-PARANA,11,2016,4216001.04,23297.0,180.96755118684808
110012,JI-PARANA,11,2017,5211057.67,26732.0,194.9370668113123
110012,JI-PARANA,11,2018,5590753.15,28800.0,194.1233732638889
110012,JI-PARANA,11,2019,5746006.1,29222.0,196.6328827595647
110012,JI-PARANA,11,2020,5810849.56,30116.0,192.94891619072916
110012,JI-PARANA,11,2021,4768348.26,24488.0,194.72183355112708
110012,JI-PARANA,11,2022,5458828.72,25184.0,216.75781130876746
110012,JI-PARANA,11,2023,5680425.26,24439.0,232.43280248782682
110012,JI-PARANA,11,2024,6024259.3,24575.0,245.13771312309257
110012,JI-PARANA,11,2025,6541845.93,26682.0,245.17824488419157
110012,JI-PARANA,11,2026,3574873.6999999997,14310.0,249.81647099930117
410400,CAMPINA GRANDE DO SUL,41,2015,3632076.9,19925.0,182.28742283563363
410400,CAMPINA GRANDE DO SUL,41,2016,3800620.13,20796.0,182.7572672629352
410400,CAMPINA GRANDE DO SUL,41,2017,4782111.4,24423.0,195.80360316095485
410400,CAMPINA GRANDE DO SUL,41,2018,4619680.63,23486.0,196.69933705186068
410400,CAMPINA GRANDE DO SUL,41,2019,5111476.16,25844.0,197.78192849404118
410400,CAMPINA GRANDE DO SUL,41,2020,5003536.3,25533.0,195.96350996749305
410400,CAMPINA GRANDE DO SUL,41,2021,4947791.19,25089.0,197.20958148989598
410400,CAMPINA GRANDE DO SUL,41,2022,5782821.51,26226.0,220.49956188515213
410400,CAMPINA GRANDE DO SUL,41,2023,6310545.89,27267.0,231.43528404298235
410400,CAMPINA GRANDE DO SUL,41,2024,6381097.32,26010.0,245.332461361015
410400,CAMPINA GRANDE DO SUL,41,2025,7513441.97,26751.0,280.8658356696946
410400,CAMPINA GRANDE DO SUL,41,2026,3996452.88,13347.0,299.42705327039783
230280,CANINDE,23,2015,5402398.82,29853.0,180.96669748433993
230280,CANINDE,23,2016,5301144.71,29194.0,181.58336336233472
230280,CANINDE,23,2017,3829687.97,19505.0,196.34391027941555
230280,CANINDE,23,2018,4074111.67,20808.0,195.79544742406767
230280,CANINDE,23,2019,4124732.58,21112.0,195.37384331186055
230280,CANINDE,23,2020,4316056.63,22172.0,194.66248556738228
230280,CANINDE,23,2021,4548432.1,23361.0,194.70194340995675
230280,CANINDE,23,2022,5565345.36,25545.0,217.86437110980623
230280,CANINDE,23,2023,6578735.25,28661.0,229.53613795750323
230280,CANINDE,23,2024,7387200.87,30430.0,242.76046237265857
230280,CANINDE,23,2025,7391968.65,30377.0,243.34097014188367
230280,CANINDE,23,2026,3162030.69,12601.0,250.9349011983176
150613,REDENCAO,15,2015,3497845.08,19185.0,182.32187021110244
150613,REDENCAO,15,2016,3770219.37,20518.0,183.75179695876793
150613,REDENCAO,15,2017,4189265.66,21303.0,196.65144158099798
150613,REDENCAO,15,2018,4496269.68,22865.0,196.6442020555434
150613,REDENCAO,15,2019,4925278.7,24964.0,197.29525316455698
150613,REDENCAO,15,2020,4976944.31,25349.0,196.33690914828986
150613,REDENCAO,15,2021,5191218.89,26477.0,196.06522226838388
150613,REDENCAO,15,2022,6166332.29,28115.0,219.3253526587231
150613,REDENCAO,15,2023,6662426.15,28939.0,230.2230951311379
150613,REDENCAO,15,2024,7125635.07,29210.0,243.94505546045875
150613,REDENCAO,15,2025,7247044.57,29706.0,243.9589500437622
150613,REDENCAO,15,2026,3149167.17,12553.0,250.86968613080538
315210,PONTE NOVA,31,2015,4245809.72,23601.0,179.8995686623448
315210,PONTE NOVA,31,2016,4101685.73,22725.0,180.4922213421342
315210,PONTE NOVA,31,2017,4699883.53,24049.0,195.4294785645973
315210,PONTE NOVA,31,2018,4789511.21,24267.0,197.36725635636873
315210,PONTE NOVA,31,2019,4519696.1,22828.0,197.98914052917468
315210,PONTE NOVA,31,2020,4646858.03,23532.0,197.46974460309366
315210,PONTE NOVA,31,2021,4635923.36,23626.0,196.22125455007196
315210,PONTE NOVA,31,2022,5704611.71,25749.0,221.54692259893588
315210,PONTE NOVA,31,2023,6357078.75,27482.0,231.3179080852922
315210,PONTE NOVA,31,2024,6854334.25,28066.0,244.2219856766194
315210,PONTE NOVA,31,2025,7009518.25,28634.0,244.79703324718866
315210,PONTE NOVA,31,2026,3736337.74,14672.0,254.65769765539804
353080,MOGI MIRIM,35,2015,4274846.9,23259.0,183.79323702652738
353080,MOGI MIRIM,35,2016,4765493.14,25505.0,186.84544755930207
353080,MOGI MIRIM,35,2017,5380945.95,26939.0,199.74557147629832
353080,MOGI MIRIM,35,2018,5374103.95,27106.0,198.26252305762563
353080,MOGI MIRIM,35,2019,5350762.46,26824.0,199.4766798389502
353080,MOGI MIRIM,35,2020,5515953.04,27746.0,198.80173862899156
353080,MOGI MIRIM,35,2021,5146861.5,26012.0,197.8648892818699
353080,MOGI MIRIM,35,2022,5892711.33,26599.0,221.5388296552502
353080,MOGI MIRIM,35,2023,6139755.65,26239.0,233.99350775563096
353080,MOGI MIRIM,35,2024,5579620.16,22372.0,249.40193813695691
353080,MOGI MIRIM,35,2025,5254075.86,21146.0,248.46665374066018
353080,MOGI MIRIM,35,2026,2192436.79,8690.0,252.29422209436134
313330,ITAOBIM,31,2015,3431988.01,19047.0,180.1852265448627
313330,ITAOBIM,31,2016,3934424.89,21728.0,181.07625598306333
313330,ITAOBIM,31,2017,4420243.23,22627.0,195.35259778141162
313330,ITAOBIM,31,2018,4565168.07,23322.0,195.7451363519424
313330,ITAOBIM,31,2019,5159655.44,26304.0,196.15478406326037
313330,ITAOBIM,31,2020,5408573.47,27723.0,195.09336904375428
313330,ITAOBIM,31,2021,5395071.38,27577.0,195.6366312506799
313330,ITAOBIM,31,2022,5999418.1,27346.0,219.38923791413734
313330,ITAOBIM,31,2023,6249592.57,27288.0,229.02347442099094
313330,ITAOBIM,31,2024,6607835.64,27240.0,242.57840088105726
313330,ITAOBIM,31,2025,6416080.74,26440.0,242.66568608169442
313330,ITAOBIM,31,2026,3226039.33,12984.0,248.46267174984598
412810,UMUARAMA,41,2015,3590695.55,19751.0,181.79816464989113
412810,UMUARAMA,41,2016,3816598.97,20938.0,182.28097096188748
412810,UMUARAMA,41,2017,4497004.98,22911.0,196.28147963860155
412810,UMUARAMA,41,2018,4873999.57,24772.0,196.75438277087034
412810,UMUARAMA,41,2019,5224811.4,26565.0,196.6802710333145
412810,UMUARAMA,41,2020,5005694.18,25688.0,194.86508019308624
412810,UMUARAMA,41,2021,5215414.37,26841.0,194.30775194664878
412810,UMUARAMA,41,2022,5745036.18,26450.0,217.20363629489603
412810,UMUARAMA,41,2023,5967676.19,26275.0,227.1237370123692
412810,UMUARAMA,41,2024,6193249.92,25976.0,238.42200184785955
412810,UMUARAMA,41,2025,6760510.45,28390.0,238.12999119408244
412810,UMUARAMA,41,2026,3674694.4000000004,14957.0,245.6839205723073
350610,BEBEDOURO,35,2015,3405577.05,18578.0,183.31236139519862
350610,BEBEDOURO,35,2016,3737816.23,20259.0,184.50151685670565
350610,BEBEDOURO,35,2017,4492597.2,22387.0,200.67884039844554
350610,BEBEDOURO,35,2018,4892458.3,23935.0,204.40602882807602
350610,BEBEDOURO,35,2019,5038693.02,25099.0,200.75273994979878
350610,BEBEDOURO,35,2020,5256223.51,26982.0,194.80481469127565
350610,BEBEDOURO,35,2021,5466460.11,28932.0,188.94166009954378
350610,BEBEDOURO,35,2022,6086051.65,28848.0,210.9696218108708
350610,BEBEDOURO,35,2023,5965277.82,27285.0,218.6284705882353
350610,BEBEDOURO,35,2024,6267673.08,27427.0,228.52200678163854
350610,BEBEDOURO,35,2025,6501537.05,28530.0,227.88422888187873
350610,BEBEDOURO,35,2026,3442963.0300000003,14455.0,238.18492078865447
354890,SAO CARLOS,35,2015,3710782.17,20515.0,180.8814121374604
354890,SAO CARLOS,35,2016,3992164.6,22064.0,180.9356689630167
354890,SAO CARLOS,35,2017,4160355.34,21164.0,196.5769863919864
354890,SAO CARLOS,35,2018,4325861.0,21936.0,197.2037290299052
354890,SAO CARLOS,35,2019,4706254.43,23875.0,197.12060439790574
354890,SAO CARLOS,35,2020,5208310.06,26212.0,198.69945292232563
354890,SAO CARLOS,35,2021,5231983.53,26434.0,197.92628924869487
354890,SAO CARLOS,35,2022,6222978.06,28209.0,220.60257577368924
354890,SAO CARLOS,35,2023,6357694.46,27515.0,231.06285516990732
354890,SAO CARLOS,35,2024,6703955.63,27533.0,243.4880191043475
354890,SAO CARLOS,35,2025,6587687.26,27079.0,243.2766077033864
354890,SAO CARLOS,35,2026,3302696.12,13372.0,246.98594974573737
310560,BARBACENA,31,2015,4275154.14,23445.0,182.34822520793344
310560,BARBACENA,31,2016,4290434.54,23330.0,183.90203771967424
310560,BARBACENA,31,2017,4917167.75,24906.0,197.4290432024412
310560,BARBACENA,31,2018,4988566.07,25309.0,197.10640760203881
310560,BARBACENA,31,2019,4781303.38,24320.0,196.59964555921053
310560,BARBACENA,31,2020,4999221.46,25361.0,197.12241078821813
310560,BARBACENA,31,2021,4924460.53,25089.0,196.27966559049784
310560,BARBACENA,31,2022,5256354.22,23919.0,219.75643714202099
310560,BARBACENA,31,2023,5977534.08,26139.0,228.68258464363595
310560,BARBACENA,31,2024,6343730.68,26212.0,242.01627804059208
310560,BARBACENA,31,2025,6410190.85,26386.0,242.9390908057303
310560,BARBACENA,31,2026,3096097.63,12445.0,248.78245319405383
170210,ARAGUAINA,17,2015,3629858.85,19987.0,181.61098964326814
170210,ARAGUAINA,17,2016,3494422.2,19146.0,182.51447821999375
170210,ARAGUAINA,17,2017,3722148.75,18897.0,196.97035243689476
170210,ARAGUAINA,17,2018,3908224.58,19827.0,197.11628486407426
170210,ARAGUAINA,17,2019,4112098.36,20884.0,196.90185596629
170210,ARAGUAINA,17,2020,4319419.65,21977.0,196.54273331209902
170210,ARAGUAINA,17,2021,4294032.32,21727.0,197.6357674782529
170210,ARAGUAINA,17,2022,4943720.4,22323.0,221.46308291896253
170210,ARAGUAINA,17,2023,5499766.83,23761.0,231.46192626572957
170210,ARAGUAINA,17,2024,6947720.53,28450.0,244.2081029876977
170210,ARAGUAINA,17,2025,10150291.08,41696.0,243.43560725249424
170210,ARAGUAINA,17,2026,5138843.07,20663.0,248.69782074238978
351050,CARAGUATATUBA,35,2015,0.0,0.0,0.0
351050,CARAGUATATUBA,35,2016,0.0,0.0,0.0
351050,CARAGUATATUBA,35,2017,1284943.15,5762.0,223.00297639708432
351050,CARAGUATATUBA,35,2018,5284100.61,23835.0,221.6950119572058
351050,CARAGUATATUBA,35,2019,5350485.11,26843.0,199.32515404388482
351050,CARAGUATATUBA,35,2020,5781866.04,29391.0,196.7223313259161
351050,CARAGUATATUBA,35,2021,6121572.2,31302.0,195.56489042233724
351050,CARAGUATATUBA,35,2022,7231580.13,32835.0,220.23999177706716
351050,CARAGUATATUBA,35,2023,7811479.64,33817.0,230.99268533577785
351050,CARAGUATATUBA,35,2024,8947215.86,36647.0,244.14592899828088
351050,CARAGUATATUBA,35,2025,8494996.76,34921.0,243.26327310214484
351050,CARAGUATATUBA,35,2026,3589194.66,14464.0,248.14675470132744
353800,PINDAMONHANGABA,35,2015,4058238.82,22380.0,181.33328060768542
353800,PINDAMONHANGABA,35,2016,4137958.02,22622.0,182.91742639908054
353800,PINDAMONHANGABA,35,2017,4435355.39,22464.0,197.44281472578345
353800,PINDAMONHANGABA,35,2018,4640176.9,23630.0,196.3680448582311
353800,PINDAMONHANGABA,35,2019,4853537.55,24754.0,196.07083905631413
353800,PINDAMONHANGABA,35,2020,4980132.61,25493.0,195.35294433766134
353800,PINDAMONHANGABA,35,2021,4536891.54,23407.0,193.82627162814543
353800,PINDAMONHANGABA,35,2022,5124153.78,23490.0,218.14192337164752
353800,PINDAMONHANGABA,35,2023,6208081.14,26972.0,230.16762346136733
353800,PINDAMONHANGABA,35,2024,6731882.57,27672.0,243.27416052327263
353800,PINDAMONHANGABA,35,2025,6695203.0,27557.0,242.9583408934209
353800,PINDAMONHANGABA,35,2026,3356173.76,13510.0,248.42144781643225
520025,AGUAS LINDAS DE GOIAS,52,2015,3231269.15,17985.0,179.66467333889352
520025,AGUAS LINDAS DE GOIAS,52,2016,4153858.83,23128.0,179.6030279315116
520025,AGUAS LINDAS DE GOIAS,52,2017,5436733.58,28024.0,194.00276834142164
520025,AGUAS LINDAS DE GOIAS,52,2018,5208503.47,26800.0,194.34714440298507
520025,AGUAS LINDAS DE GOIAS,52,2019,4870841.35,25050.0,194.44476447105788
520025,AGUAS LINDAS DE GOIAS,52,2020,4385111.52,22710.0,193.0916565389696
520025,AGUAS LINDAS DE GOIAS,52,2021,3801776.57,19643.0,193.5435814284987
520025,AGUAS LINDAS DE GOIAS,52,2022,5618680.86,25922.0,216.75337011033102
520025,AGUAS LINDAS DE GOIAS,52,2023,6245221.46,27517.0,226.95866046444016
520025,AGUAS LINDAS DE GOIAS,52,2024,6270435.54,26099.0,240.25577761600061
520025,AGUAS LINDAS DE GOIAS,52,2025,7059905.11,29193.0,241.8355465351283
520025,AGUAS LINDAS DE GOIAS,52,2026,2802167.1900000004,11292.0,248.1550823591924
330220,ITAPERUNA,33,2015,4416830.42,24233.0,182.26511038666283
330220,ITAPERUNA,33,2016,4715336.08,25786.0,182.86419297293105
330220,ITAPERUNA,33,2017,4878540.41,24840.0,196.39856723027376
330220,ITAPERUNA,33,2018,4858761.14,24798.0,195.93358899911283
330220,ITAPERUNA,33,2019,4709389.5,23990.0,196.3063568153397
330220,ITAPERUNA,33,2020,4176051.37,21255.0,196.47383533286285
330220,ITAPERUNA,33,2021,4543983.77,23190.0,195.9458288055196
330220,ITAPERUNA,33,2022,6186677.63,28229.0,219.1603538913883
330220,ITAPERUNA,33,2023,5724324.65,24815.0,230.68001813419303
330220,ITAPERUNA,33,2024,5998345.94,24555.0,244.2820582366117
330220,ITAPERUNA,33,2025,5750656.26,23584.0,243.83718877204885
330220,ITAPERUNA,33,2026,2826099.67,11354.0,248.9078448124009
420240,BLUMENAU,42,2015,3360338.28,18343.0,183.1945854004252
420240,BLUMENAU,42,2016,3638734.58,19843.0,183.3762324245326
420240,BLUMENAU,42,2017,3789721.57,19232.0,197.05291025374376
420240,BLUMENAU,42,2018,3911911.09,19718.0,198.3928943097677
420240,BLUMENAU,42,2019,3969776.86,20115.0,197.35405717126523
420240,BLUMENAU,42,2020,4489598.94,22957.0,195.56557651261056
420240,BLUMENAU,42,2021,4627702.96,23520.0,196.75607823129252
420240,BLUMENAU,42,2022,5305349.88,24655.0,215.1835278848104
420240,BLUMENAU,42,2023,6164931.28,27302.0,225.80511610871
420240,BLUMENAU,42,2024,7486286.45,31409.0,238.34844948899996
420240,BLUMENAU,42,2025,7562422.33,31531.0,239.84086549744697
420240,BLUMENAU,42,2026,3958636.18,16056.0,246.55182984554062
352530,JAU,35,2015,3278466.22,18186.0,180.27417903882107
352530,JAU,35,2016,3555209.6,19679.0,180.66007419076172
352530,JAU,35,2017,3923114.55,20004.0,196.11650419916015
352530,JAU,35,2018,4078634.9,20836.0,195.7494192743329
352530,JAU,35,2019,4579626.0,23305.0,196.50830293928342
352530,JAU,35,2020,4982070.45,25350.0,196.53137869822487
352530,JAU,35,2021,5092136.25,25683.0,198.2687478098353
352530,JAU,35,2022,5413570.09,24334.0,222.4693880989562
352530,JAU,35,2023,6045439.1,25960.0,232.87515793528505
352530,JAU,35,2024,6818784.92,27802.0,245.26238831738723
352530,JAU,35,2025,7184767.94,29492.0,243.61752136172524
352530,JAU,35,2026,3124806.58,12618.0,247.64674116341735
431350,OSORIO,43,2015,4287405.96,22804.0,188.01113664269425
431350,OSORIO,43,2016,4369962.66,22970.0,190.2465241619504
431350,OSORIO,43,2017,4501664.24,22415.0,200.83266741021637
431350,OSORIO,43,2018,4436008.73,21996.0,201.6734283506092
431350,OSORIO,43,2019,4560642.56,22453.0,203.11951899523447
431350,OSORIO,43,2020,4632262.95,22818.0,203.00915724428083
431350,OSORIO,43,2021,4722752.11,23602.0,200.09965723243795
431350,OSORIO,43,2022,5614546.43,25192.0,222.87021395681168
431350,OSORIO,43,2023,5699993.47,24326.0,234.3169230453013
431350,OSORIO,43,2024,5971887.45,23989.0,248.94274250698237
431350,OSORIO,43,2025,5956393.74,24089.0,247.2661272780107
431350,OSORIO,43,2026,2991534.02,11897.0,251.45280490880054
420930,LAGES,42,2015,2856958.82,15614.0,182.97417830152426
420930,LAGES,42,2016,3152366.89,17014.0,185.28076231338898
420930,LAGES,42,2017,3738504.56,18822.0,198.62419296567847
420930,LAGES,42,2018,3563311.52,18000.0,197.9617511111111
420930,LAGES,42,2019,4292939.93,21835.0,196.6081946416304
420930,LAGES,42,2020,4681359.39,23844.0,196.33280447911423
420930,LAGES,42,2021,4670851.07,23908.0,195.36770411577714
420930,LAGES,42,2022,5724992.99,26111.0,219.25598368503697
420930,LAGES,42,2023,6758377.79,29171.0,231.68138870796338
420930,LAGES,42,2024,7441697.05,30471.0,244.22227855994223
420930,LAGES,42,2025,7236760.59,29512.0,245.21417016806723
420930,LAGES,42,2026,3598945.0999999996,14397.0,249.9788219768007
431560,RIO GRANDE,43,2015,4331997.5,23634.0,183.29514682237453
431560,RIO GRANDE,43,2016,4281980.93,23037.0,185.87406910622042
431560,RIO GRANDE,43,2017,4206756.08,21203.0,198.40381455454417
431560,RIO GRANDE,43,2018,4097537.14,20606.0,198.85165194603513
431560,RIO GRANDE,43,2019,4603155.13,22846.0,201.48626148997636
431560,RIO GRANDE,43,2020,4857605.24,24087.0,201.66916760078053
431560,RIO GRANDE,43,2021,4956261.21,24997.0,198.27424130895707
431560,RIO GRANDE,43,2022,5686630.16,26146.0,217.4952252734644
431560,RIO GRANDE,43,2023,5685310.28,24571.0,231.38294249318304
431560,RIO GRANDE,43,2024,5911281.02,23939.0,246.93099210493335
431560,RIO GRANDE,43,2025,5573911.5,22608.0,246.54597929936307
431560,RIO GRANDE,43,2026,2782240.4899999998,11098.0,250.69746711119117
330227,JAPERI,33,2015,3686683.65,20074.0,183.6546602570489
330227,JAPERI,33,2016,4900538.21,26326.0,186.14822646813036
330227,JAPERI,33,2017,5417714.17,27269.0,198.67667204517952
330227,JAPERI,33,2018,4784968.85,24307.0,196.85559098202162
330227,JAPERI,33,2019,3964283.34,19999.0,198.22407820391018
330227,JAPERI,33,2020,3884644.36,19614.0,198.0546731926175
330227,JAPERI,33,2021,4166915.23,21227.0,196.30259716398925
330227,JAPERI,33,2022,4254866.81,19784.0,215.06605388192477
330227,JAPERI,33,2023,6353443.78,28458.0,223.25686204230797
330227,JAPERI,33,2024,6743069.02,28449.0,237.02305951000034
330227,JAPERI,33,2025,5926642.19,25457.0,232.80992222178577
330227,JAPERI,33,2026,2811033.07,12179.0,230.8098423515888
330020,ARARUAMA,33,2015,3605943.87,19723.0,182.82938041880038
330020,ARARUAMA,33,2016,3700343.49,19988.0,185.12825145087052
330020,ARARUAMA,33,2017,3968072.36,20047.0,197.93846261285978
330020,ARARUAMA,33,2018,4320316.37,21837.0,197.84385996244907
330020,ARARUAMA,33,2019,4914200.33,24700.0,198.95547894736842
330020,ARARUAMA,33,2020,5411786.63,27268.0,198.46657730673317
330020,ARARUAMA,33,2021,5248299.24,26488.0,198.13875113258834
330020,ARARUAMA,33,2022,5492931.03,24794.0,221.54275348874728
330020,ARARUAMA,33,2023,5573793.21,23986.0,232.37693696322856
330020,ARARUAMA,33,2024,5497608.66,22312.0,246.39694603800646
330020,ARARUAMA,33,2025,6050830.34,24452.0,247.4574815965974
330020,ARARUAMA,33,2026,3024452.76,12071.0,250.5552779388617
330340,NOVA FRIBURGO,33,2015,4013926.33,22186.0,180.9215870368701
330340,NOVA FRIBURGO,33,2016,3989917.95,21908.0,182.12150584261457
330340,NOVA FRIBURGO,33,2017,4541917.37,23122.0,196.4327207853992
330340,NOVA FRIBURGO,33,2018,4623880.05,23537.0,196.45154650125335
330340,NOVA FRIBURGO,33,2019,4672998.02,23743.0,196.81582024175543
330340,NOVA FRIBURGO,33,2020,4645001.44,23684.0,196.12402634690088
330340,NOVA FRIBURGO,33,2021,4481072.75,23026.0,194.60925692695213
330340,NOVA FRIBURGO,33,2022,5213715.16,23953.0,217.664391099236
330340,NOVA FRIBURGO,33,2023,5542695.08,24277.0,228.31054413642542
330340,NOVA FRIBURGO,33,2024,5878836.46,24403.0,240.9063008646478
330340,NOVA FRIBURGO,33,2025,5946584.47,24713.0,240.6257625541213
330340,NOVA FRIBURGO,33,2026,3043584.44,12397.0,245.50975558602886
431750,SANTO ANGELO,43,2015,4388078.3,24266.0,180.83237039479107
431750,SANTO ANGELO,43,2016,4190508.01,23075.0,181.60381408450704
431750,SANTO ANGELO,43,2017,4304433.4,22006.0,195.602717440698
431750,SANTO ANGELO,43,2018,4707231.77,23905.0,196.91410876385692
431750,SANTO ANGELO,43,2019,5310161.84,27258.0,194.81113214469147
431750,SANTO ANGELO,43,2020,5044737.32,26056.0,193.61134940128954
431750,SANTO ANGELO,43,2021,4617967.57,24019.0,192.26310712352722
431750,SANTO ANGELO,43,2022,4919139.97,23188.0,212.14162368466447
431750,SANTO ANGELO,43,2023,5305091.15,23551.0,225.25969810199143
431750,SANTO ANGELO,43,2024,5690700.5,23696.0,240.15447754895342
431750,SANTO ANGELO,43,2025,5494847.39,22836.0,240.6221488001401
431750,SANTO ANGELO,43,2026,2614791.0999999996,10647.0,245.5894712125481
412550,SAO JOSE DOS PINHAIS,41,2015,2841691.17,15545.0,182.8041923448054
412550,SAO JOSE DOS PINHAIS,41,2016,3225299.25,17612.0,183.13077731092437
412550,SAO JOSE DOS PINHAIS,41,2017,3751132.84,19099.0,196.40467249594218
412550,SAO JOSE DOS PINHAIS,41,2018,4568035.79,23244.0,196.52537385992085
412550,SAO JOSE DOS PINHAIS,41,2019,5043155.78,25680.0,196.38457087227417
412550,SAO JOSE DOS PINHAIS,41,2020,5023360.27,25842.0,194.38744176147355
412550,SAO JOSE DOS PINHAIS,41,2021,4545297.3,23853.0,190.55453402087787
412550,SAO JOSE DOS PINHAIS,41,2022,5482018.26,25109.0,218.32881675893105
412550,SAO JOSE DOS PINHAIS,41,2023,5863332.3,25682.0,228.30512810528774
412550,SAO JOSE DOS PINHAIS,41,2024,6062887.21,24935.0,243.14767234810506
412550,SAO JOSE DOS PINHAIS,41,2025,6774229.57,24265.0,279.17698619410675
412550,SAO JOSE DOS PINHAIS,41,2026,3348168.0200000005,11567.0,289.4586340451284
330430,RIO BONITO,33,2015,3753142.57,20473.0,183.3215732916524
330430,RIO BONITO,33,2016,3535922.56,19104.0,185.08807370184255
330430,RIO BONITO,33,2017,4196273.72,21013.0,199.698934945034
330430,RIO BONITO,33,2018,4118800.24,20708.0,198.89898783079005
330430,RIO BONITO,33,2019,4352159.84,22024.0,197.6098728659644
330430,RIO BONITO,33,2020,4529539.54,22995.0,196.97932333115895
330430,RIO BONITO,33,2021,4675504.04,23859.0,195.96395657823044
330430,RIO BONITO,33,2022,5258174.49,23920.0,219.82334824414716
330430,RIO BONITO,33,2023,5662632.47,24528.0,230.86401133398564
330430,RIO BONITO,33,2024,6138174.09,24999.0,245.53678507140285
330430,RIO BONITO,33,2025,6641471.08,27055.0,245.48035778968767
330430,RIO BONITO,33,2026,3463930.8200000003,13773.0,251.5015479561461
261110,PETROLINA,26,2015,4958159.29,27488.0,180.37541072467985
261110,PETROLINA,26,2016,4762321.6,26358.0,180.67841262614763
261110,PETROLINA,26,2017,4924532.88,25260.0,194.95379572446555
261110,PETROLINA,26,2018,4871791.02,24961.0,195.17611554024276
261110,PETROLINA,26,2019,4866565.97,24881.0,195.59366464370402
261110,PETROLINA,26,2020,4821432.44,24727.0,194.98655073401545
261110,PETROLINA,26,2021,4630365.95,23685.0,195.4978235169939
261110,PETROLINA,26,2022,4898950.83,22442.0,218.29386106407628
261110,PETROLINA,26,2023,4777862.03,20775.0,229.98132515042118
261110,PETROLINA,26,2024,5090755.8,20922.0,243.3207054774878
261110,PETROLINA,26,2025,5115276.57,21010.0,243.46866111375536
261110,PETROLINA,26,2026,2500318.03,9985.0,250.40741412118174
510795,TANGARA DA SERRA,51,2015,3677271.03,19944.0,184.37981498194944
510795,TANGARA DA SERRA,51,2016,3940954.98,21194.0,185.94672926299896
510795,TANGARA DA SERRA,51,2017,4727860.16,23725.0,199.27756206533192
510795,TANGARA DA SERRA,51,2018,4936340.98,24895.0,198.28644225748144
510795,TANGARA DA SERRA,51,2019,4617910.52,23407.0,197.2875857649421
510795,TANGARA DA SERRA,51,2020,4762066.07,24256.0,196.32528322889183
510795,TANGARA DA SERRA,51,2021,4640822.43,23720.0,195.65018676222596
510795,TANGARA DA SERRA,51,2022,5391257.18,24531.0,219.77323305205658
510795,TANGARA DA SERRA,51,2023,5386291.47,23427.0,229.9181060315021
510795,TANGARA DA SERRA,51,2024,5551073.94,22717.0,244.3577030417749
510795,TANGARA DA SERRA,51,2025,5512782.9,22486.0,245.16512051943434
510795,TANGARA DA SERRA,51,2026,2934259.71,11698.0,250.8343058642503
316990,UBA,31,2015,4409866.14,24416.0,180.61378358453473
316990,UBA,31,2016,4332724.74,23977.0,180.7033715644159
316990,UBA,31,2017,4621620.6,23647.0,195.44215333868988
316990,UBA,31,2018,4746475.47,24358.0,194.86310329255275
316990,UBA,31,2019,4586407.03,23565.0,194.62792403988968
316990,UBA,31,2020,4412506.34,22695.0,194.42636439744436
316990,UBA,31,2021,4732819.93,24359.0,194.2945083952543
316990,UBA,31,2022,4964672.97,22790.0,217.8443602457218
316990,UBA,31,2023,5191217.62,22779.0,227.89488651828438
316990,UBA,31,2024,5375963.64,22356.0,240.47073000536767
316990,UBA,31,2025,5862090.61,24511.0,239.16162580066094
316990,UBA,31,2026,2820730.87,11495.0,245.38763549369293
110002,ARIQUEMES,11,2015,84402.44,419.0,201.43780429594273
110002,ARIQUEMES,11,2016,2728316.88,13829.0,197.28952780389037
110002,ARIQUEMES,11,2017,3960780.11,19034.0,208.08973993905641
110002,ARIQUEMES,11,2018,5040037.08,24391.0,206.63511459144766
110002,ARIQUEMES,11,2019,5165306.87,26500.0,194.9172403773585
110002,ARIQUEMES,11,2020,5032372.74,26247.0,191.7313498685564
110002,ARIQUEMES,11,2021,5041078.4,25874.0,194.83181572234676
110002,ARIQUEMES,11,2022,6177838.41,28278.0,218.46801082113305
110002,ARIQUEMES,11,2023,5954406.05,26069.0,228.40945375733628
110002,ARIQUEMES,11,2024,6291266.28,25589.0,245.85823127124937
110002,ARIQUEMES,11,2025,6859223.38,27938.0,245.5159059345694
110002,ARIQUEMES,11,2026,3666830.2300000004,14054.0,260.91007755799063
314000,MARIANA,31,2015,2641383.61,14675.0,179.99206882453151
314000,MARIANA,31,2016,2792912.41,15512.0,180.04850502836516
314000,MARIANA,31,2017,2974915.88,15205.0,195.6537902005919
314000,MARIANA,31,2018,3687939.72,18856.0,195.58441450997032
314000,MARIANA,31,2019,4288372.55,21936.0,195.49473696207147
314000,MARIANA,31,2020,4436843.93,22929.0,193.50359501068513
314000,MARIANA,31,2021,4894656.98,25337.0,193.18218336819672
314000,MARIANA,31,2022,6112099.56,28008.0,218.22691945158525
314000,MARIANA,31,2023,6722288.09,29323.0,229.24967056576747
314000,MARIANA,31,2024,7263246.48,30104.0,241.27180706882808
314000,MARIANA,31,2025,6767183.75,28082.0,240.97940851791182
314000,MARIANA,31,2026,3396284.73,13735.0,247.2722773935202
311830,CONSELHEIRO LAFAIETE,31,2015,4300021.4,23643.0,181.87291798841096
311830,CONSELHEIRO LAFAIETE,31,2016,3681676.58,19978.0,184.2865441986185
311830,CONSELHEIRO LAFAIETE,31,2017,4110191.23,20822.0,197.39656277014697
311830,CONSELHEIRO LAFAIETE,31,2018,4602164.34,23476.0,196.03698841369908
311830,CONSELHEIRO LAFAIETE,31,2019,4806391.11,24531.0,195.9313158860218
311830,CONSELHEIRO LAFAIETE,31,2020,4770606.85,24469.0,194.96533777432668
311830,CONSELHEIRO LAFAIETE,31,2021,4455524.99,22926.0,194.34375774230134
311830,CONSELHEIRO LAFAIETE,31,2022,4689739.01,21409.0,219.05455696202532
311830,CONSELHEIRO LAFAIETE,31,2023,5313472.69,23121.0,229.8115431858484
311830,CONSELHEIRO LAFAIETE,31,2024,5975975.33,24538.0,243.53962547884913
311830,CONSELHEIRO LAFAIETE,31,2025,6006683.54,24711.0,243.07731536562665
311830,CONSELHEIRO LAFAIETE,31,2026,3124854.2199999997,12692.0,246.20660416010082
291920,LAURO DE FREITAS,29,2015,3274821.43,18215.0,179.78706725226462
291920,LAURO DE FREITAS,29,2016,3214383.8,17767.0,180.91877075477007
291920,LAURO DE FREITAS,29,2017,3219224.41,16427.0,195.97153527728742
291920,LAURO DE FREITAS,29,2018,4674407.35,23858.0,195.92620295079217
291920,LAURO DE FREITAS,29,2019,4526353.6,23261.0,194.5898112720863
291920,LAURO DE FREITAS,29,2020,4831266.5,25360.0,190.50735410094637
291920,LAURO DE FREITAS,29,2021,4537250.81,23642.0,191.9148468826664
291920,LAURO DE FREITAS,29,2022,5698884.07,26956.0,211.41430738982046
291920,LAURO DE FREITAS,29,2023,5871158.5,25774.0,227.7938426321099
291920,LAURO DE FREITAS,29,2024,6314703.5,26034.0,242.55602289313973
291920,LAURO DE FREITAS,29,2025,6305182.76,25880.0,243.63148222565687
291920,LAURO DE FREITAS,29,2026,3205222.3899999997,12831.0,249.80300755981605
410480,CASCAVEL,41,2015,4614388.95,25677.0,179.7090372707092
410480,CASCAVEL,41,2016,4663566.32,25369.0,183.82933186172102
410480,CASCAVEL,41,2017,5015884.47,25176.0,199.23278002859865
410480,CASCAVEL,41,2018,5446146.11,27227.0,200.02740331288794
410480,CASCAVEL,41,2019,5831830.08,29207.0,199.67234156195434
410480,CASCAVEL,41,2020,5709231.6,28795.0,198.27163049140475
410480,CASCAVEL,41,2021,5600158.47,28424.0,197.02218090346184
410480,CASCAVEL,41,2022,6586328.88,29907.0,220.2269996990671
410480,CASCAVEL,41,2023,6716007.03,29096.0,230.82234774539455
410480,CASCAVEL,41,2024,4841528.53,19731.0,245.3767437028027
410480,CASCAVEL,41,2025,77305.22,178.0,434.29898876404496
410480,CASCAVEL,41,2026,75022.14,176.0,426.2621590909091
310400,ARAXA,31,2015,3467988.89,19029.0,182.24756371853488
310400,ARAXA,31,2016,3697348.92,20303.0,182.10850219179432
310400,ARAXA,31,2017,4073365.91,20598.0,197.75540877755122
310400,ARAXA,31,2018,4293931.28,21701.0,197.86789917515324
310400,ARAXA,31,2019,4649348.09,23477.0,198.03842441538526
310400,ARAXA,31,2020,4868678.94,24715.0,196.99287639085577
310400,ARAXA,31,2021,4738269.39,24240.0,195.47315965346533
310400,ARAXA,31,2022,5150095.91,23465.0,219.47990240784148
310400,ARAXA,31,2023,5376342.01,23433.0,229.4346438782913
310400,ARAXA,31,2024,5991138.68,24630.0,243.24558181079982
310400,ARAXA,31,2025,5863229.06,24064.0,243.65147357047871
310400,ARAXA,31,2026,2410838.33,9631.0,250.32066555913198
421480,RIO DO SUL,42,2015,3195585.71,17364.0,184.0351134531214
421480,RIO DO SUL,42,2016,3447144.86,18573.0,185.5997878641038
421480,RIO DO SUL,42,2017,4102225.36,20619.0,198.95365245647218
421480,RIO DO SUL,42,2018,4194888.39,21191.0,197.9561318484262
421480,RIO DO SUL,42,2019,4177419.91,21101.0,197.97260366807262
421480,RIO DO SUL,42,2020,4515355.98,22954.0,196.713251720833
421480,RIO DO SUL,42,2021,4720446.11,24256.0,194.60942076187337
421480,RIO DO SUL,42,2022,5254109.61,24141.0,217.64258357151735
421480,RIO DO SUL,42,2023,5683205.52,24812.0,229.0506819280993
421480,RIO DO SUL,42,2024,5940091.13,24701.0,240.47978340957854
421480,RIO DO SUL,42,2025,6024954.75,25185.0,239.22790351399644
421480,RIO DO SUL,42,2026,2901571.87,11788.0,246.14623939599593
521190,JATAI,52,2015,3284110.41,17936.0,183.10160626672615
521190,JATAI,52,2016,3500322.15,18965.0,184.56747429475348
521190,JATAI,52,2017,4122116.91,20781.0,198.35989172802078
521190,JATAI,52,2018,4320034.27,21850.0,197.7132389016018
521190,JATAI,52,2019,4290648.36,21852.0,196.35037342119716
521190,JATAI,52,2020,4743555.11,24407.0,194.35223952144878
521190,JATAI,52,2021,4390561.01,22649.0,193.85231180184556
521190,JATAI,52,2022,5174072.06,23595.0,219.28680059334604
521190,JATAI,52,2023,5662302.17,24521.0,230.91644590351126
521190,JATAI,52,2024,6403757.58,26308.0,243.41483883229435
521190,JATAI,52,2025,5602004.72,22997.0,243.59719615602035
521190,JATAI,52,2026,2434393.62,9757.0,249.50226709029417
280290,ITABAIANA,28,2015,2598123.08,14538.0,178.7125519328656
280290,ITABAIANA,28,2016,3446330.05,19135.0,180.10609093284558
280290,ITABAIANA,28,2017,3959227.0,20356.0,194.49926311652584
280290,ITABAIANA,28,2018,4001719.38,20574.0,194.50371245261007
280290,ITABAIANA,28,2019,4085970.15,21022.0,194.36638521548852
280290,ITABAIANA,28,2020,4000372.53,20626.0,193.94805245806262
280290,ITABAIANA,28,2021,3917648.44,20249.0,193.47367474937033
280290,ITABAIANA,28,2022,4862025.06,22325.0,217.78387726763717
280290,ITABAIANA,28,2023,5423278.83,23967.0,226.28108774565027
280290,ITABAIANA,28,2024,6488021.01,26938.0,240.85013772366173
280290,ITABAIANA,28,2025,7160870.85,29664.0,241.39936792071197
280290,ITABAIANA,28,2026,3743081.72,15162.0,246.87255771006465
260960,OLINDA,26,2015,4856551.84,26664.0,182.13890789078908
260960,OLINDA,26,2016,4254593.85,23382.0,181.9602193995381
260960,OLINDA,26,2017,4622597.55,23496.0,196.73976634320735
260960,OLINDA,26,2018,4507768.72,23002.0,195.97290322580645
260960,OLINDA,26,2019,4782771.0,24517.0,195.07978137618795
260960,OLINDA,26,2020,4959563.96,25676.0,193.15952484810717
260960,OLINDA,26,2021,4521144.62,23349.0,193.6333299070624
260960,OLINDA,26,2022,4139521.09,19018.0,217.66332369334313
260960,OLINDA,26,2023,3559282.81,15555.0,228.8192099003536
260960,OLINDA,26,2024,4113331.39,16865.0,243.89750311295583
260960,OLINDA,26,2025,5598918.84,22759.0,246.00900039544794
260960,OLINDA,26,2026,3371836.5,13436.0,250.9553810657934
412240,ROLANDIA,41,2015,0.0,0.0,0.0
412240,ROLANDIA,41,2016,0.0,0.0,0.0
412240,ROLANDIA,41,2017,820019.0,3762.0,217.9742158426369
412240,ROLANDIA,41,2018,3265213.06,15275.0,213.76190245499183
412240,ROLANDIA,41,2019,2996000.43,15462.0,193.76538804811798
412240,ROLANDIA,41,2020,3075002.61,15922.0,193.1291678181133
412240,ROLANDIA,41,2021,3770974.74,19425.0,194.12997374517374
412240,ROLANDIA,41,2022,6075426.86,27709.0,219.2582503879606
412240,ROLANDIA,41,2023,7662244.08,33221.0,230.64459468408538
412240,ROLANDIA,41,2024,8848288.46,36488.0,242.49858748081564
412240,ROLANDIA,41,2025,10866684.97,39107.0,277.87058506149793
412240,ROLANDIA,41,2026,5696657.98,19788.0,287.8844744289469
410140,APUCARANA,41,2015,3042730.17,16819.0,180.91029014804684
410140,APUCARANA,41,2016,3222123.01,17604.0,183.03357248352646
410140,APUCARANA,41,2017,3922568.21,19896.0,197.1536092681946
410140,APUCARANA,41,2018,4319296.44,21958.0,196.70718826851262
410140,APUCARANA,41,2019,4533142.96,23142.0,195.8838026099732
410140,APUCARANA,41,2020,4362740.79,22341.0,195.27956626829595
410140,APUCARANA,41,2021,4359824.62,22490.0,193.85614139617607
410140,APUCARANA,41,2022,5046392.34,22948.0,219.9055403521004
410140,APUCARANA,41,2023,4973824.07,21771.0,228.46098341830879
410140,APUCARANA,41,2024,5579882.1,23003.0,242.57192974829368
410140,APUCARANA,41,2025,6068397.41,24989.0,242.84274720877187
410140,APUCARANA,41,2026,3158427.74,12751.0,247.70039526311663
430920,GRAVATAI,43,2015,3677685.28,19806.0,185.68541250126222
430920,GRAVATAI,43,2016,3888340.27,20490.0,189.7677047340166
430920,GRAVATAI,43,2017,4097828.35,20430.0,200.57896965247187
430920,GRAVATAI,43,2018,4081466.77,20373.0,200.33705247140824
430920,GRAVATAI,43,2019,4211867.95,20973.0,200.8233419157965
430920,GRAVATAI,43,2020,4317188.8,21771.0,198.29997703366863
430920,GRAVATAI,43,2021,4189040.15,21260.0,197.03857714016934
430920,GRAVATAI,43,2022,4978710.45,22593.0,220.3651772672952
430920,GRAVATAI,43,2023,5063834.51,21878.0,231.45783481122587
430920,GRAVATAI,43,2024,5489627.15,22136.0,247.99544407300326
430920,GRAVATAI,43,2025,5592557.95,22288.0,250.92237751256283
430920,GRAVATAI,43,2026,2973708.62,11713.0,253.88103987022967
521800,PORANGATU,52,2015,3795148.9,21090.0,179.95016121384543
521800,PORANGATU,52,2016,4365444.8,23952.0,182.2580494321977
521800,PORANGATU,52,2017,4548157.32,23011.0,197.65144148450742
521800,PORANGATU,52,2018,4539637.7,22994.0,197.42705488388276
521800,PORANGATU,52,2019,4736106.03,23978.0,197.51881015931272
521800,PORANGATU,52,2020,4782293.09,24650.0,194.00783326572008
521800,PORANGATU,52,2021,4298684.29,21978.0,195.5903307853308
521800,PORANGATU,52,2022,4107997.07,18726.0,219.37397575563386
521800,PORANGATU,52,2023,4658951.64,20256.0,230.0035367298578
521800,PORANGATU,52,2024,5010436.41,20512.0,244.2685457293292
521800,PORANGATU,52,2025,5010994.88,20524.0,244.15293704930812
521800,PORANGATU,52,2026,2573367.59,10301.0,249.81725948936995
314810,PATROCINIO,31,2015,3177971.43,17525.0,181.33931126961485
314810,PATROCINIO,31,2016,3630122.9,20028.0,181.25239165168765
314810,PATROCINIO,31,2017,4099599.22,21009.0,195.13538102717885
314810,PATROCINIO,31,2018,4091221.54,20904.0,195.71476942212016
314810,PATROCINIO,31,2019,4191819.78,21361.0,196.23705725387387
314810,PATROCINIO,31,2020,4240092.23,21614.0,196.17341676691035
314810,PATROCINIO,31,2021,4071627.5,20776.0,195.97744994224104
314810,PATROCINIO,31,2022,4574130.08,20897.0,218.8893180839355
314810,PATROCINIO,31,2023,5140328.01,22482.0,228.64193621563916
314810,PATROCINIO,31,2024,5987562.55,24864.0,240.81252212033462
314810,PATROCINIO,31,2025,6415513.27,26600.0,241.1847093984962
314810,PATROCINIO,31,2026,2754965.28,11171.0,246.61760630203202
230210,BATURITE,23,2015,2567010.41,14278.0,179.7878141196246
230210,BATURITE,23,2016,2705567.8,15006.0,180.2990670398507
230210,BATURITE,23,2017,3292992.16,16755.0,196.53787884213668
230210,BATURITE,23,2018,3981717.26,20283.0,196.30810333777055
230210,BATURITE,23,2019,4418435.77,22458.0,196.7421751714311
230210,BATURITE,23,2020,4619385.69,23609.0,195.66206489050788
230210,BATURITE,23,2021,4470401.05,22860.0,195.55560148731408
230210,BATURITE,23,2022,4813122.66,21928.0,219.49665541773075
230210,BATURITE,23,2023,5405353.02,23556.0,229.46820427916452
230210,BATURITE,23,2024,6150631.27,25347.0,242.6571692902513
230210,BATURITE,23,2025,6209648.62,25768.0,240.98294861844147
230210,BATURITE,23,2026,3438660.8600000003,13811.0,248.979860980378
313840,LEOPOLDINA,31,2015,2462536.78,13714.0,179.5637144523844
313840,LEOPOLDINA,31,2016,3012080.38,16696.0,180.4073059415429
313840,LEOPOLDINA,31,2017,3865031.55,19802.0,195.1838980911019
313840,LEOPOLDINA,31,2018,4514205.21,23056.0,195.7930781575295
313840,LEOPOLDINA,31,2019,4851422.7,24793.0,195.6771145081273
313840,LEOPOLDINA,31,2020,5038818.07,25966.0,194.05445852268352
313840,LEOPOLDINA,31,2021,4704663.41,24300.0,193.60754773662552
313840,LEOPOLDINA,31,2022,5113170.82,23509.0,217.49843974648007
313840,LEOPOLDINA,31,2023,5253551.78,23053.0,227.89015659567085
313840,LEOPOLDINA,31,2024,5108910.4,21120.0,241.89916666666667
313840,LEOPOLDINA,31,2025,5176982.77,21379.0,242.1527092006174
313840,LEOPOLDINA,31,2026,2831340.69,11369.0,249.04043363532412
317130,VICOSA,31,2015,2849150.54,15741.0,181.00187662791436
317130,VICOSA,31,2016,3091937.95,17057.0,181.27091223544588
317130,VICOSA,31,2017,3517911.68,17924.0,196.2682258424459
317130,VICOSA,31,2018,3679914.04,18776.0,195.99030890498508
317130,VICOSA,31,2019,4046362.31,20621.0,196.22531933465885
317130,VICOSA,31,2020,4414367.16,22514.0,196.07209558496936
317130,VICOSA,31,2021,4539434.82,23300.0,194.82552875536481
317130,VICOSA,31,2022,5135326.72,23384.0,219.60856654122475
317130,VICOSA,31,2023,5669654.06,24612.0,230.36137087599542
317130,VICOSA,31,2024,6000072.02,24662.0,243.29219122536693
317130,VICOSA,31,2025,5833083.3,24026.0,242.78212353283942
317130,VICOSA,31,2026,3040216.1799999997,12167.0,249.87393605654637
270860,SAO MIGUEL DOS CAMPOS,27,2015,2529015.3,13968.0,181.05779639175256
270860,SAO MIGUEL DOS CAMPOS,27,2016,2728415.5,14939.0,182.63709083606668
270860,SAO MIGUEL DOS CAMPOS,27,2017,2932073.28,14865.0,197.24677295660948
270860,SAO MIGUEL DOS CAMPOS,27,2018,3033764.67,15362.0,197.48500650956908
270860,SAO MIGUEL DOS CAMPOS,27,2019,3139008.03,15971.0,196.5442383069313
270860,SAO MIGUEL DOS CAMPOS,27,2020,3420120.96,17449.0,196.0067029629205
270860,SAO MIGUEL DOS CAMPOS,27,2021,4127808.59,20745.0,198.97848107977825
270860,SAO MIGUEL DOS CAMPOS,27,2022,5365680.57,24403.0,219.87790722452158
270860,SAO MIGUEL DOS CAMPOS,27,2023,5939960.04,25727.0,230.8842865472072
270860,SAO MIGUEL DOS CAMPOS,27,2024,7461161.28,30482.0,244.77269470507184
270860,SAO MIGUEL DOS CAMPOS,27,2025,7294026.82,29862.0,244.25781327439557
270860,SAO MIGUEL DOS CAMPOS,27,2026,3811310.22,15199.0,250.760590828344
351870,GUARUJA,35,2015,3771464.45,20595.0,183.12524641903374
351870,GUARUJA,35,2016,4155060.24,22098.0,188.02879174585937
351870,GUARUJA,35,2017,4231272.69,20871.0,202.73454506252696
351870,GUARUJA,35,2018,4323896.15,21684.0,199.40491376129867
351870,GUARUJA,35,2019,4282639.67,21682.0,197.52050871690804
351870,GUARUJA,35,2020,4213203.03,21287.0,197.92375769248838
351870,GUARUJA,35,2021,3913525.35,19823.0,197.42346516672552
351870,GUARUJA,35,2022,4350170.58,19655.0,221.3264095649962
351870,GUARUJA,35,2023,4746884.35,20288.0,233.9749778194006
351870,GUARUJA,35,2024,5295463.99,21564.0,245.56965266184383
351870,GUARUJA,35,2025,5381974.38,21941.0,245.2930303997083
351870,GUARUJA,35,2026,2847128.5,11387.0,250.03323965926057
311120,CAMPO BELO,31,2015,3430483.35,18710.0,183.35025921966863
311120,CAMPO BELO,31,2016,3872650.0,21046.0,184.00883778390192
311120,CAMPO BELO,31,2017,4493506.0,22789.0,197.1787265786125
311120,CAMPO BELO,31,2018,4587754.06,23182.0,197.90156414459491
311120,CAMPO BELO,31,2019,4881018.68,24734.0,197.34044958356915
311120,CAMPO BELO,31,2020,5153978.82,26190.0,196.7918602520046
311120,CAMPO BELO,31,2021,4979055.48,25530.0,195.02763337250295
311120,CAMPO BELO,31,2022,5518333.84,25246.0,218.58250178246058
311120,CAMPO BELO,31,2023,4667587.23,20331.0,229.57981555260443
311120,CAMPO BELO,31,2024,3986917.75,16367.0,243.59490132583858
311120,CAMPO BELO,31,2025,3802045.81,15725.0,241.7835173290938
311120,CAMPO BELO,31,2026,2037980.9,8167.0,249.5384963879025
293135,TEIXEIRA DE FREITAS,29,2015,0.0,0.0,0.0
293135,TEIXEIRA DE FREITAS,29,2016,0.0,0.0,0.0
293135,TEIXEIRA DE FREITAS,29,2017,0.0,0.0,0.0
293135,TEIXEIRA DE FREITAS,29,2018,0.0,0.0,0.0
293135,TEIXEIRA DE FREITAS,29,2019,489119.67,2432.0,201.1182853618421
293135,TEIXEIRA DE FREITAS,29,2020,6189201.21,31976.0,193.55770609206905
293135,TEIXEIRA DE FREITAS,29,2021,6354024.89,32683.0,194.41375914083773
293135,TEIXEIRA DE FREITAS,29,2022,7247231.15,33365.0,217.21058444477748
293135,TEIXEIRA DE FREITAS,29,2023,8034108.12,35173.0,228.41691411025502
293135,TEIXEIRA DE FREITAS,29,2024,8847643.36,36518.0,242.28170655567115
293135,TEIXEIRA DE FREITAS,29,2025,9315629.33,38470.0,242.1530889004419
293135,TEIXEIRA DE FREITAS,29,2026,4814089.34,19332.0,249.02179495137594
110004,CACOAL,11,2015,2847044.49,15884.0,179.2397689498867
110004,CACOAL,11,2016,3369161.75,18741.0,179.77491862760792
110004,CACOAL,11,2017,4165311.33,21310.0,195.46275598310652
110004,CACOAL,11,2018,4109588.71,21197.0,193.875959333868
110004,CACOAL,11,2019,3987743.37,20505.0,194.47663350402343
110004,CACOAL,11,2020,3985688.66,20469.0,194.71828912013288
110004,CACOAL,11,2021,3898381.14,19989.0,195.02632147681226
110004,CACOAL,11,2022,4629733.34,21199.0,218.39394971460916
110004,CACOAL,11,2023,5323857.6,23266.0,228.8256511647898
110004,CACOAL,11,2024,5844957.99,24260.0,240.92984295136029
110004,CACOAL,11,2025,5853214.89,24300.0,240.87304074074072
110004,CACOAL,11,2026,3151086.7699999996,12778.0,246.60250195648769
270630,PALMEIRA DOS INDIOS,27,2015,3818683.76,21425.0,178.234947957993
270630,PALMEIRA DOS INDIOS,27,2016,3864983.32,21607.0,178.8764437450826
270630,PALMEIRA DOS INDIOS,27,2017,4183916.06,21566.0,194.0051961420755
270630,PALMEIRA DOS INDIOS,27,2018,4115756.88,21168.0,194.43295918367346
270630,PALMEIRA DOS INDIOS,27,2019,4223713.41,21747.0,194.22050903572907
270630,PALMEIRA DOS INDIOS,27,2020,4223075.9,21764.0,194.03951020033085
270630,PALMEIRA DOS INDIOS,27,2021,4136935.97,21260.0,194.5877690498589
270630,PALMEIRA DOS INDIOS,27,2022,4606630.94,21090.0,218.4272612612613
270630,PALMEIRA DOS INDIOS,27,2023,4880970.75,21312.0,229.0245284346847
270630,PALMEIRA DOS INDIOS,27,2024,5268693.84,21665.0,243.18919178398338
270630,PALMEIRA DOS INDIOS,27,2025,5144690.59,21126.0,243.52412146170596
270630,PALMEIRA DOS INDIOS,27,2026,2494037.73,10085.0,247.30170847793752
412770,TOLEDO,41,2015,2839370.75,15728.0,180.5296763733469
412770,TOLEDO,41,2016,2967002.62,16419.0,180.70544003897925
412770,TOLEDO,41,2017,3397825.88,17474.0,194.45037655945976
412770,TOLEDO,41,2018,3593485.9,18443.0,194.84280756926748
412770,TOLEDO,41,2019,3913045.64,20017.0,195.48611879902083
412770,TOLEDO,41,2020,4168759.17,21355.0,195.21232357761647
412770,TOLEDO,41,2021,4332429.33,22174.0,195.38330161450347
412770,TOLEDO,41,2022,4817099.54,21972.0,219.2381003094848
412770,TOLEDO,41,2023,5207748.57,22583.0,230.60481645485544
412770,TOLEDO,41,2024,5709892.09,23434.0,243.65844883502604
412770,TOLEDO,41,2025,6479377.7,23117.0,280.28626984470304
412770,TOLEDO,41,2026,3229031.88,11137.0,289.9373152554548
520510,CATALAO,52,2015,3425779.16,19042.0,179.90647831110178
520510,CATALAO,52,2016,3315570.78,18462.0,179.58892752681183
520510,CATALAO,52,2017,3948874.98,20302.0,194.50669786227957
520510,CATALAO,52,2018,3913283.85,20070.0,194.98175635276533
520510,CATALAO,52,2019,4124967.82,21172.0,194.8312781031551
520510,CATALAO,52,2020,4129525.83,21310.0,193.78347395588926
520510,CATALAO,52,2021,3741199.19,19343.0,193.413596132968
520510,CATALAO,52,2022,4466337.67,20417.0,218.7558245579664
520510,CATALAO,52,2023,4969760.61,21728.0,228.7260958210604
520510,CATALAO,52,2024,5706754.44,23444.0,243.42068077119947
520510,CATALAO,52,2025,5791537.53,23706.0,244.30682232346243
520510,CATALAO,52,2026,2841981.05,11400.0,249.29658333333333
310740,BOM DESPACHO,31,2015,3118689.33,17310.0,180.16691681109185
310740,BOM DESPACHO,31,2016,3373574.46,18621.0,181.1704237151603
310740,BOM DESPACHO,31,2017,3910684.1,20048.0,195.0660464884278
310740,BOM DESPACHO,31,2018,3930576.23,20154.0,195.0271028083755
310740,BOM DESPACHO,31,2019,4022297.06,20572.0,195.5228981139413
310740,BOM DESPACHO,31,2020,4147840.18,21309.0,194.65203341311184
310740,BOM DESPACHO,31,2021,4159238.51,21738.0,191.33492087588553
310740,BOM DESPACHO,31,2022,4687708.98,21379.0,219.26699003695217
310740,BOM DESPACHO,31,2023,4794297.0,20946.0,228.88842738470353
310740,BOM DESPACHO,31,2024,5443375.57,22473.0,242.21846526943443
310740,BOM DESPACHO,31,2025,5839813.99,24119.0,242.125046229114
310740,BOM DESPACHO,31,2026,2628313.08,10660.0,246.5584502814259
352930,MATAO,35,2015,2170101.07,12069.0,179.8078606346839
352930,MATAO,35,2016,2486596.77,13567.0,183.28272794280238
352930,MATAO,35,2017,3030965.01,15169.0,199.81310633528906
352930,MATAO,35,2018,3917927.62,19666.0,199.22341198006714
352930,MATAO,35,2019,4386559.88,22195.0,197.63730029285875
352930,MATAO,35,2020,4462943.52,22552.0,197.89568641362183
352930,MATAO,35,2021,4410989.02,22348.0,197.3773500984428
352930,MATAO,35,2022,5072846.85,23075.0,219.84168364030333
352930,MATAO,35,2023,5193699.8,22381.0,232.0584334926947
352930,MATAO,35,2024,5768831.48,23507.0,245.40909005828053
352930,MATAO,35,2025,6026309.48,24626.0,244.71329001867946
352930,MATAO,35,2026,2997790.85,11952.0,250.81918089022759
261220,SALGUEIRO,26,2015,3261030.65,18198.0,179.1972002417848
261220,SALGUEIRO,26,2016,3161036.38,17665.0,178.94346900651004
261220,SALGUEIRO,26,2017,3561926.7,18376.0,193.83580213321724
261220,SALGUEIRO,26,2018,3623473.25,18679.0,193.98646876171102
261220,SALGUEIRO,26,2019,3659158.23,18842.0,194.20222004033542
261220,SALGUEIRO,26,2020,3772137.8,19566.0,192.79044260451803
261220,SALGUEIRO,26,2021,3822383.34,19775.0,193.29372136536028
261220,SALGUEIRO,26,2022,4771471.24,22120.0,215.70846473779386
261220,SALGUEIRO,26,2023,5216746.7,22901.0,227.7955853456181
261220,SALGUEIRO,26,2024,6003876.33,24959.0,240.5495544693297
261220,SALGUEIRO,26,2025,5950378.53,24729.0,240.62349993934248
261220,SALGUEIRO,26,2026,3011657.18,12118.0,248.52757715794687
430310,CACHOEIRINHA,43,2015,3844746.2,20689.0,185.8352844506743
430310,CACHOEIRINHA,43,2016,3881614.93,20294.0,191.26909086429487
430310,CACHOEIRINHA,43,2017,3894036.26,18832.0,206.7776263806287
430310,CACHOEIRINHA,43,2018,3739745.54,18188.0,205.61609522762262
430310,CACHOEIRINHA,43,2019,4427911.48,21644.0,204.5791665126594
430310,CACHOEIRINHA,43,2020,4573085.46,23001.0,198.82115821051258
430310,CACHOEIRINHA,43,2021,4596184.21,22811.0,201.48981675507432
430310,CACHOEIRINHA,43,2022,4650309.56,20828.0,223.27201651622815
430310,CACHOEIRINHA,43,2023,4383247.15,18756.0,233.69839784602263
430310,CACHOEIRINHA,43,2024,4644578.94,18800.0,247.05207127659577
430310,CACHOEIRINHA,43,2025,4751994.54,19182.0,247.73196434157023
430310,CACHOEIRINHA,43,2026,2370994.25,9314.0,254.56240605540046
430460,CANOAS,43,2015,4233115.43,21336.0,198.40248547056618
430460,CANOAS,43,2016,4231722.83,19875.0,212.91687194968554
430460,CANOAS,43,2017,4408947.19,20226.0,217.98413873232474
430460,CANOAS,43,2018,4329619.66,20035.0,216.1028030945845
430460,CANOAS,43,2019,3243063.9,15190.0,213.4999275839368
430460,CANOAS,43,2020,2305391.41,10704.0,215.37662649476832
430460,CANOAS,43,2021,2923383.03,13836.0,211.28816348655678
430460,CANOAS,43,2022,3185106.71,14007.0,227.39392518026702
430460,CANOAS,43,2023,4856001.02,20106.0,241.51999502636028
430460,CANOAS,43,2024,6458315.19,25879.0,249.55814328219793
430460,CANOAS,43,2025,6350027.71,25647.0,247.59339142979687
430460,CANOAS,43,2026,2917172.1799999997,11598.0,251.52372650456974
240940,PAU DOS FERROS,24,2015,2441652.98,13685.0,178.41819364267445
240940,PAU DOS FERROS,24,2016,2538595.8,14165.0,179.21608189198727
240940,PAU DOS FERROS,24,2017,2979233.73,15369.0,193.84694710130782
240940,PAU DOS FERROS,24,2018,3227680.82,16600.0,194.43860361445783
240940,PAU DOS FERROS,24,2019,3381703.37,17350.0,194.91085706051874
240940,PAU DOS FERROS,24,2020,3655645.2,18779.0,194.6666595665371
240940,PAU DOS FERROS,24,2021,4159661.2,21346.0,194.86841562822076
240940,PAU DOS FERROS,24,2022,5014189.22,22988.0,218.1220297546546
240940,PAU DOS FERROS,24,2023,5465620.08,23975.0,227.97164045881127
240940,PAU DOS FERROS,24,2024,6407162.13,26550.0,241.32437401129943
240940,PAU DOS FERROS,24,2025,6625243.18,27392.0,241.86781469042054
240940,PAU DOS FERROS,24,2026,3514386.69,14211.0,247.30044965167826
352440,JACAREI,35,2015,2515995.83,13404.0,187.70485153685468
352440,JACAREI,35,2016,2868242.31,15283.0,187.67534580906892
352440,JACAREI,35,2017,3493314.89,17550.0,199.0492814814815
352440,JACAREI,35,2018,4020524.11,20032.0,200.7050773761981
352440,JACAREI,35,2019,4419971.11,21904.0,201.78830852812274
352440,JACAREI,35,2020,4435737.41,22086.0,200.8393285339129
352440,JACAREI,35,2021,4359824.56,21783.0,200.14803103337462
352440,JACAREI,35,2022,4772301.58,21460.0,222.3812479030755
352440,JACAREI,35,2023,5038935.12,21602.0,233.26243495972597
352440,JACAREI,35,2024,5168289.84,20970.0,246.46112732474964
352440,JACAREI,35,2025,5284581.58,21529.0,245.4634019229876
352440,JACAREI,35,2026,2785138.33,11072.0,251.54789830202313
430060,ALVORADA,43,2015,3030393.11,16313.0,185.76553117145835
430060,ALVORADA,43,2016,3358690.4,17651.0,190.28329273129
430060,ALVORADA,43,2017,3963667.23,19601.0,202.217602673333
430060,ALVORADA,43,2018,4230407.7,20892.0,202.4893595634693
430060,ALVORADA,43,2019,4139476.94,20656.0,200.40070391169635
430060,ALVORADA,43,2020,4075214.45,20347.0,200.28576448616505
430060,ALVORADA,43,2021,4107579.88,20344.0,201.90620723554855
430060,ALVORADA,43,2022,4610524.58,20607.0,223.73584607172322
430060,ALVORADA,43,2023,4828015.61,20411.0,236.53988584586745
430060,ALVORADA,43,2024,4969365.6,19882.0,249.94294336585855
430060,ALVORADA,43,2025,5028449.56,20154.0,249.50131785253546
430060,ALVORADA,43,2026,2783778.8,10914.0,255.0649441084845
520860,GOIANESIA,52,2015,4061392.02,22628.0,179.48524041011137
520860,GOIANESIA,52,2016,3917961.08,21737.0,180.2438735796108
520860,GOIANESIA,52,2017,4403749.64,22517.0,195.5744388684105
520860,GOIANESIA,52,2018,4447992.83,22824.0,194.88226559761654
520860,GOIANESIA,52,2019,4387631.52,22572.0,194.38381711855394
520860,GOIANESIA,52,2020,4499389.02,23460.0,191.78981329923272
520860,GOIANESIA,52,2021,4410644.38,23005.0,191.72546750706368
520860,GOIANESIA,52,2022,4884153.93,22755.0,214.64091100856953
520860,GOIANESIA,52,2023,3857363.08,16849.0,228.9372117039587
520860,GOIANESIA,52,2024,4140911.56,17095.0,242.229398069611
520860,GOIANESIA,52,2025,4083334.51,16824.0,242.708898597242
520860,GOIANESIA,52,2026,1986066.37,8024.0,247.51574900299104
231130,QUIXADA,23,2015,3011417.25,16374.0,183.91457493587396
231130,QUIXADA,23,2016,3121452.05,16636.0,187.6323665544602
231130,QUIXADA,23,2017,3285044.69,16560.0,198.37226388888888
231130,QUIXADA,23,2018,3387049.38,16985.0,199.41415248748896
231130,QUIXADA,23,2019,3614554.24,17994.0,200.87552739802157
231130,QUIXADA,23,2020,3712682.26,18535.0,200.30656919341786
231130,QUIXADA,23,2021,3612509.32,17955.0,201.19795711500973
231130,QUIXADA,23,2022,4349614.6,19593.0,221.9983973868218
231130,QUIXADA,23,2023,5395900.05,23205.0,232.5317840982547
231130,QUIXADA,23,2024,6002260.44,24527.0,244.7205300281323
231130,QUIXADA,23,2025,6117068.85,25096.0,243.74676641695888
231130,QUIXADA,23,2026,3430311.51,13678.0,250.79043061851146
352690,LIMEIRA,35,2015,2757468.58,15159.0,181.90306616531433
352690,LIMEIRA,35,2016,2999334.47,16300.0,184.00824969325154
352690,LIMEIRA,35,2017,3300267.79,16602.0,198.78736236598002
352690,LIMEIRA,35,2018,3399899.0,17132.0,198.45312864814383
352690,LIMEIRA,35,2019,3862996.74,19564.0,197.45434164792476
352690,LIMEIRA,35,2020,4040163.72,20666.0,195.4980992935256
352690,LIMEIRA,35,2021,3992452.28,20297.0,196.70159530965165
352690,LIMEIRA,35,2022,4682457.01,21447.0,218.32689933324008
352690,LIMEIRA,35,2023,4976806.53,21437.0,232.15965526892757
352690,LIMEIRA,35,2024,5832830.09,23825.0,244.81973095487933
352690,LIMEIRA,35,2025,6027222.99,24692.0,244.09618459420057
352690,LIMEIRA,35,2026,3077061.12,12263.0,250.92237788469382
520540,CERES,52,2015,3656538.79,20346.0,179.71782119335495
520540,CERES,52,2016,3453038.08,19128.0,180.52269343370975
520540,CERES,52,2017,3839604.69,19660.0,195.30034028484232
520540,CERES,52,2018,3985083.6,20338.0,195.94274756613237
520540,CERES,52,2019,3928687.98,20079.0,195.66153593306439
520540,CERES,52,2020,4035548.86,20663.0,195.3031437835745
520540,CERES,52,2021,4176830.39,21442.0,194.79667894785933
520540,CERES,52,2022,4715785.21,21659.0,217.72866752851007
520540,CERES,52,2023,4707662.59,20580.0,228.74939698736637
520540,CERES,52,2024,4627271.11,19148.0,241.65819458951327
520540,CERES,52,2025,4711155.46,19428.0,242.4930749433807
520540,CERES,52,2026,2422469.83,9784.0,247.59503577269012
330320,NILOPOLIS,33,2015,2870348.57,15361.0,186.859486361565
330320,NILOPOLIS,33,2016,3500150.05,18718.0,186.9938054279303
330320,NILOPOLIS,33,2017,4050859.09,20315.0,199.40236721634258
330320,NILOPOLIS,33,2018,4119390.88,20714.0,198.86988896398572
330320,NILOPOLIS,33,2019,4225848.16,21143.0,199.86984628482242
330320,NILOPOLIS,33,2020,4536996.48,22870.0,198.38200612155666
330320,NILOPOLIS,33,2021,4348679.91,21839.0,199.12449791657127
330320,NILOPOLIS,33,2022,4555534.69,20578.0,221.37888473126642
330320,NILOPOLIS,33,2023,4178455.71,17870.0,233.82516564073867
330320,NILOPOLIS,33,2024,3917575.03,15849.0,247.1812120638526
330320,NILOPOLIS,33,2025,4826793.28,19511.0,247.3883081338732
330320,NILOPOLIS,33,2026,3095627.67,12236.0,252.9934349460608
330470,SANTO ANTONIO DE PADUA,33,2015,3430886.02,18974.0,180.82038684515652
330470,SANTO ANTONIO DE PADUA,33,2016,3466413.83,19102.0,181.4686331274212
330470,SANTO ANTONIO DE PADUA,33,2017,3784846.18,19259.0,196.52350485487307
330470,SANTO ANTONIO DE PADUA,33,2018,3860548.47,19641.0,196.55559645639224
330470,SANTO ANTONIO DE PADUA,33,2019,3989796.92,20298.0,196.56108582126316
330470,SANTO ANTONIO DE PADUA,33,2020,3989856.45,20362.0,195.94619634613497
330470,SANTO ANTONIO DE PADUA,33,2021,4021021.15,20525.0,195.9084604141291
330470,SANTO ANTONIO DE PADUA,33,2022,4418982.98,20087.0,219.99218300393292
330470,SANTO ANTONIO DE PADUA,33,2023,4743611.09,20578.0,230.51856788803576
330470,SANTO ANTONIO DE PADUA,33,2024,4963580.65,20334.0,244.10252040916694
330470,SANTO ANTONIO DE PADUA,33,2025,4964034.79,20184.0,245.93909978200554
330470,SANTO ANTONIO DE PADUA,33,2026,2555251.5,10118.0,252.5451176121763
411150,IVAIPORA,41,2015,3194143.06,17666.0,180.8073734857919
411150,IVAIPORA,41,2016,3471841.34,18891.0,183.78282462548302
411150,IVAIPORA,41,2017,3648846.85,18634.0,195.81661747343566
411150,IVAIPORA,41,2018,3646400.35,18572.0,196.33859304329098
411150,IVAIPORA,41,2019,3684205.6,18657.0,197.47041860963714
411150,IVAIPORA,41,2020,3970011.79,20688.0,191.89925512374325
411150,IVAIPORA,41,2021,4080507.52,21330.0,191.30368120018753
411150,IVAIPORA,41,2022,4508455.8,21223.0,212.4325401686849
411150,IVAIPORA,41,2023,4749982.11,20492.0,231.79690171774354
411150,IVAIPORA,41,2024,4987215.34,20346.0,245.12018775189225
411150,IVAIPORA,41,2025,5523078.09,19692.0,280.47319165143205
411150,IVAIPORA,41,2026,2648978.08,9122.0,290.39443981582986
354100,PRAIA GRANDE,35,2015,0.0,0.0,0.0
354100,PRAIA GRANDE,35,2016,5400.0,9.0,600.0
354100,PRAIA GRANDE,35,2017,321141.15,1509.0,212.8171968190855
354100,PRAIA GRANDE,35,2018,4220302.12,19139.0,220.50797429332778
354100,PRAIA GRANDE,35,2019,3858498.09,19636.0,196.50122682827458
354100,PRAIA GRANDE,35,2020,5003775.33,25407.0,196.94475262722872
354100,PRAIA GRANDE,35,2021,5196209.65,26186.0,198.4346463759261
354100,PRAIA GRANDE,35,2022,6008583.29,27441.0,218.96371451477717
354100,PRAIA GRANDE,35,2023,6509417.53,28149.0,231.24862446268074
354100,PRAIA GRANDE,35,2024,7121686.47,29205.0,243.8516168464304
354100,PRAIA GRANDE,35,2025,6705112.39,27460.0,244.17743590677347
354100,PRAIA GRANDE,35,2026,2571225.48,10145.0,253.44755840315426
353470,OURINHOS,35,2015,2839775.08,15726.0,180.57834668701514
353470,OURINHOS,35,2016,2825041.81,15521.0,182.0141621029573
353470,OURINHOS,35,2017,3145593.26,15905.0,197.77386104998428
353470,OURINHOS,35,2018,3183228.81,16173.0,196.8236449638286
353470,OURINHOS,35,2019,3278279.34,16671.0,196.64563253554076
353470,OURINHOS,35,2020,3596367.83,18253.0,197.02886265271462
353470,OURINHOS,35,2021,3727569.93,18911.0,197.1112014171646
353470,OURINHOS,35,2022,4412956.08,19992.0,220.73609843937575
353470,OURINHOS,35,2023,5096926.07,21981.0,231.87871661889815
353470,OURINHOS,35,2024,5625858.18,23005.0,244.54936665942185
353470,OURINHOS,35,2025,6238237.21,25447.0,245.14627303807913
353470,OURINHOS,35,2026,3516865.4800000004,14022.0,250.81054628441024
352430,JABOTICABAL,35,2015,2843595.69,15595.0,182.34021737736452
352430,JABOTICABAL,35,2016,3114022.13,17014.0,183.02704419889503
352430,JABOTICABAL,35,2017,3406179.21,17258.0,197.36813130142542
352430,JABOTICABAL,35,2018,3507317.86,17723.0,197.89639790103254
352430,JABOTICABAL,35,2019,3776837.9,19015.0,198.6241335787536
352430,JABOTICABAL,35,2020,4173861.57,21156.0,197.28973199092457
352430,JABOTICABAL,35,2021,4021446.07,20464.0,196.51319732212664
352430,JABOTICABAL,35,2022,4471477.24,20265.0,220.65024623735505
352430,JABOTICABAL,35,2023,4653973.07,19977.0,232.9665650498073
352430,JABOTICABAL,35,2024,5392734.95,21878.0,246.4912217752994
352430,JABOTICABAL,35,2025,5230302.56,21238.0,246.27095583388265
352430,JABOTICABAL,35,2026,2884809.9000000004,11462.0,251.68468853603213
330390,PETROPOLIS,33,2015,4079062.86,22426.0,181.88989833229286
330390,PETROPOLIS,33,2016,3813900.98,20789.0,183.457644908365
330390,PETROPOLIS,33,2017,4095341.77,20732.0,197.53722602739725
330390,PETROPOLIS,33,2018,4058486.01,20652.0,196.51781958163858
330390,PETROPOLIS,33,2019,4196596.34,21362.0,196.45147177230595
330390,PETROPOLIS,33,2020,3968428.86,20144.0,197.00302124702145
330390,PETROPOLIS,33,2021,3601818.09,18363.0,196.14540597941513
330390,PETROPOLIS,33,2022,4008211.27,18581.0,215.71558419891286
330390,PETROPOLIS,33,2023,3984739.2,17475.0,228.02513304721032
330390,PETROPOLIS,33,2024,4685313.26,19239.0,243.5320577992619
330390,PETROPOLIS,33,2025,4757523.93,19609.0,242.61940588505277
330390,PETROPOLIS,33,2026,1918035.2999999998,7735.0,247.96836457659984
330600,TRES RIOS,33,2015,3855070.56,21279.0,181.16784435358804
330600,TRES RIOS,33,2016,4006028.29,22089.0,181.3585173615827
330600,TRES RIOS,33,2017,4104400.16,20955.0,195.86734240038177
330600,TRES RIOS,33,2018,3916147.11,19951.0,196.2882617412661
330600,TRES RIOS,33,2019,3578873.54,18208.0,196.5550054920914
330600,TRES RIOS,33,2020,3514410.8,18025.0,194.97424687933426
330600,TRES RIOS,33,2021,3495431.74,17713.0,197.33708236888162
330600,TRES RIOS,33,2022,4237077.35,19294.0,219.60595781071834
330600,TRES RIOS,33,2023,4809357.22,20973.0,229.31183998474228
330600,TRES RIOS,33,2024,4791255.68,19742.0,242.69353054401782
330600,TRES RIOS,33,2025,4384580.88,18005.0,243.52018217161898
330600,TRES RIOS,33,2026,2229444.96,8941.0,249.35073929090706
351060,CARAPICUIBA,35,2015,5517252.04,30763.0,179.34700906933654
351060,CARAPICUIBA,35,2016,4103425.26,22769.0,180.21982783609292
351060,CARAPICUIBA,35,2017,3559041.47,18206.0,195.487282763924
351060,CARAPICUIBA,35,2018,3523148.79,18121.0,194.42353015837978
351060,CARAPICUIBA,35,2019,3634289.91,18513.0,196.3101555663588
351060,CARAPICUIBA,35,2020,3730191.75,18924.0,197.11433893468612
351060,CARAPICUIBA,35,2021,3510988.67,18026.0,194.77358648618662
351060,CARAPICUIBA,35,2022,4079776.42,18682.0,218.38006744459906
351060,CARAPICUIBA,35,2023,4195287.83,18252.0,229.85359577032654
351060,CARAPICUIBA,35,2024,4514171.37,18495.0,244.0752295214923
351060,CARAPICUIBA,35,2025,4257610.5,17462.0,243.8214694765777
351060,CARAPICUIBA,35,2026,2198420.75,8365.0,262.8118051404662
312870,GUAXUPE,31,2015,2989960.43,16439.0,181.88213577468215
312870,GUAXUPE,31,2016,3284655.08,17877.0,183.7363696369637
312870,GUAXUPE,31,2017,3440081.24,17321.0,198.60754228970615
312870,GUAXUPE,31,2018,3462072.55,17453.0,198.36547011975017
312870,GUAXUPE,31,2019,3549855.8,17949.0,197.77457239957656
312870,GUAXUPE,31,2020,3629974.26,18260.0,198.79377108433735
312870,GUAXUPE,31,2021,3774352.6,18993.0,198.72335070815564
312870,GUAXUPE,31,2022,4182261.24,18900.0,221.2836634920635
312870,GUAXUPE,31,2023,4854318.71,20866.0,232.64251461708042
312870,GUAXUPE,31,2024,5221915.33,21272.0,245.4830448476871
312870,GUAXUPE,31,2025,4969846.38,20263.0,245.2670571978483
312870,GUAXUPE,31,2026,2444624.41,9643.0,253.51284973555948
261070,PAULISTA,26,2015,0.0,0.0,0.0
261070,PAULISTA,26,2016,0.0,0.0,0.0
261070,PAULISTA,26,2017,0.0,0.0,0.0
261070,PAULISTA,26,2018,0.0,0.0,0.0
261070,PAULISTA,26,2019,0.0,0.0,0.0
261070,PAULISTA,26,2020,73226.03,383.0,191.19067885117494
261070,PAULISTA,26,2021,4450691.62,23095.0,192.71234552933535
261070,PAULISTA,26,2022,7896449.98,36243.0,217.87517534420442
261070,PAULISTA,26,2023,8516780.03,37200.0,228.94569973118277
261070,PAULISTA,26,2024,10108503.39,41588.0,243.0629842743099
261070,PAULISTA,26,2025,9682458.1,39836.0,243.05799026006628
261070,PAULISTA,26,2026,5045416.66,20160.0,250.26868353174603
431340,NOVO HAMBURGO,43,2015,3391904.92,18471.0,183.63407070543013
431340,NOVO HAMBURGO,43,2016,3704560.61,19875.0,186.39298666666667
431340,NOVO HAMBURGO,43,2017,3976930.38,19776.0,201.09882584951455
431340,NOVO HAMBURGO,43,2018,3884200.8,19345.0,200.7857741018351
431340,NOVO HAMBURGO,43,2019,3717478.45,18578.0,200.1011115297664
431340,NOVO HAMBURGO,43,2020,3763738.85,18775.0,200.46545139813583
431340,NOVO HAMBURGO,43,2021,3471954.47,17213.0,201.70536629291814
431340,NOVO HAMBURGO,43,2022,3738292.96,16751.0,223.16834577040177
431340,NOVO HAMBURGO,43,2023,4313457.99,18376.0,234.7332384632129
431340,NOVO HAMBURGO,43,2024,4575843.35,18402.0,248.66011031409627
431340,NOVO HAMBURGO,43,2025,4732959.33,19105.0,247.73406595132164
431340,NOVO HAMBURGO,43,2026,2296703.3499999996,9136.0,251.39047176007
350450,AVARE,35,2015,2548637.53,14113.0,180.5879352370155
350450,AVARE,35,2016,2874039.35,15893.0,180.83680551186058
350450,AVARE,35,2017,3325143.84,17016.0,195.412778561354
350450,AVARE,35,2018,3474199.88,17759.0,195.6303778365899
350450,AVARE,35,2019,3684688.32,18857.0,195.4016184971098
350450,AVARE,35,2020,3766767.58,19299.0,195.17941758640345
350450,AVARE,35,2021,3791563.33,19450.0,194.938988688946
350450,AVARE,35,2022,4343275.02,19833.0,218.99233701406743
350450,AVARE,35,2023,4681729.13,20385.0,229.66539759627176
350450,AVARE,35,2024,4853089.14,19993.0,242.73941579552843
350450,AVARE,35,2025,5577933.8,23025.0,242.25553963083604
350450,AVARE,35,2026,2522388.4699999997,10229.0,246.5918926581288
316470,SAO SEBASTIAO DO PARAISO,31,2015,2751948.78,15134.0,181.83882516188712
316470,SAO SEBASTIAO DO PARAISO,31,2016,2604377.01,14197.0,183.44558780023948
316470,SAO SEBASTIAO DO PARAISO,31,2017,2817052.79,14235.0,197.89622690551457
316470,SAO SEBASTIAO DO PARAISO,31,2018,3078010.69,15557.0,197.85374365237513
316470,SAO SEBASTIAO DO PARAISO,31,2019,3368209.95,17090.0,197.08659742539498
316470,SAO SEBASTIAO DO PARAISO,31,2020,3448710.47,17500.0,197.06916971428572
316470,SAO SEBASTIAO DO PARAISO,31,2021,3653601.03,18517.0,197.31063509207755
316470,SAO SEBASTIAO DO PARAISO,31,2022,4491060.32,20305.0,221.18002068456047
316470,SAO SEBASTIAO DO PARAISO,31,2023,5263074.29,22743.0,231.41512949039264
316470,SAO SEBASTIAO DO PARAISO,31,2024,5488595.94,22473.0,244.2306741423041
316470,SAO SEBASTIAO DO PARAISO,31,2025,5472896.16,22380.0,244.54406434316354
316470,SAO SEBASTIAO DO PARAISO,31,2026,2960777.5,11850.0,249.85464135021098
410420,CAMPO LARGO,41,2015,2392964.87,13103.0,182.62725101121882
410420,CAMPO LARGO,41,2016,2788866.41,15153.0,184.0471464396489
410420,CAMPO LARGO,41,2017,3291900.39,16471.0,199.86038431182078
410420,CAMPO LARGO,41,2018,3382698.33,16937.0,199.72240243254413
410420,CAMPO LARGO,41,2019,4098596.54,20623.0,198.73910391310673
410420,CAMPO LARGO,41,2020,4321815.56,21948.0,196.91158921086202
410420,CAMPO LARGO,41,2021,3252986.46,16737.0,194.35899265101273
410420,CAMPO LARGO,41,2022,3684990.47,16729.0,220.2755974654791
410420,CAMPO LARGO,41,2023,4224249.51,18155.0,232.6769215092261
410420,CAMPO LARGO,41,2024,4639584.58,18932.0,245.06573948869638
410420,CAMPO LARGO,41,2025,6182063.8,21989.0,281.14347173586793
410420,CAMPO LARGO,41,2026,3124468.1799999997,10769.0,290.13540533011417
312510,EXTREMA,31,2015,2651699.36,14644.0,181.07753072930893
312510,EXTREMA,31,2016,3145203.92,17303.0,181.77217361151244
312510,EXTREMA,31,2017,3376785.61,17275.0,195.472394211288
312510,EXTREMA,31,2018,3540338.1,18118.0,195.40446517275637
312510,EXTREMA,31,2019,3683284.66,18932.0,194.5533836889922
312510,EXTREMA,31,2020,3825604.66,19808.0,193.13432249596124
312510,EXTREMA,31,2021,3569427.89,18706.0,190.81727199828933
312510,EXTREMA,31,2022,4194463.67,19290.0,217.442388284085
312510,EXTREMA,31,2023,4401493.7,19386.0,227.0449654389766
312510,EXTREMA,31,2024,5118488.77,21298.0,240.32720302375807
312510,EXTREMA,31,2025,5226884.15,21691.0,240.97017887603155
312510,EXTREMA,31,2026,2514134.58,10211.0,246.21825286455783
314390,MURIAE,31,2015,3226471.43,18065.0,178.60345585386108
314390,MURIAE,31,2016,3369250.68,18815.0,179.07258463991496
314390,MURIAE,31,2017,3910435.09,20106.0,194.49095245200436
314390,MURIAE,31,2018,4029940.11,20755.0,194.1671939291737
314390,MURIAE,31,2019,3954392.54,20304.0,194.75928585500395
314390,MURIAE,31,2020,3746507.85,19616.0,190.9924474918434
314390,MURIAE,31,2021,3620625.96,19104.0,189.5218781407035
314390,MURIAE,31,2022,3991652.39,18785.0,212.4914767101411
314390,MURIAE,31,2023,4227970.39,18680.0,226.33674464668093
314390,MURIAE,31,2024,4960680.56,20634.0,240.4129378695357
314390,MURIAE,31,2025,4672850.26,19325.0,241.8033769728331
314390,MURIAE,31,2026,1533789.28,6277.0,244.3506898199777
150442,MARITUBA,15,2015,3162759.82,17631.0,179.3862979978447
150442,MARITUBA,15,2016,3373629.45,18451.0,182.8426345455531
150442,MARITUBA,15,2017,3702445.02,18800.0,196.938564893617
150442,MARITUBA,15,2018,3626280.34,18440.0,196.65294685466375
150442,MARITUBA,15,2019,3631953.41,18437.0,196.99264576666488
150442,MARITUBA,15,2020,3750288.35,19303.0,194.28525876806714
150442,MARITUBA,15,2021,3549157.63,18081.0,196.29210939660416
150442,MARITUBA,15,2022,4223807.69,19243.0,219.4983988983007
150442,MARITUBA,15,2023,4412261.8,19104.0,230.9601025963149
150442,MARITUBA,15,2024,4909524.56,20035.0,245.04739505864734
150442,MARITUBA,15,2025,4826242.36,19661.0,245.47288337317534
150442,MARITUBA,15,2026,2050600.53,8152.0,251.54569798822376
510180,BARRA DO GARCAS,51,2015,2664031.89,14845.0,179.4565099360054
510180,BARRA DO GARCAS,51,2016,2737462.71,15259.0,179.39987613867225
510180,BARRA DO GARCAS,51,2017,3110205.02,15958.0,194.89942473994236
510180,BARRA DO GARCAS,51,2018,3551908.46,18157.0,195.62198931541553
510180,BARRA DO GARCAS,51,2019,3983946.58,20375.0,195.53112049079755
510180,BARRA DO GARCAS,51,2020,3742700.43,19285.0,194.07313611615245
510180,BARRA DO GARCAS,51,2021,3237785.04,16688.0,194.01875838926173
510180,BARRA DO GARCAS,51,2022,4073668.21,18459.0,220.68737255539304
510180,BARRA DO GARCAS,51,2023,4706044.27,20453.0,230.09066004987042
510180,BARRA DO GARCAS,51,2024,5543637.75,22773.0,243.43027927809248
510180,BARRA DO GARCAS,51,2025,5688101.37,23426.0,242.8114646119696
510180,BARRA DO GARCAS,51,2026,2016204.32,8207.0,245.6688582917022
350960,CAMPO LIMPO PAULISTA,35,2015,0.0,0.0,0.0
350960,CAMPO LIMPO PAULISTA,35,2016,0.0,0.0,0.0
350960,CAMPO LIMPO PAULISTA,35,2017,0.0,0.0,0.0
350960,CAMPO LIMPO PAULISTA,35,2018,1183495.97,5526.0,214.1686518277235
350960,CAMPO LIMPO PAULISTA,35,2019,3354654.17,17280.0,194.1350792824074
350960,CAMPO LIMPO PAULISTA,35,2020,4236905.05,21749.0,194.80918892822658
350960,CAMPO LIMPO PAULISTA,35,2021,4804698.74,24883.0,193.0916183739903
350960,CAMPO LIMPO PAULISTA,35,2022,5809107.46,26805.0,216.71730871106138
350960,CAMPO LIMPO PAULISTA,35,2023,6666714.69,29307.0,227.4785781553895
350960,CAMPO LIMPO PAULISTA,35,2024,7270646.34,30277.0,240.13760742477788
350960,CAMPO LIMPO PAULISTA,35,2025,7567180.08,31583.0,239.5966209669759
350960,CAMPO LIMPO PAULISTA,35,2026,3826369.57,15754.0,242.8824152596166
251620,SOUSA,25,2015,2955501.26,16395.0,180.26845135712105
251620,SOUSA,25,2016,3007470.37,16616.0,180.99845751083294
251620,SOUSA,25,2017,3245061.24,16524.0,196.38472766884533
251620,SOUSA,25,2018,3469184.21,17705.0,195.9437565659418
251620,SOUSA,25,2019,3710998.49,18924.0,196.10011044176707
251620,SOUSA,25,2020,3453706.58,18131.0,190.48627102752192
251620,SOUSA,25,2021,3659682.38,18725.0,195.4436518024032
251620,SOUSA,25,2022,4279117.12,19603.0,218.28889047594757
251620,SOUSA,25,2023,4540547.29,19852.0,228.71989169856943
251620,SOUSA,25,2024,4786737.17,19836.0,241.31564680379108
251620,SOUSA,25,2025,4861990.32,20251.0,240.08643128734386
251620,SOUSA,25,2026,2631714.19,9964.0,264.12225913287836
350590,BATATAIS,35,2015,2627491.85,14379.0,182.73119479796927
350590,BATATAIS,35,2016,3029880.01,16430.0,184.41144309190503
350590,BATATAIS,35,2017,3373494.68,17145.0,196.7625943423739
350590,BATATAIS,35,2018,3454549.32,17606.0,196.21432011814153
350590,BATATAIS,35,2019,3877231.37,19741.0,196.4050134238387
350590,BATATAIS,35,2020,3862901.66,19649.0,196.59533106010485
350590,BATATAIS,35,2021,3732284.4,19005.0,196.3843409629045
350590,BATATAIS,35,2022,3957847.83,18024.0,219.58765146471373
350590,BATATAIS,35,2023,4297442.98,18412.0,233.40446339343907
350590,BATATAIS,35,2024,4812965.94,19512.0,246.66697109471096
350590,BATATAIS,35,2025,4925982.72,19971.0,246.65678834309747
350590,BATATAIS,35,2026,2521327.7199999997,9948.0,253.45071572175308
312160,DIAMANTINA,31,2015,2405125.55,13182.0,182.45528372022454
312160,DIAMANTINA,31,2016,2761417.59,15054.0,183.43414308489437
312160,DIAMANTINA,31,2017,3371825.81,16995.0,198.40104795528097
312160,DIAMANTINA,31,2018,3355518.57,16900.0,198.5513946745562
312160,DIAMANTINA,31,2019,3497180.28,17646.0,198.18544032641958
312160,DIAMANTINA,31,2020,3670910.86,18509.0,198.33112864012102
312160,DIAMANTINA,31,2021,4094466.78,20962.0,195.3280593454823
312160,DIAMANTINA,31,2022,4531101.86,20523.0,220.78165277980804
312160,DIAMANTINA,31,2023,4032953.61,17445.0,231.18106104901116
312160,DIAMANTINA,31,2024,4826781.59,19686.0,245.1885395712689
312160,DIAMANTINA,31,2025,5182771.29,21083.0,245.82703078309538
312160,DIAMANTINA,31,2026,2708710.54,10655.0,254.21966588456124
310350,ARAGUARI,31,2015,2504281.38,13977.0,179.17159476282464
310350,ARAGUARI,31,2016,2493186.49,13908.0,179.26276171987348
310350,ARAGUARI,31,2017,2930692.28,15088.0,194.23994432661718
310350,ARAGUARI,31,2018,3071881.77,15817.0,194.21393247771385
310350,ARAGUARI,31,2019,2943458.16,15143.0,194.3774787030311
310350,ARAGUARI,31,2020,3181566.08,16438.0,193.54946343837452
310350,ARAGUARI,31,2021,3349863.35,17285.0,193.80175585768006
310350,ARAGUARI,31,2022,3920841.78,17963.0,218.27321605522462
310350,ARAGUARI,31,2023,4549413.7,19847.0,229.22425051645087
310350,ARAGUARI,31,2024,5477765.94,22690.0,241.41762626707802
310350,ARAGUARI,31,2025,6096042.49,25135.0,242.5320266560573
310350,ARAGUARI,31,2026,3616686.56,14587.0,247.9390251593885
411820,PARANAGUA,41,2015,2223751.5,12160.0,182.87430098684212
411820,PARANAGUA,41,2016,2663887.13,14314.0,186.1036139443901
411820,PARANAGUA,41,2017,3049317.59,15291.0,199.41910862598914
411820,PARANAGUA,41,2018,3085109.39,15525.0,198.71880128824478
411820,PARANAGUA,41,2019,3190569.35,16067.0,198.57903466733055
411820,PARANAGUA,41,2020,3120886.89,15998.0,195.07981560195026
411820,PARANAGUA,41,2021,3052316.06,15602.0,195.63620433277785
411820,PARANAGUA,41,2022,4235699.01,19376.0,218.60544023534268
411820,PARANAGUA,41,2023,4942991.98,21482.0,230.09924494925986
411820,PARANAGUA,41,2024,5189829.22,21394.0,242.58339814901373
411820,PARANAGUA,41,2025,6007188.49,21566.0,278.54903505517944
411820,PARANAGUA,41,2026,3354511.33,11615.0,288.80855187257856
350400,ASSIS,35,2015,3194677.11,17604.0,181.47450068166324
350400,ASSIS,35,2016,3135669.91,17189.0,182.42305602420154
350400,ASSIS,35,2017,3326000.68,16823.0,197.7055626226
350400,ASSIS,35,2018,3341427.16,16909.0,197.6123460878822
350400,ASSIS,35,2019,3436130.79,17105.0,200.8845828705057
350400,ASSIS,35,2020,3578697.48,17867.0,200.2964952146415
350400,ASSIS,35,2021,3548285.48,17980.0,197.3462447163515
350400,ASSIS,35,2022,3995091.45,17991.0,222.06055527763883
350400,ASSIS,35,2023,4292862.55,18368.0,233.71420677264808
350400,ASSIS,35,2024,4825986.54,19522.0,247.20758836184817
350400,ASSIS,35,2025,4865330.5,19704.0,246.920955136013
350400,ASSIS,35,2026,2454636.78,9600.0,255.69133125
330240,MACAE,33,2015,4041266.51,22132.0,182.5983422194108
330240,MACAE,33,2016,3998782.67,21693.0,184.3351620338358
330240,MACAE,33,2017,4140048.87,21032.0,196.84522965005706
330240,MACAE,33,2018,3913714.72,19900.0,196.66908140703518
330240,MACAE,33,2019,3809598.01,19362.0,196.75643063733085
330240,MACAE,33,2020,3676691.3,18663.0,197.00430263087392
330240,MACAE,33,2021,3093872.96,15749.0,196.44885135564164
330240,MACAE,33,2022,3476826.75,15830.0,219.6352969046115
330240,MACAE,33,2023,3684740.82,16004.0,230.23874156460883
330240,MACAE,33,2024,4048721.35,16582.0,244.16363225183935
330240,MACAE,33,2025,4055700.06,16600.0,244.31928072289156
330240,MACAE,33,2026,1990099.2799999998,8000.0,248.76241
260110,ARARIPINA,26,2015,0.0,0.0,0.0
260110,ARARIPINA,26,2016,0.0,0.0,0.0
260110,ARARIPINA,26,2017,0.0,0.0,0.0
260110,ARARIPINA,26,2018,2990056.75,15311.0,195.28814251191955
260110,ARARIPINA,26,2019,4449264.51,22786.0,195.26307864478187
260110,ARARIPINA,26,2020,4357198.89,22406.0,194.46571855752921
260110,ARARIPINA,26,2021,4747427.17,24347.0,194.9902316507167
260110,ARARIPINA,26,2022,5773848.54,26380.0,218.87219636087946
260110,ARARIPINA,26,2023,5540823.93,24302.0,227.9986803555263
260110,ARARIPINA,26,2024,6356488.03,26299.0,241.7007502186395
260110,ARARIPINA,26,2025,6422480.33,26560.0,241.81025338855423
260110,ARARIPINA,26,2026,3257436.07,13111.0,248.45061932728242
500660,PONTA PORA,50,2015,3281709.08,18059.0,181.72152832382747
500660,PONTA PORA,50,2016,3193220.14,17221.0,185.42594158295105
500660,PONTA PORA,50,2017,3415706.17,17310.0,197.32560196418254
500660,PONTA PORA,50,2018,3485882.86,17833.0,195.47372063029215
500660,PONTA PORA,50,2019,3870965.14,19776.0,195.74055117313915
500660,PONTA PORA,50,2020,3862011.21,19832.0,194.73634580476
500660,PONTA PORA,50,2021,3571542.96,18484.0,193.2234884224194
500660,PONTA PORA,50,2022,3916652.48,17935.0,218.3804003345414
500660,PONTA PORA,50,2023,3962799.51,17259.0,229.6077124978272
500660,PONTA PORA,50,2024,4201074.19,17381.0,241.7049761233531
500660,PONTA PORA,50,2025,4569508.54,18979.0,240.7665598819748
500660,PONTA PORA,50,2026,2377232.54,9634.0,246.7544675108989
350190,AMPARO,35,2015,2583165.8,14184.0,182.11828821206993
350190,AMPARO,35,2016,2807330.99,15351.0,182.87609862549672
350190,AMPARO,35,2017,2894906.21,14654.0,197.55058072881124
350190,AMPARO,35,2018,3062580.73,15553.0,196.9125397029512
350190,AMPARO,35,2019,3384669.47,17182.0,196.9892602723781
350190,AMPARO,35,2020,3568174.93,18204.0,196.01048835420787
350190,AMPARO,35,2021,3369957.13,17252.0,195.33718583352655
350190,AMPARO,35,2022,3607389.58,16507.0,218.53695886593567
350190,AMPARO,35,2023,3911242.19,17096.0,228.78112950397752
350190,AMPARO,35,2024,5499803.41,22599.0,243.36490154431613
350190,AMPARO,35,2025,5790027.14,23716.0,244.14012228031706
350190,AMPARO,35,2026,3151223.18,12632.0,249.46351963267892
430300,CACHOEIRA DO SUL,43,2015,3346247.45,18320.0,182.6554284934498
430300,CACHOEIRA DO SUL,43,2016,3505324.8,18595.0,188.50899704221564
430300,CACHOEIRA DO SUL,43,2017,3777709.48,18846.0,200.45152711450706
430300,CACHOEIRA DO SUL,43,2018,3738519.15,18674.0,200.19916193638213
430300,CACHOEIRA DO SUL,43,2019,3739032.67,18618.0,200.82891126866474
430300,CACHOEIRA DO SUL,43,2020,3780160.23,19112.0,197.78988227291754
430300,CACHOEIRA DO SUL,43,2021,3707622.27,18756.0,197.67659788867562
430300,CACHOEIRA DO SUL,43,2022,3848984.45,17360.0,221.71569412442398
430300,CACHOEIRA DO SUL,43,2023,3836959.99,16378.0,234.27524667236537
430300,CACHOEIRA DO SUL,43,2024,4077689.29,16512.0,246.953082000969
430300,CACHOEIRA DO SUL,43,2025,4149935.37,16863.0,246.097098381071
430300,CACHOEIRA DO SUL,43,2026,2121591.4699999997,8476.0,250.30574209532796
430390,CAMPO BOM,43,2015,2582618.77,13881.0,186.0542302427779
430390,CAMPO BOM,43,2016,2660118.15,14132.0,188.23366473252193
430390,CAMPO BOM,43,2017,2777346.38,13791.0,201.3883242694511
430390,CAMPO BOM,43,2018,2863896.43,14225.0,201.3283957820738
430390,CAMPO BOM,43,2019,3161899.36,15769.0,200.51362546768976
430390,CAMPO BOM,43,2020,3602523.23,18380.0,196.00235201305767
430390,CAMPO BOM,43,2021,3950026.95,19949.0,198.00626347185323
430390,CAMPO BOM,43,2022,4114756.45,18614.0,221.05707800580208
430390,CAMPO BOM,43,2023,4267175.56,18422.0,231.63476061231134
430390,CAMPO BOM,43,2024,5136453.22,20856.0,246.28179996164172
430390,CAMPO BOM,43,2025,5543264.76,22565.0,245.65764502548194
430390,CAMPO BOM,43,2026,2877890.42,11465.0,251.01530047972088
291070,EUCLIDES DA CUNHA,29,2015,0.0,0.0,0.0
291070,EUCLIDES DA CUNHA,29,2016,0.0,0.0,0.0
291070,EUCLIDES DA CUNHA,29,2017,0.0,0.0,0.0
291070,EUCLIDES DA CUNHA,29,2018,0.0,0.0,0.0
291070,EUCLIDES DA CUNHA,29,2019,418004.38,2160.0,193.5205462962963
291070,EUCLIDES DA CUNHA,29,2020,2797896.24,14394.0,194.37934139224677
291070,EUCLIDES DA CUNHA,29,2021,4296435.93,22013.0,195.1772102848317
291070,EUCLIDES DA CUNHA,29,2022,6075698.47,27788.0,218.64468367640708
291070,EUCLIDES DA CUNHA,29,2023,7633179.7,33339.0,228.95646840037193
291070,EUCLIDES DA CUNHA,29,2024,8560014.25,35630.0,240.24738282346337
291070,EUCLIDES DA CUNHA,29,2025,8911339.64,37095.0,240.2302100013479
291070,EUCLIDES DA CUNHA,29,2026,4720574.9,19047.0,247.8382369927023
352050,INDAIATUBA,35,2015,2255701.36,12574.0,179.39409575314139
352050,INDAIATUBA,35,2016,2530917.33,14123.0,179.20536217517525
352050,INDAIATUBA,35,2017,2639679.53,13595.0,194.16546745126882
352050,INDAIATUBA,35,2018,2607277.92,13370.0,195.00956768885564
352050,INDAIATUBA,35,2019,2724011.55,13970.0,194.99008947745168
352050,INDAIATUBA,35,2020,3351227.17,17449.0,192.05840850478538
352050,INDAIATUBA,35,2021,3364497.57,17549.0,191.7201874750698
352050,INDAIATUBA,35,2022,3720156.4,17205.0,216.2253065969195
352050,INDAIATUBA,35,2023,4163905.37,18127.0,229.70736304959453
352050,INDAIATUBA,35,2024,5511875.06,22697.0,242.8459734766709
352050,INDAIATUBA,35,2025,6815843.12,27972.0,243.66663520663522
352050,INDAIATUBA,35,2026,3399353.74,13726.0,247.658002331342
431680,SANTA CRUZ DO SUL,43,2015,2696725.94,14751.0,182.81648295030845
431680,SANTA CRUZ DO SUL,43,2016,2486656.63,13445.0,184.9502885831164
431680,SANTA CRUZ DO SUL,43,2017,2968587.57,14790.0,200.71586004056795
431680,SANTA CRUZ DO SUL,43,2018,3182875.44,15833.0,201.02794416724564
431680,SANTA CRUZ DO SUL,43,2019,3428657.26,17036.0,201.2595245362761
431680,SANTA CRUZ DO SUL,43,2020,3618998.85,17931.0,201.8291701522503
431680,SANTA CRUZ DO SUL,43,2021,3699297.84,18383.0,201.23471903389
431680,SANTA CRUZ DO SUL,43,2022,4319351.99,19286.0,223.96308150990356
431680,SANTA CRUZ DO SUL,43,2023,4556546.63,19281.0,236.32314869560707
431680,SANTA CRUZ DO SUL,43,2024,4806498.8,19388.0,247.9110171239942
431680,SANTA CRUZ DO SUL,43,2025,4874209.81,19700.0,247.42181776649744
431680,SANTA CRUZ DO SUL,43,2026,2396202.93,9558.0,250.7012900188324
354580,SANTA BARBARA D'OESTE,35,2015,3633332.9,19972.0,181.92133486881633
354580,SANTA BARBARA D'OESTE,35,2016,3656807.34,19875.0,183.99030641509432
354580,SANTA BARBARA D'OESTE,35,2017,3651546.61,18517.0,197.19968731435978
354580,SANTA BARBARA D'OESTE,35,2018,3471509.58,17628.0,196.93156228727025
354580,SANTA BARBARA D'OESTE,35,2019,3445677.38,17589.0,195.8995610893172
354580,SANTA BARBARA D'OESTE,35,2020,3190830.17,16433.0,194.1721030852553
354580,SANTA BARBARA D'OESTE,35,2021,2996310.13,15367.0,194.98341445955617
354580,SANTA BARBARA D'OESTE,35,2022,3442902.98,15771.0,218.30594001648595
354580,SANTA BARBARA D'OESTE,35,2023,3871258.06,16765.0,230.91309633164332
354580,SANTA BARBARA D'OESTE,35,2024,4277658.82,17516.0,244.21436515186116
354580,SANTA BARBARA D'OESTE,35,2025,4466706.14,18317.0,243.85577004968061
354580,SANTA BARBARA D'OESTE,35,2026,2233892.27,9054.0,246.72987298431633
210820,PEDREIRAS,21,2015,3274346.84,18248.0,179.4359294169224
210820,PEDREIRAS,21,2016,3342307.87,18631.0,179.39497987225593
210820,PEDREIRAS,21,2017,3193622.74,16310.0,195.80764806866955
210820,PEDREIRAS,21,2018,3671384.93,18831.0,194.9649476926345
210820,PEDREIRAS,21,2019,3710366.9,19142.0,193.83381569323998
210820,PEDREIRAS,21,2020,3519383.08,18580.0,189.41781916038752
210820,PEDREIRAS,21,2021,3456596.63,17894.0,193.17070694087403
210820,PEDREIRAS,21,2022,3851635.16,17534.0,219.666656781111
210820,PEDREIRAS,21,2023,3808413.14,16661.0,228.58250645219374
210820,PEDREIRAS,21,2024,3995076.37,16443.0,242.96517484643923
210820,PEDREIRAS,21,2025,3896341.1,15889.0,245.2225501919567
210820,PEDREIRAS,21,2026,2034676.3900000001,8162.0,249.28649718206324
210330,CODO,21,2015,0.0,0.0,0.0
210330,CODO,21,2016,0.0,0.0,0.0
210330,CODO,21,2017,1717574.34,8703.0,197.35428472940367
210330,CODO,21,2018,2529676.31,12802.0,197.60008670520233
210330,CODO,21,2019,3434630.64,17527.0,195.96226621783535
210330,CODO,21,2020,3723193.65,19494.0,190.99177439212065
210330,CODO,21,2021,3705383.87,18933.0,195.71034014683357
210330,CODO,21,2022,4666173.56,21209.0,220.00912631430052
210330,CODO,21,2023,5497471.61,23932.0,229.71216822664218
210330,CODO,21,2024,5941544.88,24246.0,245.05258104429595
210330,CODO,21,2025,6797108.37,27693.0,245.44499945834687
210330,CODO,21,2026,3558978.6799999997,14254.0,249.68280342360038
330610,VALENCA,33,2015,3216185.3,17797.0,180.71502500421417
330610,VALENCA,33,2016,3309121.4,18154.0,182.28056626638758
330610,VALENCA,33,2017,3520208.71,17835.0,197.37643453882814
330610,VALENCA,33,2018,3414528.76,17328.0,197.05267543859648
330610,VALENCA,33,2019,3538429.63,17914.0,197.5231455844591
330610,VALENCA,33,2020,3365952.91,17190.0,195.80877894124492
330610,VALENCA,33,2021,3534614.5,18077.0,195.531033910494
330610,VALENCA,33,2022,3778072.61,17261.0,218.8791269335496
330610,VALENCA,33,2023,3972143.37,17338.0,229.10043661321953
330610,VALENCA,33,2024,4336212.38,17949.0,241.58517911861384
330610,VALENCA,33,2025,4097601.72,16917.0,242.21798900514275
330610,VALENCA,33,2026,1427886.44,5866.0,243.41739515854073
315700,SALINAS,31,2015,2209573.76,12193.0,181.21658000492084
315700,SALINAS,31,2016,2261323.42,12355.0,183.0290101173614
315700,SALINAS,31,2017,2803520.32,14293.0,196.14638774225145
315700,SALINAS,31,2018,2863920.78,14602.0,196.13209012464046
315700,SALINAS,31,2019,2997668.03,15203.0,197.1760856409919
315700,SALINAS,31,2020,3199915.77,16307.0,196.2295805482308
315700,SALINAS,31,2021,3264011.74,16782.0,194.494800381361
315700,SALINAS,31,2022,3983518.53,18063.0,220.5347135027404
315700,SALINAS,31,2023,4730788.2,20651.0,229.08276596774976
315700,SALINAS,31,2024,4930046.94,20206.0,243.98925764624371
315700,SALINAS,31,2025,5299866.04,21948.0,241.47375797339166
315700,SALINAS,31,2026,2791289.17,11349.0,245.95023085734425
170950,GURUPI,17,2015,2860173.27,15916.0,179.70427682834884
170950,GURUPI,17,2016,2939837.24,16230.0,181.13599753542823
170950,GURUPI,17,2017,3212202.99,16432.0,195.48460260467382
170950,GURUPI,17,2018,3310522.27,16881.0,196.10936970558618
170950,GURUPI,17,2019,3445540.67,17510.0,196.77559508852084
170950,GURUPI,17,2020,3556036.36,18171.0,195.69844037202134
170950,GURUPI,17,2021,3538707.53,18147.0,195.0023436380669
170950,GURUPI,17,2022,3879821.24,17862.0,217.21090807300416
170950,GURUPI,17,2023,3972310.96,17362.0,228.79339707406982
170950,GURUPI,17,2024,4252606.89,17560.0,242.1757910022779
170950,GURUPI,17,2025,4193089.82,17267.0,242.83835176927084
170950,GURUPI,17,2026,2126077.2800000003,8581.0,247.76567765994642
352410,ITUVERAVA,35,2015,3268034.19,17994.0,181.6179943314438
352410,ITUVERAVA,35,2016,3398378.4,18441.0,184.28384577842849
352410,ITUVERAVA,35,2017,3148738.67,15923.0,197.74782829868744
352410,ITUVERAVA,35,2018,3140902.1,15893.0,197.6280186245517
352410,ITUVERAVA,35,2019,3107155.42,15696.0,197.9584238022426
352410,ITUVERAVA,35,2020,3371749.67,17290.0,195.01154829381144
352410,ITUVERAVA,35,2021,3094673.18,15984.0,193.61068443443443
352410,ITUVERAVA,35,2022,3293219.87,15019.0,219.27024901791066
352410,ITUVERAVA,35,2023,3965778.64,17265.0,229.70047147408053
352410,ITUVERAVA,35,2024,4382790.08,18042.0,242.92152089568785
352410,ITUVERAVA,35,2025,4662682.1,19199.0,242.86067503515807
352410,ITUVERAVA,35,2026,2359421.13,9509.0,248.1250531075823
500320,CORUMBA,50,2015,1934081.62,10772.0,179.54712402525067
500320,CORUMBA,50,2016,2031296.45,11318.0,179.47485863226717
500320,CORUMBA,50,2017,2451625.94,12607.0,194.465450939954
500320,CORUMBA,50,2018,2974853.25,15355.0,193.73840768479323
500320,CORUMBA,50,2019,3278692.41,16934.0,193.61594484469117
500320,CORUMBA,50,2020,3598465.94,18910.0,190.29433844526704
500320,CORUMBA,50,2021,3797295.48,20057.0,189.32519718801416
500320,CORUMBA,50,2022,4312785.01,19871.0,217.03915303708922
500320,CORUMBA,50,2023,4307257.39,18898.0,227.9213350619113
500320,CORUMBA,50,2024,4648529.04,19262.0,241.33158758176722
500320,CORUMBA,50,2025,5024416.75,20780.0,241.79098893166505
500320,CORUMBA,50,2026,2819607.02,11543.0,244.26986225418003
354970,SAO JOSE DO RIO PARDO,35,2015,1622372.94,9064.0,178.9908362753751
354970,SAO JOSE DO RIO PARDO,35,2016,2004477.86,10819.0,185.2738571032443
354970,SAO JOSE DO RIO PARDO,35,2017,2068624.62,10452.0,197.91663030998853
354970,SAO JOSE DO RIO PARDO,35,2018,2556539.46,13070.0,195.6036312165264
354970,SAO JOSE DO RIO PARDO,35,2019,2853001.1,14598.0,195.4378065488423
354970,SAO JOSE DO RIO PARDO,35,2020,3005762.68,15442.0,194.6485351638389
354970,SAO JOSE DO RIO PARDO,35,2021,3140945.05,16190.0,194.0052532427424
354970,SAO JOSE DO RIO PARDO,35,2022,3955490.58,18031.0,219.37166990183573
354970,SAO JOSE DO RIO PARDO,35,2023,4668834.35,20310.0,229.8785992122107
354970,SAO JOSE DO RIO PARDO,35,2024,5703990.73,23525.0,242.46506822529227
354970,SAO JOSE DO RIO PARDO,35,2025,6183073.75,25482.0,242.6447590456008
354970,SAO JOSE DO RIO PARDO,35,2026,3322727.99,13246.0,250.84765136645026
431020,IJUI,43,2015,2444357.55,13671.0,178.7987382049594
431020,IJUI,43,2016,2378297.67,13031.0,182.51075665720205
431020,IJUI,43,2017,2456887.21,12540.0,195.92401993620413
431020,IJUI,43,2018,2603697.82,13219.0,196.96632271730084
431020,IJUI,43,2019,2774850.2,13982.0,198.45874696037765
431020,IJUI,43,2020,3292928.81,16780.0,196.24128784266986
431020,IJUI,43,2021,3803688.14,19646.0,193.61132749669144
431020,IJUI,43,2022,4360177.95,20047.0,217.49777772235248
431020,IJUI,43,2023,4730100.05,20758.0,227.86877589363135
431020,IJUI,43,2024,4830017.26,19933.0,242.31261024431845
431020,IJUI,43,2025,4870868.26,19987.0,243.7018191824686
431020,IJUI,43,2026,2524984.6100000003,10070.0,250.74325819265147
431870,SAO LEOPOLDO,43,2015,3052022.94,16417.0,185.90625205579582
431870,SAO LEOPOLDO,43,2016,3014499.19,16227.0,185.7705792814445
431870,SAO LEOPOLDO,43,2017,3187725.76,15922.0,200.2088782816229
431870,SAO LEOPOLDO,43,2018,3237624.29,16212.0,199.7054212928695
431870,SAO LEOPOLDO,43,2019,3318741.87,16583.0,200.12916058614243
431870,SAO LEOPOLDO,43,2020,3227615.64,16345.0,197.4680721933313
431870,SAO LEOPOLDO,43,2021,3285487.33,16679.0,196.9834720306973
431870,SAO LEOPOLDO,43,2022,3834110.86,17284.0,221.8300659569544
431870,SAO LEOPOLDO,43,2023,4082004.87,17426.0,234.24795535406864
431870,SAO LEOPOLDO,43,2024,4409762.84,17816.0,247.51699820386168
431870,SAO LEOPOLDO,43,2025,4185668.86,16947.0,246.98582994040243
431870,SAO LEOPOLDO,43,2026,2188484.42,8271.0,264.59731834119214
354160,PROMISSAO,35,2015,2546484.08,13947.0,182.5829267942927
354160,PROMISSAO,35,2016,2997174.02,16543.0,181.17475790364506
354160,PROMISSAO,35,2017,3536839.03,17963.0,196.89578745198463
354160,PROMISSAO,35,2018,3498745.69,17799.0,196.5697898758357
354160,PROMISSAO,35,2019,3459117.41,17591.0,196.64131715081578
354160,PROMISSAO,35,2020,3460874.06,17544.0,197.26824327405382
354160,PROMISSAO,35,2021,3211623.51,16248.0,197.66269756277694
354160,PROMISSAO,35,2022,3410555.63,15500.0,220.03584709677418
354160,PROMISSAO,35,2023,3813253.37,16649.0,229.0379824614091
354160,PROMISSAO,35,2024,4234891.1,17532.0,241.55208190736937
354160,PROMISSAO,35,2025,4436399.56,18394.0,241.1873197781885
354160,PROMISSAO,35,2026,2294279.7199999997,8821.0,260.0929282394286
291470,ITABERABA,29,2015,0.0,0.0,0.0
291470,ITABERABA,29,2016,36929.36,65.0,568.144
291470,ITABERABA,29,2017,84987.64,180.0,472.15355555555556
291470,ITABERABA,29,2018,67634.66,155.0,436.35264516129035
291470,ITABERABA,29,2019,420618.01,2018.0,208.43310703666998
291470,ITABERABA,29,2020,4674960.0,23791.0,196.5011979319911
291470,ITABERABA,29,2021,5037163.45,25992.0,193.79668551862113
291470,ITABERABA,29,2022,6024956.38,27545.0,218.73139880196044
291470,ITABERABA,29,2023,6036007.8,26325.0,229.2880455840456
291470,ITABERABA,29,2024,7083405.07,29189.0,242.67378361711604
291470,ITABERABA,29,2025,7435788.83,30588.0,243.09496632666406
291470,ITABERABA,29,2026,3900504.33,15619.0,249.72817273833152
421580,SAO BENTO DO SUL,42,2015,2295953.3,12516.0,183.4414589325663
421580,SAO BENTO DO SUL,42,2016,2548780.84,13974.0,182.3945069414627
421580,SAO BENTO DO SUL,42,2017,3151122.78,15942.0,197.66169740308618
421580,SAO BENTO DO SUL,42,2018,3429541.43,17366.0,197.48597431763216
421580,SAO BENTO DO SUL,42,2019,3586237.75,18219.0,196.84053735111698
421580,SAO BENTO DO SUL,42,2020,3573017.74,18347.0,194.74670191311932
421580,SAO BENTO DO SUL,42,2021,3418424.05,17611.0,194.10732212821532
421580,SAO BENTO DO SUL,42,2022,3826147.51,17420.0,219.64107405281285
421580,SAO BENTO DO SUL,42,2023,4281429.9,18572.0,230.53143980185226
421580,SAO BENTO DO SUL,42,2024,4267739.82,17486.0,244.06609973693241
421580,SAO BENTO DO SUL,42,2025,4224971.77,17323.0,243.89376955492696
421580,SAO BENTO DO SUL,42,2026,2121577.4,8583.0,247.18366538506348
211220,TIMON,21,2015,3034871.04,16774.0,180.92709192798378
211220,TIMON,21,2016,3081704.3,16915.0,182.18766183860478
211220,TIMON,21,2017,3359628.25,17026.0,197.32340244332198
211220,TIMON,21,2018,3144489.4,16104.0,195.26138847491305
211220,TIMON,21,2019,3176468.68,16290.0,194.99500798035606
211220,TIMON,21,2020,3424757.29,18386.0,186.26984063961712
211220,TIMON,21,2021,3228416.42,16784.0,192.35083531935175
211220,TIMON,21,2022,3599385.26,16471.0,218.52864185538218
211220,TIMON,21,2023,3877232.13,16921.0,229.13729271319662
211220,TIMON,21,2024,4095536.03,16862.0,242.88554323330564
211220,TIMON,21,2025,4374826.61,18049.0,242.38609396642474
211220,TIMON,21,2026,2205969.83,8841.0,249.51587263884176
355500,TUPA,35,2015,2404657.3,13075.0,183.91260420650093
355500,TUPA,35,2016,2469652.52,13243.0,186.48739107452994
355500,TUPA,35,2017,2752300.78,13651.0,201.61898615486044
355500,TUPA,35,2018,3021863.41,14943.0,202.22601954092218
355500,TUPA,35,2019,3059658.45,15269.0,200.38368262492634
355500,TUPA,35,2020,3312044.32,16624.0,199.23269489894128
355500,TUPA,35,2021,3617921.12,18367.0,196.9794261447161
355500,TUPA,35,2022,4100614.38,18742.0,218.792785188347
355500,TUPA,35,2023,4180232.73,18213.0,229.51917476527754
355500,TUPA,35,2024,4638653.54,18587.0,249.56440200139883
355500,TUPA,35,2025,4693995.23,19309.0,243.098825936092
355500,TUPA,35,2026,2346255.07,9387.0,249.9472749547246
421720,SAO MIGUEL DO OESTE,42,2015,2754189.95,14947.0,184.2637285073928
421720,SAO MIGUEL DO OESTE,42,2016,2809484.98,15016.0,187.09942594565797
421720,SAO MIGUEL DO OESTE,42,2017,3170362.76,15874.0,199.72047121078492
421720,SAO MIGUEL DO OESTE,42,2018,3250965.3,16182.0,200.9000926955877
421720,SAO MIGUEL DO OESTE,42,2019,3186200.35,15951.0,199.74925396526865
421720,SAO MIGUEL DO OESTE,42,2020,3386236.89,17007.0,199.1084194743341
421720,SAO MIGUEL DO OESTE,42,2021,3444745.89,17267.0,199.49880639369897
421720,SAO MIGUEL DO OESTE,42,2022,3859389.41,17272.0,223.44774258916166
421720,SAO MIGUEL DO OESTE,42,2023,3965976.94,17079.0,232.21365068212424
421720,SAO MIGUEL DO OESTE,42,2024,4331725.78,17635.0,245.63230961156793
421720,SAO MIGUEL DO OESTE,42,2025,4300549.33,17549.0,245.05950937375349
421720,SAO MIGUEL DO OESTE,42,2026,2101555.93,8451.0,248.67541474381733
313380,ITAUNA,31,2015,3049577.49,16767.0,181.8797334049025
313380,ITAUNA,31,2016,3073940.32,16807.0,182.8964312488844
313380,ITAUNA,31,2017,3404280.51,17344.0,196.28001095479704
313380,ITAUNA,31,2018,3407330.51,17514.0,194.5489614023067
313380,ITAUNA,31,2019,3225906.8,16633.0,193.94617928214993
313380,ITAUNA,31,2020,3207624.63,16603.0,193.19548455098476
313380,ITAUNA,31,2021,3092045.36,16041.0,192.75889034349478
313380,ITAUNA,31,2022,3561411.06,16350.0,217.82330642201836
313380,ITAUNA,31,2023,3611400.35,15807.0,228.4684222180047
313380,ITAUNA,31,2024,3914643.44,16198.0,241.67449314730214
313380,ITAUNA,31,2025,4269199.35,17632.0,242.1279123185118
313380,ITAUNA,31,2026,2277077.52,9223.0,246.8911980917272
521250,LUZIANIA,52,2015,2464197.15,13668.0,180.28951931518876
521250,LUZIANIA,52,2016,2433184.78,13478.0,180.53010684077753
521250,LUZIANIA,52,2017,2575453.28,13160.0,195.7031367781155
521250,LUZIANIA,52,2018,2516097.39,12860.0,195.65298522550546
521250,LUZIANIA,52,2019,2678019.19,13693.0,195.5757825166143
521250,LUZIANIA,52,2020,2993958.83,15314.0,195.5046904793
521250,LUZIANIA,52,2021,2979724.67,15264.0,195.21257009958072
521250,LUZIANIA,52,2022,3447737.4,15763.0,218.7234282814185
521250,LUZIANIA,52,2023,4655978.3,20066.0,232.03320542210705
521250,LUZIANIA,52,2024,5257162.6,21559.0,243.85002087295328
521250,LUZIANIA,52,2025,4855594.83,19946.0,243.43702145793642
521250,LUZIANIA,52,2026,3039070.62,12159.0,249.9441253392549
355100,SAO VICENTE,35,2015,3581966.82,19593.0,182.81870157709386
355100,SAO VICENTE,35,2016,3276497.21,17792.0,184.15564354766187
355100,SAO VICENTE,35,2017,3475457.02,17648.0,196.93206142339076
355100,SAO VICENTE,35,2018,3048536.13,15637.0,194.9565856622114
355100,SAO VICENTE,35,2019,3049828.77,15545.0,196.19355226761016
355100,SAO VICENTE,35,2020,2769872.27,14150.0,195.75069045936397
355100,SAO VICENTE,35,2021,3051493.87,15599.0,195.6211212257196
355100,SAO VICENTE,35,2022,3948483.2,18117.0,217.94354473698738
355100,SAO VICENTE,35,2023,3645356.6,15864.0,229.7879853756934
355100,SAO VICENTE,35,2024,3682308.58,15162.0,242.8643041815064
355100,SAO VICENTE,35,2025,4218331.45,17420.0,242.1545034443169
355100,SAO VICENTE,35,2026,2020771.3199999998,8058.0,250.77827252419954
320240,GUARAPARI,32,2015,2480240.96,13654.0,181.64940383770323
320240,GUARAPARI,32,2016,2557523.2,13995.0,182.74549481957843
320240,GUARAPARI,32,2017,2854155.14,14592.0,195.59725466008774
320240,GUARAPARI,32,2018,2983938.77,15285.0,195.2200700032712
320240,GUARAPARI,32,2019,3282903.81,16757.0,195.9123834815301
320240,GUARAPARI,32,2020,3283779.47,16776.0,195.74269611349547
320240,GUARAPARI,32,2021,3192938.45,16329.0,195.53790495437565
320240,GUARAPARI,32,2022,3452917.32,15753.0,219.19109502951818
320240,GUARAPARI,32,2023,3729610.87,16250.0,229.5145150769231
320240,GUARAPARI,32,2024,4103537.38,16922.0,242.49718591183074
320240,GUARAPARI,32,2025,4710117.47,19326.0,243.71921090758562
320240,GUARAPARI,32,2026,2627192.46,10578.0,248.3638173567782
210860,PINHEIRO,21,2015,0.0,0.0,0.0
210860,PINHEIRO,21,2016,0.0,0.0,0.0
210860,PINHEIRO,21,2017,0.0,0.0,0.0
210860,PINHEIRO,21,2018,0.0,0.0,0.0
210860,PINHEIRO,21,2019,0.0,0.0,0.0
210860,PINHEIRO,21,2020,20715.2,120.0,172.62666666666667
210860,PINHEIRO,21,2021,3611327.97,18612.0,194.03223565441652
210860,PINHEIRO,21,2022,6087988.02,27726.0,219.57685998701578
210860,PINHEIRO,21,2023,7164498.34,31116.0,230.25126430132408
210860,PINHEIRO,21,2024,7789070.22,31712.0,245.61901551463168
210860,PINHEIRO,21,2025,9088419.17,37161.0,244.56874599714754
210860,PINHEIRO,21,2026,5343876.24,20742.0,257.63553369973965
432120,TAQUARA,43,2015,2767927.19,14812.0,186.87059073724006
432120,TAQUARA,43,2016,3138511.08,16561.0,189.51217197029166
432120,TAQUARA,43,2017,3420535.17,16942.0,201.896775469248
432120,TAQUARA,43,2018,3413655.72,16924.0,201.70501772630584
432120,TAQUARA,43,2019,3407722.59,16932.0,201.25930722891565
432120,TAQUARA,43,2020,3451512.14,17551.0,196.65615292575922
432120,TAQUARA,43,2021,3297952.56,16623.0,198.3969536184804
432120,TAQUARA,43,2022,3382601.42,15238.0,221.98460559128495
432120,TAQUARA,43,2023,3421371.78,14643.0,233.65237861094036
432120,TAQUARA,43,2024,3698367.53,14932.0,247.680654299491
432120,TAQUARA,43,2025,3702985.01,14910.0,248.35580214621058
432120,TAQUARA,43,2026,1926902.8699999999,7586.0,254.00776034800947
410840,FRANCISCO BELTRAO,41,2015,2475149.53,13617.0,181.76907762355876
410840,FRANCISCO BELTRAO,41,2016,2420777.53,13115.0,184.58082577201677
410840,FRANCISCO BELTRAO,41,2017,2827391.19,14450.0,195.66721038062283
410840,FRANCISCO BELTRAO,41,2018,2827575.49,14311.0,197.58056669694642
410840,FRANCISCO BELTRAO,41,2019,2846377.97,14396.0,197.72005904417895
410840,FRANCISCO BELTRAO,41,2020,3054471.1,15551.0,196.4163783679506
410840,FRANCISCO BELTRAO,41,2021,2985777.65,15183.0,196.65268062965157
410840,FRANCISCO BELTRAO,41,2022,3542839.53,16136.0,219.56120042141794
410840,FRANCISCO BELTRAO,41,2023,3933844.71,17041.0,230.8458840443636
410840,FRANCISCO BELTRAO,41,2024,4507312.19,18331.0,245.88468659647594
410840,FRANCISCO BELTRAO,41,2025,5246289.62,21354.0,245.68182167275452
410840,FRANCISCO BELTRAO,41,2026,2253636.32,9011.0,250.09835978248805
314480,NOVA LIMA,31,2015,2622195.65,14665.0,178.8063859529492
314480,NOVA LIMA,31,2016,2582757.0,14460.0,178.61390041493775
314480,NOVA LIMA,31,2017,2731700.89,14084.0,193.9577456688441
314480,NOVA LIMA,31,2018,2841499.18,14593.0,194.7165887754403
314480,NOVA LIMA,31,2019,3165452.49,16200.0,195.39830185185187
314480,NOVA LIMA,31,2020,3177279.45,16271.0,195.27253702907012
314480,NOVA LIMA,31,2021,3106900.78,15906.0,195.32885577769395
314480,NOVA LIMA,31,2022,4059867.82,18462.0,219.90400931643376
314480,NOVA LIMA,31,2023,4358319.98,18967.0,229.78436125902886
314480,NOVA LIMA,31,2024,2560104.77,10447.0,245.05645352732842
314480,NOVA LIMA,31,2025,4753144.66,19551.0,243.11516853357884
314480,NOVA LIMA,31,2026,2429466.72,9684.0,250.87429987608428
317040,UNAI,31,2015,2533180.91,14118.0,179.42916206261512
317040,UNAI,31,2016,2532968.75,14096.0,179.6941508229285
317040,UNAI,31,2017,3030323.55,15596.0,194.30133046935111
317040,UNAI,31,2018,2728929.47,14031.0,194.49287078611647
317040,UNAI,31,2019,2484564.76,12842.0,193.47179255567667
317040,UNAI,31,2020,2607636.89,13604.0,191.6816296677448
317040,UNAI,31,2021,3055878.2,15876.0,192.48413958175865
317040,UNAI,31,2022,3677409.3,16912.0,217.44378547776725
317040,UNAI,31,2023,4321526.09,18924.0,228.3621903403086
317040,UNAI,31,2024,4588007.16,18919.0,242.5079105660976
317040,UNAI,31,2025,4420490.47,18347.0,240.9380536327465
317040,UNAI,31,2026,2391464.5,9794.0,244.17648560343068
315180,POCOS DE CALDAS,31,2015,2698249.82,15057.0,179.20235239423522
315180,POCOS DE CALDAS,31,2016,2565001.03,14140.0,181.40035572842996
315180,POCOS DE CALDAS,31,2017,2734627.86,14016.0,195.10758133561643
315180,POCOS DE CALDAS,31,2018,2890361.88,14854.0,194.58475023562676
315180,POCOS DE CALDAS,31,2019,3129087.94,16084.0,194.54662646107934
315180,POCOS DE CALDAS,31,2020,3250862.52,16582.0,196.04767338077434
315180,POCOS DE CALDAS,31,2021,3276815.68,16753.0,195.59575479018685
315180,POCOS DE CALDAS,31,2022,3763007.76,17237.0,218.30990079480188
315180,POCOS DE CALDAS,31,2023,3772071.14,16385.0,230.21490021361
315180,POCOS DE CALDAS,31,2024,3764090.47,15478.0,243.18971895593748
315180,POCOS DE CALDAS,31,2025,4316972.39,17760.0,243.0727697072072
315180,POCOS DE CALDAS,31,2026,2107385.85,7984.0,263.95113351703407
316930,TRES CORACOES,31,2015,3102079.29,17097.0,181.43997718898052
316930,TRES CORACOES,31,2016,3098416.88,16971.0,182.5712615638442
316930,TRES CORACOES,31,2017,3279291.48,16690.0,196.4824134212103
316930,TRES CORACOES,31,2018,3371027.64,17141.0,196.66458432996907
316930,TRES CORACOES,31,2019,3315519.54,16916.0,195.99902695672736
316930,TRES CORACOES,31,2020,3082501.11,15698.0,196.3626646706587
316930,TRES CORACOES,31,2021,2811982.58,14308.0,196.53219038300253
316930,TRES CORACOES,31,2022,2940774.94,13328.0,220.64637905162064
316930,TRES CORACOES,31,2023,3504811.08,15058.0,232.75408952052067
316930,TRES CORACOES,31,2024,4045953.86,16560.0,244.32088526570047
316930,TRES CORACOES,31,2025,3892523.47,15900.0,244.81279685534594
316930,TRES CORACOES,31,2026,1773004.79,7098.0,249.78934770357847
420290,BRUSQUE,42,2015,1969152.24,10683.0,184.32577365908452
420290,BRUSQUE,42,2016,1950438.1,10411.0,187.34397272116033
420290,BRUSQUE,42,2017,2314286.73,11553.0,200.3191145157102
420290,BRUSQUE,42,2018,2572732.17,12935.0,198.89695941244685
420290,BRUSQUE,42,2019,2735614.05,13797.0,198.2760056534029
420290,BRUSQUE,42,2020,2863922.03,14535.0,197.036259373925
420290,BRUSQUE,42,2021,3054243.45,15592.0,195.885290533607
420290,BRUSQUE,42,2022,3578952.96,16225.0,220.58261694915254
420290,BRUSQUE,42,2023,4390841.7,19061.0,230.35736320235037
420290,BRUSQUE,42,2024,4759358.13,19634.0,242.40389783029437
420290,BRUSQUE,42,2025,5254375.73,21449.0,244.97066203552615
420290,BRUSQUE,42,2026,2706590.31,10956.0,247.04183187294635
431240,MONTENEGRO,43,2015,2391279.85,12972.0,184.3416473943879
431240,MONTENEGRO,43,2016,2413195.81,13071.0,184.62212608063652
431240,MONTENEGRO,43,2017,2880439.0,14511.0,198.50037902281028
431240,MONTENEGRO,43,2018,2942560.27,14783.0,199.05027869850505
431240,MONTENEGRO,43,2019,3035037.65,15145.0,200.39865632221856
431240,MONTENEGRO,43,2020,3228730.34,16127.0,200.20650709989457
431240,MONTENEGRO,43,2021,2997369.83,15135.0,198.04227485959697
431240,MONTENEGRO,43,2022,3401685.52,15333.0,221.85387856257745
431240,MONTENEGRO,43,2023,3950523.09,16981.0,232.6437247511925
431240,MONTENEGRO,43,2024,4189346.83,16894.0,247.97838463359773
431240,MONTENEGRO,43,2025,4302483.91,17182.0,250.40646665114656
431240,MONTENEGRO,43,2026,2223363.81,8643.0,257.24445331482127
431140,LAJEADO,43,2015,2168108.43,11842.0,183.0863393007938
431140,LAJEADO,43,2016,2552317.92,13907.0,183.52757028834398
431140,LAJEADO,43,2017,2918103.95,14819.0,196.91638774546192
431140,LAJEADO,43,2018,3140261.65,15991.0,196.37681508348444
431140,LAJEADO,43,2019,3291149.75,16727.0,196.75672565313565
431140,LAJEADO,43,2020,3576497.02,18210.0,196.40291158704008
431140,LAJEADO,43,2021,3696923.79,18791.0,196.73906604225428
431140,LAJEADO,43,2022,4294876.09,19458.0,220.72546459039984
431140,LAJEADO,43,2023,3046287.35,13075.0,232.9856481835564
431140,LAJEADO,43,2024,3583319.07,14567.0,245.98881513008854
431140,LAJEADO,43,2025,3625558.97,14655.0,247.39399317639032
431140,LAJEADO,43,2026,1898230.48,7420.0,255.8262102425876
351840,GUARATINGUETA,35,2015,2966527.33,16404.0,180.8417050719337
351840,GUARATINGUETA,35,2016,2364242.9,12543.0,188.49102288128836
351840,GUARATINGUETA,35,2017,2855667.24,13071.0,218.47350929538675
351840,GUARATINGUETA,35,2018,2899433.42,13420.0,216.0531609538003
351840,GUARATINGUETA,35,2019,3239838.92,16514.0,196.1874118929393
351840,GUARATINGUETA,35,2020,3230447.52,16504.0,195.7372467280659
351840,GUARATINGUETA,35,2021,3184528.05,16422.0,193.9184051881622
351840,GUARATINGUETA,35,2022,3370828.08,15268.0,220.7773172648677
351840,GUARATINGUETA,35,2023,3903481.56,16855.0,231.59190507267874
351840,GUARATINGUETA,35,2024,4113687.43,16818.0,244.60027530027352
351840,GUARATINGUETA,35,2025,3958030.67,16168.0,244.80644915883227
351840,GUARATINGUETA,35,2026,1407865.24,5616.0,250.68825498575498
241120,SANTA CRUZ,24,2015,0.0,0.0,0.0
241120,SANTA CRUZ,24,2016,0.0,0.0,0.0
241120,SANTA CRUZ,24,2017,0.0,0.0,0.0
241120,SANTA CRUZ,24,2018,2154641.49,11145.0,193.32808344549127
241120,SANTA CRUZ,24,2019,2731227.52,14102.0,193.67660757339385
241120,SANTA CRUZ,24,2020,3345841.22,17350.0,192.84387435158501
241120,SANTA CRUZ,24,2021,3610444.0,18694.0,193.13383973467424
241120,SANTA CRUZ,24,2022,4375313.08,20038.0,218.35078750374288
241120,SANTA CRUZ,24,2023,5039600.89,21987.0,229.2082089416473
241120,SANTA CRUZ,24,2024,5995446.76,24728.0,242.45578938854737
241120,SANTA CRUZ,24,2025,6417093.9,26521.0,241.96274273217452
241120,SANTA CRUZ,24,2026,3532667.92,14258.0,247.76742320100996
354390,RIO CLARO,35,2015,2718308.59,15053.0,180.58251444894705
354390,RIO CLARO,35,2016,2558402.35,14117.0,181.228472763335
354390,RIO CLARO,35,2017,2798865.72,14097.0,198.54335816131092
354390,RIO CLARO,35,2018,3003803.34,15104.0,198.8746914724576
354390,RIO CLARO,35,2019,3230256.36,16279.0,198.43088396093125
354390,RIO CLARO,35,2020,3247017.37,16362.0,198.4486841461924
354390,RIO CLARO,35,2021,3021434.33,15201.0,198.76549766462733
354390,RIO CLARO,35,2022,3340118.19,15147.0,220.51351356704296
354390,RIO CLARO,35,2023,3582864.07,15431.0,232.18612338798522
354390,RIO CLARO,35,2024,3759215.28,15248.0,246.53825288562433
354390,RIO CLARO,35,2025,3908605.42,15868.0,246.31997857322912
354390,RIO CLARO,35,2026,1985174.3299999998,7952.0,249.64465920523136
291640,ITAPETINGA,29,2015,0.0,0.0,0.0
291640,ITAPETINGA,29,2016,0.0,0.0,0.0
291640,ITAPETINGA,29,2017,1200.0,2.0,600.0
291640,ITAPETINGA,29,2018,7200.0,12.0,600.0
291640,ITAPETINGA,29,2019,359450.27,1790.0,200.81020670391064
291640,ITAPETINGA,29,2020,4423462.06,22828.0,193.77352637112315
291640,ITAPETINGA,29,2021,4762717.91,24468.0,194.65088728134708
291640,ITAPETINGA,29,2022,5252420.54,23982.0,219.01511717121176
291640,ITAPETINGA,29,2023,5844527.7,25607.0,228.2394540555317
291640,ITAPETINGA,29,2024,6674622.63,27547.0,242.29943841434638
291640,ITAPETINGA,29,2025,6491153.62,26855.0,241.7111755725191
291640,ITAPETINGA,29,2026,3236829.5999999996,12981.0,249.35132886526458
351440,DRACENA,35,2015,2506152.63,13840.0,181.08039234104046
351440,DRACENA,35,2016,2514056.49,13799.0,182.19120878324517
351440,DRACENA,35,2017,2724432.17,13880.0,196.28473847262248
351440,DRACENA,35,2018,2887080.08,14724.0,196.07987503395816
351440,DRACENA,35,2019,2957244.58,15087.0,196.0127646318022
351440,DRACENA,35,2020,2885542.5,14705.0,196.2286637198232
351440,DRACENA,35,2021,2882168.9,14751.0,195.3880347095112
351440,DRACENA,35,2022,3242028.67,14860.0,218.17151211305517
351440,DRACENA,35,2023,3487890.38,15152.0,230.19339889123546
351440,DRACENA,35,2024,4171433.22,17021.0,245.07568415486753
351440,DRACENA,35,2025,4420080.84,18140.0,243.66487541345094
351440,DRACENA,35,2026,2338993.76,9331.0,250.66914157110705
150060,ALTAMIRA,15,2015,1963828.04,10875.0,180.5818887356322
150060,ALTAMIRA,15,2016,2341039.37,12954.0,180.7194202562915
150060,ALTAMIRA,15,2017,2772921.32,14245.0,194.6592713232713
150060,ALTAMIRA,15,2018,3174705.55,16279.0,195.01846243626758
150060,ALTAMIRA,15,2019,3203258.95,16495.0,194.1957532585632
150060,ALTAMIRA,15,2020,3322762.41,17205.0,193.12771926765475
150060,ALTAMIRA,15,2021,3049393.98,15658.0,194.74990292502235
150060,ALTAMIRA,15,2022,3481659.15,15972.0,217.9851709241172
150060,ALTAMIRA,15,2023,3694937.46,16238.0,227.5488028082276
150060,ALTAMIRA,15,2024,4149873.12,17251.0,240.5584093675729
150060,ALTAMIRA,15,2025,4038090.01,16689.0,241.96117262867756
150060,ALTAMIRA,15,2026,1817594.72,7014.0,259.1381123467351
352670,LEME,35,2015,1903835.98,10612.0,179.40406897851489
352670,LEME,35,2016,1622599.78,9076.0,178.77917364477744
352670,LEME,35,2017,1951379.65,10105.0,193.11030677882235
352670,LEME,35,2018,1870980.81,9576.0,195.38229010025063
352670,LEME,35,2019,2441394.63,12337.0,197.89208316446462
352670,LEME,35,2020,3060441.39,15568.0,196.5853924717369
352670,LEME,35,2021,3217430.86,16370.0,196.54434086744044
352670,LEME,35,2022,4014767.2,18128.0,221.46774051191528
352670,LEME,35,2023,4520526.81,19541.0,231.33548999539428
352670,LEME,35,2024,4615162.33,18923.0,243.89168366538075
352670,LEME,35,2025,4961539.64,20379.0,243.46335148927815
352670,LEME,35,2026,2575392.26,10329.0,249.33606931939198
280210,ESTANCIA,28,2015,0.0,0.0,0.0
280210,ESTANCIA,28,2016,0.0,0.0,0.0
280210,ESTANCIA,28,2017,3501433.37,17459.0,200.55177100635777
280210,ESTANCIA,28,2018,3681402.4,18347.0,200.65418869569956
280210,ESTANCIA,28,2019,3775174.36,19423.0,194.36618236111826
280210,ESTANCIA,28,2020,3720457.7,19308.0,192.68995753055728
280210,ESTANCIA,28,2021,3293975.91,17118.0,192.4276147914476
280210,ESTANCIA,28,2022,3622517.27,16718.0,216.68365055628664
280210,ESTANCIA,28,2023,3877403.63,17069.0,227.16056183724882
280210,ESTANCIA,28,2024,4254813.02,17656.0,240.98397258722244
280210,ESTANCIA,28,2025,4316218.34,17864.0,241.61544670846394
280210,ESTANCIA,28,2026,2621577.37,10535.0,248.8445533934504
421010,MAFRA,42,2015,2824970.56,15558.0,181.57671680164546
421010,MAFRA,42,2016,2842517.45,15551.0,182.78679506141086
421010,MAFRA,42,2017,2903461.08,14755.0,196.77811453744494
421010,MAFRA,42,2018,3130024.54,15909.0,196.74552391727954
421010,MAFRA,42,2019,3047949.62,15584.0,195.58198280287476
421010,MAFRA,42,2020,2845296.22,14605.0,194.81658473125643
421010,MAFRA,42,2021,3041483.91,15565.0,195.40532669450693
421010,MAFRA,42,2022,3319338.31,15068.0,220.2905700822936
421010,MAFRA,42,2023,3404576.94,14756.0,230.72492138791
421010,MAFRA,42,2024,3637827.59,14965.0,243.08904710992314
421010,MAFRA,42,2025,3582243.66,14870.0,240.90407935440484
421010,MAFRA,42,2026,1978343.38,8080.0,244.84447772277227
520450,CALDAS NOVAS,52,2015,1260180.95,7047.0,178.82516673761884
520450,CALDAS NOVAS,52,2016,1454029.89,8107.0,179.35486493154062
520450,CALDAS NOVAS,52,2017,1453970.48,7486.0,194.22528453112477
520450,CALDAS NOVAS,52,2018,2494077.69,12817.0,194.59137785753296
520450,CALDAS NOVAS,52,2019,3520959.06,17870.0,197.03184443200897
520450,CALDAS NOVAS,52,2020,3538611.08,18096.0,195.5465893015031
520450,CALDAS NOVAS,52,2021,3505614.63,19024.0,184.27326692598822
520450,CALDAS NOVAS,52,2022,4062034.27,19606.0,207.18322299296133
520450,CALDAS NOVAS,52,2023,4323667.41,18671.0,231.57128220234588
520450,CALDAS NOVAS,52,2024,4388873.47,17911.0,245.03788007369772
520450,CALDAS NOVAS,52,2025,4282915.03,17464.0,245.24250057260653
520450,CALDAS NOVAS,52,2026,2190463.35,8776.0,249.59700888787603
240325,PARNAMIRIM,24,2015,4039293.18,22398.0,180.3416903294937
240325,PARNAMIRIM,24,2016,3932223.58,21647.0,181.6521263916478
240325,PARNAMIRIM,24,2017,4150950.18,21220.0,195.6149943449576
240325,PARNAMIRIM,24,2018,4538739.61,23223.0,195.4415712870861
240325,PARNAMIRIM,24,2019,4531039.75,23225.0,195.0932077502691
240325,PARNAMIRIM,24,2020,5282862.78,27293.0,193.56108819111128
240325,PARNAMIRIM,24,2021,6264790.31,32229.0,194.38363926898134
240325,PARNAMIRIM,24,2022,2377609.63,10944.0,217.2523419225146
240325,PARNAMIRIM,24,2023,0.0,0.0,0.0
240325,PARNAMIRIM,24,2024,0.0,0.0,0.0
240325,PARNAMIRIM,24,2025,0.0,0.0,0.0
240325,PARNAMIRIM,24,2026,1317773.63,5243.0,251.33962044630934
432150,TORRES,43,2015,1409379.98,7671.0,183.72832485986183
432150,TORRES,43,2016,1645855.73,8539.0,192.74572315259397
432150,TORRES,43,2017,1826302.87,9032.0,202.2035949955713
432150,TORRES,43,2018,2147082.48,10785.0,199.08043393602225
432150,TORRES,43,2019,2851632.76,14280.0,199.69417086834733
432150,TORRES,43,2020,3507644.27,17498.0,200.45972511144132
432150,TORRES,43,2021,3845005.87,19566.0,196.51466165797814
432150,TORRES,43,2022,4143672.9,19100.0,216.94622513089004
432150,TORRES,43,2023,3951011.66,17092.0,231.16145916218116
432150,TORRES,43,2024,4225372.68,17242.0,245.06279317944552
432150,TORRES,43,2025,4121297.83,16815.0,245.0965108534047
432150,TORRES,43,2026,2158329.97,8638.0,249.86454850659877
351907,HORTOLANDIA,35,2015,0.0,0.0,0.0
351907,HORTOLANDIA,35,2016,0.0,0.0,0.0
351907,HORTOLANDIA,35,2017,0.0,0.0,0.0
351907,HORTOLANDIA,35,2018,0.0,0.0,0.0
351907,HORTOLANDIA,35,2019,3164467.72,16092.0,196.64850360427542
351907,HORTOLANDIA,35,2020,4514789.91,23133.0,195.1666411619764
351907,HORTOLANDIA,35,2021,4258786.68,21883.0,194.61621715486908
351907,HORTOLANDIA,35,2022,4990948.38,22717.0,219.7010335871814
351907,HORTOLANDIA,35,2023,5856377.3,25364.0,230.89328575934394
351907,HORTOLANDIA,35,2024,6543267.32,26926.0,243.00925945183096
351907,HORTOLANDIA,35,2025,5175992.33,21188.0,244.28885831602796
351907,HORTOLANDIA,35,2026,1162360.48,4549.0,255.51999999999998
311330,CARANGOLA,31,2015,2282238.78,12424.0,183.69597392144235
311330,CARANGOLA,31,2016,2476682.92,13348.0,185.54711717111178
311330,CARANGOLA,31,2017,2923627.61,14711.0,198.7375168241452
311330,CARANGOLA,31,2018,3279979.11,16515.0,198.6060617620345
311330,CARANGOLA,31,2019,3030996.93,15314.0,197.92326825127336
311330,CARANGOLA,31,2020,2975563.6,15160.0,196.27728232189975
311330,CARANGOLA,31,2021,3029764.9,15504.0,195.41827270381836
311330,CARANGOLA,31,2022,3617610.74,16493.0,219.3421900200085
311330,CARANGOLA,31,2023,3827413.22,16613.0,230.38663817492326
311330,CARANGOLA,31,2024,3953309.06,16286.0,242.74278889844038
311330,CARANGOLA,31,2025,3707777.8,15229.0,243.46823822969333
311330,CARANGOLA,31,2026,393728.6,1578.0,249.51115335868187
210005,ACAILANDIA,21,2015,0.0,0.0,0.0
210005,ACAILANDIA,21,2016,0.0,0.0,0.0
210005,ACAILANDIA,21,2017,0.0,0.0,0.0
210005,ACAILANDIA,21,2018,2267978.54,10549.0,214.99464783391792
210005,ACAILANDIA,21,2019,3180929.9,16313.0,194.99355728560045
210005,ACAILANDIA,21,2020,3449876.73,18003.0,191.62788035327446
210005,ACAILANDIA,21,2021,3628632.24,18618.0,194.89914276506607
210005,ACAILANDIA,21,2022,4396417.44,20045.0,219.3273853828885
210005,ACAILANDIA,21,2023,4835803.63,20941.0,230.92515304904254
210005,ACAILANDIA,21,2024,5545969.22,22654.0,244.81191930784848
210005,ACAILANDIA,21,2025,5698131.23,23271.0,244.85974947359375
210005,ACAILANDIA,21,2026,2464739.41,9780.0,252.01834458077712
430160,BAGE,43,2015,2516782.78,13623.0,184.74512075166996
430160,BAGE,43,2016,2803335.45,15086.0,185.82364112422115
430160,BAGE,43,2017,3017716.92,15022.0,200.88649447477033
430160,BAGE,43,2018,2645169.14,13092.0,202.0446944699053
430160,BAGE,43,2019,2686612.14,13230.0,203.06970068027212
430160,BAGE,43,2020,2577600.04,12698.0,202.9926004095133
430160,BAGE,43,2021,2546520.62,12612.0,201.91251347922613
430160,BAGE,43,2022,2982829.47,13373.0,223.04864054438048
430160,BAGE,43,2023,3360119.47,14345.0,234.2362823283374
430160,BAGE,43,2024,3957855.11,16024.0,246.9954511982027
430160,BAGE,43,2025,4078954.54,16601.0,245.70535148485033
430160,BAGE,43,2026,2132582.46,8471.0,251.75096918899774
410580,COLOMBO,41,2015,0.0,0.0,0.0
410580,COLOMBO,41,2016,0.0,0.0,0.0
410580,COLOMBO,41,2017,0.0,0.0,0.0
410580,COLOMBO,41,2018,1795347.2,8265.0,217.22289171203872
410580,COLOMBO,41,2019,2595196.28,13034.0,199.1097345404327
410580,COLOMBO,41,2020,3363198.57,17143.0,196.1849483754302
410580,COLOMBO,41,2021,3311576.13,17217.0,192.34338909217632
410580,COLOMBO,41,2022,4134276.78,18981.0,217.811326062905
410580,COLOMBO,41,2023,5159726.17,22385.0,230.49927049363413
410580,COLOMBO,41,2024,5560666.42,22828.0,243.58973278429997
410580,COLOMBO,41,2025,6204951.58,22177.0,279.7921982233846
410580,COLOMBO,41,2026,3018748.27,10467.0,288.4062548963409
500110,AQUIDAUANA,50,2015,2053193.88,11434.0,179.56916914465629
500110,AQUIDAUANA,50,2016,2339188.17,13050.0,179.2481356321839
500110,AQUIDAUANA,50,2017,2723926.24,14011.0,194.41340660909287
500110,AQUIDAUANA,50,2018,2773524.38,14256.0,194.55137345679012
500110,AQUIDAUANA,50,2019,2881582.23,14811.0,194.55689892647356
500110,AQUIDAUANA,50,2020,2902681.77,14991.0,193.62829497698618
500110,AQUIDAUANA,50,2021,2928384.67,15105.0,193.86856471367096
500110,AQUIDAUANA,50,2022,3415828.85,15574.0,219.32893604725825
500110,AQUIDAUANA,50,2023,3556797.0,15511.0,229.30803945587002
500110,AQUIDAUANA,50,2024,3775086.28,15564.0,242.55244667180673
500110,AQUIDAUANA,50,2025,3773872.84,15524.0,243.09925534656014
500110,AQUIDAUANA,50,2026,1864969.48,7500.0,248.66259733333334
420890,JARAGUA DO SUL,42,2015,2047963.28,11067.0,185.05134905575133
420890,JARAGUA DO SUL,42,2016,2250587.54,11932.0,188.61779584311097
420890,JARAGUA DO SUL,42,2017,2334632.89,11698.0,199.57538810053
420890,JARAGUA DO SUL,42,2018,2539437.96,12774.0,198.7973978393612
420890,JARAGUA DO SUL,42,2019,2647464.01,13184.0,200.8088599817961
420890,JARAGUA DO SUL,42,2020,2544346.63,12805.0,198.6994634908239
420890,JARAGUA DO SUL,42,2021,2625716.87,13184.0,199.1593499696602
420890,JARAGUA DO SUL,42,2022,2969731.17,13344.0,222.55179631294965
420890,JARAGUA DO SUL,42,2023,3514886.32,15082.0,233.05173849622065
420890,JARAGUA DO SUL,42,2024,4288304.75,17643.0,243.05983959644053
420890,JARAGUA DO SUL,42,2025,4617578.39,19012.0,242.87704555017882
420890,JARAGUA DO SUL,42,2026,2449970.41,9909.0,247.24698859622566
330580,TERESOPOLIS,33,2015,0.0,0.0,0.0
330580,TERESOPOLIS,33,2016,0.0,0.0,0.0
330580,TERESOPOLIS,33,2017,0.0,0.0,0.0
330580,TERESOPOLIS,33,2018,185351.33,913.0,203.01350492880613
330580,TERESOPOLIS,33,2019,3405162.04,16848.0,202.11075735992404
330580,TERESOPOLIS,33,2020,4131530.93,20489.0,201.6462945971009
330580,TERESOPOLIS,33,2021,4131999.6,20530.0,201.26641987335606
330580,TERESOPOLIS,33,2022,4625117.95,20714.0,223.28463599497925
330580,TERESOPOLIS,33,2023,4762821.21,20249.0,235.21266284754802
330580,TERESOPOLIS,33,2024,5313653.39,21347.0,248.9180395371715
330580,TERESOPOLIS,33,2025,5327598.01,21681.0,245.72658133849913
330580,TERESOPOLIS,33,2026,2488912.7,9957.0,249.96612433463898
431720,SANTA ROSA,43,2015,1926416.32,10695.0,180.1230780738663
431720,SANTA ROSA,43,2016,1908704.82,10572.0,180.5433995459705
431720,SANTA ROSA,43,2017,2112025.43,10719.0,197.03567776844855
431720,SANTA ROSA,43,2018,2486119.44,12618.0,197.02959581550166
431720,SANTA ROSA,43,2019,2394216.22,12150.0,197.0548329218107
431720,SANTA ROSA,43,2020,2579447.86,13337.0,193.4054030141711
431720,SANTA ROSA,43,2021,2974665.21,15834.0,187.86568207654415
431720,SANTA ROSA,43,2022,3296737.85,15321.0,215.1777201227074
431720,SANTA ROSA,43,2023,3821606.15,16710.0,228.70174446439256
431720,SANTA ROSA,43,2024,4304520.71,17815.0,241.6233909626719
431720,SANTA ROSA,43,2025,4185944.73,17201.0,243.3547311202837
431720,SANTA ROSA,43,2026,2023829.8399999999,8127.0,249.02545096591606
521150,ITUMBIARA,52,2015,2021048.28,11187.0,180.66043443282382
521150,ITUMBIARA,52,2016,2123652.58,11683.0,181.77288196524867
521150,ITUMBIARA,52,2017,2309982.23,11823.0,195.38037976824833
521150,ITUMBIARA,52,2018,2423525.78,12377.0,195.80882120061403
521150,ITUMBIARA,52,2019,2459127.91,12493.0,196.84046345953735
521150,ITUMBIARA,52,2020,2771733.18,14114.0,196.38183222332438
521150,ITUMBIARA,52,2021,2788883.32,14158.0,196.9828591608984
521150,ITUMBIARA,52,2022,3147727.71,14349.0,219.36913443445536
521150,ITUMBIARA,52,2023,3605793.12,15720.0,229.37615267175573
521150,ITUMBIARA,52,2024,4164178.84,15958.0,260.9461611730793
521150,ITUMBIARA,52,2025,3849692.81,14655.0,262.68801160013646
521150,ITUMBIARA,52,2026,2327661.07,8456.0,275.26739238410596
430930,GUAIBA,43,2015,2040278.57,10954.0,186.25877031221472
430930,GUAIBA,43,2016,1677728.31,8605.0,194.9713317838466
430930,GUAIBA,43,2017,1347836.52,6283.0,214.52117141492917
430930,GUAIBA,43,2018,1962795.09,9274.0,211.64493098986415
430930,GUAIBA,43,2019,2510590.15,11769.0,213.32230011045968
430930,GUAIBA,43,2020,2580550.71,12123.0,212.86403612967086
430930,GUAIBA,43,2021,3294625.89,15727.0,209.48851592802188
430930,GUAIBA,43,2022,4075430.69,18068.0,225.56069791897278
430930,GUAIBA,43,2023,3570762.95,14703.0,242.85948105828743
430930,GUAIBA,43,2024,4213989.45,16242.0,259.4501570003694
430930,GUAIBA,43,2025,4404062.22,17191.0,256.1841789308359
430930,GUAIBA,43,2026,2219314.9299999997,8475.0,261.86606843657813
411850,PATO BRANCO,41,2015,1981940.23,10536.0,188.11125949126804
411850,PATO BRANCO,41,2016,2041924.23,10541.0,193.71257281092875
411850,PATO BRANCO,41,2017,1833465.04,9026.0,203.13151340571682
411850,PATO BRANCO,41,2018,2233937.4,11011.0,202.8823358459722
411850,PATO BRANCO,41,2019,2376660.15,11683.0,203.42892664555336
411850,PATO BRANCO,41,2020,2358114.47,11774.0,200.2815075590284
411850,PATO BRANCO,41,2021,2598016.95,12941.0,200.7585928444479
411850,PATO BRANCO,41,2022,3365215.79,15082.0,223.1279531892322
411850,PATO BRANCO,41,2023,3803195.64,16308.0,233.2104267844003
411850,PATO BRANCO,41,2024,4432625.45,17970.0,246.66808291597107
411850,PATO BRANCO,41,2025,4503808.08,18375.0,245.10520163265306
411850,PATO BRANCO,41,2026,1880576.78,7486.0,251.21250066791345
351500,EMBU DAS ARTES,35,2015,0.0,0.0,0.0
351500,EMBU DAS ARTES,35,2016,0.0,0.0,0.0
351500,EMBU DAS ARTES,35,2017,0.0,0.0,0.0
351500,EMBU DAS ARTES,35,2018,0.0,0.0,0.0
351500,EMBU DAS ARTES,35,2019,0.0,0.0,0.0
351500,EMBU DAS ARTES,35,2020,0.0,0.0,0.0
351500,EMBU DAS ARTES,35,2021,1657430.13,9009.0,183.9749284049284
351500,EMBU DAS ARTES,35,2022,4832992.55,23095.0,209.26575232734356
351500,EMBU DAS ARTES,35,2023,6433364.84,29604.0,217.31403999459533
351500,EMBU DAS ARTES,35,2024,7365659.5,32110.0,229.38833696667706
351500,EMBU DAS ARTES,35,2025,8353523.96,36436.0,229.26567021626963
351500,EMBU DAS ARTES,35,2026,4472758.88,18938.0,236.17905164220085
411070,IRATI,41,2015,2136332.05,11796.0,181.10648101051203
411070,IRATI,41,2016,2066112.63,11232.0,183.94877403846152
411070,IRATI,41,2017,2280090.88,11555.0,197.3250437040242
411070,IRATI,41,2018,2463132.16,12514.0,196.83012306217037
411070,IRATI,41,2019,2424795.38,12312.0,196.9456936322287
411070,IRATI,41,2020,2487961.07,12637.0,196.87909076521325
411070,IRATI,41,2021,2618811.29,13320.0,196.6074542042042
411070,IRATI,41,2022,2921122.4,13231.0,220.7786561862293
411070,IRATI,41,2023,3216823.54,13995.0,229.85520114326545
411070,IRATI,41,2024,3712529.06,15369.0,241.55957186544342
411070,IRATI,41,2025,4519915.67,16275.0,277.72139293394775
411070,IRATI,41,2026,2241797.49,7796.0,287.5573999486917
351110,CATANDUVA,35,2015,2027052.52,11207.0,180.87378602659052
351110,CATANDUVA,35,2016,2157078.47,11909.0,181.13010916113865
351110,CATANDUVA,35,2017,2433819.3,12347.0,197.11827164493397
351110,CATANDUVA,35,2018,2501196.01,12601.0,198.49186651853026
351110,CATANDUVA,35,2019,2895337.96,14483.0,199.91286059518055
351110,CATANDUVA,35,2020,2994440.22,15059.0,198.847215618567
351110,CATANDUVA,35,2021,2778124.23,14061.0,197.57657563473438
351110,CATANDUVA,35,2022,3177293.62,14446.0,219.94279523743597
351110,CATANDUVA,35,2023,3349354.17,14535.0,230.4337234262126
351110,CATANDUVA,35,2024,3507789.59,14446.0,242.82082168074206
351110,CATANDUVA,35,2025,3489747.63,14398.0,242.3772489234616
351110,CATANDUVA,35,2026,1764043.48,7073.0,249.4052707479146
521020,IPORA,52,2015,1888152.25,10579.0,178.48116551658947
521020,IPORA,52,2016,2096295.99,11717.0,178.91064180250916
521020,IPORA,52,2017,2465276.49,12712.0,193.93301526117057
521020,IPORA,52,2018,2347865.14,12091.0,194.1828748656025
521020,IPORA,52,2019,2403342.74,12349.0,194.6184095878209
521020,IPORA,52,2020,2410067.05,12404.0,194.2975693324734
521020,IPORA,52,2021,2654383.86,13677.0,194.07646852379906
521020,IPORA,52,2022,3124426.63,14356.0,217.63907982724993
521020,IPORA,52,2023,3355207.68,14711.0,228.07475222622529
521020,IPORA,52,2024,3851549.02,15958.0,241.35537160045118
521020,IPORA,52,2025,3857980.25,15992.0,241.24438781890944
521020,IPORA,52,2026,1957016.4500000002,7931.0,246.75532089269956
350330,ARARAS,35,2015,1785203.15,9917.0,180.014434808914
350330,ARARAS,35,2016,1956221.47,10772.0,181.60243873004083
350330,ARARAS,35,2017,2275798.87,11587.0,196.40967204625875
350330,ARARAS,35,2018,2377671.28,12114.0,196.27466402509492
350330,ARARAS,35,2019,2461265.24,12523.0,196.53958636109562
350330,ARARAS,35,2020,2646562.6,13459.0,196.63887361616761
350330,ARARAS,35,2021,2812675.7,14310.0,196.55315863032845
350330,ARARAS,35,2022,3198578.9,14553.0,219.7882842025699
350330,ARARAS,35,2023,3425010.47,14820.0,231.10731916329286
350330,ARARAS,35,2024,3695785.89,14935.0,247.4580441914965
350330,ARARAS,35,2025,3762387.7,15071.0,249.6441974653308
350330,ARARAS,35,2026,1894388.46,7404.0,255.86013776337114
410150,ARAPONGAS,41,2015,2001280.72,11243.0,178.00237658987814
410150,ARAPONGAS,41,2016,1980890.53,11073.0,178.8937532737289
410150,ARAPONGAS,41,2017,2125592.59,10876.0,195.4388184994483
410150,ARAPONGAS,41,2018,2356415.4,12030.0,195.87825436408977
410150,ARAPONGAS,41,2019,2350972.32,12091.0,194.43985774543046
410150,ARAPONGAS,41,2020,2360536.48,12126.0,194.66736599043378
410150,ARAPONGAS,41,2021,2371649.76,12274.0,193.2254978002281
410150,ARAPONGAS,41,2022,2977526.14,13661.0,217.9581392284606
410150,ARAPONGAS,41,2023,3475260.15,15225.0,228.26010837438423
410150,ARAPONGAS,41,2024,3515379.97,14590.0,240.94448046607266
410150,ARAPONGAS,41,2025,4367421.03,15699.0,278.1974030193006
410150,ARAPONGAS,41,2026,2263485.87,7847.0,288.45238562507967
351630,FRANCISCO MORATO,35,2015,0.0,0.0,0.0
351630,FRANCISCO MORATO,35,2016,0.0,0.0,0.0
351630,FRANCISCO MORATO,35,2017,0.0,0.0,0.0
351630,FRANCISCO MORATO,35,2018,0.0,0.0,0.0
351630,FRANCISCO MORATO,35,2019,0.0,0.0,0.0
351630,FRANCISCO MORATO,35,2020,0.0,0.0,0.0
351630,FRANCISCO MORATO,35,2021,3406383.36,17531.0,194.30627802178998
351630,FRANCISCO MORATO,35,2022,4709892.12,21638.0,217.66762732230336
351630,FRANCISCO MORATO,35,2023,6247130.66,27343.0,228.47275938997186
351630,FRANCISCO MORATO,35,2024,7274701.8,30088.0,241.78083621377291
351630,FRANCISCO MORATO,35,2025,6785425.75,28258.0,240.12406221247082
351630,FRANCISCO MORATO,35,2026,3362478.07,13741.0,244.7040295466123
432250,VACARIA,43,2015,2168763.58,11572.0,187.41475803664017
432250,VACARIA,43,2016,2353162.36,12295.0,191.3918145587637
432250,VACARIA,43,2017,2602437.97,12826.0,202.90331903945113
432250,VACARIA,43,2018,2421584.79,11973.0,202.25380355800553
432250,VACARIA,43,2019,2507568.07,12450.0,201.41108995983933
432250,VACARIA,43,2020,2693968.57,13583.0,198.3338415666642
432250,VACARIA,43,2021,2554444.45,12970.0,196.95022744795685
432250,VACARIA,43,2022,2831203.16,12814.0,220.94608709224286
432250,VACARIA,43,2023,3100700.69,13319.0,232.80281477588406
432250,VACARIA,43,2024,3410775.9,13924.0,244.95661447859808
432250,VACARIA,43,2025,3435410.15,14021.0,245.01891091933527
432250,VACARIA,43,2026,1634282.14,6595.0,247.8062380591357
430850,FREDERICO WESTPHALEN,43,2015,2113737.34,11657.0,181.327729261388
430850,FREDERICO WESTPHALEN,43,2016,1619228.75,8885.0,182.24296567248172
430850,FREDERICO WESTPHALEN,43,2017,2245259.69,11405.0,196.86625953529153
430850,FREDERICO WESTPHALEN,43,2018,2341598.04,11930.0,196.2781257334451
430850,FREDERICO WESTPHALEN,43,2019,2467656.45,12477.0,197.77642462130322
430850,FREDERICO WESTPHALEN,43,2020,2644241.82,13354.0,198.0112191103789
430850,FREDERICO WESTPHALEN,43,2021,2770572.65,13945.0,198.67856937970598
430850,FREDERICO WESTPHALEN,43,2022,3062015.13,13861.0,220.9086739773465
430850,FREDERICO WESTPHALEN,43,2023,3200404.24,13823.0,231.52747160529555
430850,FREDERICO WESTPHALEN,43,2024,3557205.88,14868.0,239.25248049502287
430850,FREDERICO WESTPHALEN,43,2025,3588910.83,14719.0,243.8284414702086
430850,FREDERICO WESTPHALEN,43,2026,2011642.28,8077.0,249.05810077999257
430610,CRUZ ALTA,43,2015,2189390.81,12011.0,182.2821422029806
430610,CRUZ ALTA,43,2016,2207713.57,11909.0,185.38194390796875
430610,CRUZ ALTA,43,2017,2547313.69,11732.0,217.1252719058984
430610,CRUZ ALTA,43,2018,2514619.87,11515.0,218.37775683890578
430610,CRUZ ALTA,43,2019,2625548.47,12015.0,218.5225526425302
430610,CRUZ ALTA,43,2020,2749466.43,13872.0,198.20259731833912
430610,CRUZ ALTA,43,2021,2736627.95,14326.0,191.0252652519894
430610,CRUZ ALTA,43,2022,2853788.2,13294.0,214.66738378215737
430610,CRUZ ALTA,43,2023,3010548.5,13227.0,227.6062977243517
430610,CRUZ ALTA,43,2024,3534303.5,14609.0,241.9264494489698
430610,CRUZ ALTA,43,2025,3111106.69,12659.0,245.7624370013429
430610,CRUZ ALTA,43,2026,1504311.67,6070.0,247.82729324546952
314710,PARA DE MINAS,31,2015,1955088.97,10917.0,179.08665109462305
314710,PARA DE MINAS,31,2016,2006456.77,11175.0,179.5487042505593
314710,PARA DE MINAS,31,2017,2196596.83,11282.0,194.69924038291083
314710,PARA DE MINAS,31,2018,2210191.91,11404.0,193.8084803577692
314710,PARA DE MINAS,31,2019,2277318.14,11740.0,193.979398637138
314710,PARA DE MINAS,31,2020,2350955.58,12068.0,194.80904706662247
314710,PARA DE MINAS,31,2021,2446038.14,12859.0,190.21993467610235
314710,PARA DE MINAS,31,2022,3131785.09,14540.0,215.39099656121044
314710,PARA DE MINAS,31,2023,3418359.96,14880.0,229.72849193548387
314710,PARA DE MINAS,31,2024,3662598.77,15112.0,242.36360309687666
314710,PARA DE MINAS,31,2025,3837954.41,15853.0,242.09641140478143
314710,PARA DE MINAS,31,2026,2035531.33,8240.0,247.03050121359223
421820,TIMBO,42,2015,1637279.35,8948.0,182.977128967367
421820,TIMBO,42,2016,1593095.52,8684.0,183.45181022570245
421820,TIMBO,42,2017,1835496.53,9294.0,197.49263288142888
421820,TIMBO,42,2018,2031309.1,10215.0,198.85551639745472
421820,TIMBO,42,2019,2356120.89,11835.0,199.0807680608365
421820,TIMBO,42,2020,2586746.19,13112.0,197.2808259609518
421820,TIMBO,42,2021,2620388.8,13395.0,195.62439716312056
421820,TIMBO,42,2022,3172947.29,14553.0,218.02702466845324
421820,TIMBO,42,2023,3692805.1,16210.0,227.81030845157312
421820,TIMBO,42,2024,3880677.11,16289.0,238.23912517649947
421820,TIMBO,42,2025,3485326.63,14640.0,238.06875887978143
421820,TIMBO,42,2026,1915831.2,7792.0,245.87156057494866
350160,AMERICANA,35,2015,2703973.49,14721.0,183.681372868691
350160,AMERICANA,35,2016,2519586.71,13555.0,185.8787687200295
350160,AMERICANA,35,2017,2449144.11,12335.0,198.55242075395216
350160,AMERICANA,35,2018,2380616.2,12039.0,197.74202176260488
350160,AMERICANA,35,2019,2307083.89,11681.0,197.50739577091002
350160,AMERICANA,35,2020,2301032.56,11556.0,199.12015922464522
350160,AMERICANA,35,2021,2315747.93,11602.0,199.5990286157559
350160,AMERICANA,35,2022,2428682.17,10981.0,221.1713113559785
350160,AMERICANA,35,2023,2728747.84,11749.0,232.2536249893608
350160,AMERICANA,35,2024,3385951.24,13771.0,245.87548035727255
350160,AMERICANA,35,2025,3531083.52,14432.0,244.67042128603103
350160,AMERICANA,35,2026,1704866.62,6589.0,258.7443648505084
250370,CAJAZEIRAS,25,2015,0.0,0.0,0.0
250370,CAJAZEIRAS,25,2016,0.0,0.0,0.0
250370,CAJAZEIRAS,25,2017,0.0,0.0,0.0
250370,CAJAZEIRAS,25,2018,400780.95,2061.0,194.459461426492
250370,CAJAZEIRAS,25,2019,2683200.7,13715.0,195.63986146554868
250370,CAJAZEIRAS,25,2020,2909908.35,15037.0,193.51654917869257
250370,CAJAZEIRAS,25,2021,3274180.04,16918.0,193.5323347913465
250370,CAJAZEIRAS,25,2022,3940788.06,17938.0,219.68937785706322
250370,CAJAZEIRAS,25,2023,4274858.09,18530.0,230.69930329195898
250370,CAJAZEIRAS,25,2024,4936626.44,20330.0,242.82471421544517
250370,CAJAZEIRAS,25,2025,5181149.65,21382.0,242.31361191656535
250370,CAJAZEIRAS,25,2026,2928183.35,11723.0,249.78105860274675
432300,VIAMAO,43,2015,1946260.41,10521.0,184.98815796977473
432300,VIAMAO,43,2016,2035323.01,10871.0,187.22500321957503
432300,VIAMAO,43,2017,2297902.58,11467.0,200.39265544606263
432300,VIAMAO,43,2018,2569556.43,12674.0,202.7423410130977
432300,VIAMAO,43,2019,2566487.59,12596.0,203.75417513496348
432300,VIAMAO,43,2020,2461451.13,12081.0,203.74564440029798
432300,VIAMAO,43,2021,2522343.13,12491.0,201.93284204627332
432300,VIAMAO,43,2022,2698824.99,12114.0,222.78561911837545
432300,VIAMAO,43,2023,3055118.34,12971.0,235.53452625086732
432300,VIAMAO,43,2024,3281054.33,13329.0,246.1590764498462
432300,VIAMAO,43,2025,3296742.06,13565.0,243.0329568743089
432300,VIAMAO,43,2026,1471534.28,5953.0,247.19205106668906
421660,SAO JOSE,42,2015,2285172.9,12806.0,178.44548649070748
421660,SAO JOSE,42,2016,2378263.98,13343.0,178.24057408378926
421660,SAO JOSE,42,2017,2368956.51,12255.0,193.3053047735618
421660,SAO JOSE,42,2018,2147741.37,11096.0,193.559964852199
421660,SAO JOSE,42,2019,2177394.17,11256.0,193.44297885572138
421660,SAO JOSE,42,2020,2296524.12,11996.0,191.4408236078693
421660,SAO JOSE,42,2021,2387710.54,12392.0,192.68161233053584
421660,SAO JOSE,42,2022,2754112.7,12789.0,215.35012119790446
421660,SAO JOSE,42,2023,2965552.67,13182.0,224.96985813988772
421660,SAO JOSE,42,2024,3148467.55,13071.0,240.87426746232114
421660,SAO JOSE,42,2025,3339463.61,13799.0,242.00765345314878
421660,SAO JOSE,42,2026,1944113.15,7746.0,250.98284921249677
410550,CIANORTE,41,2015,2171699.51,12070.0,179.92539436619717
410550,CIANORTE,41,2016,2226966.15,12269.0,181.5116268644551
410550,CIANORTE,41,2017,2296765.23,11641.0,197.29965037367924
410550,CIANORTE,41,2018,2059984.18,10522.0,195.77876639422163
410550,CIANORTE,41,2019,2071426.79,10604.0,195.3439070162203
410550,CIANORTE,41,2020,2166856.15,11382.0,190.37569407836935
410550,CIANORTE,41,2021,2514279.99,13142.0,191.31638943844166
410550,CIANORTE,41,2022,2775849.74,12761.0,217.52603557714914
410550,CIANORTE,41,2023,3166522.39,13817.0,229.17582615618443
410550,CIANORTE,41,2024,3330140.09,13735.0,242.45650455041863
410550,CIANORTE,41,2025,3357087.13,13789.0,243.46124664587714
410550,CIANORTE,41,2026,1483196.3599999999,5976.0,248.19216198125835
110030,VILHENA,11,2015,2230259.46,12476.0,178.76398364860532
110030,VILHENA,11,2016,2506473.56,13982.0,179.2643083965098
110030,VILHENA,11,2017,3243704.58,16601.0,195.39211975182218
110030,VILHENA,11,2018,3368016.56,17327.0,194.3796710336469
110030,VILHENA,11,2019,3527363.51,18069.0,195.2163102551331
110030,VILHENA,11,2020,3475139.47,17992.0,193.1491479546465
110030,VILHENA,11,2021,3421618.79,17663.0,193.71674064428467
110030,VILHENA,11,2022,3868975.12,17790.0,217.4803327712198
110030,VILHENA,11,2023,992047.79,4429.0,223.98911492436216
110030,VILHENA,11,2024,1330865.73,5500.0,241.97558727272727
110030,VILHENA,11,2025,746216.07,2961.0,252.014883485309
110030,VILHENA,11,2026,0.0,0.0,0.0
315120,PIRAPORA,31,2015,1886778.75,10474.0,180.13927343899178
315120,PIRAPORA,31,2016,2019262.63,11226.0,179.87374220559414
315120,PIRAPORA,31,2017,2433851.47,12409.0,196.1359875896527
315120,PIRAPORA,31,2018,2443213.25,12458.0,196.11600979290415
315120,PIRAPORA,31,2019,2362152.26,12051.0,196.0129665587918
315120,PIRAPORA,31,2020,2457086.44,12711.0,193.30394461490047
315120,PIRAPORA,31,2021,2487824.9,13034.0,190.8719426116311
315120,PIRAPORA,31,2022,2372358.03,10916.0,217.32851135947232
315120,PIRAPORA,31,2023,2457896.27,10637.0,231.0704399736768
315120,PIRAPORA,31,2024,2780277.88,11329.0,245.41247065054284
315120,PIRAPORA,31,2025,3243605.43,13228.0,245.2075468702752
315120,PIRAPORA,31,2026,1762961.83,7080.0,249.0059081920904
312710,FRUTAL,31,2015,1188880.35,6472.0,183.69597496909768
312710,FRUTAL,31,2016,1407348.27,7522.0,187.09761632544536
312710,FRUTAL,31,2017,1909307.2,9465.0,201.72289487585843
312710,FRUTAL,31,2018,2050521.36,10232.0,200.40279124315873
312710,FRUTAL,31,2019,2035390.44,10244.0,198.69098399062867
312710,FRUTAL,31,2020,2033364.78,10359.0,196.28967854039965
312710,FRUTAL,31,2021,2478060.45,12547.0,197.50222762413327
312710,FRUTAL,31,2022,3086125.07,13972.0,220.8792635270541
312710,FRUTAL,31,2023,3563204.24,15328.0,232.46374217119
312710,FRUTAL,31,2024,3688154.62,15014.0,245.64770347675503
312710,FRUTAL,31,2025,3591127.44,14610.0,245.79927720739218
312710,FRUTAL,31,2026,1581052.6,6269.0,252.2017227628011
311530,CATAGUASES,31,2015,1963748.94,10864.0,180.7574502945508
311530,CATAGUASES,31,2016,2025710.95,11193.0,180.9801617082105
311530,CATAGUASES,31,2017,2169193.43,11032.0,196.6273957577955
311530,CATAGUASES,31,2018,2333684.07,11990.0,194.63586905754795
311530,CATAGUASES,31,2019,2379034.28,12213.0,194.79524113649387
311530,CATAGUASES,31,2020,2278797.65,11727.0,194.3205977658395
311530,CATAGUASES,31,2021,2245295.64,11564.0,194.16254237288138
311530,CATAGUASES,31,2022,2605212.53,11908.0,218.7783448102116
311530,CATAGUASES,31,2023,2824409.99,12315.0,229.34713682501018
311530,CATAGUASES,31,2024,3114184.81,12877.0,241.8408643317543
311530,CATAGUASES,31,2025,2942152.06,12124.0,242.67173045199604
311530,CATAGUASES,31,2026,1374653.0,5540.0,248.1323104693141
500830,TRES LAGOAS,50,2015,1619436.84,8974.0,180.458751950078
500830,TRES LAGOAS,50,2016,1909575.23,10536.0,181.2429033788914
500830,TRES LAGOAS,50,2017,1919554.49,9837.0,195.13616854732135
500830,TRES LAGOAS,50,2018,1897926.61,9655.0,196.57448058001037
500830,TRES LAGOAS,50,2019,2210867.45,11225.0,196.9592383073497
500830,TRES LAGOAS,50,2020,2375812.42,12139.0,195.7173094983112
500830,TRES LAGOAS,50,2021,2342257.63,12541.0,186.768011322861
500830,TRES LAGOAS,50,2022,2648560.3,12150.0,217.98850205761315
500830,TRES LAGOAS,50,2023,2974254.77,12942.0,229.8141531447999
500830,TRES LAGOAS,50,2024,3426911.84,14075.0,243.4750863232682
500830,TRES LAGOAS,50,2025,3355957.25,13840.0,242.4824602601156
500830,TRES LAGOAS,50,2026,1567379.03,6400.0,244.9029734375
500630,PARANAIBA,50,2015,1847232.78,10147.0,182.04718438947472
500630,PARANAIBA,50,2016,1900593.71,10373.0,183.22507567723898
500630,PARANAIBA,50,2017,2235364.21,11293.0,197.94246081643496
500630,PARANAIBA,50,2018,2401933.53,12168.0,197.39756163708086
500630,PARANAIBA,50,2019,2516808.52,12825.0,196.2423797270955
500630,PARANAIBA,50,2020,2363834.23,12228.0,193.31323438011123
500630,PARANAIBA,50,2021,2567277.33,13325.0,192.66621613508443
500630,PARANAIBA,50,2022,2700813.78,12363.0,218.4594176170832
500630,PARANAIBA,50,2023,2696083.35,11890.0,226.7521740958789
500630,PARANAIBA,50,2024,2725260.72,11281.0,241.57971101852675
500630,PARANAIBA,50,2025,2649309.17,10998.0,240.89008637934168
500630,PARANAIBA,50,2026,1345266.25,5415.0,248.43328716528163
352044,ILHA SOLTEIRA,35,2015,2288204.34,12574.0,181.97903133449975
352044,ILHA SOLTEIRA,35,2016,2232659.93,12218.0,182.7353028318874
352044,ILHA SOLTEIRA,35,2017,2135692.75,10868.0,196.51203073242547
352044,ILHA SOLTEIRA,35,2018,2109208.73,10787.0,195.53246778529711
352044,ILHA SOLTEIRA,35,2019,2202239.73,11322.0,194.50978007419184
352044,ILHA SOLTEIRA,35,2020,2288002.07,11795.0,193.98067571004663
352044,ILHA SOLTEIRA,35,2021,2037732.93,10611.0,192.03966921119593
352044,ILHA SOLTEIRA,35,2022,2111326.5,9736.0,216.85769309778144
352044,ILHA SOLTEIRA,35,2023,2232817.42,9789.0,228.09453672489528
352044,ILHA SOLTEIRA,35,2024,3062397.12,12529.0,244.42470428605637
352044,ILHA SOLTEIRA,35,2025,2852748.69,11628.0,245.33442466460266
352044,ILHA SOLTEIRA,35,2026,1429122.1600000001,5680.0,251.60601408450708
350010,ADAMANTINA,35,2015,1763731.21,9820.0,179.60602953156823
350010,ADAMANTINA,35,2016,1876426.62,10454.0,179.49365027740578
350010,ADAMANTINA,35,2017,2201138.73,11334.0,194.20669931180518
350010,ADAMANTINA,35,2018,2258430.97,11621.0,194.34050167799674
350010,ADAMANTINA,35,2019,2306603.34,11800.0,195.4748593220339
350010,ADAMANTINA,35,2020,2343970.98,11946.0,196.21387744851833
350010,ADAMANTINA,35,2021,2316296.19,11913.0,194.43433140266936
350010,ADAMANTINA,35,2022,2431993.55,11191.0,217.3169109105531
350010,ADAMANTINA,35,2023,2461664.86,10807.0,227.7842935134635
350010,ADAMANTINA,35,2024,2625211.32,10853.0,241.88807887220122
350010,ADAMANTINA,35,2025,2804550.78,11610.0,241.56337467700257
350010,ADAMANTINA,35,2026,1542248.45,6235.0,247.35340016038492
430700,ERECHIM,43,2015,1528370.4,8097.0,188.7576139310856
430700,ERECHIM,43,2016,1696707.79,8724.0,194.4873670334709
430700,ERECHIM,43,2017,1880352.82,9235.0,203.6115668651868
430700,ERECHIM,43,2018,1983856.85,9842.0,201.57049888234098
430700,ERECHIM,43,2019,1934297.3,9729.0,198.81768938225923
430700,ERECHIM,43,2020,1963702.18,10028.0,195.8219166334264
430700,ERECHIM,43,2021,2038758.38,10231.0,199.27264001563873
430700,ERECHIM,43,2022,2210708.36,9953.0,222.11477544458955
430700,ERECHIM,43,2023,2933573.25,12636.0,232.1599596391263
430700,ERECHIM,43,2024,3421924.56,13997.0,244.47557047938844
430700,ERECHIM,43,2025,3464938.14,14172.0,244.4918247248095
430700,ERECHIM,43,2026,1854319.84,7068.0,262.35425014148274
520800,FORMOSA,52,2015,3490446.09,18807.0,185.59292231615888
520800,FORMOSA,52,2016,3514569.4,17675.0,198.84409618104667
520800,FORMOSA,52,2017,3654856.52,18241.0,200.3649207828518
520800,FORMOSA,52,2018,3731022.2,19044.0,195.91588951900863
520800,FORMOSA,52,2019,3792277.04,19447.0,195.00576129994343
520800,FORMOSA,52,2020,4061668.46,21032.0,193.11850798782808
520800,FORMOSA,52,2021,3106213.03,16107.0,192.84863910101197
520800,FORMOSA,52,2022,1409176.53,6530.0,215.80038744257274
520800,FORMOSA,52,2023,23198.4,27.0,859.2
520800,FORMOSA,52,2024,42841.6,56.0,765.0285714285714
520800,FORMOSA,52,2025,32212.8,49.0,657.4040816326531
520800,FORMOSA,52,2026,5896.0,13.0,453.53846153846155
250630,GUARABIRA,25,2015,0.0,0.0,0.0
250630,GUARABIRA,25,2016,0.0,0.0,0.0
250630,GUARABIRA,25,2017,0.0,0.0,0.0
250630,GUARABIRA,25,2018,246561.6,1255.0,196.46342629482072
250630,GUARABIRA,25,2019,1970684.77,10106.0,195.00146150801504
250630,GUARABIRA,25,2020,2378939.26,12359.0,192.48638724815922
250630,GUARABIRA,25,2021,2725866.08,14144.0,192.72243212669684
250630,GUARABIRA,25,2022,3325756.75,15242.0,218.1968737698465
250630,GUARABIRA,25,2023,3945816.12,17302.0,228.0554918506531
250630,GUARABIRA,25,2024,4519203.14,18787.0,240.54948315324424
250630,GUARABIRA,25,2025,4771169.85,19735.0,241.76183683810487
250630,GUARABIRA,25,2026,2575387.38,10331.0,249.28732746103958
240020,ASSU,24,2015,1866097.4,10430.0,178.91633748801533
240020,ASSU,24,2016,2127359.37,11889.0,178.93509714862478
240020,ASSU,24,2017,2560944.03,13183.0,194.26109610862474
240020,ASSU,24,2018,2776013.74,14299.0,194.14041121756767
240020,ASSU,24,2019,2843786.11,14664.0,193.92976745771958
240020,ASSU,24,2020,3235936.0,16696.0,193.815045519885
240020,ASSU,24,2021,3703247.64,19065.0,194.24325413060583
240020,ASSU,24,2022,4289086.65,19514.0,219.7953597417239
240020,ASSU,24,2023,3046275.78,13500.0,225.65005777777776
240020,ASSU,24,2024,0.0,0.0,0.0
240020,ASSU,24,2025,0.0,0.0,0.0
240020,ASSU,24,2026,0.0,0.0,0.0
430770,ESTEIO,43,2015,2735001.95,14779.0,185.06001420935112
430770,ESTEIO,43,2016,2784738.66,14747.0,188.83424832169257
430770,ESTEIO,43,2017,2635220.68,13088.0,201.34632334963325
430770,ESTEIO,43,2018,2658194.88,13112.0,202.72993288590604
430770,ESTEIO,43,2019,2685644.39,13211.0,203.28850124895922
430770,ESTEIO,43,2020,2242965.64,11098.0,202.10539196251577
430770,ESTEIO,43,2021,955791.16,4720.0,202.49812711864408
430770,ESTEIO,43,2022,1099545.5,4949.0,222.17528793695695
430770,ESTEIO,43,2023,1270944.38,5418.0,234.57814322628275
430770,ESTEIO,43,2024,2449707.87,9866.0,248.29797993107644
430770,ESTEIO,43,2025,2954308.5,11745.0,251.5375478927203
430770,ESTEIO,43,2026,1778801.68,6531.0,272.36283570662994
430350,CAMAQUA,43,2015,1682462.12,9368.0,179.59672502134927
430350,CAMAQUA,43,2016,1827231.31,10080.0,181.27294742063492
430350,CAMAQUA,43,2017,2267026.55,11461.0,197.8035555361661
430350,CAMAQUA,43,2018,2340855.6,11852.0,197.50722240971987
430350,CAMAQUA,43,2019,2305653.17,11678.0,197.4356199691728
430350,CAMAQUA,43,2020,2226334.16,11278.0,197.40505054087606
430350,CAMAQUA,43,2021,2026823.45,10291.0,196.9510688951511
430350,CAMAQUA,43,2022,2250479.68,10218.0,220.24659228811902
430350,CAMAQUA,43,2023,2490457.36,10774.0,231.15438648598476
430350,CAMAQUA,43,2024,2603107.59,10658.0,244.2397813848752
430350,CAMAQUA,43,2025,2721345.91,11169.0,243.65170650908766
430350,CAMAQUA,43,2026,1462743.1099999999,5928.0,246.75153677462885
432260,VENANCIO AIRES,43,2015,1723481.17,9517.0,181.09500577913207
432260,VENANCIO AIRES,43,2016,1723405.03,9407.0,183.20453173168917
432260,VENANCIO AIRES,43,2017,1938964.81,9771.0,198.44077474158223
432260,VENANCIO AIRES,43,2018,2104546.96,10470.0,201.00735052531041
432260,VENANCIO AIRES,43,2019,2227681.78,11154.0,199.72043930428543
432260,VENANCIO AIRES,43,2020,2517472.75,13033.0,193.16141717179468
432260,VENANCIO AIRES,43,2021,2411642.47,12368.0,194.99049725097026
432260,VENANCIO AIRES,43,2022,2550659.08,11618.0,219.5437321397831
432260,VENANCIO AIRES,43,2023,2273546.58,9957.0,228.33650497137694
432260,VENANCIO AIRES,43,2024,2526823.87,10395.0,243.08069937469938
432260,VENANCIO AIRES,43,2025,2579925.94,10601.0,243.36628053957173
432260,VENANCIO AIRES,43,2026,1249290.55,5053.0,247.237393627548
410490,CASTRO,41,2015,1238825.47,6828.0,181.43313854715876
410490,CASTRO,41,2016,1527087.62,8318.0,183.5883169031017
410490,CASTRO,41,2017,2121879.42,10765.0,197.10909614491408
410490,CASTRO,41,2018,2387678.47,11949.0,199.82245125115074
410490,CASTRO,41,2019,2478496.69,12314.0,201.2747027773266
410490,CASTRO,41,2020,2601373.4,12777.0,203.59813727792127
410490,CASTRO,41,2021,2570295.56,13108.0,196.0860207506866
410490,CASTRO,41,2022,2885937.84,13168.0,219.1629586877278
410490,CASTRO,41,2023,1367310.37,6204.0,220.39174242424244
410490,CASTRO,41,2024,1015200.23,4182.0,242.75471783835485
410490,CASTRO,41,2025,3366109.88,12063.0,279.0441747492332
410490,CASTRO,41,2026,2074676.6199999999,7178.0,289.032685984954
412820,UNIAO DA VITORIA,41,2015,1226244.66,6812.0,180.01242806811507
412820,UNIAO DA VITORIA,41,2016,1151916.91,6243.0,184.51336056383147
412820,UNIAO DA VITORIA,41,2017,1513515.03,7706.0,196.407348819102
412820,UNIAO DA VITORIA,41,2018,1714416.15,8769.0,195.5087410195005
412820,UNIAO DA VITORIA,41,2019,2109630.67,10764.0,195.98947138610183
412820,UNIAO DA VITORIA,41,2020,2304318.43,11816.0,195.0167933310765
412820,UNIAO DA VITORIA,41,2021,2324285.09,12085.0,192.3281001241208
412820,UNIAO DA VITORIA,41,2022,2582136.57,11698.0,220.73316549837577
412820,UNIAO DA VITORIA,41,2023,2638948.02,11513.0,229.2146286806219
412820,UNIAO DA VITORIA,41,2024,2808796.86,11174.0,251.36896903526042
412820,UNIAO DA VITORIA,41,2025,3307461.06,11421.0,289.59469923824537
412820,UNIAO DA VITORIA,41,2026,1661677.8599999999,5720.0,290.50312237762233
330030,BARRA DO PIRAI,33,2015,4458715.55,24430.0,182.50984650020465
330030,BARRA DO PIRAI,33,2016,4517345.68,24474.0,184.57733431396582
330030,BARRA DO PIRAI,33,2017,4859037.86,24427.0,198.9207786465796
330030,BARRA DO PIRAI,33,2018,4098663.75,20531.0,199.6329331255175
330030,BARRA DO PIRAI,33,2019,3877976.46,19424.0,199.64870572487644
330030,BARRA DO PIRAI,33,2020,3444368.32,17353.0,198.4883489886475
330030,BARRA DO PIRAI,33,2021,0.0,0.0,0.0
330030,BARRA DO PIRAI,33,2022,0.0,0.0,0.0
330030,BARRA DO PIRAI,33,2023,0.0,0.0,0.0
330030,BARRA DO PIRAI,33,2024,0.0,0.0,0.0
330030,BARRA DO PIRAI,33,2025,0.0,0.0,0.0
330030,BARRA DO PIRAI,33,2026,0.0,0.0,0.0
354940,SAO JOAQUIM DA BARRA,35,2015,0.0,0.0,0.0
354940,SAO JOAQUIM DA BARRA,35,2016,0.0,0.0,0.0
354940,SAO JOAQUIM DA BARRA,35,2017,548987.16,2822.0,194.5383274273565
354940,SAO JOAQUIM DA BARRA,35,2018,2243277.2,11451.0,195.9022967426426
354940,SAO JOAQUIM DA BARRA,35,2019,2875174.46,14574.0,197.28108000548923
354940,SAO JOAQUIM DA BARRA,35,2020,2713757.29,13845.0,196.00991621524017
354940,SAO JOAQUIM DA BARRA,35,2021,2464203.43,12542.0,196.47611465476
354940,SAO JOAQUIM DA BARRA,35,2022,2627593.49,11896.0,220.8804211499664
354940,SAO JOAQUIM DA BARRA,35,2023,2739533.64,11863.0,230.93093146758832
354940,SAO JOAQUIM DA BARRA,35,2024,3022757.2,12402.0,243.7314304144493
354940,SAO JOAQUIM DA BARRA,35,2025,3610240.84,14823.0,243.55669162787558
354940,SAO JOAQUIM DA BARRA,35,2026,1942332.33,7815.0,248.5390057581574
150553,PARAUAPEBAS,15,2015,0.0,0.0,0.0
150553,PARAUAPEBAS,15,2016,0.0,0.0,0.0
150553,PARAUAPEBAS,15,2017,11000.0,21.0,523.8095238095239
150553,PARAUAPEBAS,15,2018,3600.0,6.0,600.0
150553,PARAUAPEBAS,15,2019,9600.0,16.0,600.0
150553,PARAUAPEBAS,15,2020,3000.0,5.0,600.0
150553,PARAUAPEBAS,15,2021,1699563.2,8714.0,195.03823731925635
150553,PARAUAPEBAS,15,2022,2103616.96,9602.0,219.08112476567382
150553,PARAUAPEBAS,15,2023,1989273.32,8869.0,224.29510880595333
150553,PARAUAPEBAS,15,2024,4415438.75,18467.0,239.09886554394325
150553,PARAUAPEBAS,15,2025,6705154.85,24899.0,269.29414233503354
150553,PARAUAPEBAS,15,2026,7688831.08,13294.0,578.368518128479
412710,TELEMACO BORBA,41,2015,2236360.6,12369.0,180.8036704664888
412710,TELEMACO BORBA,41,2016,2005047.21,11078.0,180.99360985737496
412710,TELEMACO BORBA,41,2017,2042508.62,10432.0,195.7926207822086
412710,TELEMACO BORBA,41,2018,1985006.15,10136.0,195.83722868981846
412710,TELEMACO BORBA,41,2019,1960152.51,10015.0,195.72166849725411
412710,TELEMACO BORBA,41,2020,1860663.12,9508.0,195.6944804375263
412710,TELEMACO BORBA,41,2021,1599305.37,8243.0,194.01981924056776
412710,TELEMACO BORBA,41,2022,1430432.04,6559.0,218.0869095898765
412710,TELEMACO BORBA,41,2023,2557119.51,11100.0,230.371127027027
412710,TELEMACO BORBA,41,2024,2750568.07,11318.0,243.02598250574306
412710,TELEMACO BORBA,41,2025,2714768.33,9687.0,280.2486146381749
412710,TELEMACO BORBA,41,2026,1459108.9500000002,5028.0,290.1966885441528
421930,VIDEIRA,42,2015,1736039.4,9203.0,188.63842225361293
421930,VIDEIRA,42,2016,1616139.27,8377.0,192.92578130595678
421930,VIDEIRA,42,2017,1895510.85,9381.0,202.05850655580429
421930,VIDEIRA,42,2018,1964603.79,9838.0,199.69544521244157
421930,VIDEIRA,42,2019,1853670.87,9290.0,199.53400107642628
421930,VIDEIRA,42,2020,1782787.9,9016.0,197.7360137533274
421930,VIDEIRA,42,2021,1745284.16,8973.0,194.50397414465618
421930,VIDEIRA,42,2022,2216617.32,10112.0,219.20661787974683
421930,VIDEIRA,42,2023,2608234.12,11312.0,230.5723231966054
421930,VIDEIRA,42,2024,2775469.41,11329.0,244.98803160031778
421930,VIDEIRA,42,2025,2568867.55,10529.0,243.9802022984139
421930,VIDEIRA,42,2026,1303666.69,5266.0,247.562987086973
330620,VASSOURAS,33,2015,1529572.02,8351.0,183.1603424739552
330620,VASSOURAS,33,2016,1563547.58,8467.0,184.66370379118933
330620,VASSOURAS,33,2017,1672259.58,8391.0,199.2920486235252
330620,VASSOURAS,33,2018,1731442.53,8669.0,199.72805744607223
330620,VASSOURAS,33,2019,1879558.52,9527.0,197.28755326965467
330620,VASSOURAS,33,2020,1915901.89,9810.0,195.30090621814475
330620,VASSOURAS,33,2021,2003849.18,10257.0,195.36406161645704
330620,VASSOURAS,33,2022,2305000.91,10448.0,220.61647300918838
330620,VASSOURAS,33,2023,2387779.71,10203.0,234.0272184651573
330620,VASSOURAS,33,2024,2561299.39,10288.0,248.95989405132195
330620,VASSOURAS,33,2025,2391276.51,9673.0,247.2114659361108
330620,VASSOURAS,33,2026,1239655.8900000001,4789.0,258.8548527876384
351340,CRUZEIRO,35,2015,1638297.58,9158.0,178.89250709761959
351340,CRUZEIRO,35,2016,1591681.33,8912.0,178.59979017055656
351340,CRUZEIRO,35,2017,1654812.58,8566.0,193.1838174176979
351340,CRUZEIRO,35,2018,1827927.99,9438.0,193.67747298156388
351340,CRUZEIRO,35,2019,1956408.06,10144.0,192.8635705835962
351340,CRUZEIRO,35,2020,2023507.85,10518.0,192.3852300817646
351340,CRUZEIRO,35,2021,1838541.9,9589.0,191.73447700490144
351340,CRUZEIRO,35,2022,2044574.09,9448.0,216.40284610499577
351340,CRUZEIRO,35,2023,841826.86,3844.0,218.99762226847034
351340,CRUZEIRO,35,2024,2027352.9,8332.0,243.32127940470474
351340,CRUZEIRO,35,2025,3481044.52,14254.0,244.21527430896592
351340,CRUZEIRO,35,2026,1920236.1,7802.0,246.1210074339913
420140,ARARANGUA,42,2015,1394799.39,7557.0,184.57051607780863
420140,ARARANGUA,42,2016,1514527.82,8156.0,185.69492643452674
420140,ARARANGUA,42,2017,1668431.56,8444.0,197.58782093794412
420140,ARARANGUA,42,2018,1963078.62,9932.0,197.6518948852195
420140,ARARANGUA,42,2019,1775316.62,9040.0,196.3845818584071
420140,ARARANGUA,42,2020,1846339.24,9556.0,193.21256174131435
420140,ARARANGUA,42,2021,1541879.75,7909.0,194.95255405234542
420140,ARARANGUA,42,2022,1947600.89,8855.0,219.94363523433088
420140,ARARANGUA,42,2023,2319109.99,10108.0,229.4331212900673
420140,ARARANGUA,42,2024,2473608.61,10197.0,242.58199568500538
420140,ARARANGUA,42,2025,2528205.16,10499.0,240.8043775597676
420140,ARARANGUA,42,2026,1467000.94,5978.0,245.39995650719302
431710,SANT'ANA DO LIVRAMENTO,43,2015,1414056.11,7631.0,185.30416852312936
431710,SANT'ANA DO LIVRAMENTO,43,2016,1449476.16,7601.0,190.6954558610709
431710,SANT'ANA DO LIVRAMENTO,43,2017,1509958.64,7374.0,204.76791971792784
431710,SANT'ANA DO LIVRAMENTO,43,2018,1533660.52,7470.0,205.3093065595716
431710,SANT'ANA DO LIVRAMENTO,43,2019,1626556.59,7957.0,204.418322231997
431710,SANT'ANA DO LIVRAMENTO,43,2020,1599380.37,7862.0,203.43174383108627
431710,SANT'ANA DO LIVRAMENTO,43,2021,1692726.22,8281.0,204.41084651612124
431710,SANT'ANA DO LIVRAMENTO,43,2022,1842062.8,8226.0,223.93177729151472
431710,SANT'ANA DO LIVRAMENTO,43,2023,2335680.84,9930.0,235.214586102719
431710,SANT'ANA DO LIVRAMENTO,43,2024,2889524.92,11762.0,245.6661214079238
431710,SANT'ANA DO LIVRAMENTO,43,2025,2957643.92,12230.0,241.83515290269827
431710,SANT'ANA DO LIVRAMENTO,43,2026,1537343.51,6138.0,250.4632632779407
150170,BRAGANCA,15,2015,1461733.27,8137.0,179.64031829912744
150170,BRAGANCA,15,2016,1458617.64,8124.0,179.54426883308713
150170,BRAGANCA,15,2017,1556253.17,7995.0,194.65330456535332
150170,BRAGANCA,15,2018,1545828.11,7935.0,194.81135601764336
150170,BRAGANCA,15,2019,1561614.43,8040.0,194.23065049751244
150170,BRAGANCA,15,2020,1571580.04,8135.0,193.18746650276583
150170,BRAGANCA,15,2021,1548744.71,7962.0,194.5170447123838
150170,BRAGANCA,15,2022,1770639.64,8113.0,218.2472131147541
150170,BRAGANCA,15,2023,1866350.92,8185.0,228.020882101405
150170,BRAGANCA,15,2024,2910051.79,12135.0,239.806492789452
150170,BRAGANCA,15,2025,3261688.18,13564.0,240.46654231790035
150170,BRAGANCA,15,2026,1365206.14,5525.0,247.09613393665157
330420,RESENDE,33,2015,1151040.48,6418.0,179.3456653162979
330420,RESENDE,33,2016,1323723.11,7359.0,179.8781233863297
330420,RESENDE,33,2017,1512460.23,7789.0,194.17899987161383
330420,RESENDE,33,2018,1785708.67,9140.0,195.3729398249453
330420,RESENDE,33,2019,1628580.91,8281.0,196.66476391740127
330420,RESENDE,33,2020,1685127.55,8591.0,196.15033756256548
330420,RESENDE,33,2021,1689390.15,8546.0,197.6819740229347
330420,RESENDE,33,2022,1742834.04,7958.0,219.00402613722042
330420,RESENDE,33,2023,2356127.83,10070.0,233.9749582919563
330420,RESENDE,33,2024,2819631.66,11354.0,248.3381768539722
330420,RESENDE,33,2025,2856890.83,11575.0,246.81562246220304
330420,RESENDE,33,2026,1267805.63,4991.0,254.01835904628328
430470,CARAZINHO,43,2015,1372666.49,7568.0,181.37770745243128
430470,CARAZINHO,43,2016,1412603.2,7764.0,181.94270994332817
430470,CARAZINHO,43,2017,1736360.01,8837.0,196.4874968880842
430470,CARAZINHO,43,2018,1818154.29,9181.0,198.03445049558871
430470,CARAZINHO,43,2019,1796837.87,9007.0,199.49349061840792
430470,CARAZINHO,43,2020,1908656.81,9640.0,197.9934450207469
430470,CARAZINHO,43,2021,2009652.82,10108.0,198.81804709141275
430470,CARAZINHO,43,2022,2473641.38,11106.0,222.7301800828381
430470,CARAZINHO,43,2023,2390750.27,10302.0,232.06661522034557
430470,CARAZINHO,43,2024,2234726.57,9175.0,243.5669286103542
430470,CARAZINHO,43,2025,1983338.33,8068.0,245.82775532969757
430470,CARAZINHO,43,2026,618696.6699999999,2470.0,250.4844817813765
421950,XANXERE,42,2015,1626813.85,8758.0,185.75175268326103
421950,XANXERE,42,2016,1499586.18,7864.0,190.69000254323498
421950,XANXERE,42,2017,1404686.74,6932.0,202.6380178880554
421950,XANXERE,42,2018,1579536.16,7959.0,198.4591230054027
421950,XANXERE,42,2019,1603662.64,8036.0,199.55981085116971
421950,XANXERE,42,2020,1712295.08,8691.0,197.01933954665748
421950,XANXERE,42,2021,1595869.92,8025.0,198.8622953271028
421950,XANXERE,42,2022,1866883.25,8508.0,219.42680418429714
421950,XANXERE,42,2023,2236693.79,9620.0,232.50455197505198
421950,XANXERE,42,2024,2466298.98,10019.0,246.1621898393053
421950,XANXERE,42,2025,2610244.77,10712.0,243.6748291635549
421950,XANXERE,42,2026,1228939.49,5003.0,245.64051369178492
292860,SANTO AMARO,29,2015,0.0,0.0,0.0
292860,SANTO AMARO,29,2016,0.0,0.0,0.0
292860,SANTO AMARO,29,2017,0.0,0.0,0.0
292860,SANTO AMARO,29,2018,0.0,0.0,0.0
292860,SANTO AMARO,29,2019,0.0,0.0,0.0
292860,SANTO AMARO,29,2020,2400.0,4.0,600.0
292860,SANTO AMARO,29,2021,27141.06,53.0,512.0954716981132
292860,SANTO AMARO,29,2022,35635.94,46.0,774.694347826087
292860,SANTO AMARO,29,2023,4614500.48,19963.0,231.1526564143666
292860,SANTO AMARO,29,2024,6354811.65,26254.0,242.05117886798203
292860,SANTO AMARO,29,2025,6957515.63,28658.0,242.77743143275873
292860,SANTO AMARO,29,2026,3376343.63,13579.0,248.64449738566904
522010,SAO LUIS DE MONTES BELOS,52,2015,0.0,0.0,0.0
522010,SAO LUIS DE MONTES BELOS,52,2016,937751.06,5116.0,183.29770523846756
522010,SAO LUIS DE MONTES BELOS,52,2017,1770929.35,8971.0,197.40601382231637
522010,SAO LUIS DE MONTES BELOS,52,2018,1547792.5,7851.0,197.14590498025728
522010,SAO LUIS DE MONTES BELOS,52,2019,1748284.1,8860.0,197.32326185101581
522010,SAO LUIS DE MONTES BELOS,52,2020,1737665.27,8791.0,197.6641189853259
522010,SAO LUIS DE MONTES BELOS,52,2021,1704287.68,8736.0,195.08787545787544
522010,SAO LUIS DE MONTES BELOS,52,2022,2113680.28,9680.0,218.35540082644627
522010,SAO LUIS DE MONTES BELOS,52,2023,2444131.81,10688.0,228.6799971931138
522010,SAO LUIS DE MONTES BELOS,52,2024,2802814.67,11586.0,241.91391938546522
522010,SAO LUIS DE MONTES BELOS,52,2025,2859428.66,11752.0,243.31421545268893
522010,SAO LUIS DE MONTES BELOS,52,2026,1470830.52,5956.0,246.94938213566152
352340,ITATIBA,35,2015,0.0,0.0,0.0
352340,ITATIBA,35,2016,0.0,0.0,0.0
352340,ITATIBA,35,2017,0.0,0.0,0.0
352340,ITATIBA,35,2018,1523586.21,7403.0,205.80659327299742
352340,ITATIBA,35,2019,2209558.01,11285.0,195.79601329198047
352340,ITATIBA,35,2020,2296240.65,11712.0,196.05879866803278
352340,ITATIBA,35,2021,2344370.39,11939.0,196.36237457073457
352340,ITATIBA,35,2022,2582011.61,11764.0,219.48415589935394
352340,ITATIBA,35,2023,2710910.82,11796.0,229.81610885045777
352340,ITATIBA,35,2024,2823146.36,11599.0,243.39566859212
352340,ITATIBA,35,2025,3018804.04,12351.0,244.41778317545138
352340,ITATIBA,35,2026,1621648.26,6465.0,250.8349976798144
430040,ALEGRETE,43,2015,1361246.19,7527.0,180.8484376245516
430040,ALEGRETE,43,2016,1487366.96,8076.0,184.17124318969786
430040,ALEGRETE,43,2017,1599949.84,8123.0,196.96538717222703
430040,ALEGRETE,43,2018,1551301.63,7900.0,196.36729493670884
430040,ALEGRETE,43,2019,1696019.07,8603.0,197.1427490410322
430040,ALEGRETE,43,2020,1848930.35,9395.0,196.79939861628526
430040,ALEGRETE,43,2021,1889944.48,9721.0,194.41873058327332
430040,ALEGRETE,43,2022,1861130.99,8456.0,220.09590704824976
430040,ALEGRETE,43,2023,1971882.06,8577.0,229.90346974466598
430040,ALEGRETE,43,2024,1910577.38,7827.0,244.10085345598569
430040,ALEGRETE,43,2025,2367879.02,9573.0,247.34973571503187
430040,ALEGRETE,43,2026,1298226.92,5081.0,255.50618382208225
210320,CHAPADINHA,21,2015,0.0,0.0,0.0
210320,CHAPADINHA,21,2016,0.0,0.0,0.0
210320,CHAPADINHA,21,2017,0.0,0.0,0.0
210320,CHAPADINHA,21,2018,0.0,0.0,0.0
210320,CHAPADINHA,21,2019,0.0,0.0,0.0
210320,CHAPADINHA,21,2020,23886.6,123.0,194.2
210320,CHAPADINHA,21,2021,1559408.31,7941.0,196.37429920664906
210320,CHAPADINHA,21,2022,1882407.8,8666.0,217.21760904684976
210320,CHAPADINHA,21,2023,3970211.51,17374.0,228.51453378611717
210320,CHAPADINHA,21,2024,4758378.41,19850.0,239.71679647355165
210320,CHAPADINHA,21,2025,5219030.68,21642.0,241.1528823583772
210320,CHAPADINHA,21,2026,3409194.0,13308.0,256.17628494138864
220190,BOM JESUS,22,2015,636282.36,3547.0,179.38606146038904
220190,BOM JESUS,22,2016,968929.34,5411.0,179.06659397523563
220190,BOM JESUS,22,2017,1111552.84,5711.0,194.6336613552793
220190,BOM JESUS,22,2018,1327426.44,6792.0,195.4396996466431
220190,BOM JESUS,22,2019,1543736.27,7837.0,196.980511675386
220190,BOM JESUS,22,2020,1452310.98,7462.0,194.62757705708924
220190,BOM JESUS,22,2021,1515804.59,7806.0,194.18454906482194
220190,BOM JESUS,22,2022,1934137.21,8845.0,218.67011984171847
220190,BOM JESUS,22,2023,2382292.59,10393.0,229.22087847589722
220190,BOM JESUS,22,2024,2663285.72,11046.0,241.10861126199532
220190,BOM JESUS,22,2025,3017722.4,12511.0,241.2055311326033
220190,BOM JESUS,22,2026,1554843.62,6235.0,249.37347554129914
500330,COXIM,50,2015,0.0,0.0,0.0
500330,COXIM,50,2016,0.0,0.0,0.0
500330,COXIM,50,2017,1227824.28,6305.0,194.73818873909596
500330,COXIM,50,2018,1472118.16,7610.0,193.4452247043364
500330,COXIM,50,2019,1568633.45,8043.0,195.03089021509388
500330,COXIM,50,2020,1672246.18,8676.0,192.74391194098664
500330,COXIM,50,2021,1714967.23,8807.0,194.72774270466675
500330,COXIM,50,2022,2009057.27,9133.0,219.97780247454287
500330,COXIM,50,2023,2461195.8,10665.0,230.773164556962
500330,COXIM,50,2024,2677213.1,10984.0,243.737536416606
500330,COXIM,50,2025,2637401.51,10779.0,244.6796094257352
500330,COXIM,50,2026,1367013.33,5256.0,260.08625
420430,CONCORDIA,42,2015,1161035.93,6542.0,177.47415622133903
420430,CONCORDIA,42,2016,1292763.29,7179.0,180.07567767098482
420430,CONCORDIA,42,2017,1480454.46,7605.0,194.66856804733726
420430,CONCORDIA,42,2018,1514689.82,7794.0,194.34049525275853
420430,CONCORDIA,42,2019,1472757.51,7554.0,194.96392772041304
420430,CONCORDIA,42,2020,1561416.21,8052.0,193.9165685543964
420430,CONCORDIA,42,2021,1445963.04,7471.0,193.5434399678758
420430,CONCORDIA,42,2022,1719602.26,7843.0,219.25312507968889
420430,CONCORDIA,42,2023,1810865.03,7858.0,230.4485912445915
420430,CONCORDIA,42,2024,2008232.1,8270.0,242.83338573155987
420430,CONCORDIA,42,2025,1964739.73,8050.0,244.06704720496893
420430,CONCORDIA,42,2026,1124446.14,4505.0,249.59958712541618
320230,GUACUI,32,2015,0.0,0.0,0.0
320230,GUACUI,32,2016,0.0,0.0,0.0
320230,GUACUI,32,2017,0.0,0.0,0.0
320230,GUACUI,32,2018,0.0,0.0,0.0
320230,GUACUI,32,2019,135556.6,693.0,195.6083694083694
320230,GUACUI,32,2020,1679683.44,8623.0,194.79107503189144
320230,GUACUI,32,2021,2012880.8,10321.0,195.02769111520203
320230,GUACUI,32,2022,2948619.43,13462.0,219.03279081860052
320230,GUACUI,32,2023,2983923.7,13079.0,228.14616560899154
320230,GUACUI,32,2024,3358364.54,13750.0,244.24469381818182
320230,GUACUI,32,2025,3553597.82,14544.0,244.33428355335533
320230,GUACUI,32,2026,1868774.94,7510.0,248.83820772303594
280350,LAGARTO,28,2015,0.0,0.0,0.0
280350,LAGARTO,28,2016,0.0,0.0,0.0
280350,LAGARTO,28,2017,0.0,0.0,0.0
280350,LAGARTO,28,2018,0.0,0.0,0.0
280350,LAGARTO,28,2019,0.0,0.0,0.0
280350,LAGARTO,28,2020,0.0,0.0,0.0
280350,LAGARTO,28,2021,0.0,0.0,0.0
280350,LAGARTO,28,2022,2591122.79,11815.0,219.30789589504866
280350,LAGARTO,28,2023,4210056.7,18510.0,227.44768773635874
280350,LAGARTO,28,2024,4717820.0,19540.0,241.44421699078814
280350,LAGARTO,28,2025,4614620.71,19118.0,241.37570404854063
280350,LAGARTO,28,2026,2367174.1399999997,9359.0,252.93024254728067
431800,SAO BORJA,43,2015,1259241.49,6845.0,183.96515558802045
431800,SAO BORJA,43,2016,1337717.69,7201.0,185.76832245521456
431800,SAO BORJA,43,2017,1447112.01,7284.0,198.6699629324547
431800,SAO BORJA,43,2018,1559626.79,7790.0,200.20883055198973
431800,SAO BORJA,43,2019,1664396.29,8300.0,200.5296734939759
431800,SAO BORJA,43,2020,1760105.87,8832.0,199.2873494112319
431800,SAO BORJA,43,2021,1649084.41,8585.0,192.08904018637156
431800,SAO BORJA,43,2022,1744966.31,8038.0,217.0896130878328
431800,SAO BORJA,43,2023,1670475.73,7270.0,229.77657909215955
431800,SAO BORJA,43,2024,1702670.47,7038.0,241.92532963910202
431800,SAO BORJA,43,2025,1742350.45,7190.0,242.32968706536857
431800,SAO BORJA,43,2026,882931.93,3609.0,244.64725131615407
432240,URUGUAIANA,43,2015,1136171.66,6177.0,183.93583616642383
432240,URUGUAIANA,43,2016,1271773.56,6506.0,195.47703043344606
432240,URUGUAIANA,43,2017,1399481.82,6796.0,205.92728369629194
432240,URUGUAIANA,43,2018,1103977.97,5416.0,203.83640509601182
432240,URUGUAIANA,43,2019,1268712.13,6323.0,200.65034477305076
432240,URUGUAIANA,43,2020,1475265.69,7436.0,198.39506320602473
432240,URUGUAIANA,43,2021,1466643.75,7493.0,195.73518617376217
432240,URUGUAIANA,43,2022,1814733.32,8272.0,219.38265473887816
432240,URUGUAIANA,43,2023,1672004.69,7255.0,230.46239696760853
432240,URUGUAIANA,43,2024,2022412.15,8156.0,247.96617827366356
432240,URUGUAIANA,43,2025,2043287.92,8364.0,244.29554280248684
432240,URUGUAIANA,43,2026,1121759.87,4227.0,265.37967116158035
410180,ARAUCARIA,41,2015,0.0,0.0,0.0
410180,ARAUCARIA,41,2016,0.0,0.0,0.0
410180,ARAUCARIA,41,2017,0.0,0.0,0.0
410180,ARAUCARIA,41,2018,0.0,0.0,0.0
410180,ARAUCARIA,41,2019,0.0,0.0,0.0
410180,ARAUCARIA,41,2020,0.0,0.0,0.0
410180,ARAUCARIA,41,2021,0.0,0.0,0.0
410180,ARAUCARIA,41,2022,2324369.23,10591.0,219.46645548106883
410180,ARAUCARIA,41,2023,3378087.94,14562.0,231.97966900151079
410180,ARAUCARIA,41,2024,4511365.17,18678.0,241.53363154513332
410180,ARAUCARIA,41,2025,5002255.62,20825.0,240.20435150060024
410180,ARAUCARIA,41,2026,2551943.14,10416.0,245.00222158218128
261390,SERRA TALHADA,26,2015,0.0,0.0,0.0
261390,SERRA TALHADA,26,2016,0.0,0.0,0.0
261390,SERRA TALHADA,26,2017,0.0,0.0,0.0
261390,SERRA TALHADA,26,2018,0.0,0.0,0.0
261390,SERRA TALHADA,26,2019,0.0,0.0,0.0
261390,SERRA TALHADA,26,2020,0.0,0.0,0.0
261390,SERRA TALHADA,26,2021,0.0,0.0,0.0
261390,SERRA TALHADA,26,2022,542399.21,2484.0,218.35716988727856
261390,SERRA TALHADA,26,2023,3996944.08,17332.0,230.61066697438264
261390,SERRA TALHADA,26,2024,5184741.44,21346.0,242.8905387426216
261390,SERRA TALHADA,26,2025,5164630.55,21221.0,243.37357099099947
261390,SERRA TALHADA,26,2026,2645049.0100000002,10639.0,248.61819813892285
316870,TIMOTEO,31,2015,0.0,0.0,0.0
316870,TIMOTEO,31,2016,0.0,0.0,0.0
316870,TIMOTEO,31,2017,0.0,0.0,0.0
316870,TIMOTEO,31,2018,0.0,0.0,0.0
316870,TIMOTEO,31,2019,0.0,0.0,0.0
316870,TIMOTEO,31,2020,0.0,0.0,0.0
316870,TIMOTEO,31,2021,0.0,0.0,0.0
316870,TIMOTEO,31,2022,2211101.97,10091.0,219.1162392230701
316870,TIMOTEO,31,2023,3908545.14,17070.0,228.97159578207382
316870,TIMOTEO,31,2024,4104505.46,17002.0,241.41309610634042
316870,TIMOTEO,31,2025,4171460.31,17290.0,241.26433256217467
316870,TIMOTEO,31,2026,2258419.4,9110.0,247.9055323819978
420480,CURITIBANOS,42,2015,1176190.68,6402.0,183.72238050609184
420480,CURITIBANOS,42,2016,1169747.95,6320.0,185.08670094936707
420480,CURITIBANOS,42,2017,1322648.47,6610.0,200.09810438729198
420480,CURITIBANOS,42,2018,1309981.36,6550.0,199.9971541984733
420480,CURITIBANOS,42,2019,1222710.14,6110.0,200.11622585924712
420480,CURITIBANOS,42,2020,1058279.47,5254.0,201.42357632280167
420480,CURITIBANOS,42,2021,1056111.61,5238.0,201.62497327224133
420480,CURITIBANOS,42,2022,1345416.99,6001.0,224.19879853357773
420480,CURITIBANOS,42,2023,1429153.74,6181.0,231.21723669309173
420480,CURITIBANOS,42,2024,1755370.45,7202.0,243.7337475701194
420480,CURITIBANOS,42,2025,2225929.34,9137.0,243.61708875998684
420480,CURITIBANOS,42,2026,1346233.45,5404.0,249.11795891931902
430210,BENTO GONCALVES,43,2015,1234525.12,6781.0,182.05649904143934
430210,BENTO GONCALVES,43,2016,1227676.07,6652.0,184.55743686109443
430210,BENTO GONCALVES,43,2017,1328242.13,6636.0,200.15704189270645
430210,BENTO GONCALVES,43,2018,1350260.3,6718.0,200.99141113426614
430210,BENTO GONCALVES,43,2019,1419839.21,7060.0,201.11036968838528
430210,BENTO GONCALVES,43,2020,1460315.97,7393.0,197.52684566481807
430210,BENTO GONCALVES,43,2021,1231053.66,6170.0,199.52247325769852
430210,BENTO GONCALVES,43,2022,1263836.22,5780.0,218.65678546712803
430210,BENTO GONCALVES,43,2023,1461284.26,6403.0,228.21868811494613
430210,BENTO GONCALVES,43,2024,1582031.27,6555.0,241.3472570556827
430210,BENTO GONCALVES,43,2025,1609637.64,6613.0,243.40505670648722
430210,BENTO GONCALVES,43,2026,853359.22,3447.0,247.56577313606033
314700,PARACATU,31,2015,1166083.28,6551.0,178.00080598381928
314700,PARACATU,31,2016,1287612.3,7216.0,178.43851164079823
314700,PARACATU,31,2017,1268506.93,6568.0,193.1344290499391
314700,PARACATU,31,2018,1403630.18,7239.0,193.89835336372425
314700,PARACATU,31,2019,1325056.5,6810.0,194.57511013215858
314700,PARACATU,31,2020,1249636.95,6434.0,194.22395865713398
314700,PARACATU,31,2021,1351154.42,7058.0,191.43587701898554
314700,PARACATU,31,2022,1588129.75,7307.0,217.34360886820858
314700,PARACATU,31,2023,1636234.07,7215.0,226.7822688842689
314700,PARACATU,31,2024,1732333.33,7189.0,240.97
314700,PARACATU,31,2025,1722270.47,7166.0,240.33916689924644
314700,PARACATU,31,2026,291091.76,1208.0,240.97
431640,ROSARIO DO SUL,43,2015,1134646.99,6209.0,182.74230794008696
431640,ROSARIO DO SUL,43,2016,1015950.83,5583.0,181.9722066989074
431640,ROSARIO DO SUL,43,2017,1231888.84,6279.0,196.19188405797104
431640,ROSARIO DO SUL,43,2018,1228120.95,6256.0,196.3108935421995
431640,ROSARIO DO SUL,43,2019,1395215.11,7140.0,195.4082787114846
431640,ROSARIO DO SUL,43,2020,1337579.03,6889.0,194.16156626506026
431640,ROSARIO DO SUL,43,2021,1118544.19,5873.0,190.45533628469266
431640,ROSARIO DO SUL,43,2022,1429014.91,6528.0,218.90547028186273
431640,ROSARIO DO SUL,43,2023,1700470.92,7328.0,232.05116266375543
431640,ROSARIO DO SUL,43,2024,1725877.53,6946.0,248.47070688165851
431640,ROSARIO DO SUL,43,2025,1575860.2,6365.0,247.582120974077
431640,ROSARIO DO SUL,43,2026,879578.1300000001,3463.0,253.99310713254408
292880,SANTO ESTEVAO,29,2015,0.0,0.0,0.0
292880,SANTO ESTEVAO,29,2016,0.0,0.0,0.0
292880,SANTO ESTEVAO,29,2017,0.0,0.0,0.0
292880,SANTO ESTEVAO,29,2018,0.0,0.0,0.0
292880,SANTO ESTEVAO,29,2019,0.0,0.0,0.0
292880,SANTO ESTEVAO,29,2020,0.0,0.0,0.0
292880,SANTO ESTEVAO,29,2021,15411.7,30.0,513.7233333333334
292880,SANTO ESTEVAO,29,2022,278898.64,1190.0,234.3686050420168
292880,SANTO ESTEVAO,29,2023,3079166.62,13511.0,227.90071941381098
292880,SANTO ESTEVAO,29,2024,3996173.22,16461.0,242.76612720976857
292880,SANTO ESTEVAO,29,2025,5358604.08,21881.0,244.89758603354508
292880,SANTO ESTEVAO,29,2026,2927000.3,11642.0,251.4173080226765
120020,CRUZEIRO DO SUL,12,2015,0.0,0.0,0.0
120020,CRUZEIRO DO SUL,12,2016,67496.01,337.0,200.2848961424332
120020,CRUZEIRO DO SUL,12,2017,958473.42,4325.0,221.61235144508672
120020,CRUZEIRO DO SUL,12,2018,936247.27,4324.0,216.52342044403332
120020,CRUZEIRO DO SUL,12,2019,998204.34,5137.0,194.31659334241775
120020,CRUZEIRO DO SUL,12,2020,1056234.93,5520.0,191.34690760869563
120020,CRUZEIRO DO SUL,12,2021,1217713.95,6378.0,190.92410630291627
120020,CRUZEIRO DO SUL,12,2022,1710386.1,7932.0,215.63112708018156
120020,CRUZEIRO DO SUL,12,2023,2181763.57,9756.0,223.63300225502255
120020,CRUZEIRO DO SUL,12,2024,2545533.99,10734.0,237.14682224706542
120020,CRUZEIRO DO SUL,12,2025,2513379.31,10571.0,237.76173588118436
120020,CRUZEIRO DO SUL,12,2026,1411249.1600000001,5645.0,249.99985119574848
432080,SOLEDADE,43,2015,1118621.94,6249.0,179.00815170427268
432080,SOLEDADE,43,2016,1145498.46,6400.0,178.984134375
432080,SOLEDADE,43,2017,1269510.53,6541.0,194.08508332059318
432080,SOLEDADE,43,2018,1291751.7,6654.0,194.1316050495942
432080,SOLEDADE,43,2019,1181502.63,6086.0,194.13451035162666
432080,SOLEDADE,43,2020,1183075.01,6151.0,192.33864574865876
432080,SOLEDADE,43,2021,1222266.82,6345.0,192.63464460204887
432080,SOLEDADE,43,2022,1489154.87,6788.0,219.38050530347675
432080,SOLEDADE,43,2023,1459409.82,6382.0,228.67593544343467
432080,SOLEDADE,43,2024,1613601.35,6754.0,238.91047527391177
432080,SOLEDADE,43,2025,1679773.32,6975.0,240.82771612903227
432080,SOLEDADE,43,2026,922840.5800000001,3755.0,245.76313715046606
421003,LUZERNA,42,2015,0.0,0.0,0.0
421003,LUZERNA,42,2016,0.0,0.0,0.0
421003,LUZERNA,42,2017,0.0,0.0,0.0
421003,LUZERNA,42,2018,0.0,0.0,0.0
421003,LUZERNA,42,2019,0.0,0.0,0.0
421003,LUZERNA,42,2020,0.0,0.0,0.0
421003,LUZERNA,42,2021,1958365.81,10037.0,195.11465676995118
421003,LUZERNA,42,2022,2296463.76,10554.0,217.5917907902217
421003,LUZERNA,42,2023,2587974.13,11233.0,230.3902902163269
421003,LUZERNA,42,2024,3156722.31,12863.0,245.41104796703723
421003,LUZERNA,42,2025,3677557.52,14927.0,246.36949956454745
421003,LUZERNA,42,2026,1875567.05,7510.0,249.74261651131826
431330,NOVA PRATA,43,2015,947155.28,5275.0,179.55550331753554
431330,NOVA PRATA,43,2016,921688.69,5137.0,179.42158652910257
431330,NOVA PRATA,43,2017,902743.37,4660.0,193.72175321888412
431330,NOVA PRATA,43,2018,1085425.22,5591.0,194.13793954569843
431330,NOVA PRATA,43,2019,1117131.92,5728.0,195.03001396648042
431330,NOVA PRATA,43,2020,1041038.55,5324.0,195.53691773102932
431330,NOVA PRATA,43,2021,1223790.86,6314.0,193.8218023439975
431330,NOVA PRATA,43,2022,1455971.74,6729.0,216.37267647495912
431330,NOVA PRATA,43,2023,1719012.68,7560.0,227.38262962962963
431330,NOVA PRATA,43,2024,1808268.83,7565.0,239.03090945142102
431330,NOVA PRATA,43,2025,1712542.89,7129.0,240.2220353485762
431330,NOVA PRATA,43,2026,731259.53,3007.0,243.18574326571334
355060,SAO ROQUE,35,2015,2841895.04,15871.0,179.0621284103081
355060,SAO ROQUE,35,2016,2886002.83,16013.0,180.22874102291888
355060,SAO ROQUE,35,2017,3150995.64,16139.0,195.24107069830845
355060,SAO ROQUE,35,2018,4424216.35,22556.0,196.14365800673878
355060,SAO ROQUE,35,2019,1203678.56,6146.0,195.8474715261959
355060,SAO ROQUE,35,2020,0.0,0.0,0.0
355060,SAO ROQUE,35,2021,0.0,0.0,0.0
355060,SAO ROQUE,35,2022,0.0,0.0,0.0
355060,SAO ROQUE,35,2023,0.0,0.0,0.0
355060,SAO ROQUE,35,2024,0.0,0.0,0.0
355060,SAO ROQUE,35,2025,0.0,0.0,0.0
355060,SAO ROQUE,35,2026,0.0,0.0,0.0
431830,SAO GABRIEL,43,2015,1172183.39,6306.0,185.88382334284807
431830,SAO GABRIEL,43,2016,1133117.05,6069.0,186.70572581973965
431830,SAO GABRIEL,43,2017,1225254.1,6207.0,197.39875946512004
431830,SAO GABRIEL,43,2018,1124503.05,5733.0,196.14565672422816
431830,SAO GABRIEL,43,2019,1171080.88,6007.0,194.95270184784417
431830,SAO GABRIEL,43,2020,1153652.77,5946.0,194.0216565758493
431830,SAO GABRIEL,43,2021,1108714.87,5805.0,190.99308699397073
431830,SAO GABRIEL,43,2022,1027166.77,4762.0,215.70070768584628
431830,SAO GABRIEL,43,2023,1368046.68,6032.0,226.7981896551724
431830,SAO GABRIEL,43,2024,1607192.26,6683.0,240.4896393835104
431830,SAO GABRIEL,43,2025,1370652.2,5705.0,240.2545486415425
431830,SAO GABRIEL,43,2026,603715.34,2446.0,246.8173916598528
314560,OLIVEIRA,31,2015,0.0,0.0,0.0
314560,OLIVEIRA,31,2016,0.0,0.0,0.0
314560,OLIVEIRA,31,2017,0.0,0.0,0.0
314560,OLIVEIRA,31,2018,0.0,0.0,0.0
314560,OLIVEIRA,31,2019,0.0,0.0,0.0
314560,OLIVEIRA,31,2020,0.0,0.0,0.0
314560,OLIVEIRA,31,2021,0.0,0.0,0.0
314560,OLIVEIRA,31,2022,0.0,0.0,0.0
314560,OLIVEIRA,31,2023,1154124.75,4803.0,240.29247345409118
314560,OLIVEIRA,31,2024,4143288.85,17220.0,240.60910859465739
314560,OLIVEIRA,31,2025,4699074.93,19556.0,240.2881432808345
314560,OLIVEIRA,31,2026,2497600.55,10077.0,247.85159769772747
431740,SANTIAGO,43,2015,598694.8,3356.0,178.39535160905842
431740,SANTIAGO,43,2016,798110.29,4460.0,178.94849551569507
431740,SANTIAGO,43,2017,836691.75,4274.0,195.7631609733271
431740,SANTIAGO,43,2018,832175.6,4164.0,199.85004803073966
431740,SANTIAGO,43,2019,868287.08,4233.0,205.12333569572405
431740,SANTIAGO,43,2020,886038.45,4380.0,202.29188356164383
431740,SANTIAGO,43,2021,921150.61,4690.0,196.40737953091684
431740,SANTIAGO,43,2022,1311307.89,5936.0,220.90766340970347
431740,SANTIAGO,43,2023,1427397.46,6192.0,230.52284560723513
431740,SANTIAGO,43,2024,1659042.73,6762.0,245.34793404318248
431740,SANTIAGO,43,2025,1511095.1,6142.0,246.02655486812114
431740,SANTIAGO,43,2026,810977.2,3214.0,252.32644679527067
210910,PRESIDENTE DUTRA,21,2015,0.0,0.0,0.0
210910,PRESIDENTE DUTRA,21,2016,0.0,0.0,0.0
210910,PRESIDENTE DUTRA,21,2017,0.0,0.0,0.0
210910,PRESIDENTE DUTRA,21,2018,0.0,0.0,0.0
210910,PRESIDENTE DUTRA,21,2019,0.0,0.0,0.0
210910,PRESIDENTE DUTRA,21,2020,0.0,0.0,0.0
210910,PRESIDENTE DUTRA,21,2021,0.0,0.0,0.0
210910,PRESIDENTE DUTRA,21,2022,2440.0,40.0,61.0
210910,PRESIDENTE DUTRA,21,2023,1735018.19,7492.0,231.58278029898557
210910,PRESIDENTE DUTRA,21,2024,3313221.5,13782.0,240.40208242635322
210910,PRESIDENTE DUTRA,21,2025,4454824.8,18544.0,240.22998274374459
210910,PRESIDENTE DUTRA,21,2026,2344092.41,9160.0,255.90528493449784
410590,COLORADO,41,2015,0.0,0.0,0.0
410590,COLORADO,41,2016,0.0,0.0,0.0
410590,COLORADO,41,2017,0.0,0.0,0.0
410590,COLORADO,41,2018,0.0,0.0,0.0
410590,COLORADO,41,2019,0.0,0.0,0.0
410590,COLORADO,41,2020,0.0,0.0,0.0
410590,COLORADO,41,2021,1251898.92,6469.0,193.52278868449528
410590,COLORADO,41,2022,1995356.45,9136.0,218.4059161558669
410590,COLORADO,41,2023,2015915.08,8824.0,228.4581912964642
410590,COLORADO,41,2024,2393586.42,9967.0,240.15114076452292
410590,COLORADO,41,2025,2486782.51,10373.0,239.7360946688518
410590,COLORADO,41,2026,1325003.02,5472.0,242.14236476608187
290390,BOM JESUS DA LAPA,29,2015,0.0,0.0,0.0
290390,BOM JESUS DA LAPA,29,2016,0.0,0.0,0.0
290390,BOM JESUS DA LAPA,29,2017,0.0,0.0,0.0
290390,BOM JESUS DA LAPA,29,2018,0.0,0.0,0.0
290390,BOM JESUS DA LAPA,29,2019,0.0,0.0,0.0
290390,BOM JESUS DA LAPA,29,2020,0.0,0.0,0.0
290390,BOM JESUS DA LAPA,29,2021,7200.0,12.0,600.0
290390,BOM JESUS DA LAPA,29,2022,38911.4,71.0,548.0478873239437
290390,BOM JESUS DA LAPA,29,2023,19003.96,39.0,487.2810256410256
290390,BOM JESUS DA LAPA,29,2024,3523626.65,14576.0,241.74167467069154
290390,BOM JESUS DA LAPA,29,2025,5379891.56,22254.0,241.74941853149994
290390,BOM JESUS DA LAPA,29,2026,2353043.49,9142.0,257.38826186830016
314180,MINAS NOVAS,31,2015,0.0,0.0,0.0
314180,MINAS NOVAS,31,2016,0.0,0.0,0.0
314180,MINAS NOVAS,31,2017,0.0,0.0,0.0
314180,MINAS NOVAS,31,2018,0.0,0.0,0.0
314180,MINAS NOVAS,31,2019,0.0,0.0,0.0
314180,MINAS NOVAS,31,2020,0.0,0.0,0.0
314180,MINAS NOVAS,31,2021,0.0,0.0,0.0
314180,MINAS NOVAS,31,2022,269224.93,1242.0,216.76725442834137
314180,MINAS NOVAS,31,2023,2288246.12,9888.0,231.41647653721685
314180,MINAS NOVAS,31,2024,2881149.67,11933.0,241.4438674264644
314180,MINAS NOVAS,31,2025,3792537.05,15928.0,238.105038297338
314180,MINAS NOVAS,31,2026,2037476.05,8369.0,243.4551380093201
420900,JOACABA,42,2015,1807829.04,10029.0,180.26014956625787
420900,JOACABA,42,2016,1794530.1,9897.0,181.32061230675964
420900,JOACABA,42,2017,2209039.82,11248.0,196.39400960170695
420900,JOACABA,42,2018,2249299.15,11431.0,196.77186160440905
420900,JOACABA,42,2019,2228908.63,11306.0,197.1438731646913
420900,JOACABA,42,2020,186736.93,953.0,195.94641133263377
420900,JOACABA,42,2021,0.0,0.0,0.0
420900,JOACABA,42,2022,0.0,0.0,0.0
420900,JOACABA,42,2023,0.0,0.0,0.0
420900,JOACABA,42,2024,0.0,0.0,0.0
420900,JOACABA,42,2025,0.0,0.0,0.0
420900,JOACABA,42,2026,0.0,0.0,0.0
431880,SAO LOURENCO DO SUL,43,2015,748597.04,4172.0,179.43361457334612
431880,SAO LOURENCO DO SUL,43,2016,807612.29,4377.0,184.512746173178
431880,SAO LOURENCO DO SUL,43,2017,792851.64,3984.0,199.00894578313253
431880,SAO LOURENCO DO SUL,43,2018,856396.57,4322.0,198.14821147616843
431880,SAO LOURENCO DO SUL,43,2019,805603.53,4025.0,200.1499453416149
431880,SAO LOURENCO DO SUL,43,2020,862841.69,4300.0,200.66085813953487
431880,SAO LOURENCO DO SUL,43,2021,941068.21,4757.0,197.82808702964053
431880,SAO LOURENCO DO SUL,43,2022,878711.23,4035.0,217.77229987608425
431880,SAO LOURENCO DO SUL,43,2023,817727.95,3585.0,228.0970571827057
431880,SAO LOURENCO DO SUL,43,2024,896143.4,3611.0,248.17042370534477
431880,SAO LOURENCO DO SUL,43,2025,967713.15,3884.0,249.15374613800208
431880,SAO LOURENCO DO SUL,43,2026,523088.86,2059.0,254.0499562894609
220840,PIRIPIRI,22,2015,0.0,0.0,0.0
220840,PIRIPIRI,22,2016,0.0,0.0,0.0
220840,PIRIPIRI,22,2017,0.0,0.0,0.0
220840,PIRIPIRI,22,2018,0.0,0.0,0.0
220840,PIRIPIRI,22,2019,0.0,0.0,0.0
220840,PIRIPIRI,22,2020,0.0,0.0,0.0
220840,PIRIPIRI,22,2021,0.0,0.0,0.0
220840,PIRIPIRI,22,2022,0.0,0.0,0.0
220840,PIRIPIRI,22,2023,0.0,0.0,0.0
220840,PIRIPIRI,22,2024,2017941.88,8360.0,241.3806076555024
220840,PIRIPIRI,22,2025,5219730.89,21543.0,242.29359374274705
220840,PIRIPIRI,22,2026,2654889.64,10706.0,247.98147207173548
231340,TIANGUA,23,2015,0.0,0.0,0.0
231340,TIANGUA,23,2016,0.0,0.0,0.0
231340,TIANGUA,23,2017,0.0,0.0,0.0
231340,TIANGUA,23,2018,0.0,0.0,0.0
231340,TIANGUA,23,2019,0.0,0.0,0.0
231340,TIANGUA,23,2020,0.0,0.0,0.0
231340,TIANGUA,23,2021,0.0,0.0,0.0
231340,TIANGUA,23,2022,0.0,0.0,0.0
231340,TIANGUA,23,2023,0.0,0.0,0.0
231340,TIANGUA,23,2024,1990167.48,8305.0,239.63485611077664
231340,TIANGUA,23,2025,4858286.17,20267.0,239.71412493215573
231340,TIANGUA,23,2026,2982929.7399999998,12126.0,245.99453570839518
330023,ARMACAO DOS BUZIOS,33,2015,0.0,0.0,0.0
330023,ARMACAO DOS BUZIOS,33,2016,0.0,0.0,0.0
330023,ARMACAO DOS BUZIOS,33,2017,0.0,0.0,0.0
330023,ARMACAO DOS BUZIOS,33,2018,0.0,0.0,0.0
330023,ARMACAO DOS BUZIOS,33,2019,0.0,0.0,0.0
330023,ARMACAO DOS BUZIOS,33,2020,0.0,0.0,0.0
330023,ARMACAO DOS BUZIOS,33,2021,0.0,0.0,0.0
330023,ARMACAO DOS BUZIOS,33,2022,0.0,0.0,0.0
330023,ARMACAO DOS BUZIOS,33,2023,0.0,0.0,0.0
330023,ARMACAO DOS BUZIOS,33,2024,513080.45,2075.0,247.26768674698795
330023,ARMACAO DOS BUZIOS,33,2025,5600120.08,22920.0,244.33333682373473
330023,ARMACAO DOS BUZIOS,33,2026,3422729.24,13692.0,249.98022494887528
510704,PRIMAVERA DO LESTE,51,2015,0.0,0.0,0.0
510704,PRIMAVERA DO LESTE,51,2016,0.0,0.0,0.0
510704,PRIMAVERA DO LESTE,51,2017,0.0,0.0,0.0
510704,PRIMAVERA DO LESTE,51,2018,0.0,0.0,0.0
510704,PRIMAVERA DO LESTE,51,2019,0.0,0.0,0.0
510704,PRIMAVERA DO LESTE,51,2020,0.0,0.0,0.0
510704,PRIMAVERA DO LESTE,51,2021,0.0,0.0,0.0
510704,PRIMAVERA DO LESTE,51,2022,520383.03,2375.0,219.10864421052634
510704,PRIMAVERA DO LESTE,51,2023,2326440.32,10089.0,230.5917652889285
510704,PRIMAVERA DO LESTE,51,2024,2480493.24,10185.0,243.543764359352
510704,PRIMAVERA DO LESTE,51,2025,2759498.99,11381.0,242.46542395220106
510704,PRIMAVERA DO LESTE,51,2026,1335463.33,5393.0,247.62902466159838
354130,PRESIDENTE EPITACIO,35,2015,0.0,0.0,0.0
354130,PRESIDENTE EPITACIO,35,2016,0.0,0.0,0.0
354130,PRESIDENTE EPITACIO,35,2017,0.0,0.0,0.0
354130,PRESIDENTE EPITACIO,35,2018,0.0,0.0,0.0
354130,PRESIDENTE EPITACIO,35,2019,0.0,0.0,0.0
354130,PRESIDENTE EPITACIO,35,2020,0.0,0.0,0.0
354130,PRESIDENTE EPITACIO,35,2021,0.0,0.0,0.0
354130,PRESIDENTE EPITACIO,35,2022,307708.59,1405.0,219.00967259786478
354130,PRESIDENTE EPITACIO,35,2023,1923938.42,8242.0,233.43101431691335
354130,PRESIDENTE EPITACIO,35,2024,2768749.12,11308.0,244.84870180403254
354130,PRESIDENTE EPITACIO,35,2025,2902369.47,11817.0,245.6096699669967
354130,PRESIDENTE EPITACIO,35,2026,1510130.6,6094.0,247.80613718411553
430780,ESTRELA,43,2015,403102.13,2209.0,182.4817247623359
430780,ESTRELA,43,2016,0.0,0.0,0.0
430780,ESTRELA,43,2017,0.0,0.0,0.0
430780,ESTRELA,43,2018,0.0,0.0,0.0
430780,ESTRELA,43,2019,0.0,0.0,0.0
430780,ESTRELA,43,2020,0.0,0.0,0.0
430780,ESTRELA,43,2021,0.0,0.0,0.0
430780,ESTRELA,43,2022,320446.63,1464.0,218.88431010928963
430780,ESTRELA,43,2023,2323303.4,10151.0,228.87433750369422
430780,ESTRELA,43,2024,2469200.99,10201.0,242.0547975688658
430780,ESTRELA,43,2025,2587156.74,10857.0,238.29388781431336
430780,ESTRELA,43,2026,1263273.53,5092.0,248.08985271013356
313520,JANUARIA,31,2015,0.0,0.0,0.0
313520,JANUARIA,31,2016,0.0,0.0,0.0
313520,JANUARIA,31,2017,0.0,0.0,0.0
313520,JANUARIA,31,2018,0.0,0.0,0.0
313520,JANUARIA,31,2019,0.0,0.0,0.0
313520,JANUARIA,31,2020,0.0,0.0,0.0
313520,JANUARIA,31,2021,0.0,0.0,0.0
313520,JANUARIA,31,2022,0.0,0.0,0.0
313520,JANUARIA,31,2023,0.0,0.0,0.0
313520,JANUARIA,31,2024,2689229.2,11224.0,239.5963292943692
313520,JANUARIA,31,2025,4123560.4,17218.0,239.49125333952838
313520,JANUARIA,31,2026,2282074.67,9313.0,245.04184151186513
353930,PIRASSUNUNGA,35,2015,0.0,0.0,0.0
353930,PIRASSUNUNGA,35,2016,0.0,0.0,0.0
353930,PIRASSUNUNGA,35,2017,0.0,0.0,0.0
353930,PIRASSUNUNGA,35,2018,0.0,0.0,0.0
353930,PIRASSUNUNGA,35,2019,0.0,0.0,0.0
353930,PIRASSUNUNGA,35,2020,0.0,0.0,0.0
353930,PIRASSUNUNGA,35,2021,177887.2,916.0,194.20000000000002
353930,PIRASSUNUNGA,35,2022,1309678.78,5996.0,218.4254136090727
353930,PIRASSUNUNGA,35,2023,1747778.06,7660.0,228.1694595300261
353930,PIRASSUNUNGA,35,2024,2130012.52,8836.0,241.0607197827071
353930,PIRASSUNUNGA,35,2025,2284000.42,9469.0,241.20819727531946
353930,PIRASSUNUNGA,35,2026,1234205.8599999999,5001.0,246.79181363727253
292990,SEABRA,29,2015,0.0,0.0,0.0
292990,SEABRA,29,2016,0.0,0.0,0.0
292990,SEABRA,29,2017,0.0,0.0,0.0
292990,SEABRA,29,2018,0.0,0.0,0.0
292990,SEABRA,29,2019,0.0,0.0,0.0
292990,SEABRA,29,2020,0.0,0.0,0.0
292990,SEABRA,29,2021,0.0,0.0,0.0
292990,SEABRA,29,2022,0.0,0.0,0.0
292990,SEABRA,29,2023,0.0,0.0,0.0
292990,SEABRA,29,2024,2437252.34,10227.0,238.3154727681627
292990,SEABRA,29,2025,3960599.11,16621.0,238.28885807111484
292990,SEABRA,29,2026,2417577.1799999997,9741.0,248.18572836464426
221060,SAO RAIMUNDO NONATO,22,2015,0.0,0.0,0.0
221060,SAO RAIMUNDO NONATO,22,2016,0.0,0.0,0.0
221060,SAO RAIMUNDO NONATO,22,2017,0.0,0.0,0.0
221060,SAO RAIMUNDO NONATO,22,2018,0.0,0.0,0.0
221060,SAO RAIMUNDO NONATO,22,2019,0.0,0.0,0.0
221060,SAO RAIMUNDO NONATO,22,2020,0.0,0.0,0.0
221060,SAO RAIMUNDO NONATO,22,2021,0.0,0.0,0.0
221060,SAO RAIMUNDO NONATO,22,2022,0.0,0.0,0.0
221060,SAO RAIMUNDO NONATO,22,2023,1878542.86,8176.0,229.76306996086106
221060,SAO RAIMUNDO NONATO,22,2024,2535256.81,10511.0,241.20034344971936
221060,SAO RAIMUNDO NONATO,22,2025,2673479.33,11099.0,240.8756942066853
221060,SAO RAIMUNDO NONATO,22,2026,1302542.5499999998,5253.0,247.96165048543685
352250,ITAPEVI,35,2015,0.0,0.0,0.0
352250,ITAPEVI,35,2016,0.0,0.0,0.0
352250,ITAPEVI,35,2017,0.0,0.0,0.0
352250,ITAPEVI,35,2018,0.0,0.0,0.0
352250,ITAPEVI,35,2019,0.0,0.0,0.0
352250,ITAPEVI,35,2020,0.0,0.0,0.0
352250,ITAPEVI,35,2021,0.0,0.0,0.0
352250,ITAPEVI,35,2022,0.0,0.0,0.0
352250,ITAPEVI,35,2023,3373040.5,14588.0,231.2202152454072
352250,ITAPEVI,35,2024,3541267.38,14493.0,244.34329538397847
352250,ITAPEVI,35,2025,1400662.55,5711.0,245.25696900717912
352250,ITAPEVI,35,2026,0.0,0.0,0.0
522160,URUACU,52,2015,0.0,0.0,0.0
522160,URUACU,52,2016,0.0,0.0,0.0
522160,URUACU,52,2017,0.0,0.0,0.0
522160,URUACU,52,2018,0.0,0.0,0.0
522160,URUACU,52,2019,0.0,0.0,0.0
522160,URUACU,52,2020,0.0,0.0,0.0
522160,URUACU,52,2021,0.0,0.0,0.0
522160,URUACU,52,2022,500070.61,2281.0,219.2330600613766
522160,URUACU,52,2023,2056753.62,8936.0,230.16490823634737
522160,URUACU,52,2024,2076408.2,8493.0,244.48465795360886
522160,URUACU,52,2025,2367381.12,9752.0,242.75852337981954
522160,URUACU,52,2026,1292292.9500000002,5166.0,250.15349399922573
352310,ITAQUAQUECETUBA,35,2015,0.0,0.0,0.0
352310,ITAQUAQUECETUBA,35,2016,0.0,0.0,0.0
352310,ITAQUAQUECETUBA,35,2017,0.0,0.0,0.0
352310,ITAQUAQUECETUBA,35,2018,0.0,0.0,0.0
352310,ITAQUAQUECETUBA,35,2019,0.0,0.0,0.0
352310,ITAQUAQUECETUBA,35,2020,0.0,0.0,0.0
352310,ITAQUAQUECETUBA,35,2021,0.0,0.0,0.0
352310,ITAQUAQUECETUBA,35,2022,0.0,0.0,0.0
352310,ITAQUAQUECETUBA,35,2023,0.0,0.0,0.0
352310,ITAQUAQUECETUBA,35,2024,786704.17,3172.0,248.01518600252209
352310,ITAQUAQUECETUBA,35,2025,4706814.42,18938.0,248.5380937797022
352310,ITAQUAQUECETUBA,35,2026,2573012.42,9577.0,268.6658055758588
330040,BARRA MANSA,33,2015,1699094.43,9310.0,182.50208700322233
330040,BARRA MANSA,33,2016,1687314.36,9128.0,184.85039000876426
330040,BARRA MANSA,33,2017,1912671.94,9621.0,198.80178151959254
330040,BARRA MANSA,33,2018,1807929.2,9114.0,198.36835637480797
330040,BARRA MANSA,33,2019,748715.3,3804.0,196.82315983175607
330040,BARRA MANSA,33,2020,0.0,0.0,0.0
330040,BARRA MANSA,33,2021,1364.68,4.0,341.17
330040,BARRA MANSA,33,2022,682.34,2.0,341.17
330040,BARRA MANSA,33,2023,12282.12,36.0,341.17
330040,BARRA MANSA,33,2024,95976.38,162.0,592.4467901234568
330040,BARRA MANSA,33,2025,44200.0,210.0,210.47619047619048
330040,BARRA MANSA,33,2026,6200.0,31.0,200.0
432000,SAPUCAIA DO SUL,43,2015,0.0,0.0,0.0
432000,SAPUCAIA DO SUL,43,2016,0.0,0.0,0.0
432000,SAPUCAIA DO SUL,43,2017,0.0,0.0,0.0
432000,SAPUCAIA DO SUL,43,2018,42717.79,191.0,223.6533507853403
432000,SAPUCAIA DO SUL,43,2019,1028745.7,4905.0,209.73408766564728
432000,SAPUCAIA DO SUL,43,2020,1554244.39,7615.0,204.10300590938934
432000,SAPUCAIA DO SUL,43,2021,1866080.67,9099.0,205.08634685130232
432000,SAPUCAIA DO SUL,43,2022,1690442.62,7504.0,225.27220415778254
432000,SAPUCAIA DO SUL,43,2023,1282873.67,5620.0,228.26933629893236
432000,SAPUCAIA DO SUL,43,2024,0.0,0.0,0.0
432000,SAPUCAIA DO SUL,43,2025,0.0,0.0,0.0
432000,SAPUCAIA DO SUL,43,2026,0.0,0.0,0.0
150010,ABAETETUBA,15,2015,0.0,0.0,0.0
150010,ABAETETUBA,15,2016,0.0,0.0,0.0
150010,ABAETETUBA,15,2017,0.0,0.0,0.0
150010,ABAETETUBA,15,2018,0.0,0.0,0.0
150010,ABAETETUBA,15,2019,0.0,0.0,0.0
150010,ABAETETUBA,15,2020,0.0,0.0,0.0
150010,ABAETETUBA,15,2021,0.0,0.0,0.0
150010,ABAETETUBA,15,2022,0.0,0.0,0.0
150010,ABAETETUBA,15,2023,0.0,0.0,0.0
150010,ABAETETUBA,15,2024,1580761.15,6486.0,243.71895621338265
150010,ABAETETUBA,15,2025,4010612.81,16549.0,242.3477436703124
150010,ABAETETUBA,15,2026,1823454.4100000001,7055.0,258.46270871722186
431060,ITAQUI,43,2015,490712.06,2738.0,179.2228122717312
431060,ITAQUI,43,2016,556364.79,2933.0,189.69137061029664
431060,ITAQUI,43,2017,551514.51,2696.0,204.56769658753709
431060,ITAQUI,43,2018,607985.56,2977.0,204.22759825327512
431060,ITAQUI,43,2019,696578.78,3420.0,203.67800584795322
431060,ITAQUI,43,2020,611851.86,3037.0,201.46587421797827
431060,ITAQUI,43,2021,686932.25,3453.0,198.93780770344628
431060,ITAQUI,43,2022,758974.38,3451.0,219.92882642712257
431060,ITAQUI,43,2023,726246.59,3166.0,229.38932090966517
431060,ITAQUI,43,2024,668710.47,2755.0,242.72612341197822
431060,ITAQUI,43,2025,647218.43,2661.0,243.22376174370538
431060,ITAQUI,43,2026,403138.94,1621.0,248.69768044417026
120010,BRASILEIA,12,2015,0.0,0.0,0.0
120010,BRASILEIA,12,2016,0.0,0.0,0.0
120010,BRASILEIA,12,2017,0.0,0.0,0.0
120010,BRASILEIA,12,2018,0.0,0.0,0.0
120010,BRASILEIA,12,2019,0.0,0.0,0.0
120010,BRASILEIA,12,2020,0.0,0.0,0.0
120010,BRASILEIA,12,2021,0.0,0.0,0.0
120010,BRASILEIA,12,2022,0.0,0.0,0.0
120010,BRASILEIA,12,2023,463.24,4.0,115.81
120010,BRASILEIA,12,2024,2132121.26,8784.0,242.72783014571945
120010,BRASILEIA,12,2025,2720649.27,11173.0,243.50212745010293
120010,BRASILEIA,12,2026,1658557.65,6636.0,249.93334086799274
210140,BALSAS,21,2015,0.0,0.0,0.0
210140,BALSAS,21,2016,0.0,0.0,0.0
210140,BALSAS,21,2017,0.0,0.0,0.0
210140,BALSAS,21,2018,0.0,0.0,0.0
210140,BALSAS,21,2019,0.0,0.0,0.0
210140,BALSAS,21,2020,0.0,0.0,0.0
210140,BALSAS,21,2021,0.0,0.0,0.0
210140,BALSAS,21,2022,0.0,0.0,0.0
210140,BALSAS,21,2023,0.0,0.0,0.0
210140,BALSAS,21,2024,1768747.07,7367.0,240.0905483914755
210140,BALSAS,21,2025,3033298.54,12573.0,241.25495426708025
210140,BALSAS,21,2026,1584131.19,6186.0,256.08328322017456
351350,CUBATAO,35,2015,0.0,0.0,0.0
351350,CUBATAO,35,2016,0.0,0.0,0.0
351350,CUBATAO,35,2017,0.0,0.0,0.0
351350,CUBATAO,35,2018,0.0,0.0,0.0
351350,CUBATAO,35,2019,0.0,0.0,0.0
351350,CUBATAO,35,2020,0.0,0.0,0.0
351350,CUBATAO,35,2021,0.0,0.0,0.0
351350,CUBATAO,35,2022,0.0,0.0,0.0
351350,CUBATAO,35,2023,110846.2,460.0,240.97
351350,CUBATAO,35,2024,2114998.95,8681.0,243.63540490726876
351350,CUBATAO,35,2025,2620406.81,10640.0,246.2788355263158
351350,CUBATAO,35,2026,1455904.73,5429.0,268.17180512064834
314520,NOVA SERRANA,31,2015,0.0,0.0,0.0
314520,NOVA SERRANA,31,2016,0.0,0.0,0.0
314520,NOVA SERRANA,31,2017,0.0,0.0,0.0
314520,NOVA SERRANA,31,2018,0.0,0.0,0.0
314520,NOVA SERRANA,31,2019,0.0,0.0,0.0
314520,NOVA SERRANA,31,2020,0.0,0.0,0.0
314520,NOVA SERRANA,31,2021,0.0,0.0,0.0
314520,NOVA SERRANA,31,2022,2400.0,4.0,600.0
314520,NOVA SERRANA,31,2023,175637.82,699.0,251.27012875536482
314520,NOVA SERRANA,31,2024,2140455.11,8770.0,244.06557696693272
314520,NOVA SERRANA,31,2025,2599973.13,10733.0,242.24104444237398
314520,NOVA SERRANA,31,2026,1325065.73,5386.0,246.0203731897512
355070,SAO SEBASTIAO,35,2015,3339642.73,18435.0,181.1577287767833
355070,SAO SEBASTIAO,35,2016,2688910.25,14711.0,182.7822887635103
355070,SAO SEBASTIAO,35,2017,0.0,0.0,0.0
355070,SAO SEBASTIAO,35,2018,0.0,0.0,0.0
355070,SAO SEBASTIAO,35,2019,0.0,0.0,0.0
355070,SAO SEBASTIAO,35,2020,0.0,0.0,0.0
355070,SAO SEBASTIAO,35,2021,0.0,0.0,0.0
355070,SAO SEBASTIAO,35,2022,0.0,0.0,0.0
355070,SAO SEBASTIAO,35,2023,0.0,0.0,0.0
355070,SAO SEBASTIAO,35,2024,0.0,0.0,0.0
355070,SAO SEBASTIAO,35,2025,0.0,0.0,0.0
355070,SAO SEBASTIAO,35,2026,0.0,0.0,0.0
352940,MAUA,35,2015,546693.08,3046.0,179.4790151017728
352940,MAUA,35,2016,0.0,0.0,0.0
352940,MAUA,35,2017,0.0,0.0,0.0
352940,MAUA,35,2018,0.0,0.0,0.0
352940,MAUA,35,2019,0.0,0.0,0.0
352940,MAUA,35,2020,0.0,0.0,0.0
352940,MAUA,35,2021,0.0,0.0,0.0
352940,MAUA,35,2022,0.0,0.0,0.0
352940,MAUA,35,2023,0.0,0.0,0.0
352940,MAUA,35,2024,418152.66,1639.0,255.12669920683342
352940,MAUA,35,2025,3187746.21,12955.0,246.06300347356233
352940,MAUA,35,2026,1655099.6,6614.0,250.2418506198972
320060,ARACRUZ,32,2015,0.0,0.0,0.0
320060,ARACRUZ,32,2016,0.0,0.0,0.0
320060,ARACRUZ,32,2017,0.0,0.0,0.0
320060,ARACRUZ,32,2018,0.0,0.0,0.0
320060,ARACRUZ,32,2019,0.0,0.0,0.0
320060,ARACRUZ,32,2020,0.0,0.0,0.0
320060,ARACRUZ,32,2021,0.0,0.0,0.0
320060,ARACRUZ,32,2022,0.0,0.0,0.0
320060,ARACRUZ,32,2023,0.0,0.0,0.0
320060,ARACRUZ,32,2024,311638.43,1284.0,242.70905763239875
320060,ARACRUZ,32,2025,3594515.49,14803.0,242.8234472742012
320060,ARACRUZ,32,2026,1861915.46,7243.0,257.0641253624189
316940,TRES PONTAS,31,2015,0.0,0.0,0.0
316940,TRES PONTAS,31,2016,0.0,0.0,0.0
316940,TRES PONTAS,31,2017,0.0,0.0,0.0
316940,TRES PONTAS,31,2018,0.0,0.0,0.0
316940,TRES PONTAS,31,2019,0.0,0.0,0.0
316940,TRES PONTAS,31,2020,0.0,0.0,0.0
316940,TRES PONTAS,31,2021,0.0,0.0,0.0
316940,TRES PONTAS,31,2022,0.0,0.0,0.0
316940,TRES PONTAS,31,2023,0.0,0.0,0.0
316940,TRES PONTAS,31,2024,1075349.86,4461.0,241.05578569827395
316940,TRES PONTAS,31,2025,2993280.06,12266.0,244.0306587314528
316940,TRES PONTAS,31,2026,1620636.13,6510.0,248.9456420890937
150220,CAPANEMA,15,2015,0.0,0.0,0.0
150220,CAPANEMA,15,2016,0.0,0.0,0.0
150220,CAPANEMA,15,2017,0.0,0.0,0.0
150220,CAPANEMA,15,2018,0.0,0.0,0.0
150220,CAPANEMA,15,2019,0.0,0.0,0.0
150220,CAPANEMA,15,2020,0.0,0.0,0.0
150220,CAPANEMA,15,2021,0.0,0.0,0.0
150220,CAPANEMA,15,2022,0.0,0.0,0.0
150220,CAPANEMA,15,2023,0.0,0.0,0.0
150220,CAPANEMA,15,2024,435532.41,1756.0,248.0252904328018
150220,CAPANEMA,15,2025,3168742.04,13128.0,241.37279402803168
150220,CAPANEMA,15,2026,1902766.07,7462.0,254.99411283838114
330060,BOM JESUS DO ITABAPOANA,33,2015,0.0,0.0,0.0
330060,BOM JESUS DO ITABAPOANA,33,2016,0.0,0.0,0.0
330060,BOM JESUS DO ITABAPOANA,33,2017,0.0,0.0,0.0
330060,BOM JESUS DO ITABAPOANA,33,2018,0.0,0.0,0.0
330060,BOM JESUS DO ITABAPOANA,33,2019,0.0,0.0,0.0
330060,BOM JESUS DO ITABAPOANA,33,2020,0.0,0.0,0.0
330060,BOM JESUS DO ITABAPOANA,33,2021,0.0,0.0,0.0
330060,BOM JESUS DO ITABAPOANA,33,2022,0.0,0.0,0.0
330060,BOM JESUS DO ITABAPOANA,33,2023,0.0,0.0,0.0
330060,BOM JESUS DO ITABAPOANA,33,2024,914461.6,3671.0,249.10422228275672
330060,BOM JESUS DO ITABAPOANA,33,2025,2516194.05,10089.0,249.39974724947962
330060,BOM JESUS DO ITABAPOANA,33,2026,1790972.17,7036.0,254.54408328595792
500325,COSTA RICA,50,2015,0.0,0.0,0.0
500325,COSTA RICA,50,2016,0.0,0.0,0.0
500325,COSTA RICA,50,2017,0.0,0.0,0.0
500325,COSTA RICA,50,2018,0.0,0.0,0.0
500325,COSTA RICA,50,2019,0.0,0.0,0.0
500325,COSTA RICA,50,2020,0.0,0.0,0.0
500325,COSTA RICA,50,2021,0.0,0.0,0.0
500325,COSTA RICA,50,2022,136704.3,618.0,221.20436893203882
500325,COSTA RICA,50,2023,961604.51,4149.0,231.76777777777778
500325,COSTA RICA,50,2024,1289171.04,5307.0,242.91898247597513
500325,COSTA RICA,50,2025,1651820.7,6731.0,245.40494725895113
500325,COSTA RICA,50,2026,946232.78,3761.0,251.590741823983
150180,BREVES,15,2015,0.0,0.0,0.0
150180,BREVES,15,2016,0.0,0.0,0.0
150180,BREVES,15,2017,0.0,0.0,0.0
150180,BREVES,15,2018,0.0,0.0,0.0
150180,BREVES,15,2019,0.0,0.0,0.0
150180,BREVES,15,2020,0.0,0.0,0.0
150180,BREVES,15,2021,0.0,0.0,0.0
150180,BREVES,15,2022,552751.18,2514.0,219.86920445505174
150180,BREVES,15,2023,1030066.51,4498.0,229.00544908848377
150180,BREVES,15,2024,1233766.4,5120.0,240.96999999999997
150180,BREVES,15,2025,1357443.72,5640.0,240.68151063829788
150180,BREVES,15,2026,779256.42,3006.0,259.2336726546906
353390,OLIMPIA,35,2015,0.0,0.0,0.0
353390,OLIMPIA,35,2016,0.0,0.0,0.0
353390,OLIMPIA,35,2017,0.0,0.0,0.0
353390,OLIMPIA,35,2018,0.0,0.0,0.0
353390,OLIMPIA,35,2019,0.0,0.0,0.0
353390,OLIMPIA,35,2020,0.0,0.0,0.0
353390,OLIMPIA,35,2021,0.0,0.0,0.0
353390,OLIMPIA,35,2022,0.0,0.0,0.0
353390,OLIMPIA,35,2023,437331.98,1745.0,250.6200458452722
353390,OLIMPIA,35,2024,1593372.48,6486.0,245.66334875115632
353390,OLIMPIA,35,2025,1715938.32,6987.0,245.5901416917132
353390,OLIMPIA,35,2026,986717.02,3966.0,248.79400403429148
150360,ITAITUBA,15,2015,0.0,0.0,0.0
150360,ITAITUBA,15,2016,0.0,0.0,0.0
150360,ITAITUBA,15,2017,0.0,0.0,0.0
150360,ITAITUBA,15,2018,0.0,0.0,0.0
150360,ITAITUBA,15,2019,0.0,0.0,0.0
150360,ITAITUBA,15,2020,0.0,0.0,0.0
150360,ITAITUBA,15,2021,0.0,0.0,0.0
150360,ITAITUBA,15,2022,0.0,0.0,0.0
150360,ITAITUBA,15,2023,0.0,0.0,0.0
150360,ITAITUBA,15,2024,647245.42,2686.0,240.97000000000003
150360,ITAITUBA,15,2025,2761998.14,11462.0,240.97
150360,ITAITUBA,15,2026,1313850.6099999999,5105.0,257.36544760039175
316210,SAO GOTARDO,31,2015,0.0,0.0,0.0
316210,SAO GOTARDO,31,2016,0.0,0.0,0.0
316210,SAO GOTARDO,31,2017,0.0,0.0,0.0
316210,SAO GOTARDO,31,2018,0.0,0.0,0.0
316210,SAO GOTARDO,31,2019,0.0,0.0,0.0
316210,SAO GOTARDO,31,2020,0.0,0.0,0.0
316210,SAO GOTARDO,31,2021,0.0,0.0,0.0
316210,SAO GOTARDO,31,2022,0.0,0.0,0.0
316210,SAO GOTARDO,31,2023,5436.37,30.0,181.21233333333333
316210,SAO GOTARDO,31,2024,1002741.18,4166.0,240.69639462313972
316210,SAO GOTARDO,31,2025,1353612.3,5580.0,242.5828494623656
316210,SAO GOTARDO,31,2026,885806.0,3439.0,257.57662111078804
150810,TUCURUI,15,2015,0.0,0.0,0.0
150810,TUCURUI,15,2016,0.0,0.0,0.0
150810,TUCURUI,15,2017,0.0,0.0,0.0
150810,TUCURUI,15,2018,0.0,0.0,0.0
150810,TUCURUI,15,2019,0.0,0.0,0.0
150810,TUCURUI,15,2020,0.0,0.0,0.0
150810,TUCURUI,15,2021,0.0,0.0,0.0
150810,TUCURUI,15,2022,0.0,0.0,0.0
150810,TUCURUI,15,2023,0.0,0.0,0.0
150810,TUCURUI,15,2024,0.0,0.0,0.0
150810,TUCURUI,15,2025,2025593.82,8406.0,240.97
150810,TUCURUI,15,2026,839936.62,3266.0,257.1759399877526
330360,PARACAMBI,33,2015,2052030.45,11138.0,184.23688723289638
330360,PARACAMBI,33,2016,167321.17,899.0,186.1192102335929
330360,PARACAMBI,33,2017,0.0,0.0,0.0
330360,PARACAMBI,33,2018,0.0,0.0,0.0
330360,PARACAMBI,33,2019,0.0,0.0,0.0
330360,PARACAMBI,33,2020,0.0,0.0,0.0
330360,PARACAMBI,33,2021,0.0,0.0,0.0
330360,PARACAMBI,33,2022,0.0,0.0,0.0
330360,PARACAMBI,33,2023,0.0,0.0,0.0
330360,PARACAMBI,33,2024,0.0,0.0,0.0
330360,PARACAMBI,33,2025,0.0,0.0,0.0
330360,PARACAMBI,33,2026,0.0,0.0,0.0
500190,BATAGUASSU,50,2015,0.0,0.0,0.0
500190,BATAGUASSU,50,2016,0.0,0.0,0.0
500190,BATAGUASSU,50,2017,0.0,0.0,0.0
500190,BATAGUASSU,50,2018,0.0,0.0,0.0
500190,BATAGUASSU,50,2019,0.0,0.0,0.0
500190,BATAGUASSU,50,2020,0.0,0.0,0.0
500190,BATAGUASSU,50,2021,0.0,0.0,0.0
500190,BATAGUASSU,50,2022,0.0,0.0,0.0
500190,BATAGUASSU,50,2023,0.0,0.0,0.0
500190,BATAGUASSU,50,2024,582220.75,2400.0,242.59197916666668
500190,BATAGUASSU,50,2025,822489.27,3387.0,242.83710363153233
500190,BATAGUASSU,50,2026,556973.89,2119.0,262.8475176970269
210990,SANTA INES,21,2015,0.0,0.0,0.0
210990,SANTA INES,21,2016,0.0,0.0,0.0
210990,SANTA INES,21,2017,0.0,0.0,0.0
210990,SANTA INES,21,2018,0.0,0.0,0.0
210990,SANTA INES,21,2019,0.0,0.0,0.0
210990,SANTA INES,21,2020,0.0,0.0,0.0
210990,SANTA INES,21,2021,0.0,0.0,0.0
210990,SANTA INES,21,2022,0.0,0.0,0.0
210990,SANTA INES,21,2023,7686.0,126.0,61.0
210990,SANTA INES,21,2024,9272.0,152.0,61.0
210990,SANTA INES,21,2025,9638.0,158.0,61.0
210990,SANTA INES,21,2026,1815329.25,7235.0,250.90936420179682
320090,BARRA DE SAO FRANCISCO,32,2015,0.0,0.0,0.0
320090,BARRA DE SAO FRANCISCO,32,2016,0.0,0.0,0.0
320090,BARRA DE SAO FRANCISCO,32,2017,0.0,0.0,0.0
320090,BARRA DE SAO FRANCISCO,32,2018,0.0,0.0,0.0
320090,BARRA DE SAO FRANCISCO,32,2019,0.0,0.0,0.0
320090,BARRA DE SAO FRANCISCO,32,2020,0.0,0.0,0.0
320090,BARRA DE SAO FRANCISCO,32,2021,0.0,0.0,0.0
320090,BARRA DE SAO FRANCISCO,32,2022,0.0,0.0,0.0
320090,BARRA DE SAO FRANCISCO,32,2023,0.0,0.0,0.0
320090,BARRA DE SAO FRANCISCO,32,2024,0.0,0.0,0.0
320090,BARRA DE SAO FRANCISCO,32,2025,0.0,0.0,0.0
320090,BARRA DE SAO FRANCISCO,32,2026,1363561.1099999999,5400.0,252.51131666666663
230523,HORIZONTE,23,2015,0.0,0.0,0.0
230523,HORIZONTE,23,2016,0.0,0.0,0.0
230523,HORIZONTE,23,2017,0.0,0.0,0.0
230523,HORIZONTE,23,2018,0.0,0.0,0.0
230523,HORIZONTE,23,2019,0.0,0.0,0.0
230523,HORIZONTE,23,2020,0.0,0.0,0.0
230523,HORIZONTE,23,2021,0.0,0.0,0.0
230523,HORIZONTE,23,2022,0.0,0.0,0.0
230523,HORIZONTE,23,2023,0.0,0.0,0.0
230523,HORIZONTE,23,2024,0.0,0.0,0.0
230523,HORIZONTE,23,2025,0.0,0.0,0.0
230523,HORIZONTE,23,2026,1118598.98,4422.0,252.96222976028946
270840,SAO JOSE DA TAPERA,27,2015,0.0,0.0,0.0
270840,SAO JOSE DA TAPERA,27,2016,0.0,0.0,0.0
270840,SAO JOSE DA TAPERA,27,2017,0.0,0.0,0.0
270840,SAO JOSE DA TAPERA,27,2018,0.0,0.0,0.0
270840,SAO JOSE DA TAPERA,27,2019,0.0,0.0,0.0
270840,SAO JOSE DA TAPERA,27,2020,0.0,0.0,0.0
270840,SAO JOSE DA TAPERA,27,2021,0.0,0.0,0.0
270840,SAO JOSE DA TAPERA,27,2022,0.0,0.0,0.0
270840,SAO JOSE DA TAPERA,27,2023,0.0,0.0,0.0
270840,SAO JOSE DA TAPERA,27,2024,0.0,0.0,0.0
270840,SAO JOSE DA TAPERA,27,2025,0.0,0.0,0.0
270840,SAO JOSE DA TAPERA,27,2026,757920.0700000001,3049.0,248.57988520826504
521310,MINEIROS,52,2015,0.0,0.0,0.0
521310,MINEIROS,52,2016,0.0,0.0,0.0
521310,MINEIROS,52,2017,0.0,0.0,0.0
521310,MINEIROS,52,2018,0.0,0.0,0.0
521310,MINEIROS,52,2019,0.0,0.0,0.0
521310,MINEIROS,52,2020,0.0,0.0,0.0
521310,MINEIROS,52,2021,0.0,0.0,0.0
521310,MINEIROS,52,2022,0.0,0.0,0.0
521310,MINEIROS,52,2023,0.0,0.0,0.0
521310,MINEIROS,52,2024,0.0,0.0,0.0
521310,MINEIROS,52,2025,4036.8,7.0,576.6857142857143
521310,MINEIROS,52,2026,522144.83999999997,2105.0,248.0498052256532
270800,SANTANA DO IPANEMA,27,2015,0.0,0.0,0.0
270800,SANTANA DO IPANEMA,27,2016,0.0,0.0,0.0
270800,SANTANA DO IPANEMA,27,2017,0.0,0.0,0.0
270800,SANTANA DO IPANEMA,27,2018,0.0,0.0,0.0
270800,SANTANA DO IPANEMA,27,2019,0.0,0.0,0.0
270800,SANTANA DO IPANEMA,27,2020,0.0,0.0,0.0
270800,SANTANA DO IPANEMA,27,2021,0.0,0.0,0.0
270800,SANTANA DO IPANEMA,27,2022,0.0,0.0,0.0
270800,SANTANA DO IPANEMA,27,2023,0.0,0.0,0.0
270800,SANTANA DO IPANEMA,27,2024,0.0,0.0,0.0
270800,SANTANA DO IPANEMA,27,2025,0.0,0.0,0.0
270800,SANTANA DO IPANEMA,27,2026,475849.87,1890.0,251.772417989418
352480,JALES,35,2015,0.0,0.0,0.0
352480,JALES,35,2016,0.0,0.0,0.0
352480,JALES,35,2017,0.0,0.0,0.0
352480,JALES,35,2018,0.0,0.0,0.0
352480,JALES,35,2019,0.0,0.0,0.0
352480,JALES,35,2020,0.0,0.0,0.0
352480,JALES,35,2021,0.0,0.0,0.0
352480,JALES,35,2022,0.0,0.0,0.0
352480,JALES,35,2023,0.0,0.0,0.0
352480,JALES,35,2024,0.0,0.0,0.0
352480,JALES,35,2025,0.0,0.0,0.0
352480,JALES,35,2026,457691.9,1795.0,254.9815598885794
313630,JOAO PINHEIRO,31,2015,0.0,0.0,0.0
313630,JOAO PINHEIRO,31,2016,0.0,0.0,0.0
313630,JOAO PINHEIRO,31,2017,0.0,0.0,0.0
313630,JOAO PINHEIRO,31,2018,0.0,0.0,0.0
313630,JOAO PINHEIRO,31,2019,0.0,0.0,0.0
313630,JOAO PINHEIRO,31,2020,0.0,0.0,0.0
313630,JOAO PINHEIRO,31,2021,0.0,0.0,0.0
313630,JOAO PINHEIRO,31,2022,0.0,0.0,0.0
313630,JOAO PINHEIRO,31,2023,0.0,0.0,0.0
313630,JOAO PINHEIRO,31,2024,0.0,0.0,0.0
313630,JOAO PINHEIRO,31,2025,1718.4,2.0,859.2
313630,JOAO PINHEIRO,31,2026,419527.17,1482.0,283.0817611336032
231330,TAUA,23,2015,0.0,0.0,0.0
231330,TAUA,23,2016,0.0,0.0,0.0
231330,TAUA,23,2017,0.0,0.0,0.0
231330,TAUA,23,2018,0.0,0.0,0.0
231330,TAUA,23,2019,0.0,0.0,0.0
231330,TAUA,23,2020,0.0,0.0,0.0
231330,TAUA,23,2021,0.0,0.0,0.0
231330,TAUA,23,2022,0.0,0.0,0.0
231330,TAUA,23,2023,0.0,0.0,0.0
231330,TAUA,23,2024,0.0,0.0,0.0
231330,TAUA,23,2025,0.0,0.0,0.0
231330,TAUA,23,2026,419690.65,1493.0,281.10559276624247
510792,SORRISO,51,2015,0.0,0.0,0.0
510792,SORRISO,51,2016,0.0,0.0,0.0
510792,SORRISO,51,2017,0.0,0.0,0.0
510792,SORRISO,51,2018,0.0,0.0,0.0
510792,SORRISO,51,2019,0.0,0.0,0.0
510792,SORRISO,51,2020,0.0,0.0,0.0
510792,SORRISO,51,2021,0.0,0.0,0.0
510792,SORRISO,51,2022,0.0,0.0,0.0
510792,SORRISO,51,2023,0.0,0.0,0.0
510792,SORRISO,51,2024,0.0,0.0,0.0
510792,SORRISO,51,2025,8588.08,26.0,330.3107692307692
510792,SORRISO,51,2026,283385.25,1113.0,254.61388140161725
430440,CANELA,43,2015,290946.58,1624.0,179.15429802955666
430440,CANELA,43,2016,0.0,0.0,0.0
430440,CANELA,43,2017,0.0,0.0,0.0
430440,CANELA,43,2018,0.0,0.0,0.0
430440,CANELA,43,2019,0.0,0.0,0.0
430440,CANELA,43,2020,0.0,0.0,0.0
430440,CANELA,43,2021,0.0,0.0,0.0
430440,CANELA,43,2022,0.0,0.0,0.0
430440,CANELA,43,2023,0.0,0.0,0.0
430440,CANELA,43,2024,0.0,0.0,0.0
430440,CANELA,43,2025,0.0,0.0,0.0
430440,CANELA,43,2026,0.0,0.0,0.0
350210,ANDRADINA,35,2015,0.0,0.0,0.0
350210,ANDRADINA,35,2016,0.0,0.0,0.0
350210,ANDRADINA,35,2017,0.0,0.0,0.0
350210,ANDRADINA,35,2018,0.0,0.0,0.0
350210,ANDRADINA,35,2019,0.0,0.0,0.0
350210,ANDRADINA,35,2020,0.0,0.0,0.0
350210,ANDRADINA,35,2021,0.0,0.0,0.0
350210,ANDRADINA,35,2022,0.0,0.0,0.0
350210,ANDRADINA,35,2023,0.0,0.0,0.0
350210,ANDRADINA,35,2024,17184.0,4.0,4296.0
350210,ANDRADINA,35,2025,12028.8,14.0,859.1999999999999
350210,ANDRADINA,35,2026,249696.13,993.0,251.45632426988922
350170,AMERICO BRASILIENSE,35,2015,1200.0,2.0,600.0
350170,AMERICO BRASILIENSE,35,2016,3800.0,7.0,542.8571428571429
350170,AMERICO BRASILIENSE,35,2017,4800.0,8.0,600.0
350170,AMERICO BRASILIENSE,35,2018,6000.0,10.0,600.0
350170,AMERICO BRASILIENSE,35,2019,5400.0,9.0,600.0
350170,AMERICO BRASILIENSE,35,2020,2400.0,4.0,600.0
350170,AMERICO BRASILIENSE,35,2021,2400.0,4.0,600.0
350170,AMERICO BRASILIENSE,35,2022,10555.2,15.0,703.6800000000001
350170,AMERICO BRASILIENSE,35,2023,14606.4,17.0,859.1999999999999
350170,AMERICO BRASILIENSE,35,2024,8592.0,10.0,859.2
350170,AMERICO BRASILIENSE,35,2025,13747.2,16.0,859.2
350170,AMERICO BRASILIENSE,35,2026,2577.6,3.0,859.1999999999999
250970,MONTEIRO,25,2015,0.0,0.0,0.0
250970,MONTEIRO,25,2016,0.0,0.0,0.0
250970,MONTEIRO,25,2017,0.0,0.0,0.0
250970,MONTEIRO,25,2018,0.0,0.0,0.0
250970,MONTEIRO,25,2019,0.0,0.0,0.0
250970,MONTEIRO,25,2020,0.0,0.0,0.0
250970,MONTEIRO,25,2021,0.0,0.0,0.0
250970,MONTEIRO,25,2022,0.0,0.0,0.0
250970,MONTEIRO,25,2023,0.0,0.0,0.0
250970,MONTEIRO,25,2024,13722.1,22.0,623.7318181818182
250970,MONTEIRO,25,2025,10310.4,6.0,1718.3999999999999
250970,MONTEIRO,25,2026,19748.68,14.0,1410.6200000000001
352260,ITAPIRA,35,2015,0.0,0.0,0.0
352260,ITAPIRA,35,2016,0.0,0.0,0.0
352260,ITAPIRA,35,2017,0.0,0.0,0.0
352260,ITAPIRA,35,2018,0.0,0.0,0.0
352260,ITAPIRA,35,2019,0.0,0.0,0.0
352260,ITAPIRA,35,2020,0.0,0.0,0.0
352260,ITAPIRA,35,2021,0.0,0.0,0.0
352260,ITAPIRA,35,2022,0.0,0.0,0.0
352260,ITAPIRA,35,2023,0.0,0.0,0.0
352260,ITAPIRA,35,2024,11310.4,17.0,665.3176470588235
352260,ITAPIRA,35,2025,10133.54,13.0,779.503076923077
352260,ITAPIRA,35,2026,7202.22,12.0,600.1850000000001
210160,BARRA DO CORDA,21,2015,0.0,0.0,0.0
210160,BARRA DO CORDA,21,2016,0.0,0.0,0.0
210160,BARRA DO CORDA,21,2017,0.0,0.0,0.0
210160,BARRA DO CORDA,21,2018,0.0,0.0,0.0
210160,BARRA DO CORDA,21,2019,0.0,0.0,0.0
210160,BARRA DO CORDA,21,2020,0.0,0.0,0.0
210160,BARRA DO CORDA,21,2021,0.0,0.0,0.0
210160,BARRA DO CORDA,21,2022,0.0,0.0,0.0
210160,BARRA DO CORDA,21,2023,3477.0,57.0,61.0
210160,BARRA DO CORDA,21,2024,4392.0,72.0,61.0
210160,BARRA DO CORDA,21,2025,5002.0,82.0,61.0
210160,BARRA DO CORDA,21,2026,3843.0,46.0,83.54347826086956
292530,PORTO SEGURO,29,2015,0.0,0.0,0.0
292530,PORTO SEGURO,29,2016,0.0,0.0,0.0
292530,PORTO SEGURO,29,2017,6000.0,10.0,600.0
292530,PORTO SEGURO,29,2018,3000.0,5.0,600.0
292530,PORTO SEGURO,29,2019,4800.0,8.0,600.0
292530,PORTO SEGURO,29,2020,0.0,0.0,0.0
292530,PORTO SEGURO,29,2021,0.0,0.0,0.0
292530,PORTO SEGURO,29,2022,0.0,0.0,0.0
292530,PORTO SEGURO,29,2023,0.0,0.0,0.0
292530,PORTO SEGURO,29,2024,0.0,0.0,0.0
292530,PORTO SEGURO,29,2025,0.0,0.0,0.0
292530,PORTO SEGURO,29,2026,0.0,0.0,0.0
210360,COROATA,21,2015,0.0,0.0,0.0
210360,COROATA,21,2016,0.0,0.0,0.0
210360,COROATA,21,2017,0.0,0.0,0.0
210360,COROATA,21,2018,0.0,0.0,0.0
210360,COROATA,21,2019,0.0,0.0,0.0
210360,COROATA,21,2020,0.0,0.0,0.0
210360,COROATA,21,2021,0.0,0.0,0.0
210360,COROATA,21,2022,0.0,0.0,0.0
210360,COROATA,21,2023,0.0,0.0,0.0
210360,COROATA,21,2024,1891.0,31.0,61.0
210360,COROATA,21,2025,3965.0,65.0,61.0
210360,COROATA,21,2026,3111.0,30.0,103.7
355150,SERRANA,35,2015,0.0,0.0,0.0
355150,SERRANA,35,2016,0.0,0.0,0.0
355150,SERRANA,35,2017,0.0,0.0,0.0
355150,SERRANA,35,2018,0.0,0.0,0.0
355150,SERRANA,35,2019,0.0,0.0,0.0
355150,SERRANA,35,2020,2800.0,6.0,466.6666666666667
355150,SERRANA,35,2021,5000.0,9.0,555.5555555555555
355150,SERRANA,35,2022,600.0,1.0,600.0
355150,SERRANA,35,2023,0.0,0.0,0.0
355150,SERRANA,35,2024,0.0,0.0,0.0
355150,SERRANA,35,2025,0.0,0.0,0.0
355150,SERRANA,35,2026,0.0,0.0,0.0
315140,PITANGUI,31,2015,0.0,0.0,0.0
315140,PITANGUI,31,2016,4200.0,7.0,600.0
315140,PITANGUI,31,2017,200.0,1.0,200.0
315140,PITANGUI,31,2018,1200.0,2.0,600.0
315140,PITANGUI,31,2019,0.0,0.0,0.0
315140,PITANGUI,31,2020,0.0,0.0,0.0
315140,PITANGUI,31,2021,0.0,0.0,0.0
315140,PITANGUI,31,2022,0.0,0.0,0.0
315140,PITANGUI,31,2023,0.0,0.0,0.0
315140,PITANGUI,31,2024,0.0,0.0,0.0
315140,PITANGUI,31,2025,0.0,0.0,0.0
315140,PITANGUI,31,2026,0.0,0.0,0.0
432190,TRES PASSOS,43,2015,0.0,0.0,0.0
432190,TRES PASSOS,43,2016,0.0,0.0,0.0
432190,TRES PASSOS,43,2017,0.0,0.0,0.0
432190,TRES PASSOS,43,2018,0.0,0.0,0.0
432190,TRES PASSOS,43,2019,0.0,0.0,0.0
432190,TRES PASSOS,43,2020,0.0,0.0,0.0
432190,TRES PASSOS,43,2021,0.0,0.0,0.0
432190,TRES PASSOS,43,2022,0.0,0.0,0.0
432190,TRES PASSOS,43,2023,0.0,0.0,0.0
432190,TRES PASSOS,43,2024,0.0,0.0,0.0
432190,TRES PASSOS,43,2025,1342.0,22.0,61.0
432190,TRES PASSOS,43,2026,1403.0,16.0,87.6875
251130,PIANCO,25,2015,0.0,0.0,0.0
251130,PIANCO,25,2016,0.0,0.0,0.0
251130,PIANCO,25,2017,0.0,0.0,0.0
251130,PIANCO,25,2018,0.0,0.0,0.0
251130,PIANCO,25,2019,0.0,0.0,0.0
251130,PIANCO,25,2020,0.0,0.0,0.0
251130,PIANCO,25,2021,0.0,0.0,0.0
251130,PIANCO,25,2022,0.0,0.0,0.0
251130,PIANCO,25,2023,0.0,0.0,0.0
251130,PIANCO,25,2024,0.0,0.0,0.0
251130,PIANCO,25,2025,0.0,0.0,0.0
251130,PIANCO,25,2026,2047.02,6.0,341.17
411580,MEDIANEIRA,41,2015,0.0,0.0,0.0
411580,MEDIANEIRA,41,2016,0.0,0.0,0.0
411580,MEDIANEIRA,41,2017,0.0,0.0,0.0
411580,MEDIANEIRA,41,2018,0.0,0.0,0.0
411580,MEDIANEIRA,41,2019,0.0,0.0,0.0
411580,MEDIANEIRA,41,2020,0.0,0.0,0.0
411580,MEDIANEIRA,41,2021,0.0,0.0,0.0
411580,MEDIANEIRA,41,2022,0.0,0.0,0.0
411580,MEDIANEIRA,41,2023,0.0,0.0,0.0
411580,MEDIANEIRA,41,2024,0.0,0.0,0.0
411580,MEDIANEIRA,41,2025,0.0,0.0,0.0
411580,MEDIANEIRA,41,2026,1718.4,2.0,859.2
510410,GUARANTA DO NORTE,51,2015,0.0,0.0,0.0
510410,GUARANTA DO NORTE,51,2016,0.0,0.0,0.0
510410,GUARANTA DO NORTE,51,2017,0.0,0.0,0.0
510410,GUARANTA DO NORTE,51,2018,0.0,0.0,0.0
510410,GUARANTA DO NORTE,51,2019,0.0,0.0,0.0
510410,GUARANTA DO NORTE,51,2020,0.0,0.0,0.0
510410,GUARANTA DO NORTE,51,2021,0.0,0.0,0.0
510410,GUARANTA DO NORTE,51,2022,0.0,0.0,0.0
510410,GUARANTA DO NORTE,51,2023,0.0,0.0,0.0
510410,GUARANTA DO NORTE,51,2024,0.0,0.0,0.0
510410,GUARANTA DO NORTE,51,2025,800.0,4.0,200.0
510410,GUARANTA DO NORTE,51,2026,400.0,2.0,200.0
330400,PIRAI,33,2015,0.0,0.0,0.0
330400,PIRAI,33,2016,0.0,0.0,0.0
330400,PIRAI,33,2017,0.0,0.0,0.0
330400,PIRAI,33,2018,0.0,0.0,0.0
330400,PIRAI,33,2019,0.0,0.0,0.0
330400,PIRAI,33,2020,0.0,0.0,0.0
330400,PIRAI,33,2021,0.0,0.0,0.0
330400,PIRAI,33,2022,0.0,0.0,0.0
330400,PIRAI,33,2023,859.2,1.0,859.2
330400,PIRAI,33,2024,0.0,0.0,0.0
330400,PIRAI,33,2025,0.0,0.0,0.0
330400,PIRAI,33,2026,0.0,0.0,0.0
150549,PALESTINA DO PARA,15,2015,0.0,0.0,0.0
150549,PALESTINA DO PARA,15,2016,0.0,0.0,0.0
150549,PALESTINA DO PARA,15,2017,0.0,0.0,0.0
150549,PALESTINA DO PARA,15,2018,0.0,0.0,0.0
150549,PALESTINA DO PARA,15,2019,0.0,0.0,0.0
150549,PALESTINA DO PARA,15,2020,0.0,0.0,0.0
150549,PALESTINA DO PARA,15,2021,0.0,0.0,0.0
150549,PALESTINA DO PARA,15,2022,0.0,0.0,0.0
150549,PALESTINA DO PARA,15,2023,0.0,0.0,0.0
150549,PALESTINA DO PARA,15,2024,0.0,0.0,0.0
150549,PALESTINA DO PARA,15,2025,0.0,0.0,0.0
150549,PALESTINA DO PARA,15,2026,0.0,36.0,0.0
211150,SAO MATEUS DO MARANHAO,21,2015,0.0,0.0,0.0
211150,SAO MATEUS DO MARANHAO,21,2016,0.0,0.0,0.0
211150,SAO MATEUS DO MARANHAO,21,2017,0.0,0.0,0.0
211150,SAO MATEUS DO MARANHAO,21,2018,0.0,0.0,0.0
211150,SAO MATEUS DO MARANHAO,21,2019,0.0,0.0,0.0
211150,SAO MATEUS DO MARANHAO,21,2020,0.0,0.0,0.0
211150,SAO MATEUS DO MARANHAO,21,2021,0.0,0.0,0.0
211150,SAO MATEUS DO MARANHAO,21,2022,0.0,0.0,0.0
211150,SAO MATEUS DO MARANHAO,21,2023,0.0,0.0,0.0
211150,SAO MATEUS DO MARANHAO,21,2024,0.0,0.0,0.0
211150,SAO MATEUS DO MARANHAO,21,2025,0.0,0.0,0.0
211150,SAO MATEUS DO MARANHAO,21,2026,0.0,240.0,0.0
260570,FLORESTA,26,2015,0.0,0.0,0.0
260570,FLORESTA,26,2016,0.0,0.0,0.0
260570,FLORESTA,26,2017,0.0,0.0,0.0
260570,FLORESTA,26,2018,0.0,0.0,0.0
260570,FLORESTA,26,2019,0.0,0.0,0.0
260570,FLORESTA,26,2020,0.0,0.0,0.0
260570,FLORESTA,26,2021,0.0,0.0,0.0
260570,FLORESTA,26,2022,0.0,0.0,0.0
260570,FLORESTA,26,2023,0.0,0.0,0.0
260570,FLORESTA,26,2024,0.0,0.0,0.0
260570,FLORESTA,26,2025,0.0,0.0,0.0
260570,FLORESTA,26,2026,0.0,1118.0,0.0
290680,CANSANCAO,29,2015,0.0,0.0,0.0
290680,CANSANCAO,29,2016,0.0,0.0,0.0
290680,CANSANCAO,29,2017,0.0,0.0,0.0
290680,CANSANCAO,29,2018,0.0,0.0,0.0
290680,CANSANCAO,29,2019,0.0,0.0,0.0
290680,CANSANCAO,29,2020,0.0,0.0,0.0
290680,CANSANCAO,29,2021,0.0,0.0,0.0
290680,CANSANCAO,29,2022,0.0,0.0,0.0
290680,CANSANCAO,29,2023,0.0,0.0,0.0
290680,CANSANCAO,29,2024,0.0,0.0,0.0
290680,CANSANCAO,29,2025,0.0,0.0,0.0
290680,CANSANCAO,29,2026,0.0,528.0,0.0
310270,CACHOEIRA DE PAJEU,31,2015,0.0,0.0,0.0
310270,CACHOEIRA DE PAJEU,31,2016,0.0,0.0,0.0
310270,CACHOEIRA DE PAJEU,31,2017,0.0,0.0,0.0
310270,CACHOEIRA DE PAJEU,31,2018,0.0,0.0,0.0
310270,CACHOEIRA DE PAJEU,31,2019,0.0,0.0,0.0
310270,CACHOEIRA DE PAJEU,31,2020,0.0,0.0,0.0
310270,CACHOEIRA DE PAJEU,31,2021,0.0,0.0,0.0
310270,CACHOEIRA DE PAJEU,31,2022,0.0,0.0,0.0
310270,CACHOEIRA DE PAJEU,31,2023,0.0,0.0,0.0
310270,CACHOEIRA DE PAJEU,31,2024,0.0,0.0,0.0
310270,CACHOEIRA DE PAJEU,31,2025,0.0,0.0,0.0
310270,CACHOEIRA DE PAJEU,31,2026,0.0,180.0,0.0
313440,ITURAMA,31,2015,0.0,0.0,0.0
313440,ITURAMA,31,2016,0.0,0.0,0.0
313440,ITURAMA,31,2017,0.0,0.0,0.0
313440,ITURAMA,31,2018,0.0,0.0,0.0
313440,ITURAMA,31,2019,0.0,0.0,0.0
313440,ITURAMA,31,2020,0.0,0.0,0.0
313440,ITURAMA,31,2021,0.0,0.0,0.0
313440,ITURAMA,31,2022,0.0,0.0,0.0
313440,ITURAMA,31,2023,0.0,0.0,0.0
313440,ITURAMA,31,2024,0.0,0.0,0.0
313440,ITURAMA,31,2025,0.0,0.0,0.0
313440,ITURAMA,31,2026,0.0,1339.0,0.0
315670,SABARA,31,2015,0.0,0.0,0.0
315670,SABARA,31,2016,0.0,0.0,0.0
315670,SABARA,31,2017,0.0,0.0,0.0
315670,SABARA,31,2018,0.0,0.0,0.0
315670,SABARA,31,2019,0.0,0.0,0.0
315670,SABARA,31,2020,0.0,0.0,0.0
315670,SABARA,31,2021,0.0,0.0,0.0
315670,SABARA,31,2022,0.0,0.0,0.0
315670,SABARA,31,2023,0.0,0.0,0.0
315670,SABARA,31,2024,0.0,0.0,0.0
315670,SABARA,31,2025,0.0,0.0,0.0
315670,SABARA,31,2026,0.0,315.0,0.0
315680,SABINOPOLIS,31,2015,0.0,0.0,0.0
315680,SABINOPOLIS,31,2016,0.0,0.0,0.0
315680,SABINOPOLIS,31,2017,0.0,0.0,0.0
315680,SABINOPOLIS,31,2018,0.0,0.0,0.0
315680,SABINOPOLIS,31,2019,0.0,0.0,0.0
315680,SABINOPOLIS,31,2020,0.0,0.0,0.0
315680,SABINOPOLIS,31,2021,0.0,0.0,0.0
315680,SABINOPOLIS,31,2022,0.0,0.0,0.0
315680,SABINOPOLIS,31,2023,0.0,0.0,0.0
315680,SABINOPOLIS,31,2024,0.0,0.0,0.0
315680,SABINOPOLIS,31,2025,0.0,0.0,0.0
315680,SABINOPOLIS,31,2026,0.0,1378.0,0.0
330450,RIO DAS FLORES,33,2015,0.0,0.0,0.0
330450,RIO DAS FLORES,33,2016,0.0,0.0,0.0
330450,RIO DAS FLORES,33,2017,0.0,0.0,0.0
330450,RIO DAS FLORES,33,2018,0.0,0.0,0.0
330450,RIO DAS FLORES,33,2019,0.0,0.0,0.0
330450,RIO DAS FLORES,33,2020,0.0,0.0,0.0
330450,RIO DAS FLORES,33,2021,0.0,0.0,0.0
330450,RIO DAS FLORES,33,2022,0.0,0.0,0.0
330450,RIO DAS FLORES,33,2023,0.0,0.0,0.0
330450,RIO DAS FLORES,33,2024,0.0,0.0,0.0
330450,RIO DAS FLORES,33,2025,0.0,0.0,0.0
330450,RIO DAS FLORES,33,2026,0.0,36.0,0.0
521770,PONTALINA,52,2015,0.0,0.0,0.0
521770,PONTALINA,52,2016,0.0,0.0,0.0
521770,PONTALINA,52,2017,0.0,0.0,0.0
521770,PONTALINA,52,2018,0.0,0.0,0.0
521770,PONTALINA,52,2019,0.0,0.0,0.0
521770,PONTALINA,52,2020,0.0,0.0,0.0
521770,PONTALINA,52,2021,0.0,0.0,0.0
521770,PONTALINA,52,2022,0.0,0.0,0.0
521770,PONTALINA,52,2023,0.0,0.0,0.0
521770,PONTALINA,52,2024,0.0,0.0,0.0
521770,PONTALINA,52,2025,0.0,0.0,0.0
521770,PONTALINA,52,2026,0.0,480.0,0.0
